Post URL,File,Post Date,Caption,prediction_sence
https://www.instagram.com/p/DXyhP25j7o3/,1.jpg,2026-05-01 08:29:19,"The beach is fun, while the mountains are calming🌊🏝️⛰️
#gunungkratau #pantaisebesi #lampungselatan #pulausebesi",lagoon
https://www.instagram.com/p/C-Id93hyegu/,2.jpg,2024-08-01 15:27:41,"Pantai Slimpuyang , Sidomulyo , Lampung selatan.
.
. 
. 
Repost : @anandamdini_ 
. 
. 
#LampungInsta #Lampung #kelilinglampung #ExploreLampung #bandarlampung #indonesia #indonesiaku #alamindonesia #wonderfulindonesia #tamanindonesiakaya #indonesiaindah #kalianda #lampungselatan",ice floe
https://www.instagram.com/p/DRY11KTj8nt/,3.jpg,2025-11-23 06:00:00,"A welcoming spot where groups can find shade, connect, and enjoy a peaceful break!

Booking and Reservation:
Whatsapp +62 821 2200 2098

—
Pantai Setigi Heni
Canggung, Lampung Selatan

#SetigiHeni #HarmonyWithNature #BatokKelapaBeachCafe #ShellOfFlavor #HiddenGem #Canggung #LampungSelatan",zen garden
https://www.instagram.com/p/DBFjvtxyijQ/,4.jpg,2024-10-14 01:54:38,"The beach is the answer to relieve fatigue from busy routines
°°°
@nata_ari77
@danangichwandii

°°°

Pantai Aruna Lampung
Jl. H. Muthalib, Desa Merak Belantung, Kec. kalianda
Lampung Selatan
📞 081541398534 (Kania) 

#lampung #lampungselatan #lampungtimur
#lampungtengah #pantai #metime #tulangbawang #tulangbawangbarat #travellerlampung #beachlife #beachvibes #jalanjalan #metime #campervan
#pantai #pantaiindonesia #lampungtimur #bandarlampung #ffff #detik #girl #ceweindonesia #lampungtengah #lampungselatan #palembang #tulangbawang #mata_lampungku #pikniklampung",beach
https://www.instagram.com/p/C7fovevpznP/,5.jpg,2024-05-28 01:50:11,"Service kaca 
Size 85cm x 201cm

Spesifikasi
- kaca ryben 8mm
- sealent neutral

Lokasi pasang : wayhalim
Lokasi workshop : jln raden gunawan, hajimena, natar, lampung selatan (-+ 500 meter dari bundaran rajabasa) 
Whatsapp : (085609794629) 
Facebook : (HK ALUMINIUM) (HAKA ALUMINIUM) 

#aluminiumdankaca 
#pintusliding 
#kacaryben 
#servicekaca 
#partisialuminium 
#aluminiumlampung 
#hkaluminium 
#lampungselatan",bow window/indoor
https://www.instagram.com/p/DMzwtWsx-N1/,6.jpg,2025-08-01 10:18:19,"Thank you for visiting at minangrua beach🌊☀
— SNORKELING Rp:75.000/pax all fasilitas 

Make sure your vacation is a good and fun moment, trust us !!!

Liburan di pantai, tapi bukan sekedar pantai.
Pantai minangrua menyajikan rekreasi alam yg berbeda.
Selain pantai, di Minangrua juga ada destinasi wisata lain.
Seperti, Air Terjun Dan Green Canyon.

Your family story must be happy!!
 ________________________
This is👉. Pantai Minangrua - Desa Kelawi - Bakauheni - Lampung Selatan.

Rute: 1.5 jam dari kota Bandar lampung. 10 menit dari Pelabuhan Bakauheni. 
________________________
Hurry up, follow us, because we are processing something amazing!!!
NOTE!!!
(Lodging on this beach is very limited)
__
Pos HTM: 10k/orang (non higeseason) 
__
Green Canyon HTM: 15k/orang 
__
Family Gathering Mulai Rp:170.000/orang
__
Snorkeling mulai Rp: 75.000/orang 

More info & Reservasi: HP/WA: 081272250665
________________________
Don’t miss out on information!!

Tag dan follow 👇👇

@minangruabeach_inn
@pantaiminangrua_lampung

Sertakan #minangruabeach 
❎ Vacation is a necessity too
________________________
•Don’t focus too much on money•
________________________
#minangruabeachinn #minangruabeach #pantaiminangrua #bakauheni #lampungselatan #lampung #lampung #bandung #palembang #travel #explore #tourism #trip #explore",boat deck
https://www.instagram.com/p/DKTkK9kvUDx/,7.jpg,2025-05-31 05:10:00,"Langkah kecil menuju laut, harapan besar untuk alam 🌊🐢 Mari jaga laut dan kehidupan yang ada di dalamnya! 

Booking and Reservation:
Whatsapp +62 821 2200 2098

—
Pantai Setigi Heni
Canggung, Lampung Selatan

#SetigiHeni #HarmonyWithNature #BatokKelapaBeachCafe #ShellOfFlavor #HiddenGem #Canggung #LampungSelatan",ice floe
https://www.instagram.com/p/DDTir0zvvzA/,8.jpg,2024-12-08 05:17:32,"The pile of coral reef 🌊 

Booking and Reservation:
Whatsapp +62 821 2200 2098

—
Pantai Setigi Heni
Canggung, Lampung Selatan

#SetigiHeni #HarmonyWithNature #BatokKelapaBeachCafe #ShellOfFlavor #HiddenGem #Canggung #LampungSelatan",beach
https://www.instagram.com/p/CvLuYZsPOeM/,9.jpg,2023-07-27 01:57:56,"bentar lagi udah mau weekend aja nih, kalian udah punya rencana mau berwisata kemana? kalau belum ada coba deh datang berwisata ke Pantai Marina.

Pantai yang menyuguhkan indahnya spot bebatuan karang ini sudah memiliki fasilitas penunjang lainnya seperti spot foto dan kuliner. yuk berwisata ke pantai yang ada di kalianda.

Loc: Pantai Marina, Kalianda, Lampung Selatan.

#tempatwisatalampung #marinabeach #pantaimarina #wonderfulindonesia #wisatalampungselatan #beach #wisatalampung #wisataindonesia",florist shop/indoor
https://www.instagram.com/p/CoZOKbtp71U/,10.jpg,2023-02-08 08:06:00,"photo family
#couplesyah#kalianda #wisatakalianda #wisatalampungselatan #pantaikalindalampung #kaliandahits #pantaikalianda #jalanjalankalianda #pantailampungselatan #kalianda #pantaiaranglampung #jasaphotopantaikalinda #tempatwisatalampung #wisatalampungselatan #photofamilykalinda #photofamily #photofamilyoutdoor #farrsofampict",playground
https://www.instagram.com/p/CoRTEOnpF_2/,11.jpg,2023-02-05 06:14:56,"photofamily

#kalianda #wisatakalianda #wisatalampungselatan #pantaikalindalampung #kaliandahits #pantaikalianda #jalanjalankalianda #pantailampungselatan #kalianda #pantaikeduwarna #jasaphotopantaikalinda #wisatalampungselatan #photofamilykalinda #photofamily #photofamilyoutdoor #farrsofampict",beach
https://www.instagram.com/p/C-P1IPVp4Dk/,12.jpg,2024-08-04 12:04:46,#waytayaskaliandalampungselatan #wisatalampungselatan #pesonaindonesia,mountain
https://www.instagram.com/p/CVy29UNvwqn/,13.jpg,2021-11-03 01:07:00,"Lampung Selatan banyak banget punya destinasi wisata pantai, salah satu fasilitas yang disukai oleh traveler adalah adanya fasilitas perlengkapan camping yang disediakan oleh pengelola pantai.
.
.
.
.
.
📸 @putrimaharanis15 
🌱 Mbeach, Kalianda, Lampung Selatan
.
.
.
.
.
.
#mbeach 
#pantaikalianda 
#wisatalampungselatan 
#tempatwisatalampung 
#wonderfulinfonesia",beach
https://www.instagram.com/p/DXv1jH8jpWO/,14.jpg,2026-04-30 07:28:59,"Let the fun roll!
Ajak temen-temen kamu buat ngerasain serunya rolling donuts di green canyon!
.
.
#greencanyonminangrua #rollingdonut #wisatalampungselatan #kedashotelresort #wisatalampung",lagoon
https://www.instagram.com/p/Cj4WZjBPFuU/,15.jpg,2022-10-19 03:37:28,"Pantai @mbeachkalianda 
tiket masuk 35K weekend. pantainya bersih. #lampung #wisatalampungselatan #pantailampung",lagoon
https://www.instagram.com/p/CrsDYTAAxpp/,16.jpg,2023-05-01 05:11:32,"#wisatalampungselatan 
#kalianda",stadium/football
https://www.instagram.com/p/DH7LclUzoP7/,17.jpg,2025-04-02 00:49:40,💦🌸🏖️ #wisatalampungselatan,water park
https://www.instagram.com/p/C6TWOBmSR1U/,18.jpg,2024-04-28 10:46:03,"Rio by the beach 🌈🏝️
.
.
.
#pantaikaliandalampung #wisatalampungselatan",volleyball court/outdoor
https://www.instagram.com/p/CWcwpQkFLXB/,19.jpg,2021-11-19 07:39:56,"#wisatalampungselatan
#waykalamkalianda",waterfall
https://www.instagram.com/p/C7Y_8aTPC5J/,20.jpg,2024-05-25 11:58:15,"Pesona matahari tenggelam di pantai Sebalang 
#pantaisebalanglampung
#sunset
#wisatapantai 
#wisatalampungselatan",ocean
https://www.instagram.com/p/CrtQKOfPeDq/,21.jpg,2023-05-01 16:22:27,"weekend vacation🌊
#pantaisetigiheni 
#wisatalampungselatan",picnic area
https://www.instagram.com/p/DH73EG8TmFa/,22.jpg,2025-04-02 07:10:48,With the girl’s  @debyrskspttri & @deanurarlikafasa ❤️ #wisatalampungselatan,bamboo forest
https://www.instagram.com/p/C6bC0rtPk69/,23.jpg,2024-05-01 10:30:30,"Gak perlu hebat dari orang lain
cukup lebih baik dari diri kita yang kemarin
hidup bukan tentang siapa yang terbaik 
tapi siapa yang berbuat baik
dan tidak pura pura baik

#riobythebeach 
#wisatalampungselatan",beach
https://www.instagram.com/p/DM4Y1Y2zsC6/,24.jpg,2025-08-03 05:25:54,"Cuacanya cerah langitnya biru dan pohon2 yang hijau, ada kolam renang air nya seger dari gunung rajabasa,  anak anak pun seneng dan happy menikmati nya,
ini weekend tipis2 kita... 
#wayhalim
#waypenaga
#wtc
#wisatalampungselatan",swimming hole
https://www.instagram.com/p/C3o0h2HSDR0/,25.jpg,2024-02-22 05:20:46,"5 Februari 2022 🌊

#love #lfl #pantaimarinalampung #lampung #wisatalampungselatan",lagoon
https://www.instagram.com/p/CWF-Y3HvYzM/,26.jpg,2021-11-10 11:17:30,"Menikmati Indahnya Sunset di Pantai Semukuk
.
.
.
.
.
.
.
.
.
.
📍 @pantai.semukuk
🌏 Jl. Pesisir Desa pauh Tanjung Iman Kec. kalianda kab. LAMPUNG SELATAN
📸 @lilymuchsin9
.
.
.
.
.
.
.
.
#pantaisemukuk
#pantaikalianda
#wisatalampungselatan 
#wonderfullampung 
#tempatwisatalampung",coast
https://www.instagram.com/p/DFc1m6PPmK1/,27.jpg,2025-01-30 12:58:50,"Jadilah bagian dari proses ini 🌱

#krakataupark #wisatalampung #wisatalampungselatan #jalanjalanlampung",amusement park
https://www.instagram.com/p/DBlVxKZv-EQ/,28.jpg,2024-10-26 10:08:12,"Baru bisa meluk gajah, belum bisa peluk harimau☺️

#wisatalampung #wisatalampungselatan #lembahhijau #lembahhijaulampung #fyp #pecintahewan #tempatwisatalampung",park
https://www.instagram.com/p/CXnPotYPm9k/,29.jpg,2021-12-18 05:54:33,"Disini siapa yang belum pernah berkunjung ke Pantai Batu Ceper😊, 

Yang belum coba deh, bebatuan karang di tepi Pantainya estetik Benget, cocok nih buat yang hobi foto-foto
.
.
.
.
.
.
.
📸 @jakadwisaputra_ 
🌱 Pantai Batu Ceper, Lampung Selatan -
.
.
.
.
.
.
#pantaibatuceper 
#pantaikalianda 
#wisatalampungselatan 
#wonderfullampung 
#tempatcampinglampung 
#tempatwisatalampung 
#instagramtravel",ocean
https://www.instagram.com/p/DNcOq5pBFak/,30.jpg,2025-08-17 03:29:45,"""Indahnya alam Lampung Selatan berpadu dengan semangat Merah Putih.
Di setiap langkah wisata, ada cinta pada negeri yang kita jaga bersama. ❤️🤍
Dirgahayu Republik Indonesia ke-80! 🇮🇩
#PesonaMerahPutihLampungSelatan #HUTke80RI #WisataLampungSelatan #Radityoegi #SyaifulAnwar #KawasanMenaraSigerg #LampungSelatanMaju #BismillahBisa""",balcony/interior
https://www.instagram.com/p/CPkXRlVL85v/,31.jpg,2021-06-01 06:52:25,"Cinta itu tidak perlu diperlihatkan
Tapi DIBUKTIKAN 😊😊..

#lff
#wisatalampungselatan
#pantai",playground
https://www.instagram.com/p/CoRohi3JMTB/,32.jpg,2023-02-05 09:22:26,"photofamily

#kalianda #wisatakalianda #wisatalampungselatan #pantaikalindalampung #kaliandahits #pantaikalianda #jalanjalankalianda #pantailampungselatan #kalianda #pantaikeduwarna #jasaphotopantaikalinda #wisatalampungselatan #photofamilykalinda #photofamily #photofamilyoutdoor #farrsofampict",beach
https://www.instagram.com/p/CVHI-YlhIEE/,33.jpg,2021-10-17 01:37:51,"Anak Pantai... Cinta Damai..

#pantaikalianda 
#wisatalampungselatan",beach
https://www.instagram.com/p/Cs2fZQSrPqm/,34.jpg,2023-05-30 03:00:08,"Bingung cari tempat healing. Datang saja ke Batu Granit. Selain menawarkan suasana sepi dan tenang. Tiket masuknya juga gratis. Selengkapnya baca di https://tinyurl.com/2haaty8f
#travelspromo #batugranit #wisatalampungselatan #wisatalampung #wisataalam #wisataalamlampungselatan #wisataalamlampung #informasiwisata #infowisata #infowisatalampungselatan #infowisatalampung #hargatiket #tiketmasuk #tiketmasukbatugranit #visitlampung #explorelampung",hayfield
https://www.instagram.com/p/DNcIuihhurr/,35.jpg,2025-08-17 02:37:49,"Mencetak Sejarah, Pertama Kalinya Pengibaran Sang Merah Putih Dalam Rangka Peringatan HUT RI Ke-80 Dilangsungkan Di Kawasan Menara Siger, Icon Provinsi Lampung Sang Pembuka Gerbang Sumatera. 🤩🥰

Merdeka Bukanlah Tujuan Akhir, Melainkan Alat Untuk Mencapai Tujuan Utama Yaitu MENCINTAI NEGERI INDONESIA 🇮🇩😘

Dirgahayu Negeriku Tercinta, Teruslah Hadir Melangsungkan Hidup Yang Berbahagia Sampai Anak Cucu Kami Tiba 🤲🇮🇩🇮🇩🇮🇩

#pesonamerahputihlampungselatan #hutke80ri #wisatalampungselatan #radityoegi #syaifulanwar #kawasanmenarasiger #lampungselatanmaju #bismillahbisa",promenade
https://www.instagram.com/p/CXWDSt0Prj3/,36.jpg,2021-12-11 13:39:36,"Ketika berwisata ke Pulau Mengkudu ada beberapa spot foto menarik yang dapat kamu temukan, salah satunya view pulau ini.

Bukan hanya itu, buat yang suka snorkeling, kamu juga dapat mencoba melihat keindahan biota laut pulau ini ya.
.
.
.
.
.
📸 @rian_saputra892
📍 Pulau Mengkudu Island , Desa Tutoharjo, Kec.Bakauheni, Kab. Lampung Selatan.
.
.
.
.
.
#pulaumengkuduisland 
#wisatalampungselatan 
#wisatapulau 
#indonesiaindah 
#wonderfulinfonesia",islet
https://www.instagram.com/p/Cbw3j-LPimy/,37.jpg,2022-03-31 09:42:10,"""Alonly Tree""
Lokasi : Pantai Sebalang, Lampung Selatan, Lampung

INUB 31 Maret 2022
UPLOAD BERSAMA

@INSTANUSANTARA
@instanusantarabelampung
#instanusantara 
#instanusantara_742
#instanusantaralampung_742
#instanusantaralampung
#inbe
#seleksimemberinbe2022_002

""Seangkonan ngelestariko budaya sai bumi ruwai jurai""

#nikond600 #tokina1116 #knfilters #nikonindonesia #lampunglandscapers #wisatalampungselatan #lampung",lake/natural
https://www.instagram.com/p/DNcflD-SkTS/,38.jpg,2025-08-17 05:57:30,"Ikan hiu makan kayu
Dirgahayu ke 80 indonesiaku
Pak egi syaiful untuk lampung selatanku..ea..ea..
#PESONAMERAHPUTIHLAMPUNGSELATAN
#HUTKE80RI #WISATALAMPUNGSELATAN #RADITYOEGI #SYAIFULANWAR #KAWASANMENARASIGER #LAMPUNGSELATANMAJU #BISMILLAHBISA",market/outdoor
https://www.instagram.com/p/C3h0hkav0e7/,39.jpg,2024-02-19 12:06:03,"Auting bersama @jungleland_indo 🔥🌈✌🖐🕶

#lampung 
#pulausumatera 
#wisatalampungselatan 
#indonesia",beach
https://www.instagram.com/p/CpPbiKjPXpK/,40.jpg,2023-03-01 09:21:50,"Hello!!!
Menikmati waktu yang selagi bisa dinikmati 🌊
Next kemana lagi yak….
Ada yg bisa kasih masukan,koment ye👵
#sanggarbeach_lpg 
#wisatalampungselatan",ice shelf
https://www.instagram.com/p/DLop5cTPoKN/,41.jpg,2025-07-03 06:15:45,"[ NIKMATIN KEINDAHAN PANTAI DENGAN SERU-SERUAN NAIK ATV ]
.
🥰 Explore keindahan pantai dengan bermain activity yang seru yups ATV, cuma ada di @sanggarbeach_lpg. Yuk explore wisata Lampung bareng Restu Bumi Adventure.
_______________________
🏝️ RBA - TOUR PACKAGES 
▪️Family & Corporate Gathering
▪️Outbound Training & Team Building
▪️Minat Khusus (Wisata Alam & Wisata Desa)
▪️Experiental Learning (Training & Workshop)
▪️Event Organizer & Tour Domestik/Internasional
.
----More information-----
• Kontak :
> 081271046209 (Admin 1) 
> 081272477622 (Admin 2)
• Instagram : @restubumiadventure 
• Facebook : Restu Bumi Adventure 
• Tik Tok : @restubumiadventure64
• Youtube : Restu Bumi Adventure 
• Website : www.restutour.co.id
• Email : restubumiadventure64@gmail.com
.
#restubumiadventure #restubumioutbound #restubumioverland #restubumi #adventure #pariwisata #pantaisanggar #sanggarbeach #kalianda #lamsel #triplampung #wisatalampung #lampung #gatheringlampung #wisatalampungselatan #pariwisatalampung #jalanjalanlampung #kelampung #atv #pariwisatalampungselatan",beach
https://www.instagram.com/p/DNcJfP3TYQ_/,42.jpg,2025-08-17 02:44:28,"Ikan hiu makan kayu, egi syaiful i love you💓💓
#PESONAMERAHPUTIHLAMPUNGSELATAN
#HUTKE80RI #WISATALAMPUNGSELATAN #RADITYOEGI #SYAIFULANWAR #KAWASANMENARASIGER #LAMPUNGSELATANMAJU #BISMILLAHBISA",promenade
https://www.instagram.com/p/DNcbTvPSFdq/,43.jpg,2025-08-17 05:20:11,"Semangat juang tak pernah padam! 🇮🇩✨
Satpol PP Lampung Selatan turut mempersembahkan formasi angka 80 sebagai wujud syukur dan kebanggaan di Hari Ulang Tahun Kemerdekaan Republik Indonesia ke-80.
Dirgahayu Republik Indonesia!
‘Terus Melaju untuk Indonesia Maju’ 💪🔥

#PESONAMERAHPUTIHLAMPUNGSELATAN
#HUTKE80RI
#WISATALAMPUNGSELATAN
#RADITYOEGI
#SYAIFULANWAR
#KAWASANMENARASIGER
#LAMPUNGSELATANMAJU
#BISMILLAHBISA",beach
https://www.instagram.com/p/DIYToPKhqgE/,44.jpg,2025-04-13 08:19:08,"Let’s create sunny memories with the ones you love!

Ajak si kecil bermain pasir, berlari di tepi ombak, dan nikmati quality time bareng keluarga di Rio by the Beach.

Sunshine, laughter, and family moments await!

#RioByTheBeach #FamilyGetaway #PantaiAsik #LiburanKeluarga #pantailampung #pantailampungselatan #wisatalampung #wisatalampungselatan #pariwisatalampung",sandbox
https://www.instagram.com/p/C6BxBYwSj66/,45.jpg,2024-04-21 14:53:56,"Lokasi :📍pantai marina,Kec. Kalianda, Kabupaten Lampung Selatan, Lampung 35551
Pantai Marina Lampung terletak di Desa Merak Belatung, Kecamatan Kalianda, Kabupaten Lampung Selatan. Pantai Marina Lampung kerap menjadi salah satu destinasi wisata untuk menikmati keindahan wisata bahari.

#vnvideoedit
#vneditor #cinematic #vnindonesia #vnvideoindonesia  #vnaesthetics #dronedji #dronedjimini3pro
#lampungkece #lampunggeh #wisatalampungsai #wisatakenallampung #pantaimarina 
#wisatalampungselatan #wisatalampung
#pikniklampung #hellolampung #kelampunggeh #lampunginsta #lampungkece #lampunghits #pantaimarinalampung #pantaimarinakalianda #pantaimarina",coast
https://www.instagram.com/p/DBoNPMLzT4j/,46.jpg,2024-10-27 12:51:23,"I Love This Game ❤️ Piranha Slowpitch Tournamen 2024
Pengalaman seru main slowpitch di Pantai apalagi Pantainya keren bgt @riobythebeach 🏖
semoga slowpitch di Lampung makin banyak peminatnya yaa & makin jaya ... 🥰 🥎
thank you @mohicans2001 dan teman2 slowpitch semua udh mau berbagi kebersamaannya Lope You 
💜🩷🩵
#slowpitch #slowpitchtournament #pantaikece #wisatalampungselatan #mohicans",volleyball court/outdoor
https://www.instagram.com/p/CfAvUEPpaxz/,47.jpg,2022-06-20 03:12:07,"''So,,kalo belum tau ''nyatanya'' jangan menilai orang dari ''katanya''
.
.
.
.
.
#wisatalampung #wisatalampungselatan #wisatakalianda #lampunggeh #wisataindonesiakeren🇲🇨",mountain path
https://www.instagram.com/p/C9heccXzmNA/,48.jpg,2024-07-17 12:01:29,"Fresh view
🌷🕊🫧🌊

@sanggarbeach_lpg 
@pantai.lampung 

Spall spill, link Milkshake in bio
🦩cardi + inner (link Milkshake no 4)
🦩rok tutu premium (link Milkshake no 5)

#pantai #pantailampung #sanggarbeach_lpg #sanggarbeach #sanggarbeachlampung #sanggarbeachedition #wisatalampung #wisatakalianda #wisatakaliandalampung #wisatalampungselatan #lampungexplore #viewlampung #lampungkece",beach
https://www.instagram.com/p/DNcLdOBTYor/,49.jpg,2025-08-17 03:01:40,"Upacara HUT RI Ke 80

#pesonamerahputihlampungselatan #hutke80ri #wisatalampungselatan #radityoegi #msyaifulanwar #kawasanmenarasiger #lampungselatanmaju #bismillahbisa",oast house
https://www.instagram.com/p/DNcGSFRyZHQ/,50.jpg,2025-08-17 02:16:27,"Pertama kalinya saya mengabadikan momen dan melihat secara langsung Upacara 17 Agustus 1945 Detik - Detik Proklamasi Kemerdekaan Republik Indonesia Ke - 80 dengan Pemandangan seindah ini. 
Upacara yang di gelar di Menara Siger Icon Gerbang Sumatera dan pemandangan laut serta kapal-kapal Ferry yang buat upacara ini semakin berkesan.
Menurut saya upacara ini, upacara terindah sepanjang sejarah di Lampung Selatan
@radityoegi @m_syaiful.anwar @pemkab.lampungselatan
#pesonamerahputihlampungselatan #hutke80ri #wisatalampungselatan #radityoegi #syaifulanwar #kawasanmenarasiger #
#lampungselatanmaju #bismillahbisa #hutri80indonesia🇮🇩",promenade
https://www.instagram.com/p/CiJuJ12LW_h/,51.jpg,2022-09-06 04:29:20,"Manusia biasa, yang tak sempurna dan kadang salah.,
.
.
.
.
.
.
📷@ahmad.wya01 
#pesonalampung #lampunggeh#lampungselatan #wisatalampungselatan #hellolampung #lampungeksis #trendinglampung #kelampungaja",islet
https://www.instagram.com/p/DPdxT5-AR6-/,52.jpg,2025-10-06 10:54:28,"sunset slide memories
.
.
at @lummayvillaresort ❤️
#villalummayresort #villalampung #wisatalampungselatan #staycationseru #lummayvillaresort #pesonaindonesia",playground
https://www.instagram.com/p/CeA20GLvxP5/,53.jpg,2022-05-26 07:46:16,"Sepintar dan semandiri apa pun seorang perempuan, dia tetap membutuhkan peta atau google map dari orang lain untuk menunjukkan arah perjalanannya. Sebab, kalau dibiarkan membaca peta atau google map sendiri, kerap kali dia tersesat. 

Perempuan tetap butuh kaki lain untuk membantunya melangkah.

Lampung, 25 Mei 2022
©@irmadewimeilinda

Lokasi : Curug Anakan | @airterjun_waykalam, Desa Way Kalam Kec. Penengahan Kab. Lampung Selatan

#kaliandaig
#DialogRasa #DiaryMeymey #princessmeymey #IrmaDewiMeilinda #AirTerjunWayKalam #LampungSelatan #Pariwisata #wisatalampung #wisatalampung #wisatalampungselatan #lampungselatanamazing #woderfulindonesia #writerpreneur #blogger #contentwriter #travellers #bloggertravel
Reposted from @irmadewimeilinda",fishpond
https://www.instagram.com/p/CVAMocXp_T7/,54.jpg,2021-10-14 08:55:08,#pantaigigihiu #wisatalampungselatan #indonesiaindah 📸📸📸 @wisata_teluk_kiluan_lampung,cliff
https://www.instagram.com/p/DNchIRIxHWW/,55.jpg,2025-08-17 06:11:02,"Pesona Merah Putih di atas Menara Siger 🇮🇩✨

“Bersatu, Berdaulat, Rakyat Sejahtera, Indonesia Maju”.

HUT RI ke-80 tahun 2025, 
Pesona Merah Putih di atas Menara Siger menyatukan ragam suku dan budaya di Bumi Ragom Mufakat 🌏

#pesonamerahputihlampungselatan
#hutke80ri
#wisatalampungselatan
#radityoegi
#syaifulanwar
#kawasanmenarasiger
#lampungselatanmaju
#bismillahbisa",water park
https://www.instagram.com/p/DSWCmayk67S/,56.jpg,2025-12-17 00:25:48,Pantai marina sesuai ekspektasi🥹 #pantaimarina #pantaimarinalampung #pantaimarinakalianda #pantailampungselatan #pantai🌴 #pesonalampungselatan,lagoon
https://www.instagram.com/p/CTcfm7fPxaP/,57.jpg,2021-09-05 15:36:53,"Jangan cuman melihat hasil nya
TAPI
Nikmati & lihat proses nya #pematangsunrise 
==========================
📱Redmi 9T @xiaomi.indonesia
==========================
#pematangsunriselampung #bakauhenilampung #wisatabakauheni #wisatalampung #wisatalampungselatan #wisatabandarlampung #explorelampung #explorebandarlampung #explorelampungselatan #pesonalampung #pesonalampungselatan #pesonabandarlampung #wisatasumsel #pesonasumsel #exploresumsel #pesonasumateraselatan #exploresumateraselatan #wisatasumateraselatan #pesonaindonesia #exploreindonesia #wisataindonesia",picnic area
https://www.instagram.com/p/DU-exOcD65M/,58.jpg,2026-02-20 10:24:21,"🌿🌱

#pesonalampungselatan #airterjunwaykalamlampung #fypシ゚viralシfypシ゚ #lampungselatan",botanical garden
https://www.instagram.com/p/DXwZgqDGq-l/,59.jpg,2026-04-30 12:43:13,#pesonalampungselatan arter 9 putri #wisatalampung #kalianda,waterfall
https://www.instagram.com/p/CfJrX2NJ5eQ/,60.jpg,2022-06-23 14:30:51,"🌊 Tak ada henti aku mengagumi mu...

#laut #Lampung #pantailampung #pantaiarangkalianda #pesonalampunng #pesonalampungselatan",ice floe
https://www.instagram.com/p/C3rGRSOPRKY/,61.jpg,2024-02-23 02:34:17,"Golden Hour

#pesonalampungselatan #gunungrajabasa",lake/natural
https://www.instagram.com/p/CJlToTahQfy/,62.jpg,2021-01-03 12:31:27,"Pantai pertama di tahun 2021 🦂

#pantaiketang #pesonalampungselatan #pesonapantailampung  #pesonaindonesia
#pantaibaturameketang",ocean
https://www.instagram.com/p/CLJZgNfMzPM/,63.jpg,2021-02-11 09:26:49,"Sukses Selalu Pokdarwis
@pantai_minangrua
@airterjun_waykalam 
@dinaspariwisata.lampungselatan
🔸
🔸

📷 In frame

➖➖➖➖➖➖➖➖➖➖➖➖➖
Repost
•  akun @airterjun_waykalam
• Gunakan hastag #airterjunwaykalam
• Tag akun @airterjun_waykalam
. Cekin Lokasi cari Air Terjun Waykalam

#airterjun #airterjunwaykalam #airterjunlampungselatan #airterjunlampung #waykalam  #eksplorewaykalam #lampungselatan #pesonalampungselatan #ekaplorelampungselatan #lampung #eksplorelampung #pesonalampung #indonesia  #pesonaindonesia #holiday #waterfall",amphitheater
https://www.instagram.com/p/CT6mumHFvVj/,64.jpg,2021-09-17 08:16:19,"Orang"" : sendirian aja..?
Me : ehehe...iya lagi susah 
.
.
.
.
.
#latepost #kalianda #lampungselatan #lampung #pantaimarinakalianda #lampunghits #lampunggeh #lampungtraveller #pesonalampungselatan #pesonaindonesia",mountain
https://www.instagram.com/p/Cg6EfU5rP6h/,65.jpg,2022-08-06 06:05:16,"Pasar Sidomulyo Lampung Selatan

📸 Readmi Note 10

🔜 
Izin Taq / Tandai Kak 🙏?
DM Jika Ini Tidak Diizinkan 📩🚫
KASIH LOVE 💗 dulu sebelumnya ya, biar semangat update setiap harinya berbagi MOMENT⏳ yang sudah terlewatkan🔙😊
------------------------------------
📢📱Follow Instagram Admin Kak
🌏 @evan_nurhakim
🌏 @evan_nurhakim
🌏 @evan_nurhakim
===========================
Klik titik 3 di sudut kanan, pilih TURN ON NOTIFICATION / TAMPILKAN NOTIFIKASI🔔 agar Anda tidak ketinggalan update inspirasi setiap harinya 😘😘
___
🌏INFO UPTUDATE JOIN NOW👇
📢📱Facebook ""Evan Nurhakim""
📢📱Channel Youtube ""Evan Aksi""
___
Silahkan Tag / Tandai, Mention dan Gunakan Hastag #evannurhakimlovers Kak Di Photo Anda Jika Pernah Bersama Admin Kak, Report Postingan Jika Beruntung.
➖➖➖➖➖➖➖➖➖➖➖➖➖➖➖
#infolampungselatan #infolamsel #ssclampung #readminote10 #sidomulyo #sidomulyolampungselatan #lampungselatan #genpi #genpilampung #genpilampungselatan #masjida #generasipesonaindonesia  #pesonalampungselatan #pariwisatalampungselatan #pariwisata_lampungselatan #pariwisatalampung #dilambarkhia #lfl💛 #fff #fff💋 #fff😊 #fff❤ #lfl❤️ #lfl💛lfllflfllffllflflflflflflflflfllflflflflflflflflflflflflflflflflflflflflflflflflflflflflfllflflflflflflflflfllflfllflflflflflflfllflflflflflllfl",mosque/outdoor
https://www.instagram.com/p/CdwqziHBEH9/,66.jpg,2022-05-20 00:53:29,"Driver baru 😁
.
.
.
#sedangsehat #pulaupahawang #driver #mainairyuk #tripmurahpahawang #pesonalampungselatan #pesonaindonesia📷 #olahragalaut #permainanseawalker 👌👌",ice skating rink/outdoor
https://www.instagram.com/p/CSolC28FR1h/,67.jpg,2021-08-16 11:43:53,"Kerjakanlah apa yang membuat mu senang!
.
.
.
📍 Pantai Sebalang Bandar Lampung
#sebalangbeach #bandarlampung #pantaisebalanglampung #explorelampungselatan #jelajahpantai #pesonalampungselatan",lagoon
https://www.instagram.com/p/CQ52GbrssCk/,68.jpg,2021-07-04 11:37:13,"Surga yang tersembunyi di dusun kayu tabu desa kelawi kecamatan Bakauheni Lampung Selatan .
PANTAI Batu Alif
PANTAI minangrua
NTMLYKD
.
.
.
.
.
@dinaspariwisata.lampungselatan 
@iftaassociation 
@yoexplore 
.
.
.
.
.
.
Pokdarwis Minangrua bahari 🇲🇨
.
.
.
.
.
.
#goifta #disparbudlamsel #RamahTamahJelajah
#TamuAdalahKeluarga
#informasilpg#explor_lampungselatan
#wisatalampungku #lampung_modifhits 
#Amazinglampungselatan#pesonalampungselatan
#pesonalampung #pesonaindonesia#wisataalamlampungselatan
#wisatapantailampungselatan #sahabat_traveler 
#lampunghits#kelampungaja#kelampungyuk
#jagajarak
#pakemasker 
#cucitanganpakesabun
#hindarikerumunan 
#protokolkesehatan",lagoon
https://www.instagram.com/p/CKiEb8YMN8d/,69.jpg,2021-01-27 02:52:21,"Semakin sulit jalan menuju ke suatu tempat sesungguhnya ada suatu kepuasan saat titik akhir perjalanan itu tercapai 
🔸
🔸

📷 In frame : @xxbili76_

➖➖➖➖➖➖➖➖➖➖➖➖➖
Repost
•  akun @airterjun_waykalam
• Gunakan hastag #airterjunwaykalam
• Tag akun @airterjun_waykalam
. Cekin Lokasi cari Air Terjun Waykalam

#airterjun #airterjunwaykalam #airterjunlampungselatan #airterjunlampung #waykalam  #eksplorewaykalam #lampungselatan #pesonalampungselatan #ekaplorelampungselatan #lampung #eksplorelampung #pesonalampung #indonesia  #pesonaindonesia #holiday #waterfall",greenhouse/indoor
https://www.instagram.com/p/CPCUXdBlKSJ/,70.jpg,2021-05-19 01:32:50,"❤️❤️❤️😍😍😍 best moment....
-
-
-
🏝️ @pesona_kelagianbesar_lpg 🎉🎊 
-
-
-
#pantailampung #kelagianbesar #kelagianisland #kelagian #liburlebaran #liburan #refresing #refreshing #mainair #pantaikelagian #senang #gembira #bahagia #menikmatialam #pesonalampungselatan #pesonaindonesiaofficial #berlibur #ceria #kelagianisland",park
https://www.instagram.com/p/CUm_UxWvg8Y/,71.jpg,2021-10-04 13:57:50,"Pura Segara Pantai Batu Putih, Ketapang Lampung Selatan

#lampungselatanhits 
#lampungselatanamazing 
#kaliandaig 
#kaliandahits 
#ketapanglampung 
#wisatalampungselatan 
#pesonalampungselatan 
#lampungselatan 
#pariwisatalampungselatan 
#lampungselatanexplore 
#lampunginsta 
#lampunggeh 
#lampungpose 
#lampungyay 
#lampungmoment 
#lampungkeren
#bullssyndicate",pagoda
https://www.instagram.com/p/CK6h3klsYVA/,72.jpg,2021-02-05 14:51:18,"😎 yukkk ke @wartawan_beach 

#inilampungyay 
#lampunghitss 
#pesonaindonesia 
#pesonalampung 
#pesonalampungselatan 
#tvrilampung
#lampunginsta",islet
https://www.instagram.com/p/DNcN0L9SYE8/,73.jpg,2025-08-17 03:22:16,"Upacara peringatan HUT RI ke 80 di menara siger 🇮🇩
Lampung Selatan majuu ✊✊

#lampung #lampungselatanbisa #pesonalampungselatan #wisatalampung 
@radityoegi @m_syaiful.anwar @tempat_wisata_lampung @wisata_lampung.id @pemkab.lampungselatan @menara_siger",promenade
https://www.instagram.com/p/CcYAvjGPUMH/,74.jpg,2022-04-15 14:32:46,"𝐖𝐈𝐒𝐀𝐓𝐀 𝐀𝐋𝐀𝐌 𝐆𝐔𝐍𝐔𝐍𝐆 𝐁𝐀𝐓𝐔 🍃
______________________________

destinasi wisata unik berupa  bongkahan batu-batu raksasa yang sangat intagramable 
sambil menikmati keindahan panorama alam yg segar , alami dan indah ..

📍Berlokasi di Desa Srikaton, Tanjung Bintang - wisata Gunung Batu

📷 by : @davidsetiyo_  @daisyphoto___ 

#lampunggeh #lampungselatan #gunungbatu  #desasrikaton #wisatagunungbatu #tanjungbintang #pesonalampungselatan #pikniklampung #jalanjalandilampung 

@gunungbatu_tanjungbintang @desasrikaton_tj.bintang 
@lampuung @lampung.eksis @hellolampuung @tanjungbintangeksis @lampunginsta
Reposted from @ummuhanii89",mountain path
https://www.instagram.com/p/CP7lMPGNRxh/,75.jpg,2021-06-10 07:16:33,"Cinta kepada Allah SWT adalah sebuah Cahaya terang, yang mana jika kamu tanpa -Nya, maka kamu akan berada dalam lautan kegelapan.  Kehidupan mu akan selalu terang benderang jika Allah jadi tujuan..

Repost @muhamad_herdiawan
• • • • • •
Pantai Kedu, Kalianda Lampung Selatan

#explorewisatalampung
#pesonakalianda #pesonalampungselatan #pesonalampung #pesonaindonesia #pesonaalam #pesonaalamresort #lampungme #infokyai #infokyailampung #infokyaitravel #ilovelampung #lampunggeh #lampungyay #lampungyay🙌 #lampunghits #lampunginsta #lampunggham #lampungtrip #lampungfun #lampungku #lampungkece #explorelampung #instalampung #pikniklampung #lampung #lampungpunyacerita #lampungpunya #lampungweh",islet
https://www.instagram.com/p/CLHKw17sK88/,76.jpg,2021-02-10 12:39:32,"Air Terjun Way Kuya
.
Way Kalam, sebuah desa yang berada di atas Gn.Rajabasa Kecamatan Penengahan Lampung Selatan

Mendengar kata way kalam kita langsung tertuju pada air terjun nya, ya way kalam mempunyai air terjun yang sangat indah dan banyak lokasinya pun sangat mudah diakses.
.
Air Terjun way kalam Indukan dan Air Terjun Anakan ada satu air terjun yang belom orang ketahui, namanya ""Air Terjun Way Kuya""

air terjun Way Kuya diambil dari nama hewan Kura-kura, konon ceritanya disini dulunya banyak spesies kura-kura sungai penduduk lokal orang #waykalam menyebutnya ""Bulus""
itulah kenapa dikatakan ""Air Terjun Way Kuya""
.
Air nya mengalir dari atas bebatuan dan tumbuhan rambat membuat keindahan ciptaan sangpencipta semakin membuat kagum akan kebesaranya.
.
lokasinya masih tersembunyi dan treknnya masih setapak sehingga kami belom bisa buka untuk umum, 😀
.
Nextnprojek kami selanjutnya
.
Terimakasih Atas Kunjungan nya pak Camat kec. Penengahan dan bpk serta ibu dari @pmdt_lampung , sudah berkunjung untuk yang ke sekian kali nya, dan mensuport kegiatan Pariwisata yang ada di tempat kami khususnya Wilayah Kec. Penengahan
.
🔸
🔸

📷 In frame Admin 😀

➖➖➖➖➖➖➖➖➖➖➖➖➖
Mau diRepost 
•  akun @airterjun_waykalam
• Gunakan hastag #airterjunwaykalam
• Tag akun @airterjun_waykalam
. Cekin Lokasi cari Air Terjun Waykalam
.

#airterjun #airterjunwaykalam #airterjunlampungselatan #airterjunlampung #waykalam  #eksplorewaykalam #lampungselatan #pesonalampungselatan #ekplorelampungselatan #lampung #eksplorelampung #pesonalampung #indonesia  #pesonaindonesia #holiday #waterfall",forest path
https://www.instagram.com/p/CRSsntoHGWB/,77.jpg,2021-07-14 03:15:24,"📍 Suoh Lampung Barat 
.
.
#lampung #lampungselatan #lampungbarat #kalianda #kaliandalampungselatan #traveling #travelingindonesia #wisatalampung #wisatalampungselatan #wisata #keindahanlampung #potret #potretlampung #pesonalampung #pesonalampungselatan #suoh #suohlampungbarat",hot spring
https://www.instagram.com/p/CKlggoEMgIv/,78.jpg,2021-01-28 10:55:23,"Kunjungan bunda @riniariasih
makasih udah berkunjung ke @airterjun_waykalam
🔸
🔸

📷 In frame

➖➖➖➖➖➖➖➖➖➖➖➖➖
Repost
•  akun @airterjun_waykalam
• Gunakan hastag #airterjunwaykalam
• Tag akun @airterjun_waykalam
. Cekin Lokasi cari Air Terjun Waykalam

#airterjun #airterjunwaykalam #airterjunlampungselatan #airterjunlampung #waykalam  #eksplorewaykalam #lampungselatan #pesonalampungselatan #ekaplorelampungselatan #lampung #eksplorelampung #pesonalampung #indonesia  #pesonaindonesia #holiday #waterfall",pavilion
https://www.instagram.com/p/CJn6QSHspzF/,79.jpg,2021-01-04 12:47:26,"""Teruslah berlari mencapai mimpi-mimpimu,sampai suara cemo'oh menjadi tepuk tangan yang abadi'

Potret by 📸@mhmd_ashari30 and @pirdaus.alisyahbana 

.
.
.
.
.
.
.
.

#sahabattrevelerlampung 
#alamlampung 
#kelampunggeh 
#wajahlampung 
#gelerylampung 
#kalianda_ig 
#potretlampung
#pesonalampungselatan 
#lampungdong 
#lampunghits 
#wisatalampung 
#lampungselatanamazing 
#wonderfulllampung 
#wonderfulllampungselatan",rice paddy
https://www.instagram.com/p/CUEmLKnJRCk/,80.jpg,2021-09-21 05:23:53,".
Pesona Lampung yang begitu indah sekali.

📍Lokasi Pantai Minang Rua, Bakauheni Lampung
Taken by : @peri_one_

Salam Generasi Pesona Indonesia
Lapah Gham Jamo-Jamo Ngelestareiken Bumi Lampung

Visit www.genpilampung.com

 @jokowi @kemensetneg.ri 
@sandiuno @kemenparekraf.ri 
@dwita_ria @dpr_ri @ustadzabdulhakim @dpdri
@arinal_djunaidi @mbak_nunik 
@rianasariarinal @pkk_provinsi_lampung
@edarwan1962 @pariwisata_lampung
@vera_moz76 @ekraf.lampun @lyanda_melly
@heliana.dewi @perindaglampung
@ade_ui @wahrulfauzisilalahi @dprdlampung 
@dharmasetyawan.com_ @payungiuniversity
@infogeh @ayokelampung.com_ @lampung.media
@mbakjhe @genpiindonesia @wonderful.indonesiaku
@abdulrohmanwahidone @genpi_lampung
@alindabukhori @genpi_lampungselatan
@selampung @dinaspariwisata.lampungselatan

#genpi #genpilampung #genpilampung2021 #generasipesonaindonesia #pesonaindonesia #wonderfulindonesia #salamgenpigasgasgas #AyokeLampung #kelampungkeren #dilampungaja #diindonesiaaja #lampung #bandarlampung #kotametro #lampungbarat #lampungutara #lampungtimur #lampungtengah #lampungselatan #tanggamus #pringsewu #pesawaran #pesisirbarat #mesuji #waykanan #tulangbawang #tulangbawangbarat #love #pesonalampungselatan #genpilampungselatan",cliff
https://www.instagram.com/p/CKlgFjrsXgl/,81.jpg,2021-01-28 10:51:41,"Terimakasih Atas Kunjunganya Bu kadis @dinaspariwisata.lampungselatan bunda @riniariasih ke tempat kami
.
mohon maaf tadi Mimin gx bisa ikut
.
🔸
🔸

📷 In frame

➖➖➖➖➖➖➖➖➖➖➖➖➖
Repost
•  akun @airterjun_waykalam
• Gunakan hastag #airterjunwaykalam
• Tag akun @airterjun_waykalam
. Cekin Lokasi cari Air Terjun Waykalam

#airterjun #airterjunwaykalam #airterjunlampungselatan #airterjunlampung #waykalam  #eksplorewaykalam #lampungselatan #pesonalampungselatan #ekaplorelampungselatan #lampung #eksplorelampung #pesonalampung #indonesia  #pesonaindonesia #holiday #waterfall",waterfall
https://www.instagram.com/p/CKqh906slfy/,82.jpg,2021-01-30 09:44:19,"🔸
🔸

📷 In frame

➖➖➖➖➖➖➖➖➖➖➖➖➖
Repost
•  akun @airterjun_waykalam
• Gunakan hastag #airterjunwaykalam
• Tag akun @airterjun_waykalam
. Cekin Lokasi cari Air Terjun Waykalam

#airterjun #airterjunwaykalam #airterjunlampungselatan #airterjunlampung #waykalam  #eksplorewaykalam #lampungselatan #pesonalampungselatan #ekaplorelampungselatan #lampung #eksplorelampung #pesonalampung #indonesia  #pesonaindonesia #holiday #waterfall",waterfall
https://www.instagram.com/p/COQGvPwMfQv/,83.jpg,2021-04-29 13:31:43,"Blouse Flowy Crop
Kode : 53229
Rp 90.000
.
.
Bahan Korean Silk
Lingkar Dada 94 cm
Panjang 45 cm
.
.
Whatsapp : 082226112926
Shopee : wfstoreofficial
.
.
#unscantik #umscantik #unycantik #umycantik #ugmcantik #uadcantik #unnescantik #undipcantik #unssolo #umssurakarta #undip #unnes #uny #ugm #umy #uad #blousecrop #blousecroptop #blousecropmurah #blousecroptopmurah #blousecropzoya #pesonalampunginside #pesonalampung #pesonalampungbarat #pesonalampungselatan #pesonalampungtimur",clothing store
https://www.instagram.com/p/COQuK_1FWs1/,84.jpg,2021-04-29 19:16:17,"@specs_indonesia Ultra Lightspeed FG (Sepatu Sepak Bola) kini sudah tersedia.

Barang ORIGINAL
Tersedia dalam ukuran 38 39 40 41 42 43 dan 44

Harga Retail Rp 549.000
Setelah diskon menjadi Rp 455.000

Whatsapp : 082226112926
Shopee : wfstoreofficial

#unssolo #umssurakarta #unyjogja #umyyogyakarta #ugmyogyakarta #unnessemarang #undipsemarang #iainsurakarta #uadyogyakarta #sukoharjo #solo #surakarta #boyolali #wonogiri #sragen #klaten #yogyakarta #jogja #specsultravioletfsball #specsultrasonicfbball #specsultrainft #specsultrainviolet #specsultrasuperfly #pariwisatalampungquiz #pariwisatalampungyangberjaya #pesonalampungbarat #pesonalampung #pesonalampungselatan",clean room
https://www.instagram.com/p/CT15wwLpSib/,85.jpg,2021-09-15 12:26:26,".
Pantai Minangrua Bakauheni Lampu Hidup saya nomaden, berpindah-pindah dari 1 tempat wisata ke wisata yang lain, wisata yang gratis tapi.(ihza_mahendra20)

📌 Minang Rua Cave, Lampung

Karya Sahabat @ihza_mahendra20

Salam Generasi Pesona Indonesia
Lapah Gham Jamo-Jamo Ngelestareiken Bumi Lampung

Visit www.genpilampung.com

@jokowi @kemensetneg.ri 
@sandiuno @kemenparekraf.ri 
@arinal_djunaidi @mbak_nunik 
@rianasariarinal @pkk_provinsi_lampung
@edarwan1962 @pariwisata_lampung
@vera_moz76 @ekraf.lampun @perindaglampung
@ade_ui @wahrulfauzisilalahi @dprdlampung 
@dharmasetyawan.com_ @payungiuniversity @alamlampung_
@infogeh @ayokelampung.com_ @lampung.media
@mbakjhe @genpiindonesia @wonderful.indonesiaku
@abdulrohmanwahidone @genpi_lampung
@selampung @dinaspariwisata.lampungselatan

#genpi #genpilampung #genpilampung2021 #generasipesonaindonesia #pesonaindonesia #wonderfulindonesia #salamgenpigasgasgas #AyokeLampung #kelampungkeren #dilampungaja #diindonesiaaja #lampung #bandarlampung #kotametro #lampungbarat #lampungutara #lampungtimur #lampungtengah #lampungselatan #tanggamus #pringsewu #pesawaran #pesisirbarat #mesuji #waykanan #tulangbawang #tulangbawangbarat #love #pesonalampung #pesonalampungselatan",grotto
https://www.instagram.com/p/CJq3sWDA8bY/,86.jpg,2021-01-05 16:22:46,"Cinta adalah kecantikan jiwa
🔸
🔸

📷 In frame @mararqqa_

➖➖➖➖➖➖➖➖➖➖➖➖➖
Repost
•  akun @pesonawaykalam
• Gunakan hastag #pesonawaykalam
• Tag akun @pesonawaykalam

#pesonawaykalam #airterjun #airterjunwaykalam #waykalam  #eksplorewaykalam #lampungselatan #pesonalampungselatan #ekaplorelampungselatan #lampung #eksplorelampung #pesonalampung #indonesia  #pesonaindonesia #holiday #waterfall",waterfall
https://www.instagram.com/p/CLrSdARF8GK/,87.jpg,2021-02-24 13:19:24,"The use of traveling is to regulate imagination with reality, and instead of thinking of how things may be, see them as they are -Samuel Jhonson
. 
. 

📷 In frame @sastika1688

➖➖➖➖➖➖➖➖➖➖➖➖➖
Repost
•  akun @pesonawaykalam
• Gunakan hastag #pesonawaykalam
• Tag akun @pesonawaykalam

#pesonawaykalam #airterjun #airterjunwaykalam #airterjunlampungselatan #airterjunlampung #waykalam  #eksplorewaykalam #lampungselatan #pesonalampungselatan #ekaplorelampungselatan #lampung #eksplorelampung #pesonalampung #indonesia  #pesonaindonesia #holiday #waterfall",waterfall
https://www.instagram.com/p/CJv9_WklcNs/,88.jpg,2021-01-07 15:54:00,"Golek cah Lanang Ojo seng wes mapan,sekali mapan malah babalas keturon🤣
.
.
.
.
#lampunghits 
#lampunggeh 
#bukitpematangsunrise 
#lampungviral 
#pesonalampungselatan",islet
https://www.instagram.com/p/CMQ9NiTFcJZ/,89.jpg,2021-03-11 04:24:55,"Memenuhi kebutuhan Vitamin Sea... Yang dah lama ga terpenuhi.
.
.
Main-main ke Pesisir Lampung Selatan... KALIANDA. Tujuan pertama, ke pantai yang masih relatif sepi ini Yap Pantai KEDU.  Disituasi pandemi gini agak gimana gitu kalau ketempat yang rame orang.. 😀😀
.
.
Tapi lumayan asyiklah kepantai ini walau kalau yang suka selfi-selfi dengan ornamen buatan masih belum banyak. Namun, bolehlah selfi dengan latar belakang pantai, laut dan kapal karam yang entah apa ceritanya. Kok bisa kapalnya karam gitu.
.
.
Tiket masuk kesini, satu orang Rp. 5.000. Kemarin dua orang dengan kendaraan dan parkir Rp. 30.000. Ya relatif murah buat menyenangkan mata dan hati.
.
.
#pantaikedukalianda 
#pantaikedu
#pesonalampungselatan
#pariwisatalampungselatan",wave
https://www.instagram.com/p/CLYReCsHsPq/,90.jpg,2021-02-17 04:05:14,"Kegiatan Pelatihan pembuatan olahan hasil hutan (kolang kaling)Aren dll.
.
oleh kelompok KUPS Way Kalam di dampingi oleh bu Mulyana,S.T selaku pendamping dan pembimbing
.
🔸
🔸

📷 In frame admin

➖➖➖➖➖➖➖➖➖➖➖➖➖
Repost
•  akun @airterjun_waykalam
• Gunakan hastag #airterjunwaykalam
• Tag akun @airterjun_waykalam
. Cekin Lokasi cari Air Terjun Waykalam

#airterjun #airterjunwaykalam #airterjunlampungselatan #airterjunlampung #waykalam  #eksplorewaykalam #lampungselatan #pesonalampungselatan #ekaplorelampungselatan #lampung #eksplorelampung #pesonalampung #indonesia  #pesonaindonesia #holiday #waterfall",coffee shop
https://www.instagram.com/p/COsDN-AF2Gy/,91.jpg,2021-05-10 09:59:42,"-
-
Jika engkau menginginkan sesuatu yang belum pernah kau rasakan dan yang belum kau punya........
Maka kau harus melakukan sesuatu yang belum pernah sama sekali engkau lakukan
*******************************************
Coba tebak air terjun mana ini???
📸@syah_herwan @andri.stwn2
.

.#Repost - @lucky.sputra 
.

📌 Desa Bakau heni ,kec Bakau heni 
Kab Lampung selatan, Lampung.

#wajahlampung
#informasilampung
#wonderfullampungselatan
#traveler2lampung
#jalanjalanlampung
#sahabattravellerlampung
#pesonalampungselatan
#kalianda.ig
#mata_lampungku
#pesonalampung
#potretlampung
#petualanglampung
#selampung
#wonderfullampungselatan
#wonderfullampung",waterfall
https://www.instagram.com/p/C84EyIExZY6/,92.jpg,2024-07-01 10:08:23,"Tidak perlu menjelaskan dirimu kepada siapa pun, karna yg menyukaimu tidak butuh itu dan yang membencimu tidak akan mempercai itu

Ali bin Abi Thalib
(Khalifah ke empat sekaligus sepupu Rasulullah SAW 599H - 699H) 

Note: jgn liat slide terakhir 😅

📷 @ang_yusuf_27
📍 #pesonalampungselatan
🌄 #senja #penikmatsenja
🏍 @gallerycbr150indonesia

#fypage #fypシ #fyp #fypviral #photo #lbb #lbbdelhi #lbbbangalore #fl #flowers #flstudio #iff #iffhs #iffym #ifl #ifl❤️ #ifl💛 #iflifliflifliflifliflifliflifliflifliflifliflifliflifliflifl #flflflflflflflflflflfl❤️ #flfl💛",beach
https://www.instagram.com/p/CcgwKS1Pv0s/,93.jpg,2022-04-19 00:01:02,"𝐖𝐈𝐒𝐀𝐓𝐀 𝐀𝐋𝐀𝐌 𝐆𝐔𝐍𝐔𝐍𝐆 𝐁𝐀𝐓𝐔 🍃 ______________________________ destinasi wisata unik berupa bongkahan batu-batu raksasa yang sangat intagramable sambil menikmati keindahan panorama alam yg segar , alami dan indah .. 

📍Berlokasi di Desa Srikaton, Tanjung Bintang - wisata Gunung Batu 
📷 by : @davidsetiyo_ @daisyphoto___ 

#tempatwisatalampung
#lampunggeh #lampungselatan #gunungbatu #desasrikaton #wisatagunungbatu #tanjungbintang #pesonalampungselatan #pikniklampung #jalanjalandilampung",mountain path
https://www.instagram.com/p/CUUzUDLJU_z/,94.jpg,2021-09-27 12:26:33,"😍😍

#grandeltykrakatoanirwanaresort #grandeltykrakatao #lampungselatanindonesia #explorelampung #lampunginstagram #pesonalampungselatan #lampungselatanexplore #lampunghitz_bangetzzz #lampungtraveler#lampungtravellers #lampungpunyacerita #wisatalampung",bridge
https://www.instagram.com/p/CQA6edbM3qr/,95.jpg,2021-06-12 08:58:45,"Temui aku di sini 
..
..
..
..
..
..
..
..
@pantai_minangrua 
@dinaspariwisata.lampungselatan 
@Disparbud
..
..
..
..
..
..
..
..
#lampungselatanamazing #lampungselatan_explore 
#wonderfullampungselatan #wondelfullindonesia 
#Wonderfulllampung #PesonaLampungSelatan 
#pesonalampung #pesonaindonesia
#sahabat_traveler #kelampungaja_ #lampungku_lampungmu #kelampungyuk #kelampung_geh #yoexplore #informasilpg
#indonesiaku#indonesiahebat",beach
https://www.instagram.com/p/Cam1uTMPrNR/,96.jpg,2022-03-02 15:42:18,"_silahturiding_
.
.
.
.

#instagram #instagood #inspiration 
#photography #photooftheday #phonephotography 
#hunting #herex #pesonaindonesia #pesonalampung #pesonalampungselatan #fyp #fypシ #pantai #pantaiindonesia #horseriding #wisatalampung",mountain path
https://www.instagram.com/p/CUrqMenFru8/,97.jpg,2021-10-06 09:29:24,"Dear Me.
Sabar ya. Gak harus semua sekarang. It takes time to get better, menghargai sebuah proses adalah hal terbaik yang bisa kita lakukan
🌼
🏝
#pesonalampungselatan #lampung eksis#lampungbautyfull#lampungkeren
#pantaimarinakalianda🌴
#mantulombaknya 🌊🌊",islet
https://www.instagram.com/p/CTd7bAel2kq/,98.jpg,2021-09-06 04:59:10,"Trimaksi untuk kakak kakak Lampung tengah,sudah liburan ke pulau kelagian besar lampung!🤍
•
•
•
•
🌎 Pulau kelagian besar Pesawaran Lampung.
___________________________________________________

#lampungindonesia #pesonalampungselatan #satusaudara #kelagianbesarisland #kelagianbesar",beer garden
https://www.instagram.com/p/CVPF8TiPjui/,99.jpg,2021-10-20 03:45:17,"Sudah pada ngopi belum... 
 ~Utamakan kopi jangan CINTA. 
Karena otak butuh inspirasi, bukan air mata""
•
•
📍desa tanjung sari natar, lampung selatan
~
~
#lampunghits 
#wisatalampung 
#wisatalampungselatan 
#kecelampung
#pesonalampung 
#pesonalampungselatan
#ayokelampung 
#lampunggeh 
#pesonaalam
#piknik 
#pikniklampung
#pikniklampungkuy 
#gayapopuler 
#gayapria 
#jelajahlampung 
#jelajahlampungyuk
#pendakilampung
#potokekinian 
#lampungkeren 
#lampungkeceh 
#lampungindah",park
https://www.instagram.com/p/CRSszi8nIKZ/,100.jpg,2021-07-14 03:17:01,"📍 Pantai ketapang, pesawaran lampung selatan
.
.
.
#lampung #lampungselatan #kalianda #kaliandalampungselatan #traveling #travelingindonesia #wisatalampung #wisatalampungselatan #wisata #keindahanlampung #potret #potretlampung #pesonalampung #pesonalampungselatan #bandarlampung #pesawaran #pesawaranlampung #talangpadang #keindahanlampung",rope bridge
https://www.instagram.com/p/CO6nAhFl_gC/,101.jpg,2021-05-16 01:41:48,"""Jangan risaukan apa yang tidak kita miliki, tapi risaukan hati saat tak bersungguh-sungguh mensyukuri setiap pemberian-Nya""

Pesisir Pantai Kalianda, Lampung Selatan

#lampungku #lampungwisata #lampungyay #lampungyay #lampunggeh #lampung #lampunggham #lampungme #lampunginsta #lampunghits #lampungwawai #lampungwalk #lampung_geh #lampunghelau #lampungtourism #ayodolan #pesonalampungselatan #pesisirkalianda #infokyai #infokyailampung #santriindonesia #pesonalampung #wisatalampung #masjidlampung #exploremasjidlampung #ilovelampung #pantaikalianda #ayokelampung #inilampungyay #inilampung #explorelampung",balcony/interior
https://www.instagram.com/p/CJq1QuUASCB/,102.jpg,2021-01-05 16:01:31,"Kamu adalah salah satu yang menjadi alasan untuk ku tersenyum. Iyaa kamuu... 
🔸
🔸

📷 In frame @ardi_ar04

➖➖➖➖➖➖➖➖➖➖➖➖➖
Repost
•  Akun @pesonawaykalam
•  Hastag #pesonawaykalam
• Tag akun @pesonawaykalam

#pesonawaykalam #airterjun #airterjunwaykalam #waykalam  #eksplorewaykalam #lampungselatan #pesonalampungselatan #ekaplorelampungselatan #lampung #eksplorelampung #pesonalampung #indonesia  #pesonaindonesia #holiday #waterfall",swimming hole
https://www.instagram.com/p/CLZM5zflB5c/,103.jpg,2021-02-17 12:44:34,"Even when you're unfair, nature still provides what you need in life

🔸

📷 In frame @rajesh_ow

➖➖➖➖➖➖➖➖➖➖➖➖➖
Repost
•  akun @pesonawaykalam
• Gunakan hastag #pesonawaykalam
• Tag akun @pesonawaykalam

#pesonawaykalam #airterjun #airterjunwaykalam #airterjunlampungselatan #airterjunlampung #waykalam  #eksplorewaykalam #lampungselatan #pesonalampungselatan #ekaplorelampungselatan #lampung #eksplorelampung #pesonalampung #indonesia  #pesonaindonesia #holiday #waterfall",waterfall
https://www.instagram.com/p/CNXXKFDlAZN/,104.jpg,2021-04-07 12:38:29,"Woi piknik gak? Piknik lah, masa egk!

#piknik #piknikpantai #pikniklampung #motovloglampung #motovlogindonesia🇮🇩 #pantaikeduwarna #pantailampung #pesonaindonesia #pesonalampungselatan #lampunghitz #lampunghits",volcano
https://www.instagram.com/p/CO4cKUAFQtD/,105.jpg,2021-05-15 05:28:32,"Holiday Eceknya😁

#fl#love#pantaiindahkapuk#pantaiterbaya#pesonaindonesia#pesonalampung#pesonaalam#pesonalampungselatan#flfl💛",junkyard
https://www.instagram.com/p/CKqgg4Vs0G9/,106.jpg,2021-01-30 09:31:37,"Sungguh indah ciptaan Tuhan, air mengalir kebawah itulah sungai ,😀
🔸
🔸
📷 In frame : admin

➖➖➖➖➖➖➖➖➖➖➖➖➖
Repost
•  akun @airterjun_waykalam
• Gunakan hastag #airterjunwaykalam
• Tag akun @airterjun_waykalam
. Cekin Lokasi cari Air Terjun Waykalam

#airterjun #airterjunwaykalam #airterjunlampungselatan #airterjunlampung #waykalam  #eksplorewaykalam #lampungselatan #pesonalampungselatan #ekaplorelampungselatan #lampung #eksplorelampung #pesonalampung #indonesia  #pesonaindonesia #holiday #waterfall",waterfall
https://www.instagram.com/p/CKA1ERFMtRC/,107.jpg,2021-01-14 05:03:07,"Lomba jukung
....
....
....
....
....
....
....
....
....
#perahu 
#perahudayung #perahutradisional #perahunelayan #nelayan #nelayanindonesia #nelayanlampung  #informasilampung #lampunggeh#lampungsai #wisatalampung#explore #exploreindonesia #Explorelampungselatan #Explorelampung #lampungselatanamazing #pesonalampung #pesonalampungselatan #pesonaindonesiaofficial #indonesiaku #indonesiahebat🇮🇩 #pokdarwisminangruabahari #PokdarwisLampungSelatan #PokdarwisLampung #pokdarwisindonesia#traveler #travelerindonesia #travelerlampung",lagoon
https://www.instagram.com/p/CJz73Zdg66G/,108.jpg,2021-01-09 04:52:24,"Jika kau bosan carilah suasana yang tidak biasa, dan jika kau lelah maka istirahatlah. 
🔸
🔸

📷 In frame @ahmad_syaifudin__

➖➖➖➖➖➖➖➖➖➖➖➖➖
Repost
•  akun @pesonawaykalam
• Gunakan hastag #pesonawaykalam
• Tag akun @pesonawaykalam

#pesonawaykalam #airterjun #airterjunwaykalam #waykalam  #eksplorewaykalam #lampungselatan #pesonalampungselatan #ekaplorelampungselatan #lampung #eksplorelampung #pesonalampung #indonesia  #pesonaindonesia #holiday #waterfall",waterfall
https://www.instagram.com/p/CNMF_3nMdtK/,109.jpg,2021-04-03 03:36:53,"Lakuin dulu masalah berhasil apa gak yah itu belakangan kawan.
_____________________
_____________________
_____________________

#Repost @asepantoni1504_
• • • • • •
☑️Loc: Wisata Pantai Minang Rua
____________________________________________
🖼️ Ingin foto/vidiomu di repost 🔄

☑️Follow & tag foto/ vidio mu ke @lampungselatanexplore

☑️ Cantumkan lokasi nya 🖼️
☑️ spam like ❤️
☑️ hastag #lampungselatanexplore

🔺 Note : akun jangan di privat ❌ 
_______________________________________
____

☑️Follow halaman Facebook : lampung selatan Explore

☑️ Subscribe youtube channel :
Link in bio 👉👉

☑️ Mau trip keliling lampung selatan Silahkan dm me 📥
#lampungselatanexplore #wonderfulindonesia #wonderfullampungselatan #wonderfullampung #pesonaindonesiaofficial #pesonaindonesia #pesonalampungselatan #pesonalampung #lampungselatanamazing #amazinglampung #lampung #lampungeksplore  #lampungeksis #lampunggeh #kelampungyuk #lampungdong #lampungku #lampunghits #lampungtripyay #kelampungaja #lampungasik #pikniklampung #wisatakunusantara #mata_lampungku #wisataterbaiklampung #alamlampung #pantaiminangrua",lagoon
https://www.instagram.com/p/Ciq4fr8P0ZS/,110.jpg,2022-09-19 01:34:38,rindu kampung halaman #lampung#pesonalampungselatan,amusement park
https://www.instagram.com/p/CKiEpvrMTGh/,111.jpg,2021-01-27 02:54:14,"🔸
🔸

📷 In frame : @aaryapratama

➖➖➖➖➖➖➖➖➖➖➖➖➖
Repost
•  akun @airterjun_waykalam
• Gunakan hastag #airterjunwaykalam
• Tag akun @airterjun_waykalam
. Cekin Lokasi cari Air Terjun Waykalam

#airterjun #airterjunwaykalam #airterjunlampungselatan #airterjunlampung #waykalam  #eksplorewaykalam #lampungselatan #pesonalampungselatan #ekaplorelampungselatan #lampung #eksplorelampung #pesonalampung #indonesia  #pesonaindonesia #holiday #waterfall",waterfall
https://www.instagram.com/p/CPQgdOcBom0/,112.jpg,2021-05-24 13:47:50,#lampunghits #lampungselatan #lampunggeh #wisatalampung #pesonalampungselatan #matalampungku,islet
https://www.instagram.com/p/DNcNXdqv3EJ/,113.jpg,2025-08-17 03:18:21,Upacara HUT Ri ke 80 th di Bakauheni Harbour city Ampliteater Bakauheni Upacara Bupati Lampung Selatan  @radityoegi  dan seluruh Pegawai dan masyarakat setempat 17 Agustus 2025 #pemkablampungselatan #pesonalampungselatan #hutke80ri #wisatalampungselatan #radityoegi #sayfulanwar #kawasanmenarasiger #lampungselatanmaju #bismillahbisa,mausoleum
https://www.instagram.com/p/CNg9TVUJeDC/,114.jpg,2021-04-11 06:04:57,"Pantai Kedu, Kalianda, Lampung Selatan.
.
.
.
#pesonakalianda #pesonalampungselatan #lampungexplore #lampungexplore #lampunggeh #lampunghits #lampungselatan",ocean
https://www.instagram.com/p/CNb0kn-lgQT/,115.jpg,2021-04-09 06:12:28,Tuhan ciptakan dunia bukan hanya untuk manusia tetapi untuk semua makhluk hidup seperti lautan ini #exploreindonesia #explorelampung #explorelampungselatan #explorekalinda #pesonaindonesia #pesonalampung #pesonalampungselatan #lampunghits #lampung,islet
https://www.instagram.com/p/Cd3ln7XhBPj/,116.jpg,2022-05-22 17:22:53,"Di belakang sya ada permainan baru lohh( sea Walker) astronot bawah laut !!! bisa hubungi via wa/tlfn:083122507957
.
.
.

 #pulaupahwang
#pahawanglampung
#pesonalampungselatan #mainairyuk #wisataalamindonesia #pahawangmurah #tripmurahpahawang #wisatabawahlaut#olahargalaut#palembanghitz#pantaipahawang",art studio
https://www.instagram.com/p/CKbep6eFlXe/,117.jpg,2021-01-24 13:26:46,"Semakin sulit jalan menuju ke suatu tempat sesungguhnya ada suatu kepuasan saat titik akhir perjalanan itu tercapai 
🔸
🔸

📷 In frame @latifsntna

➖➖➖➖➖➖➖➖➖➖➖➖➖
Repost
•  akun @pesonawaykalam
• Gunakan hastag #pesonawaykalam
• Tag akun @pesonawaykalam

#pesonawaykalam #airterjun #airterjunwaykalam #airterjunlampungselatan #airterjunlampung #waykalam  #eksplorewaykalam #lampungselatan #pesonalampungselatan #ekaplorelampungselatan #lampung #eksplorelampung #pesonalampung #indonesia  #pesonaindonesia #holiday #waterfall",swimming hole
https://www.instagram.com/p/CO523WAlsQu/,118.jpg,2021-05-15 18:41:07,"""Apapun yang terjadi dalam harimu yakinlah bahwa semuanya adalah kehendak dan rencana Allah untuk kebahagiaanmu.""

Selamat Hari Raya Idul Fitri 1442 H
""Mohon Ma'af Lahir dan Batin""

Masjid Al-Hidayah, Way Urang, Kalianda

#idulfitri #harikemenangan #idulfitri2021 #masjid #masjidlampung #wayurang #lampungme  #infokyai #infokyailampung #lampung #lampunghits #wisatareligi #pesonamasjid #lampunggeh #lampungwalk #exploremasjidlampung #lovelampung #lampunginsta #lampungyay #lampunggham #instalampung #ilovelampung #lampunghits #lampungku #masjidkalianda #ayodolan #lampungwawai #pesonalampung #pesonalampungselatan #lampungwisata #lampung_geh",synagogue/outdoor
https://www.instagram.com/p/CRSscRQnC0c/,119.jpg,2021-07-14 03:13:50,"📍 Pantai alau-alau, kalianda lampung selatan
.
.
.
#lampung #lampungselatan #kalianda #kaliandalampungselatan #traveling #travelingindonesia #wisatalampung #wisatalampungselatan #wisata #keindahanlampung #potret #potretlampung #pesonalampung #pesonalampungselatan",beach
https://www.instagram.com/p/CJprR0Mgo2w/,120.jpg,2021-01-05 05:15:03,"Besar pasak daripada tiang
Besarkan perut daripada mulut
. 
. 
Sukses tidak datang dari tempat yang nyaman
🔸
🔸

📷 In frame @jejaksi_ohm

➖➖➖➖➖➖➖➖➖➖➖➖➖
Repost
•  Akun @pesonawaykalam
•  Hastag #pesonawaykalam
• Tag akun @pesonawaykalam

#pesonawaykalam #airterjun #airterjunwaykalam #waykalam  #eksplorewaykalam #lampungselatan #pesonalampungselatan #ekaplorelampungselatan #lampung #eksplorelampung #pesonalampung #indonesia  #pesonaindonesia #holiday #waterfall",waterfall
https://www.instagram.com/p/CJq5Xt5AVeH/,121.jpg,2021-01-05 16:37:26,"Mari jaga alam agar keindahanya dapat kita nikmati bersama
🔸
🔸

📷 In frame @ekamaulanaiqbal_18

➖➖➖➖➖➖➖➖➖➖➖➖➖
Repost
•  akun @pesonawaykalam
• Gunakan hastag #pesonawaykalam
• Tag akun @pesonawaykalam

#pesonawaykalam #airterjun #airterjunwaykalam #waykalam  #eksplorewaykalam #lampungselatan #pesonalampungselatan #ekaplorelampungselatan #lampung #eksplorelampung #pesonalampung #indonesia  #pesonaindonesia #holiday #waterfall",waterfall
https://www.instagram.com/p/CJuT4i9ggB-/,122.jpg,2021-01-07 00:26:50,"Melelahkan dan tidak mudah 
🔸
🔸

📷 In frame @desma.kartiko

➖➖➖➖➖➖➖➖➖➖➖➖➖
Repost
•  akun @pesonawaykalam
• Gunakan hastag #pesonawaykalam
• Tag akun @pesonawaykalam

#pesonawaykalam #airterjun #airterjunwaykalam #waykalam  #eksplorewaykalam #lampungselatan #pesonalampungselatan #ekaplorelampungselatan #lampung #eksplorelampung #pesonalampung #indonesia  #pesonaindonesia #holiday #waterfall",waterfall
https://www.instagram.com/p/CQCLVAyt9NY/,123.jpg,2021-06-12 20:45:15,"Hidup adalah 10% apa yang kamu Fikirkan, 90% apa yang kamu lakukan.

Foto ini merupakan jepretan yang tidak disengaja, karna ketika bersiap untuk berfoto tiba-tiba ombak Besar datang, Spontanitas jadi kaget dan langsung Loncat.. he..he..

Repost @muhamad_herdiawan
• • • • • •

Pantai Batu Rame Kalianda, Lampung Selatan.

#explorwisatalampung
#rajabasa #rajabasalampung #rajabasamountain #gunungrajabasa #kalianda #kaliandaresort #kaliandalampungselatan #kaliandaig #pesonakalianda #pesonalampungselatan #pesonalampung #pesonaindonesia #infokyai #infokyailampung #infokyainusantara #lampungyay #lampungme #lampung #lampunghits #lampunggeh #lampunginsta #lampungwalk #lampunggham #lampungpedia #lampungweh #lampungkeren #ilovelampung #lampungtrip",wave
https://www.instagram.com/p/CKJosp8Bzv1/,124.jpg,2021-01-17 15:08:12,"Tidak ada yang abadi baik bahagia maupun luka.

Suatu saat kita akan tiba di titik menertawakan rasa yang dulu sakit atau menangisi rasa yang dulu indah .

@gvr.travellinglampung@lampung_milenial
@explorelampung @wisata_lampunghits @kelilinglampung_ @traveller_lampung @tempat_wisata_lampung @gvr.travellinglampung @wisata_lampunghits @wisata_lampungme @explorewisatalampung @wisatabandarlampung @wisatalampungku @wisata_lampung.id @wisatalampung_repost @wisatalampungselatan @pantai.sebalang.hits @sebalangyay @sebalanglampung @sebalangbeach
#quetescinta #quetesbaper #sebalang #sebalangbeach #sebalangbeachlampung #sebalangyay #sebalangkuy #sebalanglampung #sebalang#pantailampungselatan #pantaisebalang #pantaisebalanglampung #pantaisebalangtarahan #pantaisebalangtarahan_lampung #wisatalampungku #wisatabandarlampung #wisatalampung #pesonalampung #pesonalampungselatan #pesonalampungkita #pikniklampung #pikniklampungkuy #lampungselatanhits #lampungmoment #lampungpunyacerita #lampungyay #potretmileniallampung #lampunghitz #lampungkerenyay #lampungme",amusement park
https://www.instagram.com/p/CJq4agYAfc0/,125.jpg,2021-01-05 16:29:04,"Selagi kamu tak ada perasaan halus saa melihat alam, jiwamu tak hidup
🔸
🔸

📷 In frame @karmila_0512

➖➖➖➖➖➖➖➖➖➖➖➖➖
Repost
•  akun @pesonawaykalam
• Gunakan hastag #pesonawaykalam
• Tag akun @pesonawaykalam

#pesonawaykalam #airterjun #airterjunwaykalam #waykalam  #eksplorewaykalam #lampungselatan #pesonalampungselatan #ekaplorelampungselatan #lampung #eksplorelampung #pesonalampung #indonesia  #pesonaindonesia #holiday #waterfall",waterfall
https://www.instagram.com/p/CLjQl5zM4X-/,126.jpg,2021-02-21 10:29:13,"Santai sejenak gaesss
.
.
.
.
.
.
.
.
#pantaijandong 
#pesisirrajabasa 
#wisatalampungselatan #lampungselatanamazing 
#lampungselatan_explore #lampungselatanexis 
#PokdarwisLampungSelatan #PokdarwisMinangruaBahari 
#pokdarwisindonesia #Dinaspariwisatalampungselatan 
#wisatalampungsai #PesonaLampungSelatan 
#pesonapantaiindonesia #pesonapantailampung 
#pesonaindonesia #anakpantai",sandbox
https://www.instagram.com/p/CKkaAAeMc3z/,127.jpg,2021-01-28 00:39:16,"SELAMAT PAGI 
🔸
🔸

📷 In frame @melanyfikran

➖➖➖➖➖➖➖➖➖➖➖➖➖
Repost
•  akun @airterjun_waykalam
• Gunakan hastag #airterjunwaykalam
• Tag akun @airterjun_waykalam
. Cekin Lokasi cari Air Terjun Waykalam

#airterjun #airterjunwaykalam #airterjunlampungselatan #airterjunlampung #waykalam  #eksplorewaykalam #lampungselatan #pesonalampungselatan #ekaplorelampungselatan #lampung #eksplorelampung #pesonalampung #indonesia  #pesonaindonesia #holiday #waterfall",waterfall
https://www.instagram.com/p/CLdsLo4AjxA/,128.jpg,2021-02-19 06:34:51,"Loc. Air Terjun Anakan di Desa Way Kalam, Kalianda, Lampung Selatan
#instalampung  #pesonalampungselatan  #explorelampung  #explorelampungselatan",waterfall
https://www.instagram.com/p/CJpsEuugu4F/,129.jpg,2021-01-05 05:22:00,"Tenang belum tentu tidak menghanyutkan
🔸
🔸

📷 In frame @desma.kartiko

➖➖➖➖➖➖➖➖➖➖➖➖➖
Repost
•  Akun @pesonawaykalam
•  Hastag #pesonawaykalam
• Tag akun @pesonawaykalam

#pesonawaykalam #airterjun #airterjunwaykalam #waykalam  #eksplorewaykalam #lampungselatan #pesonalampungselatan #ekaplorelampungselatan #lampung #eksplorelampung #pesonalampung #indonesia  #pesonaindonesia #holiday #waterfall",waterfall
https://www.instagram.com/p/CdfuMv8vtF_/,130.jpg,2022-05-13 10:56:03,"Berhenti merasa Anda begitu kecil. Anda adalah alam semesta yang bergembira. 
. 
. 
. 
#lfl #explorelampung #explorelampungselatan #airterjunwaykalam #pesonalampungselatan #explorekalianda",waterfall
https://www.instagram.com/p/CL4Xpn7LRep/,131.jpg,2021-03-01 15:14:56,"Maret kembali datang, 

Semoga yang tergenggam tak pernah hilang, 

Yang sedang diusahakan kunjung datang, 

Dan yang terlanjur hilang, tenggelam tanpa menyisakan bayang-bayang 🍂
______________________________________________________________
#pesonalampung 
#pesonalampungselatan 
#pantailampung 
#pantailampungselatan 
#temanjalan 
#hobbyjalan 
#sukapantainusantara 
#sukagunung 
#sukakamu
#langkahmungilleks",islet
https://www.instagram.com/p/Ce6AFzOPw_3/,132.jpg,2022-06-17 12:24:02,"Gunung apa coba??

Pilot @noditmunawwir96
Drone sjrc

#kelampungaja #pikniklampung #wisatalampung #lampung #lampungexplore #lampunggeh #lampungkeren #lampunghits #ilovelampung #kelilinglampung #lampungeksis #berandalampung #wajahlampung #wisatapringsewu #wisatalamsel #wisatakrui #wisatabdl #wisatametro #pringsewu #pringsewukotapendidikan #pringsewulampung #pringsewutrip #pringsewuupdate #wisatakalianda #wisatakotabumi #wisatalambar #wisatatanggamus#lfl💛 #lfl💛lfllflfllffllflflflflflflflflfllflflflflflflflflflflflflflflflflflflflflflflflflflflflflfllflflflflflflflflfllflfllflflflflflflfllflflflflflllfl",valley
https://www.instagram.com/p/CRrAWpchuZp/,133.jpg,2021-07-23 13:49:36,"Sadar Sabar Syukur
.
.
.
#waytebingceppa  #kalianda  #wisatalamsel #wisataindonesia #wisatalampung",waterfall
https://www.instagram.com/p/CTi4kosJkss/,134.jpg,2021-09-08 03:10:28,"Yang ngingetin makan akan kalah sama yang ngasih makan...
.
.
.
.
.
.
#kelampungaja #pikniklampung #wisatalampung #lampung #lampungexplore #lampunggeh #lampungkeren #lampunghits #ilovelampung #kelilinglampung #lampungeksis #berandalampung #wajahlampung #wisatapringsewu #wisatalamsel #wisatakrui #wisatabdl #wisatametro #wisatakalianda #wisatakotabumi #wisatalambar #wisatatanggamus #pesawaran #ifl #ifl💛 #lfl💛 #lfl",beach
https://www.instagram.com/p/CfRHnq8rFDx/,135.jpg,2022-06-26 11:52:22,"Ingat selalu kebaikan orang lain terhadap kita, 
Lupakan kebaikan kita terhadap orang lain.

Explore wisata Lampung

#keduwarna
#wisatalamsel 
#wisatalampung 
#wisatamurah 
#wisataramah 
#piknik 
#liburan",promenade
https://www.instagram.com/p/CUl1XnPJ3J2/,136.jpg,2021-10-04 03:11:36,"Setiap langkah perjalanan ada cerita yang sulit diceritakan namun sulit dilupakan

Gear xiomi note 9
Edit xiomi 

Loc 📌 jalan pesisir kalianda, way muli rajabasa

@kelampungaja 

#kelampungaja 
#kelampungaja #pikniklampung #wisatalampung #lampung #lampungexplore #lampunggeh #lampungkeren #lampunghits #ilovelampung #kelilinglampung #lampungeksis #berandalampung #wajahlampung #wisatapringsewu #wisatalamsel #wisatakrui #wisatabdl #wisatametro #wisatakalianda #wisatakotabumi #wisatalambar #wisatatanggamus",valley
https://www.instagram.com/p/CetgvgCPuQa/,137.jpg,2022-06-12 15:59:13,"Ada yang tau ini dimana?

#kelampungaja #pikniklampung #wisatalampung #lampung #lampungexplore #lampunggeh #lampungkeren #lampunghits #ilovelampung #kelilinglampung #lampungeksis #berandalampung #wajahlampung #wisatapringsewu #wisatalamsel #wisatakrui #wisatabdl #wisatametro #wisatakalianda #wisatakotabumi #wisatalambar #wisatatanggamus#lfl💛 #lfl💛lfllflfllffllflflflflflflflflfllflflflflflflflflflflflflflflflflflflflflflflflflflflflflfllflflflflflflflflfllflfllflflflflflflfllflflflflflllfl #lfl #lflflflflflflflflflflfl",village
https://www.instagram.com/p/CRrMxTah5iT/,138.jpg,2021-07-23 15:38:06,"Arti filosofi air dalam kehidupan: 

1. Selalu mengalir ke tempat – tempat yang lebih rendah, ini mengajarkan kita untuk selalu rendah hati.

2. Air bersifat lembut tetapi juga bisa menjadi kuat bila dibutuhkan, ini mengajarkan kita keseimbangan.

3. Tetesan air dapat melubangi kerasnya batu karang, ini mengajarkan kita tentang kegigihan dalam kehidupan.

4. Air selalu mengisi ruang – ruang yang kosong ini mengajarkan kita untuk selalu saling tolong menolong dan selalu berbagi dalam kehidupan sehari – hari kita.

Sumber: Pandawa FM

#waytebingceppa #wisatalamsel #wisatalampung #wisataindonesia #filosofiair #inspirasi #motivasi",swimming hole
https://www.instagram.com/p/CXQIIClPvwm/,139.jpg,2021-12-09 06:26:23,"Menghealing sejenak menikmati keindahan alam Lampung 😍
.
Karya Hebat @biaqiashiramya
.
Tayang bareng keluarga @lensanuswantara
.
#lensanuswantara
#ln_20211127
#ln_biaqiashiramya
.
Kembangkan Nusantara Bersama Lensanuswantara
.
📍 Kalianda Lampung Selatan
.
========================================
Jangan lupa tag postinganmu dan bagikan keaslian Lampung yang keren banget bersama Aseli Lampung 😉. Tag @aselilampung, tambahkan hastag #aselilampung dan #aselijaklampung 👍👍👍
========================================
#lampung #lampungselatan #kalianda #pantai #laut #drone #natgeo #aselilampung #wisatalampung #pesonalamsel #wisatalamsel #aselijaklampung #explorelampung #lampungadventure #lampungkece #lampunghelau #lamsel #pantaiindonesia #lautindonesia #internationaldestination",cliff
https://www.instagram.com/p/CQaId8jgQts/,140.jpg,2021-06-22 04:02:01,"Dulu ke kedu sinar laut sekarang ke pantai kedu warna dong . 😂
Sebenernya mau flashback tapi gak deh.. 🤭 
#explorkalianda 
#kaliandaig 
#keduwarna 
#lampunghits 
#lamsel 
#kaliandahits 
#lampunginsta 
#wajahlampung 
#potretlampung
#sahabatpiknik 
#wisatalamsel 
#wisatalampung 
#jelajahwisatalampung",playground
https://www.instagram.com/p/CLV_YoypWvt/,141.jpg,2021-02-16 06:48:43,"Siapa yang udah pengen liburan?🙌✨

📍 Taman Sabin
@iramayasova23 

Jangan lupa follow dan tag:
@pesona_pringsewu 

#pesonapringsewu #tamansabin #kelampungaja #pikniklampung #wisatalampung #lampung #lampungexplore #lampunggeh #lampungkeren #lampunghits  #ilovelampung  #kelilinglampung #lampungeksis #berandalampung #wajahlampung #wisatapringsewu #wisatalamsel #wisatakrui #wisatabdl #wisatametro #wisatakalianda #wisatakotabumi #wisatalambar #wisatatanggamus",motel
https://www.instagram.com/p/Cdz8_xvJ-4L/,142.jpg,2022-05-21 07:30:10,"Desa Umbul Kunci

#kelampungaja #pikniklampung #wisatalampung #lampung #lampungexplore #lampunggeh #lampungkeren #lampunghits #ilovelampung #kelilinglampung #lampungeksis #berandalampung #wajahlampung #wisatapringsewu #wisatalamsel #wisatakrui #wisatabdl #wisatametro #wisatakalianda #wisatakotabumi #wisatalambar #wisatatanggamus#!",mountain path
https://www.instagram.com/p/Ca-J8B0JLXj/,143.jpg,2022-03-11 17:01:28,"#Repost @postlampung_
——
Akhir-akhir ini tulangku kok linu semua ya, apakah ini gejala akan jadi tulang rusukmu yah 🤣

Repost @dwiagusani 

Punya foto keren, punya event seputar Lampung dan fotomu mau direpost di @kelampungaja gampang caranya kak
-Tag dan follow  @postlampung_
-Gunakan hastag #kelampung_geh
-Akun tidak privat 

#kelampungaja #pikniklampung #wisatalampung #lampung #lampungexplore #lampunggeh #lampungkeren #lampunghits  #ilovelampung  #kelilinglampung #lampungeksis #berandalampung #wajahlampung #wisatapringsewu #wisatalamsel #wisatakrui #wisatabdl #wisatametro #wisatakalianda #wisatakotabumi #wisatalambar #wisatatanggamus#lfl💛 #lfl💛lfllflfllffllflflflflflflflflfllflflflflflflflflflflflflflflflflflflflflflflflflflflflflfllflflflflflflflflfllflfllflflflflflflfllflflflflflllfl #lfl #lflflflflflflflflflflfl",lagoon
https://www.instagram.com/p/Cc7x1JTJ7Wu/,144.jpg,2022-04-29 11:55:07,"Alone desa lubuk bais way Galih Lampung Selatan 

#gowesjelajahalam #gowesblusukankampung #pacificbikeofficial #cylingphoto #visitbogor #sepedamtbbogor #bogormtb #gowesphotophoto #crashmtbe #sepedagunungbogor #stravacyclingphotos
#kelampungaja #pikniklampung #wisatalampung #lampung #lampungexplore #lampunggeh #lampungkeren #lampunghits #ilovelampung #kelilinglampung #lampungeksis #berandalampung #wajahlampung #wisatapringsewu #wisatalamsel #wisatakrui #wisatabdl #wisatametro #wisatakalianda",rope bridge
https://www.instagram.com/p/CcdauqlPeTx/,145.jpg,2022-04-17 16:56:03,"Mandapa Beach

#kelampungaja #pikniklampung #wisatalampung #lampung #lampungexplore #lampunggeh #lampungkeren #lampunghits #ilovelampung #kelilinglampung #lampungeksis #berandalampung #cepatlampung #wisatapringsewu #wisatalamsel #wisatakrui #wisatabdl #wisatametro #wisatakalianda #wisatakotabumi #wisatalambar #!",boardwalk
https://www.instagram.com/p/CdsuN3qJG59/,146.jpg,2022-05-18 12:06:20,"Teluk semangka Beach , Tanggamus

#kelampungaja #pikniklampung #wisatalampung #lampung #lampungexplore #lampunggeh #lampungkeren #lampunghits #ilovelampung #kelilinglampung #lampungeksis #berandalampung #wajahlampung #wisatapringsewu #wisatalamsel #wisatakrui #wisatabdl #wisatametro #wisatakalianda #wisatakotabumi #wisatalambar #wisatatanggamus#!",glacier
https://www.instagram.com/p/CtiG3i-vQkD/,147.jpg,2023-06-16 01:32:24,"Bendungan

#pienno #Leninhamtbce #pedaleventosce #Pedalfortaleza #Bike #m
#kelampungaja #pikniklampung #wisatalampung #lampung #lampungexplore #lampunggeh #lampungkeren #lampunghits #ilovelampung #kelilinglampung #lampungeksis #berandalampung #wajahlampung #wisatapringsewu #wisatalamsel #wisatakrui #wisatabdl #wisatametro #wisatakalianda #wisatakotabumi #wisatalambar #wisatatanggamus",dam
https://www.instagram.com/p/Cxzefg0vpOQ/,148.jpg,2023-09-30 05:31:30,"[ Yuk Agendakan Traveling Terbaik Anda Bersama Kami Restu Bumi Adventure ]
.
👋🏻 Haii haiii sobat RBA, cerita terbaik adalah kehidupan yang berwarna warni. Kehidupan dengan dipenuhi oleh warna warni akan membuat hidup semakin lebih berarti. 

🙌🏻 Rencanakan kegiatan wisata terbaikmu bersama kami yah @restubumiadventure, segera reservasi dan jadwalkan kegiatannya.
_______________________
🏝️ RBA - TOUR PACKAGES 
▪️Wisata Alam
▪️Wisata Desa
▪️Minat Khusus
▪️Outbound Training
▪️Family & Corporate Gathering
.
----More information-----
• Kontak : 
> 081271046209 (Admin 1) 
> 081272477622 (Admin 2)
• Instagram : @restubumiadventure 
• Facebook : Restu Bumi Adventure 
• Tik Tok : @restubumiadventure64
• Youtube : Restu Bumi Adventure 
• Website : www.restutour.co.id
• Email : restubumiadventure64@gmail.com
.
#restubumiadventure #restubumi #adventure #pariwisata #paketwisatalampung #paketwisatamurah #paketberwisata #triplampung #biroperjalananwisata #travelling #bpwlampung #lampung #jalanjalan #berpergian #healing #traveling #berwisatadilampung #bandarlampung #lampunggeh #pantaimarina #marinabeach #pantaikalianda #wisatalamsel #pantailamsel #pariwisatalampungselatan #pariwisatalamsel",stage/outdoor
https://www.instagram.com/p/C7QJttXPAQS/,149.jpg,2024-05-22 01:30:27,"Bismillah 

Maa Syaa Allah Tabarakallah 
Allahumma baarik 

Pantai Rio by the Beach🏝️🌅🌴🌴🌴
Lampung Selatan 

Bersama adikku 

#visitlampung#visitlampungselatan#pantairiobythebeach#liburan#liburankeluarga #pesonapantai#pesonaindonesia#piknik#refreshing#holiday#santai#pantairio#indonesia#pantaibersih#pantaiindah#pasirluas#riomotret#riobythebeach",campsite
https://www.instagram.com/p/CsJZSDYyFu6/,150.jpg,2023-05-12 14:40:54,"@masjidbsi_bakauheni 
#visitlampung #visitlampungselatan",arch
https://www.instagram.com/p/CaxC8ZKvVfi/,151.jpg,2022-03-06 14:50:13,"Menunggu yang akan berlalu.
Menanti yang akan pergi
Walaupun cuma sesaat ku nikmati .
Esok pagi akan menyapa kembali  dgn penuh berseri
#lampung
#visitlampungselatan
@explorewisatalampung
@pulaumengkudu
@wisatalampungselatan",islet
https://www.instagram.com/p/CaPiZF2h-Tb/,152.jpg,2022-02-21 14:30:51,"#sunset
.
Pantai Kedu merupakan salah satu jenis pantai berpasir putih yang halus dan salah satu pantai yang biasa dijelajahi.
Pantai Kedu populer karena keunikannya yang menghadap ke arah barat. Hal ini menjadikan posisi pantai yang satu ini sangat cocok untuk melihat sunset. Tidak hanya itu, pantai ini dihiasi oleh gugusan Pulau Krakatau dan tampak elok pemandangan gunung Rajabasa yang memang seolah-olah menampakan dirinya di atas air laut
.
.
.
.
.
.
.
.
.
.
.
.
.
.
.
.
.
.
#motivasiilmu #katabijak #TravelerDadakan #indonesia #lampung #lampungselatan #laut #pantai #pantaikedu #kalianda #awan #sunset #repost #repostindonesian #pesonaindonesia #jelajahindonesia #jelajahlampungselatan #jelajahsumatera #jelajahlampung #visitindonesia #visitlamsel #visitlampung #visitlampungselatan #trip #indonesia #likeforlikes #like4likes #likeforfollow #jalanjalan #travelling",sky
https://www.instagram.com/p/CZysb4MvgmS/,153.jpg,2022-02-10 09:40:38,"#sunset
.
Sunset mengajarkan kita bahwa hidup tak selalu cemerlang dan bersinar
.
.
.
.
.
.
.
.
.
.
.
.
.
.
.
.
.
.
#motivasiilmu #katabijak #TravelerDadakan #indonesia #lampung #lampungselatan #laut #pantai #pantaikedu #kalianda #awan #sunset #repost #repostindonesian #pesonaindonesia #jelajahindonesia #jelajahlampungselatan #jelajahsumatera #jelajahlampung #visitindonesia #visitlamsel #visitlampung #visitlampungselatan #trip #indonesia #likeforlikes #like4likes #likeforfollow #jalanjalan #travelling",ocean
https://www.instagram.com/p/CZqyHhvhba6/,154.jpg,2022-02-07 07:56:22,"#sunset
.
Berbicara dan berlakulah dengan baik kepada orang yang menjahati Anda. Mereka boleh jahat, tapi Anda tetap baik
.
.
.
.
.
.
.
.
.
.
.
.
.
.
.
.
.
.
.
#motivasiilmu #katabijak #TravelerDadakan #indonesia #lampung #lampungselatan #laut #pantai #pantaikedu #kalianda #awan #sunset #repost #repostindonesian #pesonaindonesia #jelajahindonesia #jelajahlampungselatan #jelajahsumatera #jelajahlampung #visitindonesia #visitlamsel #visitlampung #visitlampungselatan #trip #indonesia #likeforlikes #like4likes #likeforfollow #jalanjalan #travelling",sky
https://www.instagram.com/p/CZjhBDKPc8k/,155.jpg,2022-02-04 12:12:15,"#sunset
.
Terkadang kamu tersenyum, bukan karena ada hal yang menyenangkan hatimu, tapi karena kamu tahu bersedih takkan selesaikan masalah
.
.
.
.
.
.
.
.
.
.
.
.
.
.
.
.
.
.
.
#motivasiilmu #katabijak #TravelerDadakan #indonesia #lampung #lampungselatan #laut #pantai #pantaikedu #kalianda #awan #sunset #repost #repostindonesian #pesonaindonesia #jelajahindonesia #jelajahlampungselatan #jelajahsumatera #jelajahlampung #visitindonesia #visitlamsel #visitlampung #visitlampungselatan #trip #indonesia #likeforlikes #like4likes #likeforfollow #jalanjalan #travelling",sky
https://www.instagram.com/p/CZg3whphycN/,156.jpg,2022-02-03 11:33:15,"#sunset
.
Sirik, tanda tak mampu. Disiriki adalah tanda Anda lebih bahagia darinya. Bersyukurlah, dan doakan kebaikan baginya
.
.
.
.
.
.
.
.
.
.
.
.
.
.
.
.
.
.
.
#motivasiilmu #katabijak #TravelerDadakan #indonesia #lampung #lampungselatan #laut #pantai #pantaikedu #kalianda #awan #sunset #repost #repostindonesian #pesonaindonesia #jelajahindonesia #jelajahlampungselatan #jelajahsumatera #jelajahlampung #visitindonesia #visitlamsel #visitlampung #visitlampungselatan #trip #indonesia #likeforlikes #like4likes #likeforfollow #jalanjalan #travelling",sky
https://www.instagram.com/p/CZcTKvzhSSX/,157.jpg,2022-02-01 16:56:33,"Jika engkau ingin berbahagia, janganlah kau bandingkan kelemahanmu dengan kekuatan orang lain.
.
Yuk mabar
. 
.
.
.
.
.
.
.
.
.
.
.
.
.
.
.
.
.
#motivasiilmu #katabijak #TravelerDadakan #indonesia #lampung #lampungselatan #laut #pantai #pantaikedu #kalianda #awan #sunset #repost #repostindonesian #pesonaindonesia #jelajahindonesia #jelajahlampungselatan #jelajahsumatera #jelajahlampung #visitindonesia #visitlamsel #visitlampung #visitlampungselatan #trip #indonesia #likeforlikes #like4likes #likeforfollow #jalanjalan #travelling",campsite
https://www.instagram.com/p/CZbhSVdvqCu/,158.jpg,2022-02-01 09:40:41,"Jika seseorang menghinamu, berterima kasih lah, karena sesungguhnya mereka telah mengorbankan waktunya hanya untuk membantumu menjadi lebih baik
.
.
Yuk hiling
.
.
.
.
.
.
.
.
.
.
.
.
.
.
.
.
.
#motivasiilmu #katabijak #TravelerDadakan #indonesia #lampung #lampungselatan #laut #pantai #pantaikedu #kalianda #awan #sunset #repost #repostindonesian #pesonaindonesia #jelajahindonesia #jelajahlampungselatan #jelajahsumatera #jelajahlampung #visitindonesia #visitlamsel #visitlampung #visitlampungselatan #trip #indonesia #likeforlikes #like4likes #likeforfollow #jalanjalan #travelling",valley
https://www.instagram.com/p/C65bu7fPYWx/,159.jpg,2024-05-13 05:45:23,"[ TRIP MENYENANGKAN DENGAN RBA ]
. 
✨ Yuk segera booking dan jadwalkan liburan di Lampung bareng kami. Pasti seru dan dijamin puas, info lebih lanjut dan reservasi bisa hubungi admin kami yah 🥰. 
.
_______________________
🏝️ RBA - TOUR PACKAGES 
▪️Wisata Alam
▪️Wisata Desa
▪️Minat Khusus
▪️Outbound Training
▪️Family & Corporate Gathering
.
----More information-----
• Kontak : 
> 081271046209 (Admin 1) 
> 081272477622 (Admin 2)
• Instagram : @restubumiadventure 
• Facebook : Restu Bumi Adventure 
• Tik Tok : @restubumiadventure64
• Youtube : Restu Bumi Adventure 
• Website : www.restutour.co.id
• Email : restubumiadventure64@gmail.com
.
#restubumiadventure #restubumi #adventure #pariwisata #jasaoutboundmurah #fungameslampung #outboundlampung #lampungoutbound #gamesoutbound #pantailampug #paketwisatamurah #paketberwisata #triplampung #wisatalampung #pantaimarina #marinabeach #lampung #paketoutbound #gatheringlampung #healinglampung #liburanlampung #pariwisatalampung #pantaisanggar #pantailampung #marina #lamseltrip #disparbudlamsel #pariwisatalamsel #lampungselatan",beach
https://www.instagram.com/p/C6NuqDkPdid/,160.jpg,2024-04-26 06:24:09,"[ TRAVELING BERSAMA RBA BIKIN BAHAGIA ]
. 
✨ Yuk segera booking dan jadwalkan liburan di Lampung bareng kami. Pasti seru dan dijamin puas, info lebih lanjut dan reservasi bisa hubungi admin kami yah 🥰. 
.
_______________________
🏝️ RBA - TOUR PACKAGES 
▪️Wisata Alam
▪️Wisata Desa
▪️Minat Khusus
▪️Outbound Training
▪️Family & Corporate Gathering
.
----More information-----
• Kontak : 
> 081271046209 (Admin 1) 
> 081272477622 (Admin 2)
• Instagram : @restubumiadventure 
• Facebook : Restu Bumi Adventure 
• Tik Tok : @restubumiadventure64
• Youtube : Restu Bumi Adventure 
• Website : www.restutour.co.id
• Email : restubumiadventure64@gmail.com
.
#restubumiadventure #restubumi #adventure #pariwisata #jasaoutboundmurah #fungameslampung #outboundlampung #lampungoutbound #gamesoutbound #pahawang #paketwisatamurah #paketberwisata #triplampung #wisatalampung #pantaimarina #pantaisanggar #lampung #paketoutbound #gatheringlampung #healinglampung #liburanlampung #pariwisatalampung #pantaisanggar #pantailampung #sanggarbeach #lamseltrip #disparbudlamsel #pariwisatalamsel #lampungselatan",desert road
https://www.instagram.com/p/CfgnJYOLFD_/,161.jpg,2022-07-02 12:16:27,"Bukan healing just feeling better...

#kalianda #lampungselatan #mytrip #pesonalampungselatan #bukananakpantai",beach
https://www.instagram.com/p/CeiwHk7PLxm/,162.jpg,2022-06-08 11:41:56,"Cuacanya bersahabat.
..
..
..
..
..
#pantai_minangrua 
#RamahTamahJelajah
#KhaduSantaiMakkung 
#Selamatkhatong
#menahakhua
#DisParBudLamSel
#ExploreLampungSelatan
#LampungSelatanAmazing
#PesonaLampungSelatan",harbor
https://www.instagram.com/p/CdXg4-npKoa/,163.jpg,2022-05-10 06:25:50,"Keluarga besar SVC
... 
... 
... 
📸 : @yellinafiah
📄: pantai marina kalianda Lam Sel
.. 
.. 
#pesonalampung #pesonalampungselatan",pagoda
https://www.instagram.com/p/DX1BSsyElFC/,164.jpg,2026-05-02 07:47:50,"Cinta (seharusnya) merubah seseorang menjadi sosok yang lebih baik

📷 Samsung A54 5G

#lampung #explorelampung #explorelampungselatan #portraits #portraitphotography",rainforest
https://www.instagram.com/p/DWbqftiknBC/,165.jpg,2026-03-28 14:56:11,"Hidup lebih asik kalo di edit. Biar makin makin, makin putih makin mulus padahal aslinya gak😂🤣

#foryourpage #explorelampungselatan #foryou",orchard
https://www.instagram.com/p/DWaU1LOk-AV/,166.jpg,2026-03-28 02:27:39,"Mt. Ratai 1.682 MDPL

 Gunung Ratai adalah gunung setinggi 1.682 mdpl yang terletak di Kecamatan Padang Cermin/Way Ratai, Pesawaran, Lampung, dan dikenal dengan jalur pendakian “Punggung Naga” yang menawarkan panorama pesisir Teluk Lampung. Gunung ini menawarkan suasana pendakian yang asri dengan kombinasi pemandangan hutan dan laut, dekat dengan Pulau Pahawang. 
Ratai , 25 Maret 2026

#gunungratai1682mdpl #pendaki #explorelampungselatan #lampung",volcano
https://www.instagram.com/p/DVLgFXzE4EM/,167.jpg,2026-02-25 11:45:58,"OPEN TRIP SEBESI – KRAKATAU

📌 Snorkeling Pulau Sebuku
📌 Explore Pulau Umang-Umang
📌 Stay di Pulau Sebesi
📌 Trekking Anak Krakatau
📌 Free Dokumentasi Drone

⚠ Slot terbatas setiap keberangkatan
⚠ Harga bisa naik sewaktu-waktu
⚠ First pay = first secure seat

Kalau kamu serius mau ikut, DM sekarang sebelum full.

Jangan tunggu next batch.
Biasanya yang nunda-nunda nggak jadi😭

#opentripsebesi #anakkrakatau #explorelampungselatan #sebesiisland",mountain snowy
https://www.instagram.com/p/DUk4aH8k9tD/,168.jpg,2026-02-10 11:48:08,"Langit berwarna pink–ungu memantul di permukaan laut yang tenang, sementara nelayan melintas dengan perahu kecil. Di kejauhan terlihat siluet kompleks Gunung Krakatau (Anak Krakatau) yang tampak jelas saat cuaca cerah.

Alam Lampung memang selalu punya cara membuat sore terasa lebih bermakna.🌅
#travel #photography #explorelampungselatan #exploreindonesia #wonderfulindonesia #sunset #explorepage✨ #canon #canonphotography",islet
https://www.instagram.com/p/DUDdt6OEkps/,169.jpg,2026-01-28 12:19:58,"Di Kota, gamau panas2an takut gosong.
Di Pantai, yaudasi gosong doank namanya juga traveller😝

#explorepulausebesi #lampung #explorelampungselatan",beach
https://www.instagram.com/p/DT4wb59k5NQ/,170.jpg,2026-01-24 08:31:54,"At least gak wacana doang!

Kalo temen jawabannya “insyaallah” tuh kemungkinan bakal ikut kan ya?😁🤭

#sebesiisland #anakkrakatau #explorelampungselatan",beach
https://www.instagram.com/p/DTri2EnErfs/,171.jpg,2026-01-19 05:23:00,"Hidden gem Lampung unlocked 🔓🌊

Bangkitkan jiwa petualangmu dan tembus batas cakrawala Selat Sunda! Di Pulau Sebuku, alam tidak hanya menyuguhkan pemandangan, tapi juga sebuah pengalaman yang sangat menyenangkan. Bayangkan dirimu meluncur di atas air laut yang jernih dan berkilau seperti permata, lalu menyelam lebih dalam lagi untuk berjumpa dengan ribuan makhluk laut yang bergerak aktif di sekitar bangkai kapal perang Jepang yang legendaris. ✨⛴️

​Rasakan hembusan angin yang segar saat berdiri di atas pasir putih yang masih sangat murni, sementara di kejauhan, siluet Kepulauan Krakatau terlihat gagah dan seolah memanggilmu untuk terus menjelajah. Suasana pulau yang terpencil dan asri ini akan membuatmu merasa seperti pemilik dari surga kecil di pesisir Lampung Selatan.

Pulau Sebuku adalah bukti nyata bahwa Lampung memiliki sejuta pesona yang tak ada habisnya. Siapkan nyalimu, kemas perlengkapanmu, dan biarkan alam Lampung memikat hatimu dengan cara yang paling indah!

​Jangan cuma disimpan di wishlist, yuk wujudkan perjalananmu ke ​📍 Pulau Sebuku, Lampung Selatan.

​Klik tombol Share untuk ajak teman-temanmu berpetualang bersama! 🎒✨

#explorelampung
​#explorelampungselatan
#wonderfulindonesia🇮🇩
#pulausebuku
#pariwisatalampung

Sumber foto: Walter Pinem, Get Lost ID, Traverse.id

Postingan ini dibuat untuk memenuhi tugas mata kuliah Bahasa Indonesia.
​
Identitas penulis
Nama: Vera Bela
NPM: 25311031
Program Studi: Sistem Informasi 
Materi: Copywriting 
Dosen Pengampu: @ghufronianars",lagoon
https://www.instagram.com/p/DTpPdghAeKQ/,172.jpg,2026-01-18 07:55:09,"sea you soon, umang-umang island🌊<33

#explorelampungselatan #umangumang #lampung",lagoon
https://www.instagram.com/p/DTSH3qrk-DM/,173.jpg,2026-01-09 08:26:17,"Not about how far we go, but who we go with.

✨ The right place
✨ The right time
✨ The right person

Sometimes, the best therapy is traveling together 🧡

#sebesiisland #coupletrip #anakkrakatau #explorelampungselatan",volcano
https://www.instagram.com/p/DTRl5FUgWNA/,174.jpg,2026-01-09 03:29:23,"sebuku island🏝️

#explorelampungselatan #beach #sebuku #lampung",lagoon
https://www.instagram.com/p/DSyPhvsE8zn/,175.jpg,2025-12-27 23:17:30,"Setigi batu beach
Rajabasa kalianda📌 

#pantai #explorelampungselatan #instagram",coast
https://www.instagram.com/p/DSced1Ogdha/,176.jpg,2025-12-19 12:24:44,"Chasing waves and sunny rays… 🌊🌞 
.
.
.
#waves 
#sunny 
#beach 
#seas 
#vitaminsea 
#beachview 
#sunkissed 
#snorkling 
#nemo 
#sebesiisland 
#sebuku 
#explorelampungselatan",lagoon
https://www.instagram.com/p/DSaAkPlkhwB/,177.jpg,2025-12-18 13:24:59,"Warm tones, calm space. Mushola ala Maroko di Pantai Marina emang cocok banget untuk foto-foto 🥰❤️

#pantaimarinalampung #wisatalampung #explorelampungselatan",medina
https://www.instagram.com/p/DSXePS4Ez2V/,178.jpg,2025-12-17 13:46:33,"Alhamdulillah, masyaAllah, wujudin wishlist main 🛶 transparan di Lampung 🤍🫶🏻🥳

Join trip @pasarwisataid 

#travelling #traveler #travelgram #travelholic #travelinstyle #placetogo #storytelling #girlstraveldiary #kano #kanotransparan #pulauumang #pulauumangumang #explore #explorelampungselatan",underwater/ocean deep
https://www.instagram.com/p/DO_9EdQE5sa/,179.jpg,2025-09-24 21:00:00,"vitamin sea✨

#wisataindonesiakeren#wisataindonesiaku#wisataindonesiaaman#wisataindonesiaid#wisataindonesiaa_#wisataindonesiamuaantapp#wisataindonesiaindah#wisataindahkuy#wisatalampungindonesia#wisatalampungku#wisatalampung#wisatalampungselatan#wisatalampungkeren#wisatalamsel#senayabeach#senayabeachlampung#senayabeachkalianda#sflmine",ice floe
https://www.instagram.com/p/DNmlXetyzjJ/,180.jpg,2025-08-21 04:00:28,"[ OUTBOUND & GATHERINGNYA BARENG RESTU BUMI ADVENTURE AJA ]
.
“Tingkatakan kekompakan dengan bersama menjalin kegiatan yang seru & bermakna”
. 
✨ Employee Gathering : Pempek Tenda Biru.
.
🙌🏻 Terimakasih Pempek Tenda Biru yang telah mempercayai kami untuk kegiatannya. Sampai berjumpa dilain kesempatan yaa 🥰.
_______________________
🏝️ RBA - TOUR PACKAGES 
▪️Family & Corporate Gathering
▪️Outbound Training & Team Building
▪️Minat Khusus (Wisata Alam & Wisata Desa)
▪️Experiental Learning (Training & Workshop)
▪️Event Organizer & Tour Domestik/Internasional
.
----More information-----
• Kontak :
> 081271046209 (Admin 1) 
> 081272477622 (Admin 2)
• Instagram : @restubumiadventure 
• Facebook : Restu Bumi Adventure 
• Tik Tok : @restubumiadventure64
• Youtube : Restu Bumi Adventure 
• Website : www.restutour.co.id
• Email : restubumiadventure64@gmail.com
.
#restubumiadventure #restubumioutbound #restubumi #jasaoutboundmurah #fungameslampung #outboundlampung #lampungoutbound #gamesoutbound #sanggarbeach #triplampung #wisatalampung #lampung #gatheringlampung #wisatalamsel #pariwisatalampung",amphitheater
https://www.instagram.com/p/C66GVBcPrLG/,181.jpg,2024-05-13 11:57:35,"Pantai ini namanya Pantai Batu Rame, lokasinya di Jalan Sinar Laut, Kalianda, Lampung Selatan.

Pantai ini merupakan pantai rakyat, yang artinya GRATIS gaess 😁 Disini kamu bisa foto2 berlatar belakang laut atau Gunung Rajabasa bisa sekedar main pasir pinggir pantai ataupun main air dan juga berenang, semua bisa. Hanya saja, pantai ini belum dilengkapi sarana MCK dan fasilitas umum lainnya.

Tapi pantai ini recommended buat kita2 yang punya budget seadanya, cukup buat jajan di pedagang yang banyak tersedia di pinggir pantai. Soal basah ga bisa ganti masih aman, nti tunggu aja bentar kan kering sendiri di badan 😂

Jadii yook ke Kalianda gaess 😊

#pantaiqu 
#lamselmendunia 
#lampungselatanexplore 
#lamselsayah 
#wisatalamsel",coast
https://www.instagram.com/p/C3jIqeEPGvO/,182.jpg,2024-02-20 00:21:16,"[ Mari Agendakan Gathering & Outbound Kalian Bersama Kami Restu Bumi Adventure ]
.
“Jangan pernah berhenti untuk menjadi yang terbaik.”
. 
✨ Capacity Building : Dinas Perikanan Kota Palembang Tahun 2024. Teruslah menjadi yang terbaik jangan pernah berhenti dan terus lakukan hal hal baru.
.
🙌🏻 Terimakasih Dinas Perikanan Kota Palembang yang telah mempercayai kami untuk kegiatannya. Sampai berjumpa dilain kesempatan yaa 🥰.
_______________________
🏝️ RBA - TOUR PACKAGES 
▪️Wisata Alam
▪️Wisata Desa
▪️Minat Khusus
▪️Outbound Training
▪️Family & Corporate Gathering
.
----More information-----
• Kontak : 
> 081271046209 (Admin 1) 
> 081272477622 (Admin 2)
• Instagram : @restubumiadventure 
• Facebook : Restu Bumi Adventure 
• Tik Tok : @restubumiadventure64
• Youtube : Restu Bumi Adventure 
• Website : www.restutour.co.id
• Email : restubumiadventure64@gmail.com
.
#restubumiadventure #restubumi #adventure #pariwisata #pariwisatalampung #wisatalampung #paketoutboundmurah #paketwisatamurah #jasaoutboundlampung #triplampung #outbond #outboundlampung #wisataalampung #lampung #kedasresort #pantaiminangrua #wisatalamsel #pariwisatalampungselatan #kegiatanwisata #gamesoutbound",volleyball court/outdoor
https://www.instagram.com/p/C2QzrI0vd8d/,183.jpg,2024-01-19 01:00:08,"[ Buatlah Momen Indah dan Tak Terlupakan Bersama Kami Restu Bumi Adventure ]
.
“Sahabat selamanya, Selamanya sahabat”
. 
✨ Silaturahmi : FH UNILA'86. Semua tentang sahabat dan persahabatan ini akan tetap abadi menjadi sebuah ikatan silaturahmi yang tak pernah putus. 
.
🙌🏻 Terimakasih FH UNILA'86 telah mempercayai kami untuk kegiatannya. Sampai berjumpa dilain kesempatan yaa 🥰.
_______________________
🏝️ RBA - TOUR PACKAGES 
▪️Wisata Alam
▪️Wisata Desa
▪️Minat Khusus
▪️Outbound Training
▪️Family & Corporate Gathering
.
----More information-----
• Kontak : 
> 081271046209 (Admin 1) 
> 081272477622 (Admin 2)
• Instagram : @restubumiadventure 
• Facebook : Restu Bumi Adventure 
• Tik Tok : @restubumiadventure64
• Youtube : Restu Bumi Adventure 
• Website : www.restutour.co.id
• Email : restubumiadventure64@gmail.com
.
#restubumiadventure #restubumi #adventure #pariwisata #paketwisatalampung #paketoutboundmurah #outboundlampung #lampungoutbound #lampungfungames #grandeltykrakatoa #paketberwisata #triplampung #wisatalampung #lampungtrip #pariwisatalampung #lampung #grandelty #gatheringlampung #familygathering #wisatalamsel #pantailampung #wisatalampungselatan #pariwisatalampungselatan",raft
https://www.instagram.com/p/C2JFkepvHDe/,184.jpg,2024-01-16 01:02:35,"[ Paket Outbound Seru & Asyik di Lampung Hanya Bersama Biro Perjalanan Wisata Kami ]
.
“Kebahagiaan itu harus kita temukan, rasakan dan ceritakan.”
. 
✨ Fun Gathering : Cipta Karya PUTR Kota Metro. Semua itu tentang kebahagian dan dia hadir harus kita temukan, rasakan dan ceritakan.
.
🙌🏻 Terimakasih Cipta Karya PUTR Kota Metro yang telah mempercayai kami untuk kegiatannya. Sampai berjumpa dilain kesempatan yaa 🥰.
_______________________
🏝️ RBA - TOUR PACKAGES 
▪️Wisata Alam
▪️Wisata Desa
▪️Minat Khusus
▪️Outbound Training
▪️Family & Corporate Gathering
.
----More information-----
• Kontak : 
> 081271046209 (Admin 1) 
> 081272477622 (Admin 2)
• Instagram : @restubumiadventure 
• Facebook : Restu Bumi Adventure 
• Tik Tok : @restubumiadventure64
• Youtube : Restu Bumi Adventure 
• Website : www.restutour.co.id
• Email : restubumiadventure64@gmail.com
.
#restubumiadventure #restubumi #adventure #pariwisata #pariwisatalampung #wisatalampung #paketoutboundmurah #paketwisatamurah #jasaoutboundlampung #triplampung #outbond #outboundlampung #wisataalampung #lampung #wisatabalam #wiragarden #outboundspot #sanggarbeach #ciptakaryametro #gatheringlampung #wisatalamsel #wisatalampungselatan	#pantailampung #pantailampungselatan #pantaisanggar",market/outdoor
https://www.instagram.com/p/DXwokcmE72R/,185.jpg,2026-04-30 14:54:51,"@navaracitypark 
#lampunghits 
#lampunghitskekinian
#wisatalampungselatan",water park
https://www.instagram.com/p/DXn2bNTkXSV/,186.jpg,2026-04-27 05:02:43,#eksploreindonesia#pulausebukukecil#lampung#lampungpunyacerita#wisatalampungselatan,lagoon
https://www.instagram.com/p/DXjI3ytiQVW/,187.jpg,2026-04-25 09:07:42,"Komunitas pecinta Jeep Willys di Lampung Selatan resmi memiliki kepengurusan baru. Pelantikan Willys Lampung Community (WLC) Korwil Lampung Selatan periode 2026–2029 diharapkan tak sekadar menjadi ajang silaturahmi, tetapi juga mendorong promosi pariwisata daerah berbasis komunitas otomotif.

Pelantikan yang digelar di kediaman Ketua WLC Korwil Lampung Selatan, Nivolin, di Desa Palembapang, Kecamatan Kalianda, Sabtu (25/4/2026), dihadiri Wakil Bupati Lampung Selatan M. Syaiful Anwar, unsur Forkopimda, camat, serta sejumlah kepala OPD.

Baca selengkapnya di www.tigapena.lampung.com

#JeepWillys #WisataLampungSelatan #WLCResmiDilantik #PesonaLampung #KomunitasJeep",booth/indoor
https://www.instagram.com/p/DXbvTNRiVnw/,188.jpg,2026-04-22 12:09:34,"Penunjukan Kabupaten Lampung Selatan sebagai tuan rumah Jambore Nasional (Jamnas) ke-XIV Persatuan Penggemar American Jeep Indonesia (PPAJI) 2026 bukan sekadar agenda komunitas otomotif. Pemerintah daerah melihatnya sebagai “kendaraan” strategis untuk mengakselerasi promosi wisata dan pergerakan ekonomi lokal.

Kepastian itu terungkap dalam audiensi antara Bupati Lampung Selatan, Radityo Egi Pratama, dengan jajaran Pengurus Daerah PPAJI Provinsi Lampung di ruang kerja bupati, Rabu (22/4/2026).

Baca selengkapnya di www.lampung.tigapena.com

#JamnasJeepLamsel
#JeepNasional2026
#WisataLampungSelatan
#PromosiDaerahLamsel
#EventJadiMagnetWisata",booth/indoor
https://www.instagram.com/p/DXA5_tgj3bT/,189.jpg,2026-04-12 02:03:32,#pantailampungselatan #mbeachlampung #wisatalampung #pantailampung #wisatalampungselatan,sandbox
https://www.instagram.com/p/DWwCzD-iYUt/,190.jpg,2026-04-05 12:53:22,"Yang belum join next lebih ramai ya kan🤩
#minangruabeach #greencanyon #wisatalampungselatan #kalianda#viral",playground
https://www.instagram.com/p/DWfaJOpkl18/,191.jpg,2026-03-30 01:50:16,"Waktu Indonesia bagian liburan!!🍃🌿🚤🎉🎏

#wisatalampungselatan #greencanyon #greencanyonbakauheni #pantailampung",water park
https://www.instagram.com/p/DWdJPOJlc0q/,192.jpg,2026-03-29 04:44:04,"UMKM buah kupas segar
#rujakenak #riobeach #wisatalampungselatan #umkm #potofyp",general store/outdoor
https://www.instagram.com/p/DWbUT7Skyhc/,193.jpg,2026-03-28 11:42:21,#healing #gunungrajabasa #wisatalampungselatan,corn field
https://www.instagram.com/p/DWQmdS4EvRK/,194.jpg,2026-03-24 07:49:16,"I find my peace 🌊💙

#fypシ #explorelampung 
#wisatalampungselatan #explorepage✨",coast
https://www.instagram.com/p/DWQEhDfGAv_/,195.jpg,2026-03-24 02:52:41,Wtc Lampung selatan #wisatakolamalam #wisatalampungselatan #wtc,fountain
https://www.instagram.com/p/DWNTAIGE5Zd/,196.jpg,2026-03-23 01:03:55,"SURPRISE! 🌊✨
Yang dari kemarin nanyain kapan buka, mana suaranya?
Air Terjun Way Kalam KEMBALI BUKA untuk publik di libur Idul Fitri 2026 ini! Kondisi air lagi jernih-jernihnya, pepohonan lagi hijau-hijaunya
Tunggu apa lagi? Langsung gasss ke Way Kalam hari ini!
📍 Desa Way Kalam, Lampung Selatan.
🕒 Jam Operasional: 08.00 - 17.00 WIB.
#WayKalamOpen #WisataLampungSelatan #AirTerjun #ExploreSumatera #healinglebaran",waterfall
https://www.instagram.com/p/DVimpMUjw9V/,197.jpg,2026-03-06 11:05:49,"𝟎 𝑴𝒅𝒑𝒍 🌊

_
_
_

#pantaislimpuyang #bukitslimpuyang #lampungselatanexplore #sidomulyoexplore #wisatalampungselatan",rope bridge
https://www.instagram.com/p/DVSVSnNEVqn/,198.jpg,2026-02-28 03:26:21,#wisatalampungselatan #bakauheni #sigerlampung👑 #lampunggeh,zen garden
https://www.instagram.com/p/CTbwQ22hQem/,199.jpg,2021-09-05 08:43:11,"Foto : @fitri.turono86 Ini jam 5,30 pagi dengan suasana sejuk menunggu sunrise 🌞banyak kicau burung dan dingiiin banget😍
Aku belum bisa move on dr sini view nya keren banget😍

Daan tau gak sih ini tuh di lampung loh baru tau kan ada tempat se keren ini ❤️
Yuhuuu ini di bakauheni 
Nama nya @pematang_sunrise 
Cusss kesana aja biar bisa liat ke indahan view nya ya shay😍😍

.
.
__________________
__________________
^Mari kita jaga alam Lampung agar tetap indah^
Follow :
@jalanjalandilampung 
@parapejalanlampung 
@sahabattravellerlampung
_________________
_________________
.
.
#jalanjalanlampung
#parapejalanlampung
#sahabattravellerlampung
#wisatalampung #pariwisatalampung #lampunghits #explorelampung 
#lampung #travelinglampung #pematangsunrise #tempatbagus #viewkeren#lampungkeren#wisatalampung #campingground #wisatalamsel",rice paddy
https://www.instagram.com/p/CTZzx_plvwU/,200.jpg,2021-09-04 14:35:27,"#pantun
.
Kotak amal di goyang-goyang.

Aku diramal jodohnya sama abang"".
.
.
.
.
#mangrove #kelampungaja #kelampungaja #pikniklampung #wisatalampung #lampung #lampungexplore #lampunggeh #lampungkeren #lampunghits #ilovelampung #kelilinglampung #lampungeksis #berandalampung #wajahlampung #wisatapringsewu #wisatalamsel #wisatakrui #wisatabdl #wisatametro #wisatakalianda #wisatakotabumi #wisatalambar #wisatatanggamus #pesawaran #ifl #ifl💛 #lfl💛 #lfl",swimming hole
https://www.instagram.com/p/CvwmJA_yLvn/,201.jpg,2023-08-10 09:37:49,"see you half of my life,i will always miss 

@ranggahizandy 

Punya foto keren, punya event seputar Lampung dan fotomu mau direpost di @kelampungaja gampang caranya kak
-Tag dan follow  @kelampungaja
-Gunakan hastag #kelampungaja
-Akun tidak privat 

#kelampungaja #pikniklampung #wisatalampung #lampung #lampungexplore #lampunggeh #lampungkeren #lampunghits  #ilovelampung  #kelilinglampung #lampungeksis #berandalampung #wajahlampung #wisatapringsewu #wisatalamsel #wisatakrui #wisatabdl #wisatametro #wisatakalianda #wisatakotabumi  #wisatalambar #wisatatanggamus#lfl💛 #lfl💛lfllflfllffllflflflflflflflflfllflflflflflflflflflflflflflflflflflflflflflflflflflflflflfllflflflflflflflflfllflfllflflflflflflfllflflflflflllfl #lfl #lflflflflflflflflflflfl",soccer field
https://www.instagram.com/p/CPPtsawrcs_/,202.jpg,2021-05-24 06:24:16,"Bismillah..
.
Merendam tubuh untuk pengobatan di air belerang udah jadi hal yang biasa di Indonesia.
.
Nah ketika ke Kalianda beberapa waktu lalu, sempat ke Way Belerang. Tempat nya enak. Adem, masuk ke area kolam kaget juga karena diset seperti kolam renang pada umumnya. Pdhl itu air belerang dan dasar kolamnya bebatuan alam.
.
Kata bu nila, penanggung jawab dari Dispar Lamsel, banyak yang sembuh untuk penyakit stroke, luka karena diabet dan saraf kejepit.
.
Buka yuk akun yutub Vlog Aal. Link on bio
.
#waybelerang
#kalianda 
#obatstroke 
#belerang
#wisatalamsel
#vlogaal
#vlogger
#aliafathiyah 
#lampungselatan",park
https://www.instagram.com/p/CTeiLNCJWdy/,203.jpg,2021-09-06 10:37:48,"Jika terlalu menjaga image, hidupmu hanya sebatas jpeg, 😋....
.
.
.
.
#mangrove #kelampungaja #kelampungaja #pikniklampung #wisatalampung #lampung #lampungexplore #lampunggeh #lampungkeren #lampunghits #ilovelampung #kelilinglampung #lampungeksis #berandalampung #wajahlampung #wisatapringsewu #wisatalamsel #wisatakrui #wisatabdl #wisatametro #wisatakalianda #wisatakotabumi #wisatalambar #wisatatanggamus #pesawaran #ifl #ifl💛 #lfl💛 #lfl #sahabat #teman",golf course
https://www.instagram.com/p/Ce8iSm-p4y7/,204.jpg,2022-06-18 12:01:22,"KLARA BEACH PASWARAN LAMPUNG

#kelampungaja #pikniklampung #wisatalampung #lampung #lampungexplore #lampunggeh #lampungkeren #lampunghits #ilovelampung #kelilinglampung #lampungeksis #berandalampung #wajahlampung #wisatapringsewu #wisatalamsel #wisatakrui #wisatabdl #wisatametro #wisatakalianda #wisatakotabumi #wisatalambar # wisatatanggamus # lfl #lfl",lagoon
https://www.instagram.com/p/Cf_w1P4viD7/,205.jpg,2022-07-14 14:37:33,"Hari ke dua, giat Gebrak Gotong Royong Terpadu Menuju Wisata Berkelanjutan (gerot wisata) Dewi Way Ratu desa negara ratu kecamatan Natar Kabupaten Lampung Selatan..
.
#lamselbisa #lamsel #wisatalamsel #polpplamsel #satpolpplamsel",volleyball court/outdoor
https://www.instagram.com/p/CQNAXMAhS84/,206.jpg,2021-06-17 01:41:04,"Semakin ilmu digali, menunjukkan bahwa kita belum tahu apa apa. (Socrates)

@potretlampung 
@lampuung 
@lampung.eksis 

#bukitpematangsunrise  #wisatalamsel #pelabuhanbakauheni  #belajardarialam  #lampungexplore  #wisatalampung  #wisataindonesia  #inspirationalquotes",islet
https://www.instagram.com/p/CeX-ymupEiX/,207.jpg,2022-06-04 07:18:30,"Nikmati alam dengan  bersepeda  memberi nuansa yang Lebih eksotik
Lokasi gunung langgar lampung Selatan 

#kelampungaja #pikniklampung #wisatalampung #lampung #lampungexplore #lampunggeh #lampungkeren #lampunghits #ilovelampung #kelilinglampung #lampungeksis #berandalampung #wajahlampung #wisatapringsewu #wisatalamsel #wisatakrui #wisatabdl #wisatametro #wisatakalianda #wisatakotabumi #wisatalambar # wisatatanggamus",farm
https://www.instagram.com/p/Cd2p-miFtpu/,208.jpg,2022-05-22 08:41:42,"Terowongan air jalan tol lintas sumatra, di desa lematang

#kelampungaja #pikniklampung #wisatalampung #lampung #lampungexplore #lampunggeh #lampungkeren #lampunghits #ilovelampung #kelilinglampung #lampungeksis #berandalampung #wajahlampung #wisatapringsewu #wisatalamsel #wisatakrui #wisatabdl #wisatametro #wisatakalianda #wisatakotabumi #wisatalambar #wisatatanggamus#!",parking garage/indoor
https://www.instagram.com/p/CLYzublpFsw/,209.jpg,2021-02-17 09:04:34,"Semua butuh proses yakan? Mau makan mie aja di masak dulu walaupun namanya mie instan wkwkwk😌

📍 Taman BMJ Gadingrejo, Pringsewu
@eggayunilestari 

Jangan lupa follow dan tag
@pesona_pringsewu 

#pesonapringsewu #tamanbmjpringsewu #pringsewuupdate #kelampungaja #pikniklampung #wisatalampung #lampung #lampungexplore #lampunggeh #lampungkeren #lampunghits  #ilovelampung  #kelilinglampung #lampungeksis #berandalampung #wajahlampung #wisatapringsewu #wisatalamsel #wisatakrui #wisatabdl #wisatametro #wisatakalianda #wisatakotabumi #wisatalambar #wisatatanggamus",rope bridge
https://www.instagram.com/p/CSnt_J4njwv/,210.jpg,2021-08-16 03:42:47,"Reposted from @kelampungaja ""Semua orang mempunyai caranya sendiri untuk mencintai alam, satu di antaranya adalah dengan cara menjaga dari orang-orang yang serakah di luar sana""
-
-
-
-
-
📍Air Terjun way kalam Kalianda - Lampung Selatan
-
-
-
Repost @mody.kurniawan 

Punya foto keren, punya event seputar Lampung dan fotomu mau direpost di @kelampungaja gampang caranya kak
-Tag dan follow  @kelampungaja
-Gunakan hastag #kelampungaja
-Akun tidak privat

#kelampungaja #pikniklampung #wisatalampung #lampung #lampungexplore #lampunggeh #lampungkeren #lampunghits  #ilovelampung  #kelilinglampung #lampungeksis #berandalampung #wajahlampung #wisatapringsewu #wisatalamsel #wisatakrui #wisatabdl #wisatametro #wisatakalianda #wisatakotabumi #wisatalambar #wisatatanggamus",waterfall
https://www.instagram.com/p/CTbKnzMJ6WW/,211.jpg,2021-09-05 03:14:16,"Ini jam 05.30 WIB dengan suasana sejuk menunggu sunrise 🌞

Banyak kicau burung dan dingiiin banget😍
Aku belum bisa move on dr sini view nya keren banget😍

Daan tau gak sih, ini tuh di Lampung loh! Baru tau kan ada tempat se keren ini ❤️
Yuhuuu ini di bakauheni 
Nama nya @pematang_sunrise 
Cusss kesana aja biar bisa liat ke indahan view nya ya shay😍😍

Reposted from @fitri.turono86 

#travelinglampung #pematangsunrise #tempatbagus #viewkeren#lampungkeren#wisatalampung #campingground #wisatalamsel",rice paddy
https://www.instagram.com/p/CWPt6FIBWKs/,212.jpg,2021-11-14 06:05:54,"Nikmatilah tantangan, karena disanalah orang hebat, orang tangguh, orang kuat, orang besar dilahirkan. (dr. Gamal Albinsaid)
.
.
.
#wisatalamsel #tanjungbintang #potretlampung #gununglanggar #inspiration #selfreminder",pasture
https://www.instagram.com/p/Ckj2FrhMagm/,213.jpg,2022-11-05 01:01:43,"Umbul kunci Village, bandarlampung

#kelampungaja #pikniklampung #wisatalampung #lampung #lampungexplore #lampunggeh #lampungkeren #lampunghits #ilovelampung #kelilinglampung #lampungeksis #berandalampung #wajahlampung #wisatapringsewu #wisatalamsel #wisatakrui #wisatabdl #wisatametro #wisatakalianda #wisatakotabumi #wisatalambar # wisatatanggamus",rope bridge
https://www.instagram.com/p/CwmCoFKPG9B/,214.jpg,2023-08-31 03:46:29,"[ Kunjungi Tempat-tempat Indah di Lampung Hanya Bersama Kami Restu Bumi Adventure ]
.
“Indahnya hidup dalam kebersamaan”
. 
✨ One Day Trip : Pak Kwang and Friends. Mengunjungi tempat-tempat indah pastinya akan terasa lebih bermakna dan terasa jika dilakukan bersama, bahwa kenikmatan itu harus dinikmati oleh bersama juga.
.
🙌🏻 Terimakasih Pak Kwang and Friends telah mempercayai kami untuk kegiatannya. Sampai berjumpa dilain kesempatan yaa 🥰.
_______________________
🏝️ RBA - TOUR PACKAGES 
▪️Wisata Alam
▪️Wisata Desa
▪️Minat Khusus
▪️Outbound Training
▪️Family & Corporate Gathering
.
----More information-----
• Kontak : 
> 081271046209 (Admin 1) 
> 081272477622 (Admin 2)
• Instagram : @restubumiadventure 
• Facebook : Restu Bumi Adventure 
• Tik Tok : @restubumiadventure64
• Youtube : Restu Bumi Adventure 
• Website : www.restutour.co.id
• Email : restubumiadventure64@gmail.com
.
#restubumiadventure #restubumi #adventure #pariwisata #rba #paketwisatalampung #pantaimarina #arangbeach #marinabeach #paketwisatamurah #paketberwisata #tripindonesia #wisataindoneisa #wisatalampungselatan #wisatalampung #wisatalamsel #pariwisatalampung",water park
https://www.instagram.com/p/CbpEiNrp-rL/,215.jpg,2022-03-28 09:01:36,"Cross the field

#kelampungaja #pikniklampung #wisatalampung #lampung #lampungexplore #lampunggeh #lampungkeren #lampunghits #ilovelampung #kelilinglampung #lampungeksis #berandalampung #wajahlampung #wisatapringsewu #wisatalamsel #wisatakrui #wisatabdl #wisatametro #wisatakalianda #wisatakotatanggamus #!lambar #wisata",rice paddy
https://www.instagram.com/p/CLVgts1pLVr/,216.jpg,2021-02-16 02:20:43,"Gaya Anda tinggi, tapi etika Anda rendah

@bagass_puttra 

#pesonapringsewu
#kelampungaja #pikniklampung #wisatalampung #lampung #lampungexplore #lampunggeh #lampungkeren #lampunghits  #ilovelampung  #kelilinglampung #lampungeksis #berandalampung #wajahlampung #wisatapringsewu #wisatalamsel #wisatakrui #wisatabdl #wisatametro #wisatakalianda #wisatakotabumi #wisatalambar #wisatatanggamus",market/outdoor
https://www.instagram.com/p/CLVkkO2pBad/,217.jpg,2021-02-16 02:54:23,"Paly, laugh and grow.

📍 Pantai Sumatra Krui Lampung Barat
@anggrainii.id 

#pesonapringsewu #kelampungaja #pikniklampung #wisatalampung #lampung #lampungexplore #lampunggeh #lampungkeren #lampunghits  #ilovelampung  #kelilinglampung #lampungeksis #berandalampung #wajahlampung #wisatapringsewu #wisatalamsel #wisatakrui #wisatabdl #wisatametro #wisatakalianda #wisatakotabumi #wisatalambar #wisatatanggamus",promenade
https://www.instagram.com/p/CfJSe1nJmg0/,218.jpg,2022-06-23 10:53:21,"Suspension bridge lubuk bais village lampung selatan

#kelampungaja #pikniklampung #wisatalampung #lampung #lampungexplore #lampunggeh #lampungkeren #lampunghits #ilovelampung #kelilinglampung #lampungeksis #berandalampung #wajahlampung #wisatapringsewu #wisatalamsel #wisatakrui #wisatabdl #wisatametro #wisatakalianda #wisatakotabumi #wisatalambar #wisatatanggamus#!",rope bridge
https://www.instagram.com/p/CREUJurrjVG/,219.jpg,2021-07-08 13:12:13,Jalan jalan ke Kampoeng bamboe yang ada di Ketapang lamsel #kampoengbamboe #wisatalampung  #wisatalamsel #wisatakalianda #wisataketapang #indonesia #lampunghits,wheat field
https://www.instagram.com/p/CtiHEOqvCDH/,220.jpg,2023-06-16 01:34:08,"The Rock

#kelampungaja #pikniklampung #wisatalampung #lampung #lampungexplore #lampunggeh #lampungkeren #lampunghits #ilovelampung #kelilinglampung #lampungeksis #berandalampung #wajahlampung #wisatapringsewu #wisatalamsel #wisatakrui #wisatabdl #wisatametro #wisatakalianda #wisatakotabumi #wisatalambar #wisatatanggamus",mountain path
https://www.instagram.com/p/CnUa14RrMQd/,221.jpg,2023-01-12 14:49:13,"Kiri Way Penaga Layung Sari 
Kanan Pemandian Alami WtC 

Memiliki kesamaan, sama-sama Pemandian Alami & air nya dari 1 Gunung Rajabasa.

Spot favorit untuk menyegarkan badan saat gerahnya panas matahari.

Tempat Wisata Favoritnya kebanggan Kecamatan Penengahan Kabupaten Lampung Selatan.

📸 Heru Agustian 
🚁 Drone DJI 

#jejaksiohm #waypenaga #waytebingceppa #wisatalamsel",swimming pool/outdoor
https://www.instagram.com/p/CduIANVpv_M/,222.jpg,2022-05-19 01:10:54,"Tugu Adipura Lampung

#kelampungaja #pikniklampung #wisatalampung #lampung #lampungexplore #lampunggeh #lampungkeren #lampunghits #ilovelampung #kelilinglampung #lampungeksis #berandalampung #wajahlampung #wisatapringsewu #wisatalamsel #wisatakrui #wisatabdl #wisatametro #wisatakalianda #wisatakotabumi #wisatalambar #wisatatanggamus#!",promenade
https://www.instagram.com/p/C1meULpBJBI/,223.jpg,2024-01-02 14:25:24,"Pantai Pesisir Desa Way Muli Kab. Lampung Selatan

#lamselsayah 
#lamselmendunia 
#wisatalamsel",picnic area
https://www.instagram.com/p/COZXp7eLynM/,224.jpg,2021-05-03 03:52:42,"Taman asmoro, desa jati mulyo, kecamatan jati agung, lampung selatan
#kurnianoen #kurnianoentravelling",boardwalk
https://www.instagram.com/p/CuJgtmaycCp/,225.jpg,2023-07-01 08:48:37,"#Repost @izamijamal with @let.repost 
• • • • • •
Di bukit menuju air terjun dan sumber air panas di kunjir

Rombongan Tim tangguh Siap berwisata ke air terjun (way tumbai) dan air panas (geowisata) Desa Kunjir.

Ayo berkunjung ke Desa wisata Kunjir 😇

#desawisata 
#wisatakunjir 
#wisatalamsel 
#wisataindonesia",tree farm
https://www.instagram.com/p/Ce-EYzmvrF7/,226.jpg,2022-06-19 02:18:33,"Ahad 19 juni 2022 nggruput geser dikit ya gaes 

#kelampungaja #pikniklampung #wisatalampung #lampung #lampungexplore #lampunggeh #lampungkeren #lampunghits #ilovelampung #kelilinglampung #lampungeksis #berandalampung #wajahlampung #wisatapringsewu #wisatalamsel #wisatakrui #wisatabdl #wisatametro #pringsewu #pringsewukotapendidikan #pringsewulampung #pringsewutrip #pringsewuupdate #wisatakalianda #wisatakotabumi #wisatalambar #wisatatanggamus
#nggeruput",rice paddy
https://www.instagram.com/p/CSUN1K8JDUh/,227.jpg,2021-08-08 13:56:14,"😁

.
.
#kampungkuda #lampungwisata #lampungselatanhits #lampungku #wisatalamsel",corral
https://www.instagram.com/p/CXdvSjbvZvd/,228.jpg,2021-12-14 13:18:44,"""Berikan yang terbaik pada alam dan alam akan berbalik memberikan terbaik kepadamu.""
.
.
Pabrik oksigen terbaik adalah rimbunya hutan 
.
.
#hutan #wisatalampung 
#lampunghits #lampung 
#lengkunglangit #explorelampung 
#jungle #bumihijau 
#greenearth #hutanhijau
#jalanjalan #demendolan 
#adventure #adventuretime
#wisatalamsel #wisatapringsewu
#insta #instagram
#alam #alamindonesia
#lampunginsta #instalampung",boardwalk
https://www.instagram.com/p/CWPtH2shoOK/,229.jpg,2021-11-14 05:59:02,"Kita manusia hanya mampu melihat dengan apa yang kita lihat. Tapi Allah Maha Melihat jauh dari apa yang kita lihat. (dr. Gamal Albinsaid)
.
.
.
#selfreminder #gununglanggar #wisatalamsel #tanjungbintang #potretlampung #backtonature",valley
https://www.instagram.com/p/Ce5pJ6QLJOf/,230.jpg,2022-06-17 09:03:37,"Persawahan yang indah

Take @noditmunawwir96 
Loc depan kuburan mars

#kelampungaja #pikniklampung #wisatalampung #lampung #lampungexplore #lampunggeh #lampungkeren #lampunghits #ilovelampung #kelilinglampung #lampungeksis #berandalampung #wajahlampung #wisatapringsewu #wisatalamsel #wisatakrui #wisatabdl #wisatametro #pringsewu #pringsewukotapendidikan #pringsewulampung #pringsewutrip #pringsewuupdate",field/wild
https://www.instagram.com/p/CWPuxQlhCKQ/,231.jpg,2021-11-14 06:13:26,"Bersyukurlah dengan kesibukan tatkala kita lelah. Ingatlah boleh jadi kesibukan kita adalah mimpi mimpi orang di luar sana. (dr. Gamal Albinsaid)
.
.
.
#wisatalamsel
#wisataindonesia #selfreminder #tanjungbintang #alamlampung #bacttonature #gamalalbinsaid",tree farm
https://www.instagram.com/p/Cdxt_eVJOuI/,232.jpg,2022-05-20 10:40:34,#kelampungaja #pikniklampung #wisatalampung #lampung #lampungexplore #lampunggeh #lampungkeren #lampunghits #ilovelampung #kelilinglampung #lampungeksis #berandalampung #wajahlampung #wisatapringsewu #wisatalamsel #wisatakrui #wisatabdl #wisatametro #wisatakalianda #wisatakotabumi #wisatalambar #wisatatanggamus#!,library/outdoor
https://www.instagram.com/p/CeDuF8tvY0p/,233.jpg,2022-05-27 10:27:47,"Kalau saling mencintai, bukan bilang ""jalani aja dulu"". Cinta tidak sebercanda itu!

Sebab, tidak ada yang lebih baik dari hubungan antara dua insan yang saling mencintai selain pernikahan. 🫰🏻🥰😇

Rasulullah shallallahu 'alaihi wa sallam bersabda dalam HR. Bukhari no. 5056, Muslim no. 1400;

""Wahai para pemuda, barangsiapa yang sudah sanggup menikah, maka menikahlah. Karena itu lebih menundukkan pandangan dan lebih menjaga kemaluan. Barangsiapa yang belum mampu, maka berpuasalah karena puasa itu obat pengekang nafsunya."" 

Kld, 27/05/2022 © IDM

Lokasi : Kebun Edukasi Kalianda, Lampung Selatan, Lampung, Indonesia

#DialogRasa #DiaryMeymey #IrmaDewiMeilinda #KebunEdukasi #kebunedukasilampungselatan #LampungSelatan #lampungselatanamazing #writerpreneur #travellers #Pariwisata #pariwisatalampung #pariwisatalamsel #wisatalamsel #inilampung #potretlampung #explorelampung #jalanjalanyuk #selfhealing",market/outdoor
https://www.instagram.com/p/CLV81NRJibh/,234.jpg,2021-02-16 06:26:25,"Gausah julid sama hidup orang!
Mending banyakin liburannn😋

📍 Puncak Talang Indah Pajar Esuk
@khoirul_hidayati 

Jangan lupa follow dan tag:
@pesona_pringsewu 

#pesonapringsewu #talangindahpringsewu #pringsewuupdate #kelampungaja #pikniklampung #wisatalampung #lampung #lampungexplore #lampunggeh #lampungkeren #lampunghits  #ilovelampung  #kelilinglampung #lampungeksis #berandalampung #wajahlampung #wisatapringsewu #wisatalamsel #wisatakrui #wisatabdl #wisatametro #wisatakalianda #wisatakotabumi #wisatalambar #wisatatanggamus",botanical garden
https://www.instagram.com/p/CUHqLZJhvN4/,235.jpg,2021-09-22 09:56:36,"Kahai beach

Destinasi wisata lamsel yang wajib di kunjungi nih.

Cuma dapat foto2 receh gini aja. Tunggu nanti mau ke sini lagi yah
😁

#kahaibeach
#mengkuduisland 
#destinasilamsel
#wisatalamsel
#pantaikahai
#wisatalampung",park
https://www.instagram.com/p/CfOREHLp0P2/,236.jpg,2022-06-25 09:17:10,"The Rock

#kelampungaja #pikniklampung #wisatalampung #lampung #lampungexplore #lampunggeh #lampungkeren #lampunghits #ilovelampung #kelilinglampung #lampungeksis #berandalampung #wajahlampung #wisatapringsewu #wisatalamsel #wisatakrui #wisatabdl #wisatametro #wisatakalianda #wisatakotabumi #wisatalambar #wisatatanggamus#!",mountain path
https://www.instagram.com/p/C1zD6PcPLtO/,237.jpg,2024-01-07 11:44:48,"[ Paket Outbound Seru & Asyik di Lampung Hanya Bersama Biro Perjalanan Wisata Kami ]
.
“Liburan yang baik adalah yang dihabiskan di antara orang-orang yang gagasannya tentang waktu lebih kabur darimu.”
. 
✨ Family Gathering : DPMPTSM Lamteng. Hidup dimaksudkan untuk petualangan besar dan teman dekat.
.
🙌🏻 Terimakasih DPMPTSM Lamteng yang telah mempercayai kami untuk kegiatannya. Sampai berjumpa dilain kesempatan yaa 🥰.
_______________________
🏝️ RBA - TOUR PACKAGES 
▪️Wisata Alam
▪️Wisata Desa
▪️Minat Khusus
▪️Outbound Training
▪️Family & Corporate Gathering
.
----More information-----
• Kontak : 
> 081271046209 (Admin 1) 
> 081272477622 (Admin 2)
• Instagram : @restubumiadventure 
• Facebook : Restu Bumi Adventure 
• Tik Tok : @restubumiadventure64
• Youtube : Restu Bumi Adventure 
• Website : www.restutour.co.id
• Email : restubumiadventure64@gmail.com
.
#restubumiadventure #restubumi #adventure #pariwisata #pariwisatalampung #wisatalampung #paketoutboundmurah #paketwisatamurah #jasaoutboundlampung #triplampung #outbond #outboundlampung #wisataalampung #lampung #wisataalam #pantaimarina #outboundspot #marinabeach #pantaikalianda #wisatalamsel #gatheringlampung #DPMPTSM #LAMTENG",water park
https://www.instagram.com/p/CeYWlzQpZRU/,238.jpg,2022-06-04 10:46:28,"Gowes sabtu sore,

#kelampungaja #pikniklampung #wisatalampung #lampung #lampungexplore #lampunggeh #lampungkeren #lampunghits #ilovelampung #kelilinglampung #lampungeksis #berandalampung #wajahlampung #wisatapringsewu #wisatalamsel #wisatakrui #wisatabdl #wisatametro #wisatakalianda #wisatakotabumi #wisatalambar # wisatatanggamus #",mountain path
https://www.instagram.com/p/CTR0ARPlPJJ/,239.jpg,2021-09-01 12:03:28,"Ini jam 5,30 pagi dengan suasana sejuk menunggu sunrise 🌞banyak kicau burung dan dingiiin banget😍
Aku belum bisa move on dr sini view nya keren banget😍

Daan tau gak sih ini tuh di lampung loh baru tau kan ada tempat se keren ini ❤️
Yuhuuu ini di bakauheni 
Nama nya @pematang_sunrise 
Cusss kesana aja biar bisa liat ke indahan view nya ya shay😍😍

#travelinglampung #pematangsunrise #tempatbagus #viewkeren#lampungkeren#wisatalampung #campingground #wisatalamsel",sky
https://www.instagram.com/p/CTbs8msvmgb/,240.jpg,2021-09-05 08:14:12,"Ini jam 5,30 pagi dengan suasana sejuk menunggu sunrise 🌞banyak kicau burung dan dingiiin banget😍
Aku belum bisa move on dr sini view nya keren banget😍

Daan tau gak sih ini tuh di lampung loh baru tau kan ada tempat se keren ini ❤️
Yuhuuu ini di bakauheni 
Nama nya @pematang_sunrise 
Cusss kesana aja biar bisa liat ke indahan view nya ya shay😍😍

Foto @fitri.turono86

🍁bukit pematang sunrise, bakauheni, lampung selatan

#travelinglampung #pematangsunrise #tempatbagus #viewkeren#lampungkeren#wisatalampung #campingground #wisatalamsel
#bolang_lampung",rice paddy
https://www.instagram.com/p/CWJzYMTh24M/,241.jpg,2021-11-11 22:58:15,"Refreshing sejenak hilangkan penat 😁
Tim vaksinator PRI PENENGAHAN.

#arangLampung
#wisataKALIANDA
#WisataLAMSEL

#PENIKMATsunset
#momongbocah😘",campsite
https://www.instagram.com/p/CcjwUbspSML/,242.jpg,2022-04-20 04:00:09,"Jembatan gantung sungai way Galih Lampung Selatan,

#kelampungaja #pikniklampung #wisatalampung #lampung #lampungexplore #lampunggeh #lampungkeren #lampunghits #ilovelampung #kelilinglampung #lampungeksis #berandalampung #wajahlampung #wisatapringsewu #wisatalamsel #wisatakrui #wisatabdl #wisatametro #wisatakalianda #wisatakotatanggamus #!lambar #wisata",rope bridge
https://www.instagram.com/p/CgYHu9mprR8/,243.jpg,2022-07-24 01:39:26,"🗣️ Assalamu'alaikum Warahmatullahi Wabarakatuh, Shalom, Om Swastyastu, Namo Buddhaya, Salam Kebajikan.
➖➖➖➖➖➖➖➖➖➖➖➖
✊🏻 Hidup Mahasiswa Pariwisata! 
🇮🇩 Salam Pesona Indonesia! 
➖➖➖➖➖➖➖➖➖➖➖➖
🛡 Himpunan Mahasiswa Perjalanan Wisata Polinela Proudly Present GEWITA (Gerebek Wisata)
➖➖➖➖➖➖➖➖➖➖➖➖
> DOKUMENTASI KEGIATAN <
➖➖➖➖➖➖➖➖➖➖➖➖
🎉 GEWITA (Gerebek Wisata) merupakan sebuah program kegiatan yang bertujuan untuk bisa menambah ilmu & relasi kepada mahasiswa/i Prodi Perjalanan Wisata serta bisa bersilaturahmi dengan pelaku wisata hingga mengenalkan wisata yang ada di Lampung dengan media digital.

🗓 Waktu Pelaksanaan : Rabu, 02 Maret 2022
📌 Lokasi : Villa Pemancingan Raja, Kabupaten Lampung Selatan, Lampung
➖➖➖➖➖➖➖➖➖➖➖➖
🔰 DIVISI INFOKOM HMPW 2021/2022
📲 Instagram & Tik Tok : @d3pw_polinela
🎬 Youtube & Facebook : Pariwisata Polinela
. 
#politekniknegerilampung #polinela #perjalananwisatapolinela #pwpolinela #anakpariwisata #mahasiswapariwisata #kuliahpolinela #kuliahpariwisata #prodipariwisata #jurusanpariwisata #mahasiswalampung #pariwisatalampung #kampuslampung #kuliahlampung #gewita #villapemancinganraja #himapar #lampung #villa #pemancingan #sekolahpariwisata #kampuspoliteknik #wisatalampung #prodipariwisata #mahasiswapolinela #kuliahpolinela #wisatalamsel #gerebekwisata #villalampung #tempatwisatalampung #lampungselatan",ice skating rink/indoor
https://www.instagram.com/p/CLaqXLFJufm/,244.jpg,2021-02-18 02:21:13,"Perjalanan hidup memang harus dimengerti agar tak salah pengertian.
Good morning semuanya🌞
Semangat terus ya✨

📍 Kampung BW Podosari, Pringsewu
@godam_14

Jangn lupa follow dan tag:
@pesona_pringsewu 

#pesonapringsewu #pringsewukeren #kampungbwpodosari #pringsewuupdate #kelampungaja #pikniklampung #wisatalampung #lampung #lampungexplore #lampunggeh #lampungkeren #lampunghits  #ilovelampung  #kelilinglampung #lampungeksis #berandalampung #wajahlampung #wisatapringsewu #wisatalamsel #wisatakrui #wisatabdl #wisatametro #wisatakalianda #wisatakotabumi #wisatalambar #wisatatanggamus",vineyard
https://www.instagram.com/p/Cb92x2lJKeA/,245.jpg,2022-04-05 10:45:27,"Gunung Langgar, lematang lampung Selatan
#kelampungaja #pikniklampung #wisatalampung #lampung #lampungexplore #lampunggeh #lampungkeren #lampunghits #ilovelampung #kelilinglampung #lampungeksis #berandalampung #cepatlampung #wisatapringsewu #wisatalamsel #wisatakrui #wisatabdl #wisatametro #wisatakalianda #wisatakotabumi #wisatalambar #!",pasture
https://www.instagram.com/p/C137-2xPMWR/,246.jpg,2024-01-09 09:11:43,"[ Lupakan yang biasa-biasa, sambut yang luar biasa Bersama Biro Perjalanan Wisata Kami ]
.
“Cari keajaiban di setiap momen.”
. 
✨ Capacity Building: Gathering Bidang SDM RSUD Abdul Moeloek. Sikap adalah hal kecil yang membuat perbedaan besar
.
🙌🏻 Terimakasih Bidang SDM RSUD Abdul Moeloek yang telah mempercayai kami untuk kegiatannya. Sampai berjumpa dilain kesempatan yaa 🥰.
_______________________
🏝️ RBA - TOUR PACKAGES 
▪️Wisata Alam
▪️Wisata Desa
▪️Minat Khusus
▪️Outbound Training
▪️Family & Corporate Gathering
.
----More information-----
• Kontak : 
> 081271046209 (Admin 1) 
> 081272477622 (Admin 2)
• Instagram : @restubumiadventure 
• Facebook : Restu Bumi Adventure 
• Tik Tok : @restubumiadventure64
• Youtube : Restu Bumi Adventure 
• Website : www.restutour.co.id
• Email : restubumiadventure64@gmail.com
.
#restubumiadventure #restubumi #adventure #pariwisata #pariwisatalampung #wisatalampung #paketoutboundmurah #paketwisatamurah #jasaoutboundlampung #triplampung #outbond #outboundlampung #wisataalampung #lampung #wisataalam #kedasresort #kedasresortbeach #kedasresorthotel #kedasresortminangrua #outboundspot #pantaikalianda #wisatalamsel #capacitybuilding #abdulmuluk",toyshop
https://www.instagram.com/p/CLY1jk1Jbuc/,247.jpg,2021-02-17 09:20:33,"Ada cerita seorang pengembara, katanya tidak boleh terlalu lama berhenti di satu perngsinggahan, di karenakan hal yang harus terus memesona pengembara ialah alam bebas yang luas. Gunung-gunung, sawah-sawah, kali-kali, dan orang-orang yang berjalan di sepanjang jalan itu.

📍 Persawahan Pringsewu
@anan_krisna 

Jangan lupa follow dan tag:
@pesona_pringsewu 

#pesonapringsewu #pringsewuupdate #pringsewu #kelampungaja #pikniklampung #wisatalampung #lampung #lampungexplore #lampunggeh #lampungkeren #lampunghits  #ilovelampung  #kelilinglampung #lampungeksis #berandalampung #wajahlampung #wisatapringsewu #wisatalamsel #wisatakrui #wisatabdl #wisatametro #wisatakalianda #wisatakotabumi #wisatalambar #wisatatanggamus",hayfield
https://www.instagram.com/p/CmnD7lKvCTM/,248.jpg,2022-12-26 00:03:11,"Bendungan Way Tehili Tanggamus lampung

#kelampungaja #pikniklampung #wisatalampung #lampung #lampungexplore #lampunggeh #lampungkeren #lampunghits #ilovelampung #kelilinglampung #lampungeksis #berandalampung #wajahlampung #wisatapringsewu #wisatalamsel #wisatakrui #wisatabdl #wisatametro #wisatakalianda #wisatakotabumi #wisatalambar # wisatatanggamus",dam
https://www.instagram.com/p/CdHS4RBPMP4/,249.jpg,2022-05-03 23:15:33,"Suasana lebaran ke 3, enaknya ngajak keluarga jalan-jalan nih, Ygy ?

📌Loc :Pulau pahawang, pesawaran, Lampung

Reposted from :  @yeliissaah

#kelampungaja #pikniklampung #wisatalampung #lampung #lampungexplore #lampunggeh #lampungkeren #lampunghits #ilovelampung #kelilinglampung #lampungeksis #berandalampung #wajahlampung #wisatapringsewu #wisatalamsel #wisatakrui #wisatabdl #wisatametro #wisatakalianda #wisatakotabumi #wisatalambar #wisatatanggamus#lfl💛 #lfl💛",islet
https://www.instagram.com/p/CLVgE0GJYfA/,250.jpg,2021-02-16 02:15:08,"Bahagia itu sederhana, jangan bandingkan yang telah datang dengan yang sudah pergi
 
📍 Bukit Wonosari
@kris_tianto670 

#kelampungaja #pikniklampung #wisatalampung #lampung #lampungexplore #lampunggeh #lampungkeren #lampunghits  #ilovelampung  #kelilinglampung #lampungeksis #berandalampung #wajahlampung #wisatapringsewu #wisatalamsel #wisatakrui #wisatabdl #wisatametro #wisatakalianda #wisatakotabumi #wisatalambar #wisatatanggamus",tree farm
https://www.instagram.com/p/CbXOAC6JWk9/,251.jpg,2022-03-21 10:37:59,"#Repost @postlampung_
@kelampung_geh
——
Dia tidak buta warna hanya kamu nya aja kurang sempurna

📍Bukit Cendana, Pesawaran 

Repost @sendigustian_sg

Punya foto keren, punya event seputar Lampung dan fotomu mau direpost di @kelampungaja gampang caranya kak
-Tag dan follow  @kelampungaja
-Gunakan hastag #kelampungaja
-Akun tidak privat 

#kelampungaja #pikniklampung #wisatalampung #lampung #lampungexplore #lampunggeh #lampungkeren #lampunghits  #ilovelampung  #kelilinglampung #lampungeksis #berandalampung #wajahlampung #wisatapringsewu #wisatalamsel #wisatakrui #wisatabdl #wisatametro #wisatakalianda #wisatakotabumi #wisatalambar #wisatatanggamus#lfl💛 #lfl💛lfllflfllffllflflflflflflflflfllflflflflflflflflflflflflflflflflflflflflflflflflflflflflfllflflflflflflflflfllflfllflflflflflflfllflflflflflllfl #lfl #lflflflflflflflflflflfl",playground
https://www.instagram.com/p/CKfWSBYBFAk/,252.jpg,2021-01-26 01:30:34,"•
Saat ini pulau mahitam belum bisa dijadikan tempat wisata ya guys, karena ada beberapa konflik, padahal pemandangan disana indah
.
Semoga cepat terselesaikan
.
.

📍Pulau Mahitam Lampung

@annisa_dwii07 
.
__________________________________
Bantu follow dan share
@lampuung_yay
@lampuung_yay
@lampuung_yay
Dan gunakan hastag #lampung_yay
Agar postinganmu di post disini
__________________________________
.
.
#lampung_yay #wisatalampung #lampung #lampungexplore #lampunggeh #lampungkeren #lampunghits  #ilovelampung  #kelilinglampung #lampungeksis #berandalampung #wajahlampung #wisatapringsewu #wisatalamsel #wisatakrui #wisatabdl #wisatametro #wisatakalianda #wisatakotabumi #wisatalambar #wisatatanggamus",lagoon
https://www.instagram.com/p/CwectK7Pk0A/,253.jpg,2023-08-28 05:00:26,"[ Buatlah Momen Seru dan Tak Terlupakan Bersama Kami Restu Bumi Adventure ]
.
“Work Smart, Play Hard, Stay Healty With Vitamin Sea”
. 
✨ Employee Gathering : Badan Perencanaan Pembangunan Daerah (BAPPEDA) Kabupaten Tulang Bawang Tahun 2023. Kerja cerdas, usaha keras, tetap sehat dengan liburan di pantai.
.
🙌🏻 Terimakasih BAPPEDA Kabupaten Tulang Bawang telah mempercayai kami untuk kegiatannya. Sampai berjumpa dilain kesempatan yaa 🥰.
_______________________
🏝️ RBA - TOUR PACKAGES 
▪️Wisata Alam
▪️Wisata Desa
▪️Minat Khusus
▪️Outbound Training
▪️Family & Corporate Gathering
.
----More information-----
• Kontak : 
> 081271046209 (Admin 1) 
> 081272477622 (Admin 2)
• Instagram : @restubumiadventure 
• Facebook : Restu Bumi Adventure 
• Tik Tok : @restubumiadventure64
• Youtube : Restu Bumi Adventure 
• Website : www.restutour.co.id
• Email : restubumiadventure64@gmail.com
.
#restubumiadventure #restubumi #adventure #pariwisata #paketwisatalampung #paketoutboundmurah #outboundlampung #lampungoutbound #lampungfungames #fungameslampung #paketwisatamurah #paketberwisata #triplampung #wisatalampung #lampungtrip #pariwisatalampung #lampung #paketwisataindonesia #gatheringlampung #familygathering #gamesoutbound #gamessederhana #sanggarbeach #pantaisanggar #wisatalamsel #pariwisatalampungselatan #wisatalampungselatan",amphitheater
https://www.instagram.com/p/CfJIOBMpdAV/,254.jpg,2022-06-23 09:23:40,"The green hill

#kelampungaja #pikniklampung #wisatalampung #lampung #lampungexplore #lampunggeh #lampungkeren #lampunghits #ilovelampung #kelilinglampung #lampungeksis #berandalampung #wajahlampung #wisatapringsewu #wisatalamsel #wisatakrui #wisatabdl #wisatametro #wisatakalianda #wisatakotabumi #wisatalambar # wisatatanggamus # lfl #lfl",corn field
https://www.instagram.com/p/CTnv3hAvAXg/,255.jpg,2021-09-10 00:30:37,".
Biarkan.....
Abaikan dan tidak perlu membenci orang yang berlaku buruk terhadapmu.
.
Terkadang kebahagiaan yg kita raih, ialah sebab doa buruk yg mereka ucapkan, 
.
Mereka mendoakan keburukan...
Namun,,, Allah kembalikan doanya menjadi kebaikan
.
.
.
.
.
#kelampungaja #pikniklampung #wisatalampung #lampung #lampungexplore #lampunggeh #lampungkeren #lampunghits #ilovelampung #kelilinglampung #lampungeksis #berandalampung #wajahlampung #wisatapringsewu #wisatalamsel #wisatakrui #wisatabdl #wisatametro #wisatakalianda #wisatakotabumi #wisatalambar #wisatatanggamus #pesawaran #ifl #ifl💛 #lfl💛 #lfl #baik #doa",desert/vegetation
https://www.instagram.com/p/CLVlW5qpw_Z/,256.jpg,2021-02-16 03:01:18,"Jangankan pintar, bodoh saja saya tidak punya

@_inikamal 

Jangan lupa tag:
@pesona_pringsewu 

#pesonapringsewu #kelampungaja #pikniklampung #wisatalampung #lampung #lampungexplore #lampunggeh #lampungkeren #lampunghits  #ilovelampung  #kelilinglampung #lampungeksis #berandalampung #wajahlampung #wisatapringsewu #wisatalamsel #wisatakrui #wisatabdl #wisatametro #wisatakalianda #wisatakotabumi #wisatalambar #wisatatanggamus",rice paddy
https://www.instagram.com/p/CcAZx9_pQxg/,257.jpg,2022-04-06 10:29:47,"The Red Land

#kelampungaja  #wisatalampung #lampung #lampungexplore #lampunggeh #lampungkeren #lampunghits #ilovelampung #kelilinglampung #lampungeksis #berandalampung #wajahlampung #wisatapringsewu #wisatalamsel #wisatakrui #wisatabdl 
#japan #hokkaido #kushiro #bridge #946bicyclehaman #bicyclecycle #hummerbicycle #fdb206tank #minivelo #bicyclelife #bicyclephotos #foldingbike #instabicycle #instaimage",mountain path
https://www.instagram.com/p/CfJRlfQpiKo/,258.jpg,2022-06-23 10:45:31,"Waiting the Sunrise

#kelampungaja #pikniklampung #wisatalampung #lampung #lampungexplore #lampunggeh #lampungkeren #lampunghits #ilovelampung #kelilinglampung #lampungeksis #berandalampung #wajahlampung #wisatapringsewu #wisatalamsel #wisatakrui #wisatabdl #wisatametro #wisatakalianda #wisatakotabumi #wisatalambar # wisatatanggamus # lfl #lfl",corn field
https://www.instagram.com/p/DNcIE1BPnR8/,259.jpg,2025-08-17 02:32:07,"Serasa Upacara di Istana Negara Upacara Hut Ri 80, Menyala Kabupaten Lampung ❤️🙏🏻😊

#PESONAMERAHPUTIHLAMPUNGSELATAN#HUTKE80RI#WISATALAMPUNGSELATAN#RADITYOEGI#SYAIFULANWAR#KAWASANMENARASIGER#LAMPUNGSELATANMAJU#BISMILLAHBISA.",volleyball court/outdoor
https://www.instagram.com/p/DNcX3mQyIQa/,260.jpg,2025-08-17 04:50:07,"PESONA MERAH PUTIH DIATAS MENARA SIGER
@bakauheni.harbour.city
@pemkab.lampungselatan @radityoegi @m_syaiful.anwar
#pesonamerahputihlampungselatan #hutke80ri 
#wisatalampungselatan 
#RADITYOEGI #syaifulanwar #kawasanmenarasiger #lampungselatanmaju #bismillahbisa
@bungsu.studio.lampung",volleyball court/outdoor
https://www.instagram.com/p/DKcSmoRzggT/,261.jpg,2025-06-03 14:29:56,"Pantai Kedu Kalianda lampung selatan

#fyp #wisatalampungselatan #kalianda #pantaikedu #pengikut #semuaorang",beach
https://www.instagram.com/p/DNcc7bqpRRB/,262.jpg,2025-08-17 05:34:20,"Menyambut HUT ke-80 RI dari sudut menara siger dan keindahan birunya selat sunda yang luar biasa

#pesonamerahputihlampungselatan 
#hutke80ri 
#wisatalampungselatan 
#radityoegi 
#syaifulanwar 
#kawasanmenarasiger 
#lampungselatanmaju 
#bismillahbisa 
#radityoegi 
#syaifulanwar 
#kawasanmenarasiger 
#lampungselatanmaju 
#bismillahbisa",pavilion
https://www.instagram.com/p/CgWufXEJYf6/,263.jpg,2022-07-23 12:39:37,"Best sunset ever! ❤
The perks of living in Lampung - easy access to beaches, waterfalls, mountains, hills, islands, National parks, lakes, river, and the most beautiful sunsets! 😉
•
📍Pantai Sebalang, Lampung Selatan, Lampung.
•
Mari kita jaga bersama lingkungan disekitar kita. Salam lestari 🌱
•
#lampung  #explorelampung #wisatalampung #pantaisebalang #wonderfulindonesia  #lampungnatureadventure",ocean
https://www.instagram.com/p/CpXsGPzAOSN/,264.jpg,2023-03-04 14:20:30,Kebersamaan Way Tebing Ceppa Kalianda Lampung Selatan✨👍🏻🌊😇😊 #waytebingceppa #wisatalampung #wisatalampungselatan,hot spring
https://www.instagram.com/p/Cq1swfevTN-/,265.jpg,2023-04-10 02:34:52,"La’villa pantai minang rua 🏝️ Bakauheni Lampung Selatan
@lavilla_lembahdurian 
booking CP : 083135305300
.
.
.
#villa #ocean #nature #beach #minangruabeach #senjapantai #kaliandabeach #resort #sunset #wisatalampungselatan",balcony/interior
https://www.instagram.com/p/DNcUhXgRQoK/,266.jpg,2025-08-17 04:20:52,"Keindahan Wisata Pantai Kab. Lamsel dengan Nuansa Merah Putih Kemerdekaan dalam Kehangatan Keluarga Kecil Kami 🇮🇩

#pesonamerahputihlampungselatan 
#hutke80ri 
#wisatalampungselatan 
#radityoegi 
#syaifulanwar 
#kawasanmenarasiger 
#lampungselatanmaju 
#bismilahbisa 
#kodim0421 
#koramil421kalianda",picnic area
https://www.instagram.com/p/C-7a57hpqO3/,267.jpg,2024-08-21 10:22:12,"Sunset Chaser 🌥️
.
📍Pantai Setigi Batu - Lampung Selatan 
.
.
#lampungupdateid #wisatalampung #wisatalampungselatan #pantailampung #lampunginsta #pantaisetigibatu #pantaisetigibatubeach",tundra
https://www.instagram.com/p/DIaayAOhqjj/,268.jpg,2025-04-14 04:00:00,"Nikmati pengalaman berbeda di Pantai Rio by the Beach🌊✨

pantai berpasir putih dengan pemandangan laut yang memesona. Tersedia banyak spot foto estetik yang siap melengkapi galeri liburan Anda. Ideal untuk keluarga, teman, pasangan, maupun solo traveler yang ingin mengisi ulang energi dengan suasana pantai yang damai.✨

#RioByTheBeach #FamilyGetaway #PantaiAsik #LiburanKeluarga #pantailampung #pantailampungselatan #wisatalampung #wisatalampungselatan #pariwisatalampung",beach
https://www.instagram.com/p/DEc5FyGyRpB/,269.jpg,2025-01-05 16:57:52,"Beautiful View😍🌊🏖️

#pantai #beach #lampung #pride #nature #alam #fotografia #lampunggeh #pantaiindonesia #wisatalampung #wisatalampungselatan",islet
https://www.instagram.com/p/Cgy5xJ2vOv7/,270.jpg,2022-08-03 11:16:54,"Just chill & enjoy 🌅

📍@muaraindahsuak 
Jl. Raya Suak Desa Suak Kec. Sidomulyo Lampung Selatan 

_______________
Follow & tag foto kamu 
IG @muaraindahsuak 
FB Muara Indah Suak 

________________
#muaraindahsuak #pantaimuaraindahsuak #pantailampung #pantailampungselatan #wisatalampung #wisatalampungselatan #piknik #healingvibes",lagoon
https://www.instagram.com/p/DNb5N19ysPP/,271.jpg,2025-08-17 00:22:17,"Merah Putih di Menara Siger, Menyatukan Ragam Suku dan Budaya di Bumi Ragom Mufakat.

@pemkab.lampungselatan @radityoegi @m_syaiful.anwar #PESONAMERAHPUTIHLAMPUNGSELATAN #HUTKE80RI #WISATALAMPUNGSELATAN #RADITYOEGI #SYAIFULANWAR #KAWASANMENARASIGER #LAMPUNGSELATANMAJU #BISMILLAHBISA",promenade
https://www.instagram.com/p/DNch-4sSM_P/,272.jpg,2025-08-17 06:18:30,"Dirgahayu Indonesia-ku 🇮🇩 Selamat Hari Kemerdekaan ke-80. Indonesia Tangguh, Indonesia Tumbuh. Kemerdekaan adalah ruang bagi kita untuk tumbuh menjadi bangsa yang kuat.

#pesonamerahputihlampungselatan  #hutke80ri #wisatalampungselatan #radityoegi #syaifulanwar #kawasanmenarasiger #lampungselatanmaju #bismillahbisa",water park
https://www.instagram.com/p/DD3W6caTsPL/,273.jpg,2024-12-22 03:07:19,"Cobain perahu yang ada di Pantai Bagus Kalianda dengan harga 20k/orang dan tiket masuk 20k karena weekend. Pantainya bersihh petugasnya juga ramah ramah serba sat sett deh, worth it buat acara fun game krna area nya luass bngtt besttt

@bagus_beachwalk

#pantaibagus #pantaibaguskalianda #kaliandaresort #tempat_wisata_lampung #kelampunggeh #kelampungaja #lampunginsta #wisatalampung #pariwisatalampung #lampungthetreasureofsumatra #infopantai #infopantailampung #wisatalampungselatan #lampunghits #kelampungyuk",park
https://www.instagram.com/p/Cart69tPyoC/,274.jpg,2022-03-04 13:10:20,"Lampung Selatan memang selalu ada saja wisata menarik untuk di kunjungi. Salah satunya adalah wisata gunung batu yang berlokasi di Desa Srikaton, Kecamatan Tanjung Bintang, Kabupaten Lampung Selatan. 
Di sini, kalian dapat melihat fenomena alam berupa hamparan bebatuan dengan ukuran yang bervariasi. Dari yang kecil hingga yang sangat besar. Kondisi sekitar Gunung Batu masih sangat alami. Dari atas bebatuan, kalian dapat melihat hamparan pepohonan, seolah2 kalian berada di hutan hijau. Sangat menarik. Wisata Gunung Batu, tempat indah tersembunyi yang belum banyak terekspos wisatawan. Parkirannya luas, terdapat gazebo untuk bersantai. Harga sewa gazebo 15 ribu rupiah. Harga tiket masuk 10 ribu rupiah.
Yuk, ke lampung selatan !
Salam, kurnianoen travelling
.
.
.
#wisatagunungbatutanjungbintanglampungselatan #wisatagunungbatulampung #culinarytravelling #kurnianoen #wisatalampungselatan #dinaspariwisatalampungselatan #pariwisatalampungselatan #lampung #gunungbatulampung #gunungbatulampungselatan #lampungselatan #gunungbatutanjungbintang #gunungbatutanjungbintanglampungselatan #gunungbatusrikaton",mountain path
https://www.instagram.com/p/CdNg_ZgLvHJ/,275.jpg,2022-05-06 09:14:18,"Dulu cuma bisa liat di gambar anak sd. 
Ada pantai dibawah gunung. 
Setelah usia 31th baru bisa liat yg aslinya. 
#wisatalampungselatan #wisatalampung #pantailampung",beach
https://www.instagram.com/p/C9RvzUxSXPw/,276.jpg,2024-07-11 09:25:18,"Masyaallah 🌻,
Sandy beaches, ocean breezes, 
Ocean vibes only ☺️
.
.
.
#minangruabeach #wisatalampungselatan #lampunggeh #pantai🌴 #lampunginsta #lautindonesia #outfitinspiration #outfitoftheday #gayafotokekinian",desert/vegetation
https://www.instagram.com/p/Ctn8LDfLV5R/,277.jpg,2023-06-18 07:54:23,"Why don't you have wings to fly with
Like the swallow so proud and free?
How the winds are laughing,
They laugh with all their might.
...

Alias

Menertawakan flek hitam yg muncul, akibat sunscreen yang insecure, dihadapan matahari pelabuhan, yang semangat membakar wajah selama 16 hari. Thanks.

Btw, hati yang terbakar meninggalkan flek hitam juga gak ya? OMAIGAT.

#memories #burnt #wisatalampungselatan",beach
https://www.instagram.com/p/CVCZ2bQpvu7/,278.jpg,2021-10-15 05:29:07,📸📸📸 @wisata_teluk_kiluan_lampung  #telukkiluanlampung #lagunagayautelukkiluan #wisatalampungselatan #alamindonesia #petualangexplore,grotto
https://www.instagram.com/p/CT9cLmsPMD6/,279.jpg,2021-09-18 10:41:53,"Tempat yang nyaman buat kalian olahraga ataupun liburan nih sobat😍

Olympic pool 

#slanikwaterpark 
#slanikwaterparklampung 
#wisatalampung 
#wisataair 
#wisatalampungselatan 
#thelargestwaterparkinlampung",swimming pool/outdoor
https://www.instagram.com/p/Cjrkzd0LsV4/,280.jpg,2022-10-14 04:33:12,"Save sini 🏖️
. 
#janah2410 #fff💋 #lflfff❤ #lfl💛 #lfl❤️ #flfl💛 #flf❤ #flf #wisatalampung @tempat_wisata_lampung @pantai_keduwarna @selebgram.lampuung #wisatalampungselatan #flflflflflflflflflflfl❤️ #pantaiindonesia #pantaiminangrua #selebgramlampuung #ootdstyle #ootddaily #ootdfashion #ootdhijab #selebgramlampung_id #ootdselebgram #selebgramlampung_ #gadisindonesia37 #selebgramindonesia #remajaindonesia37 #fypindonesia #remajaindonesiaaaa #fypシ❤️💞❤️ #fypinstagram #fypシ #ａｅｓｔｈｅｔｉｃ",desert/vegetation
https://www.instagram.com/p/C2jRgoKPWIL/,281.jpg,2024-01-26 05:07:10,"Persiapkan akhir pekanmu untuk berkunjung ke Pantai Aruna Desa Merak Belantung 🤗

#pantai #pantailampung #wisatalampung #wisatalampungselatan #lampungselatan #lampung #aeustetic #samsung #udarasegar #mytravelgram #hutanmangrove #bandarlampung #lampungtengah #campervan #camping #campunglife",pavilion
https://www.instagram.com/p/DON0vnMEUSo/,282.jpg,2025-09-05 09:45:13,"Persatuan Dokter Gigi Indonesia cabang Lampung Selatan menghadiri Upacara Pengibaran Bendera HUT Republik Indonesia ke-80 yang diadakan oleh Pemerintah Kabupaten Lampung Selatan @pemkab.lampungselatan 

Bersatu Berdaulat, Rakyat Sejahtera, Indonesia Maju

#pesonamerahputihlampungselatan #hutke80ri #wisatalampungselatan #radityoegi #syaifulanwar #kawasanmenarasiger #lampungselatanmaju #bismillahbisa",promenade
https://www.instagram.com/p/CXbX18RpWdK/,283.jpg,2021-12-13 15:15:22,Wisata Perengan Anteng Karang Anyar Lampung Selatan 🏞️✨😊 #wisata #wisatalampung #wisatalampungselatan #perengananteng,botanical garden
https://www.instagram.com/p/DPnLOQ8kn33/,284.jpg,2025-10-10 02:34:03,"Berwarna dan berkreasi bersama 
ARJUNAWATERPARK lomba fashion show ikutin terus keseruan di arjunawaterpark kepoin terus😊😊

@mayunadyana 
@eni_mayun 
#fypシ❤️💞❤️ 
#fashionshowanak 
#rekreasikeluarga 
#wisatalampungselatan 
#rekreasikeluarga 
#kolamrenanganak 
#liburanseru",amphitheater
https://www.instagram.com/p/CmTXzY9LUYR/,285.jpg,2022-12-18 08:32:01,"Masih dengan vitamin sea🏝️
.
#janah2410 #fff💋 #lflfff❤ #lfl💛 #lfl❤️ #flfl💛 #flf❤ #flf  @tempat_wisata_lampung @selebgram.lampuung #wisatalampungselatan #selebgramlampuung @pantaimaja_official #ootdstyle #ootddaily #ootdfashion #ootdhijab #selebgramlampung_id #ootdselebgram #selebgramlampung_ #gadisindonesia37 #selebgramindonesia #remajaindonesia37 #fypindonesia #remajaindonesiaaaa #fypシ❤️💞❤️ #fypinstagram #fypシ #ａｅｓｔｈｅｔｉｃ #pantaiindonesia #beachvibes",sky
https://www.instagram.com/p/CODCfayAP5e/,286.jpg,2021-04-24 11:44:28,"""Ramdhan""
menanti saat berbuka puasa bersama 
@kang_idink
@kecelup_santen
@oke.soniaa
@andri_febri_prasetya_
°
°
📍Masjid Safinatul 'Ulum, UIN Raden Intan Bandar Lampung
°
°
#nikonindonesia #nikonteam #greatshotz #lampunglandscapers #geonusantara #geolampung #instanusantara #wisatalampungselatan #indonesiaphotography #ic_landscape #ic_longexposure  #cameraindonesia #genpilampung #lampunginsta #lampunggeh #pikniklampung #PantaiMinangRua #haidaindonesia
#siruifilters #siruiindonesia #siruiaustralia #nikond750 #tokina1116  #focusonelampung #plazafotolpg #hipaae
#serikat_fi #fineart #kemenpar #composekld",mosque/outdoor
https://www.instagram.com/p/CmmSKMqvWWa/,287.jpg,2022-12-25 16:48:16,Kebersamaan Hari ini dgn Keluarga Achmad di Pantai Villa Resort Rumayya Lampung Selatan Bakauheni 📍✨🌊👍🏻😇😊 #kebersamaan #kebersamaankeluarga #wisata #wisatalampung #wisatalampungselatan #lampungselatan #lampung #kalianda #bakauheni,ticket booth
https://www.instagram.com/p/CUEJs47PC80/,288.jpg,2021-09-21 01:15:05,"Explore ~

•
•
•

@dinaspariwisata.lampungselatan @sedulur_nanang @lampungselatanexplore 

#lampungselatanamazing #disparbudlamsel #explorlampungselatan #lampungselatanindah #wisatalampungselatan",rope bridge
https://www.instagram.com/p/DH7Q6RwzLzc/,289.jpg,2025-04-02 01:37:25,Thank’s to @deanurarlikafasa 🫰yg udah fotoin ❤️ #wisatalampungselatan,canal/natural
https://www.instagram.com/p/C8CDFwqvTve/,290.jpg,2024-06-10 10:34:36,"SUPORT  Bapak Jenderal TNI Maruli Simanjuntak, M.Sc.
KEPALA STAF ANGKATAN DARAT 
info pemesana⬇️⬇️
wa: 0878-1327-6793
.
#rentalmobiljogja 
#rentalmobillampung 
#rentalmobilbandarlampung 
#sewamobilbali #sewamobillampung 
#sewamobilmurah
#wisatalampung
#wisatabandarlampung 
#komunitasrentalmobilindonesia
#wisatalampung
#wisatalampungbarat #wisatalampungselatan
#pahawang
#wisatategalmaslampung
#wisatapahawang
#hiaceindonesia 
#hiacepremio 
#sewahiace 
#sewahiacejakarta 
#sewahiacemurah
#sewahiacelampung 
#sewamobillampungmurah 
#pariwisata 
#hiacepariwisata 
#sewatoyotahiace
#sewaalphard 
#alphard 
#rentalalphard 
#rentalalphardlampung 
#sewaalphardlampung
#hiaceindonesia 
#hiacepariwisata 
#sewahiace 
#sewahiacemurah",parking lot
https://www.instagram.com/p/Clti3_Op8Ds/,291.jpg,2022-12-03 15:57:37,"Like it💫
.
#janah2410 #fff💋 #lflfff❤ #lfl💛 #lfl❤️ #flfl💛 #flf❤ #flf  @tempat_wisata_lampung @selebgram.lampuung #wisatalampungselatan #selebgramlampuung @pantai_keduwarna #ootdstyle #ootddaily #ootdfashion #ootdhijab #selebgramlampung_id #ootdselebgram #selebgramlampung_ #gadisindonesia37 #selebgramindonesia #remajaindonesia37 #fypindonesia #remajaindonesiaaaa #fypシ❤️💞❤️ #fypinstagram #fypシ #ａｅｓｔｈｅｔｉｃ #nightlights #night #nightvibes",promenade
https://www.instagram.com/p/CQlzc4vLNwW/,292.jpg,2021-06-26 16:49:16,"Syukuri apa yang kamu punya saat ini

#vixionjinjit_indonesia#vegator_id#inivega#fake_vega_indonesia#fakevegajupiter#fake_vega_id#vegaallseries#wisatalampung#wisatalampungselatan#vegariderbaperindonesia#bikershits_indonesia_id#selegram_bikersid#bikersbebeknusatara#bebektouring_indonesia#bikerspiknik#cbradventure#vegarider_id",valley
https://www.instagram.com/p/DNb8kGDSmCA/,293.jpg,2025-08-17 00:51:32,"""Indonesia tak muda lagi, namun perjuangan tak berhenti. Tetap majukan negeri dengan putra-putri sendiri""
BISMILAH LAMPUNG SELATAN MAJU BISA
@pemkab.lampungselatan
@radityoegi
@m_syaiful.anwar 
#pesonamerahputihlampungselatan
#wisatalampungselatan
#hutke80ri #radityoegi #syaifulanwar #kawasanmenarasiger #lampungselatanmaju #bismillahbisa #",promenade
https://www.instagram.com/p/C3CfY2bhZa6/,294.jpg,2024-02-07 08:04:54,"....................

About a Journey

#pantaimarina #pantaimarinalampung #wisatalampung #wisatalampungselatan #fotography",picnic area
https://www.instagram.com/p/Cvm1RIkPxKE/,295.jpg,2023-08-06 14:37:36,"Krakatau Park - Lampung
____________________________________
Terletak di bagian selatan propinsi lampung yang berdekatan dengan pelabuhan bakauheni dengan jarak 92KM dari Kota Bandar Lampung dan juga salah satu dari jatim park group.
Cocok untuk menghabiskan waktu bersama keluarga dan banyak wahana permainannya
.
.
.
#krakataupark 
#krakatauparklampung 
#lampung 
#wisatalampung 
#wisatalampungselatan 
#traveler 
#traveling 
#qualitytime 
#myfamilymyadventure",athletic field/outdoor
https://www.instagram.com/p/CNsIBXApMLH/,296.jpg,2021-04-15 14:10:16,"Semangka Kang Sukirno
Kang Sukirno adalah perawat tanaman di Tempat Wisata Kebun Edukasi Lampung Selatan. Media Lampung Barometer sempat meliput langsung aktivitas pengunjung di Kebun Edukasi yang asri dan sejuk ini. Kebun Edukasi merupakan salah satu gagasan cemerlang Pemkab Lampung Selatan dalam mengembangkan wisata. Di lahan seluas 2,5 ha ini beragam pohon buah ditanam; alpukat, durian, sirsak, jeruk dll. Semangka (kualitas terbaik) merupakan tanaman tumpang sari, dan kini semangka super itu sedang panen. Di sini banyak spot foto yang keren. (Fotografer: Herdi)
#LampungBarometer
#WisataLampungSelatan
#WisataLampung
#PariwisataBangkit
#DinasPariwisataLampungSelatan
#DinasPariwisataProvinsiLampung",tree farm
https://www.instagram.com/p/CmmRxOlpGfU/,297.jpg,2022-12-25 16:44:51,Kebersamaan Hari ini dgn Keluarga Achmad di Pantai Villa Resort Rumayya Lampung Selatan Bakauheni 📍✨🌊👍🏻😇😊 #kebersamaan #kebersamaankeluarga #wisata #wisatalampung #wisatalampungselatan #lampungselatan #lampung #kalianda #bakauheni,ticket booth
https://www.instagram.com/p/CkU4XyErG2d/,298.jpg,2022-10-30 05:33:03,"View of Kalianda beach
.
#janah2410 #fff💋 #lflfff❤ #lfl💛 #lfl❤️ #flfl💛 #flf❤ #flf #wisatalampung @tempat_wisata_lampung @pantai_keduwarna @selebgram.lampuung #wisatalampungselatan #flflflflflflflflflflfl❤️ #pantaiindonesia #pantaiminangrua #selebgramlampuung #ootdstyle #ootddaily #ootdfashion #ootdhijab #selebgramlampung_id #ootdselebgram #selebgramlampung_ #gadisindonesia37 #selebgramindonesia #remajaindonesia37 #fypindonesia #remajaindonesiaaaa #fypシ❤️💞❤️ #fypinstagram #fypシ #ａｅｓｔｈｅｔｉｃ",pier
https://www.instagram.com/p/Cmss4Sir1QD/,299.jpg,2022-12-28 04:37:12,"Save here!
.
#janah2410 #fff💋 #lflfff❤ #lfl💛 #lfl❤️ #flfl💛 #flf❤ #flf  @tempat_wisata_lampung @selebgram.lampuung @lampungselatanexplore #wisatalampungselatan #selebgramlampuung @pantai.marina.official @lampungexplore_id #ootdstyle #ootddaily #ootdfashion #ootdhijab #selebgramlampung_id #ootdselebgram #selebgramlampung_ #gadisindonesia37 #pantaimarina #remajaindonesia37 #fypindonesia #remajaindonesiaaaa #fypシ❤️💞❤️ #fypinstagram #fypシ #ａｅｓｔｈｅｔｉｃ #pantaiindonesia #beachvibes",campsite
https://www.instagram.com/p/ChJ3KbbvkAI/,300.jpg,2022-08-12 09:16:40,"Just chill & enjoy 🌅

📍@muaraindahsuak 
Jl. Raya Suak Desa Suak Kec. Sidomulyo Lampung Selatan 

_______________
Follow & tag foto kamu 
IG @muaraindahsuak 
FB Muara Indah Suak 

________________
#muaraindahsuak #pantaimuaraindahsuak #pantailampung #pantailampungselatan #wisatalampung #wisatalampungselatan #piknik #healingvibes",volleyball court/outdoor
https://www.instagram.com/p/DIS-BAUhDc3/,301.jpg,2025-04-11 06:34:05,"Pantai, pasir, dan jungle gym?
Bukan sekadar pantai—Rio by the Beach hadirkan petualangan mini lewat jungle gym yang seru dan aman untuk anak-anak ataupun dewasa✨🌊

#pantailampung #pantailampungselatan #wisatalampung #wisatalampungselatan #lampungku #riobythebeach #lampungselatan",volleyball court/outdoor
https://www.instagram.com/p/CZYZ6bhvCxO/,302.jpg,2022-01-31 04:38:32,"""yang segar dari alam""
°
°
📍Air Terjun Mak Kunyana, Tanggamus, Lampung
°
°
#nikonindonesia #nikonteam #greatshotz #lampunglandscapers #geonusantara #geolampung #instanusantara #wisatalampungselatan #indonesiaphotography #ic_landscape #ic_longexposure  #cameraindonesia #genpilampung #lampunginsta #lampunggeh #pikniklampung #PantaiMinangRua #haidaindonesia
#siruifilters #siruiindonesia #siruiaustralia #focusonelampung #plazafotolpg #hipaae
#serikat_fi #fineart #kemenpar #composekld",waterfall
https://www.instagram.com/p/CjhXDBuBOrX/,303.jpg,2022-10-10 05:20:36,"Wisatalah ketika otakmu mulai lelah🙏😃
#0ktoberfullwisata
#lfl💛️
#wisatalampungselatan",arch
https://www.instagram.com/p/CmnTkN0yCZm/,304.jpg,2022-12-26 02:19:48,"• way kalam waterfall •

Mimin minta maaf nih kalo sampe buat salah paham pass minta izin buat ambil foto ini..
😁😁

Gak bermaksud ko buat bikin masalah 🤣🤣.

.
.
Masih dalam moment ekplorasi bareng @gengkwaci_explore
Inframe . @adindasalsa_billa
.
.
.

Lokasi : 

Air Terjun Way Kalam
Desa Way Kalam
Kecamatan Penengahan
Kabupaten Lampung Selatan

Support by :
@pantai_minangrua
@airterjun_waykalam
@kopibw
@_rrrudi_yunianto
@wonderful.kalianda
@sintiafoto.ku
@tahunona
@wajahlampuung
@mtmapringsewu_lampung
@mtmakorwillampung
@ade_fadly_ig
@sewatenda_outdoorlampung

Nantikan Ekspedisi & Eksplorasi @gengkwaci_explore selanjutnya !!!
.
.

#ExplorasibersamaGengKwaci
#GengKwaciExplore
#GengKwaci
#SelaluBersamaSelaluBahagia
#WisataLampungSelatan
#PantaiMinangRua #AirTerjunWayKalam #Pokdarwis 
#kelampung_geh #kelampunggeh #nekadtravellerlampung #pesonalampung #kalianda #lampunguptodate",waterfall
https://www.instagram.com/p/CbAapLrvx9k/,305.jpg,2022-03-12 14:05:56,"Rindu aku rindu kamu..❤️
@pantai.marina.official 
#kalianda 
#lampungselatan 
#lampunghits 
#lampung 
#lampunggeh 
#wisatalampungselatan 
#wisatalampung",park
https://www.instagram.com/p/Cd_D87UPNzJ/,306.jpg,2022-05-25 15:02:35,"Sepintar dan semandiri apa pun seorang perempuan, dia tetap membutuhkan peta atau google map dari orang lain untuk menunjukkan arah perjalanannya. Sebab, kalau dibiarkan membaca peta atau google map sendiri, kerap kali dia tersesat. 

Perempuan tetap butuh kaki lain untuk membantunya melangkah.

🌍 Informasi wisata seputar Lampung Selatan 

Mau di repost ?? ..
Cara nya 
follow : 👇👇

|| @lampungselatanexplore
|| @lampungselatanexplore
|| @lampungselatanexplore

|| Hastag #lampungselatanexplore

Follow Facebook : ʟᴀᴍᴘᴜɴɢ ꜱᴇʟᴀᴛᴀɴ ᴇxᴘʟᴏʀᴇ

Foto menarik akan kami repost 😊

_______________________

Info wisata & kerjasama silahkan DM 💌
_______________________

Lampung, 25 Mei 2022
©@irmadewimeilinda

Lokasi : Curug Anakan | @airterjun_waykalam, Desa Way Kalam Kec. Penengahan Kab. Lampung Selatan

#DialogRasa  #AirTerjunWayKalam #LampungSelatan #Pariwisata #wisatalampung #wisatalampung #wisatalampungselatan #lampungselatanamazing #woderfulindonesia #writerpreneur #blogger #contentwriter #travellers #bloggertravel

#repost : @irmadewimeilinda",forest path
https://www.instagram.com/p/CqMbgvkPA52/,307.jpg,2023-03-25 01:55:19,"The more I don't care, the calmer I am

#sanggarbeach_lpg#pantaikalianda #lampunghits  #wisatalampungselatan #lampunggeh #pantaiindonesia #wisataalam #flflflflflflflflflflflflflflflflflflflflflflflflflflflflflflflflflflflflfflfl💞💞💞💞💞💞💞💞 #fypシ #fypage #hijabfashion #hijabbers #muslimahindonesia #cantikberhijab #keindahanalamindonesia",beach
https://www.instagram.com/p/CceVh-kPUNi/,308.jpg,2022-04-18 01:29:52,"Welcome to Krakatau Kahai Beach Hotel.

#kahaibeachlampung#kahaihotel#pantaikahaikalianda#explorelamoung#wisatalampungselatan#pariwisatalampung",residential neighborhood
https://www.instagram.com/p/CresBr5BPa6/,309.jpg,2023-04-26 00:37:20,"Akun ini private,kalau friendly itu kan kamu
@wisatapunggungnaga01 
.
.
.

#wisatapunggungnaga #punggungnaga #punggungnagapadangcermin #punggungnagapesawaran #wisatalampung #lampunggeh #lampunghits #lampungkiyai #lampungupdateid #wisatalampungselatan #airterjun #airterjunlidahnaga #airterjunlampung #wisataairterjun",waterfall
https://www.instagram.com/p/CWlH4vDPJzp/,310.jpg,2021-11-22 13:36:57,"“Apa yang datang dengan mudah belum tentu mampu bertahan lama, tapi yang bertahan dengan lama tidak akan datang dengan mudah""

📍 Pantai Marina,Kalianda

#pantai 
#pantailampung 
#lampung
#lampungselatan 
#kalianda 
#wisatalampung 
#wisatalampungselatan 
@pantai.marina.official 
@pantai_marina_official",lagoon
https://www.instagram.com/p/Ca-WNxav8BK/,311.jpg,2022-03-11 18:48:45,"Self Healing terbaik adalah berdamai dengan diri sendiri, berdo'a, menikmati real life and istighfar is the best solution for any problem #wisatalampung #wisatalampungselatan #bukitpematangsunrise",balcony/interior
https://www.instagram.com/p/CvPApNfxwcR/,312.jpg,2023-07-28 08:35:14,"#pantaimarina 
#pantailampung 
#wisatalampung 
#wisatalampungbarat 
#wisatalampungselatan",bamboo forest
https://www.instagram.com/p/CPEwK0pNVGo/,313.jpg,2021-05-20 00:14:15,"Dari metro ke pantai marina rasanya capek banget karna lumayan jauh..
Tapi asli capeknya ilang pantainya cekep banget 😍
.
.
.
.
.
.
.
.
.
.
.
.
.
.
.
📷 @denihaerjo 
#pantaimarinalampung 
#kaliandabeach 
#wisatalampung
#jelajahlampung 
#lampunghits 
#lampunginsta 
#pantailampungselatan 
#anakmetro 
#wonderfullampung
#lampungindonesia 
#lampungindah 
#wisatalampung 
#wisatalampungselatan 
#explorelampung",tundra
https://www.instagram.com/p/CV-h_FnPclp/,314.jpg,2021-11-07 13:54:38,"Seandainya yang banyak itu saldo rekening ..
Bukan fikiran 🙄😆
Apalagi berat badan 🤦

📍Pantai Sebalang

#pantaisebalang 
#pantaisebalanglampung 
#pantaisebalangtarahan 
#wisatalampung 
#wisatalampungselatan",kasbah
https://www.instagram.com/p/DNcTNrXyws3/,315.jpg,2025-08-17 04:09:27,"Merah putih di menara siger, menyatukan ragam suku dan budaya di bumi Ragom Mufakat
#pesonamerahputihlampungselatan #HUTKE80RI #wisatalampungselatan #radityoegipratama #syaifulanwar #kawasanmenarasiger #lampungselatanmaju #bismillahbisa",promenade
https://www.instagram.com/p/DInscE9PntO/,316.jpg,2025-04-19 07:44:32,"Dengan penuh rasa syukur dan bangga, kami mengumumkan bahwa Pantai Senaya Beach telah resmi dibuka!

Acara Grand Opening yang digelar di Kelurahan Way Urang, Kalianda – Lampung Selatan ini menjadi momen bersejarah yang semakin istimewa dengan kehadiran dan peresmian langsung oleh Bapak Bupati Lampung Selatan, Bapak Radityo Egi Pratama.

Kami mengucapkan terima kasih yang sebesar-besarnya kepada seluruh pengunjung, warga sekitar, dan pihak-pihak yang telah mendukung serta memeriahkan acara ini. Kehadiran dan antusiasme kalian menjadikan hari ini begitu hangat dan penuh semangat kebersamaan.

Semoga kehadiran Pantai Senaya Beach dapat menjadi destinasi wisata unggulan yang membanggakan, memberikan dampak positif bagi masyarakat, serta menjadi tempat baru untuk menciptakan momen indah bersama orang-orang tercinta.

Sampai jumpa di Pantai Senaya Beach!
Nikmati keindahan alam, pasir putih, dan suasana tropis yang tak terlupakan.

#GrandOpeningSenayaBeach #SenayaBeach #WisataLampungSelatan #LampungExplore #BupatiLampungSelatan #Kalianda #PantaiLampung",stage/outdoor
https://www.instagram.com/p/C3prDxISRl3/,317.jpg,2024-02-22 13:17:16,"21 Februari 2024 🌊

#lflflflflflflflflflflfl #lampung #wisatalampungselatan #pantaimarinalampung",lagoon
https://www.instagram.com/p/CQxQtQ_LOLE/,318.jpg,2021-07-01 03:36:33,"Kapan ajak adek ke puncak bang? Puncak pelaminan. Eh.
Ini di lampung selatan loh. Yuk, ke wisata lampung selatan !
#kurnianoen
#wisatalampungselatan
#pariwisatalampungselatan
#wisatalampung
#pariwisatalampung
#kakigunungrajabasa",tree farm
https://www.instagram.com/p/Cd-Wl1sL9oy/,319.jpg,2022-05-25 08:26:13,"Santai di pantai usai pelatihan penjaga pantai
#minangrua
#kurnianoen
#pantaiminangrua
#dinaspariwisatalampungselatan 
#wisatalampungselatan 
#pariwisatalampungselatan 
@pantai_minangrua
@dinaspariwisata.lampungselatan",pavilion
https://www.instagram.com/p/CZlC9envWZv/,320.jpg,2022-02-05 02:28:06,"""ngebolang ke air terjun ini banyak banget kenangannya, bolak balik track karena jalan lagi di tutup, kehujanan, ban kempes pas di kampung warga, ngegelimpang dari motor dan masih banyak lagi, tapi seru dah..""
@erick_c_s
@idink875
@muhammad3837
@isun26
@rozali_ujang
@3captures
°
°
📍Air Terjun Seribu Mimpi, Gn. Betung, Pesawaran, Lampung
°
°
#nikonindonesia #nikonteam #greatshotz #lampunglandscapers #geonusantara #geolampung #instanusantara #wisatalampungselatan #indonesiaphotography #ic_landscape #ic_longexposure  #cameraindonesia #genpilampung #lampunginsta #lampunggeh #pikniklampung #PantaiMinangRua #haidaindonesia
#siruifilters #siruiindonesia #siruiaustralia #focusonelampung #plazafotolpg #hipaae
#serikat_fi #fineart #kemenpar #composekld",waterfall
https://www.instagram.com/p/CjY81O8BbqR/,321.jpg,2022-10-06 22:57:36,""" White ""
.
.
.
@ini_rifandi & @rikaawd__ 
.
.
.
@asep_photography 
Info foto : 081289144788
.
.
#liburankeluarga 
#liburanmurah 
#yukliburan 
#konseptfoto 
#holidayandholiday 
#fotocasual📷 
#cassual 
#cassualstyle 
#hijabcassual 
#huntmode 
#hunthijab 
#weddingkalianda 
#weddingphotoshoot 
#preweddingoutdoormurah 
#weddingkalianda 
#kaliandaphotography 
#weddinglampungselatan 
#mystylemyway 
#womennature
#canon50mm18stm 
#nikkor50mm18g 
#wisatalampung 
#wisatalampungselatan
#preweddinglampungtimur 
#preweddinglampungselatan
#preweddingfotografer",clean room
https://www.instagram.com/p/DNceSodxaNf/,322.jpg,2025-08-17 05:46:14,"@pemkab.lampungselatan @radityoegi @m_syaiful.anwar 
#PESONAMERAHPUTIHLAMPUNGSELATAN #HUTKE80RI #WISATALAMPUNGSELATAN #RADITYOEGI #SYAIFULANWAR #KAWASANMENARASIGER #LAMPUNGSELATANMAJU #BISMILLAHBISA",staircase
https://www.instagram.com/p/CWI_kn0hzd9/,323.jpg,2021-11-11 15:25:34,"#Repost @retno_setiarini
...
Sebenarnya pacar orang itu juga pacar kita karena kita kan juga orang🤭🤪

#tanggamusgehh #tanggamushits #bukitidamantanggamus #lampung #lampunginsta #lampunghitss #lampungyay #wisatalampungselatan #instagramablelampung #tanggamussemakinkece #gisting #jalanjalan #ootdstyle #ootdjalanjalan #ootdfashion",balcony/interior
https://www.instagram.com/p/Ci302rXPzUY/,324.jpg,2022-09-24 02:12:57,"Gimana klo weekendnya ke @inkragarden_lampung aja
Berenang🏊 asyik,. Plus bacakan di taman yg ga kalah asyik 🥳🤩
Cukup bayar 5k 
bisa berenang sepuasnya 😂 ampe tutup juga boleh koq 😁
#taman#anak#kolamrenang #edukasi #edufunwithkids #happyfamily #happytime #healing #wisatalampung #wisatalampungselatan #airgunung",water park
https://www.instagram.com/p/CabAWHWPO2V/,325.jpg,2022-02-26 01:24:14,"setelah melewati sekian purnama akhirnya bisa balik lagi ke air terjun ini, salah satu air terjun keren di Tanggamus tepatnya di desa Datar Lebuai, Kecamatan Air Naningan, masih banyak air terjun keren lainnya yang harus di kunjungi namun waktu tak cukup sehari
tanks bang @wawan._06 ya udah nganter kami explore air terjun yang keren
team explore
@myusufnugrahaa
@dedijuliandi3006
°
°
📍Air Terjun Queen, Des. Datar Lebuai, Kec. Air Naningan, Kab. Tanggamus, Lampung
°
°
#nikonindonesia #nikonteam #greatshotz #lampunglandscapers #geonusantara #geolampung #instanusantara #wisatalampungselatan #indonesiaphotography #ic_landscape #ic_longexposure  #cameraindonesia #genpilampung #lampunginsta #lampunggeh #pikniklampung #PantaiMinangRua #haidaindonesia
#siruifilters #siruiindonesia #siruiaustralia #focusonelampung #plazafotolpg #hipaae
#serikat_fi #fineart #kemenpar #composekld",waterfall
https://www.instagram.com/p/CttifGFS4k1/,326.jpg,2023-06-20 12:05:22,"Rencana healing saat ini: menjauhkan diri dari omong kosong.

📍 green canyon
🌏 lampung selatan

#greencanyon #lampungwisata #kelampungaja #wisatakalianda #wisatalampungselatan",cliff
https://www.instagram.com/p/CayiZ2iBMyM/,327.jpg,2022-03-07 04:44:22,"Kpan MBK e foto kambek aku? 
  #pantaiminangrua #wisatalampung #wisatalampungselatan",snowfield
https://www.instagram.com/p/CYsyLC5Pho4/,328.jpg,2022-01-14 06:03:56,"""udah pada kangen belum""
shoot terakhir bareng para suhu landscape om @amenk_alfariza dan om @gathoe18
°
°
📍@Karang Gigi Hiu, Tanggamus, Lampung
°
°
#nikonindonesia #nikonteam #greatshotz #lampunglandscapers #geonusantara #geolampung #instanusantara #wisatalampungselatan #indonesiaphotography #ic_landscape #ic_longexposure  #cameraindonesia #genpilampung #lampunginsta #lampunggeh #pikniklampung #PantaiMinangRua #haidaindonesia
#siruifilters #siruiindonesia #siruiaustralia #nikond600 #tamron1735 #focusonelampung #plazafotolpg #hipaae
#serikat_fi #fineart #kemenpar #composekld",coast
https://www.instagram.com/p/CugE6xCSOlk/,329.jpg,2023-07-10 03:08:16,"#pantai 
#pantaimarina 
#pantaimarinalampung 
#wisatalampung 
#wisatalampungselatan 
#kalianda",pagoda
https://www.instagram.com/p/CesPX4vBgkA/,330.jpg,2022-06-12 04:08:13,"Bermimpi lah dalam hidup jangan hidup dalam mimpi😚
@pantai.marina.official
#wisatalampung
#pantailampungselatan #wisatalampungselatan #pantailampung #pikniklampung #piknik",water park
https://www.instagram.com/p/CQMu_bAJSr-/,331.jpg,2021-06-16 23:09:17,"we cannot es cape history🍃

#wisatalampung #wisatalampungselatan #lampungeksis #jalanjalanlampung #pantaikedu",beach
https://www.instagram.com/p/DNa9xBiyMOA/,332.jpg,2025-08-16 15:42:47,"Lomba yang masih asyik ditonton sampai saat ini
#pesonamerahputihlampungselatan 
#HUTKE80RI
#wisatalampungselatan 
#radityoegi 
#syaifulanwar
#kawasanmenarasiger 
#lampungselatanmaju 
#bismillahbisa",volleyball court/outdoor
https://www.instagram.com/p/CmyS2OALA7D/,333.jpg,2022-12-30 08:45:10,"Prend🪐
.
#janah2410 #fff💋 #lflfff❤ #lfl💛 #lfl❤️ #flfl💛 #flf❤ #flf  @tempat_wisata_lampung @selebgram.lampuung @lampungselatanexplore #wisatalampungselatan #selebgramlampuung @pantai.marina.official @lampungexplore_id #ootdstyle #ootddaily #ootdfashion #ootdhijab #selebgramlampung_id #ootdselebgram #selebgramlampung_ #gadisindonesia37 #selebgramindonesia #pantaimarina #fypindonesia #remajaindonesiaaaa #fypシ❤️💞❤️ #fypinstagram #fypシ #ａｅｓｔｈｅｔｉｃ #pantaiindonesia #beachvibes",grotto
https://www.instagram.com/p/C7gaGoSPu7n/,334.jpg,2024-05-28 09:01:31,"Seru - seruan Di WAY PENAGA 🤗

☑ Salam kenal teman-teman, Kepoin kita dong. Yuk follow & saling support. Kunjungi channel yoututube kami juga ya (link ada di bio/profil/disematkan).

#waypenaga #seruseruanbareng #seruseruanaja #kaliandahits #wisatalampungselatan #wisatalampungku #potretkece #cekrek📷",park
https://www.instagram.com/p/CR-c746JiZg/,335.jpg,2021-07-31 03:04:56,"#REPOST @abid_rabbani28 with @get__repost__app 😋 Hayo baru tau kan di Natar ada wisata air terjun?. Wisata ini sudah sejak lama ada tetapi belum terlalu dikenal, so kali ini gue kenalin ke kalian. Let's check it out. 
————————————————
🌍 Lokasi : Curup Pancuran Emas, Dusun Purwosari 2, Desa Negara Ratu, Kec.Natar, Kab.Lampung Selatan, Prov.Lampung, Indonesia. 
. 
#lampung #pariwisatalampung #lampunggeh #lampungeksis #apalampung #lampungindonesia #pesonalampung #traveller_lampung #selampung #travellergaul #travelingstoryy_ #bolang_lampung #pesonaairterjunsumatra #ootdlampungkece #genpilampung #backpackerlampung #gerbanglampung #disparbudlamsel #lampungselatanamazing #lampungselatan #curuppancuranemas #natar  #wisatalampungselatan #repostandroid #repostw10 #ootdlampungkece",rope bridge
https://www.instagram.com/p/CTUkYQEPFKw/,336.jpg,2021-09-02 13:44:39,"𝗣𝗮𝗻𝗷𝗮𝗻𝗴 𝘂𝗺𝘂𝗿 𝘂𝘁𝗸 𝘁𝗲𝗺𝗲𝗻² 𝘆𝗴 𝘀𝗲𝗿𝗶𝗻𝗴 𝗯𝗶𝗹𝗮𝗻𝗴 : “𝗵𝗮𝗹𝗮𝗮𝗮𝗵 , 𝗸𝗮𝘆𝗮𝗸 𝘀𝗮𝗺𝗮 𝘀𝗶𝗮𝗽𝗮 𝗮𝗷𝗮”
______________________________

📍 Bendungan U25 umbulselawe , sidomukti - Lampung Selatan 

🔹🔹🔹🔹🔹🔹🔹🔹🔹🔹🔹🔹🔹🔹🔹🔹🔹
_____________________________________________

🔄 Silahkan Berbagi informasi di sini :
↪️ Share foto/Vidio mu dgn cara :

1️⃣ Follow Instagram :  @lampungselatanexplore

2️⃣ tag foto/ Vidio kalian ke @lampungselatanexplore

3️⃣ Gunakan hastag #lampungselatanexplore

4️⃣ Note : akun jangan di privat 🔐🔑

🔴 Foto / Vidio terbaik akan kami repost 🔃
___________________________________________

🌐FACEBOOK : Lampung Selatan explore

🔴Subscribe YouTube channel klik link di bio 👉👉

📩PP/indorsm DM 📩
_____________________________________________

#Repost @ummuhanii89
....
.
#pikniklampungkuy #pikniklampungselatan #potretlampunginsta #wisatalampungme #wisatalampungselatan
#ga_lampung_hits #langkahkakitraveller #gayapopuler #ijilampung #lampung446 #travellergaul #alamlampung #mampirlampung #pejalankakilampung #lampungkulampungmu #parapejalanlampung #lampungeksis #kelilinglampung #pematangsunrise #kelampungaja #wajahlampung #gerbanglampung #tempatwisatalampung #bukitpematangsunrise",lake/natural
https://www.instagram.com/p/CMqV0NthHFL/,337.jpg,2021-03-21 01:00:56,Lampung punya #lampungselatanindonesia #lampunggeh #wisatalampungselatan #motovlogerlampung,arch
https://www.instagram.com/p/Cih3G6lB1dc/,338.jpg,2022-09-15 13:29:21,"Rabu sd Kamis 14 - 15 September 2022.
Bagun Desa Dengan Digitalisasi bersama Tim Media Warga

Pelatihan Tim Media Warga di tiga Desa (Desa Suak Kunjir, dan Sukaraja) oleh Paluma Yogyakarta  berlangsung selama dua hari di Cafe D'Sas Kalianda,  di Ikuti oleh perwakilan 15 orang  masing-masing Desa. Tim Media warga yang terbentuk ini melalui proses rekrutmen. 

Kegiatan dua hari yang berlangsung menghadirkan narasumber  dari Yayasan Sanggar Inovasi Desa Yogyakarta dengan memaparkan meteri mengenai Citizen Jurnalisme atau Jurnalisme Warga dan  cara mengolah  data dengan benar untuk dapat di tampilkan dalam sistem Informasi Desa (SID) . 

Dengan adanya pelatihan dan dibentuknya Tim Media Warga ini diharapkan mampu menjadi lembaga Informasi warga di Desa yang menyajikan  fakta sesuai dengan data yang ada dan mampu mengangkat potensi yang ada di Desa untuk di publish ke masyarakat. . 
. 
.
_______________
Follow & tag foto kamu 
IG @suak.id
FB Suak

________________
#Desa #Sidomulyo #Lampungselatan #Lampung #wisata #wisatalampungselatan",classroom
https://www.instagram.com/p/Cg1R3dzPcjH/,339.jpg,2022-08-04 09:25:57,"Tag bestie dan ayang mu gaess, ajak mingguan ke Muara Indah 😜

📍@muaraindahsuak 
Jl. Raya Suak Desa Suak Kec. Sidomulyo Lampung Selatan 

_______________
Follow & tag foto kamu 
IG @muaraindahsuak 
FB Muara Indah Suak 

________________
#muaraindahsuak #pantaimuaraindahsuak #pantailampung #pantailampungselatan #wisatalampung #wisatalampungselatan #piknik #healingvibesonly",lagoon
https://www.instagram.com/p/CkDOr5wPFNL/,340.jpg,2022-10-23 09:01:42,"- @rio_47__ 
Beautyfull 😻🌊🐳

#lb #lbnewpost #lbc #lbworks #df #fff😊 #fblbrl #fb #virall #wisatalampung #wisatalampungselatan",beach
https://www.instagram.com/p/CMSEXcyMdRO/,341.jpg,2021-03-11 14:46:41,"Alhamdulillah, kita menambah gazebo baru untuk memanjakan para pengunjung menikmati keindahan sunset di Pantai Kedu Warna, kita tunggu ya kujungannya di Pantai Kedu Warna, terimakasih 🙏😀🙏
#pantai_keduwarna#sunset #sunsetphotography #wisatapantai #wisatalampungselatan #wonderfulkalianda #wonderfullampungselatan #wonderfulindonesia #kaliandaig",slum
https://www.instagram.com/p/CkPGCMeS6sq/,342.jpg,2022-10-27 23:37:00,"Sudah akhir pekan aja ni kak, masih bingung mau kemana weekend kali ini, eitsss kagak usah bingung, Air terjun Citiis solusinya.

Air Terjun Citiis ini, merupakan satu dari beberapa objek wisata alam Air Terjun di Kabupaten Lampung Selatan.

Lokasi Air Terjun yang berada di bawah kaki Gunung Rajabasa dengan dikelilingi pohon-pohon hutan alami. Keindahan Air Terjun Citiis sangatlah menggoda untuk didatangi.

Hijaunya pepohonan khas Gunung Rajabasa yang masih alami, serta batu hitam dengan hiasan lumut menjadi pemandangan yang menyejukan mata.

Riak suara air yang turun dari ketinggian sekira 10-20 meter, seolah menjadi irama syahdu.
Perjuangan melelahkan, track memacu andrenalin akan terbayarkan sudah, kala mata menatap dan merasakan langsung kesegaran Air Terjun Citiis.
If @ekamaulanaiqbal_18

📍 Air Terjun Citiis, Rajabasa, Lampung Selatan.

#curug #waterfall #explorelampung #lampungselatan #wisatalampungselatan  #lampungmoment #visitlampung #wisatalampung #pesonalampung #genpilampung #pesonaindonesia #lampunggeh #lampunghits #lampungeksis #lfl #likeforlikes #likeforfollow #inilampungyay #potretlampung #lampunginsta #parapejalanlampung #pendakilampung #travellerlampung #lampungkece  #lampungpedia  #alamlampung #nature #instagood  #travelingindonesia #traveling",waterfall
https://www.instagram.com/p/CVtdbpUPTA5/,343.jpg,2021-10-31 22:47:45,"Tidak pernah merasa lelah, untuk selalu berjuang melindungi keluarga.
.
Semangat hari Senin.
Semangat 1 Nopember.
Semangat pagi
Good morning

.
===========================
#landscape_photography #landscapephotography #photographylandscape
 #beautifulindonesia 
#landscapelovers  #loveindonesia  #photographylovers  #indonesiaku #lampunglandscapers  #lampunglandscape  #lampungphotography  #lampungexpoler #alamlampung_
#mata_lampungku 
#kebunkaret #jatiagunglampungselatan  #jatiagung  #pariwisatalampung  #pariwisatalampungselatan  #wisatalampung  #wisatalampungselatan  #gowescantik  #gowesholic  #gowessantai  #goweslampung  #gowesnusantara #gowessehat  #sepedaonthel",forest path
https://www.instagram.com/p/DNcNtHnyyk1/,344.jpg,2025-08-17 03:21:19,"Ikan sarden belinya di way Galih
Bupati keren, bupatinya lamsel niiiihh 😍🤗

Slide 1  selamat datang Bapak Bupati @radityoegi di Lapangan Menara Siger Bakauheni🙏

Alhamdulillah Bapak taun ini kami upacara 17 Agustusan gak jauh2 lagi ke kecamatan ke kabupaten, upacara cukup 150 m dr rumah dg View Menara Siger yang Luar Biasa Wah banget, bener2 di sulap jadi cuantik luar biasa😍😍

Slide 2 Ijin Bapak upload fotonya, foto penuh effort ini, banyak drama, ijin dr ajudan 1 acc tp di PHP lanjut ke ajudan 2 acc tp msh di PHP, akhirnya jalur salip sat set bisa foto bareng☺
udh dg posisi siap foto malah gak kesimpen
Nyalip2 lagi bisa foto lagi malah kaki ketendang orang, untung HP gak jatoh 😩 jadilah foto rada menyot 😀

Slide 3,4,5 Bareng temen2 tercinta @pkm_bakauheni_lampungselatan @ienha_septiana @noviantiefi2909 @astrieyannianggraini @anggarini848 @suriyatisaja @elinydodipurba @bidan_anasihombing  @hamamifarhan @niluh_maitri
@henirafka6

Slide 6 Tim Nakes Squad siap siaga jagain yg pada upacara (P3k) 💪💕

Slide 7,8 Tmn2 sing Ayu pake Baju Adat Nusantara

 Slide 10 Ngeleseh pas Abis Upacara ☺☺

Merdeeekaaa sekali merdeka 💪💪
Selama hayat masoh dikandung Badaaaann 🎵🎵🎵

DIRGAHAYU REPUBLIK INDONESIA KE-80
semoga Indonesia Semakin Maju💪 ❤‍🩹

Merah putih di Menara Siger,  menyatukan ragam suku dan budaya di bumi Ragom Mufakat 💕

@pemkab.lampungselatan 
@radityoegi 
@m_syaiful.anwar 

#pesonamerahputihlampungselatan 
#hutke80ri
#wisatalampungselatan
#radityoegi
#syaifulanwar
#kawasanmenarasiger 
#lampungselatanmaju
#bismillahbisa",amusement park
https://www.instagram.com/p/CS-cxh3BXzL/,345.jpg,2021-08-24 23:34:54,"#Repost @johan_aza123
• • • • • •
Air Naningan

Standar

#wisatalampungselatan 
#lampunghits 
#lampungkece 
#lampungkeren 
#airnaningantanggamus 
#wisatalampungselatan 
#airterjunlampungselatan",waterfall
https://www.instagram.com/p/CZMUjTaPprE/,346.jpg,2022-01-26 12:00:48,"UBER GEONUSANTARA
Rabu, 26 Januari 2022
°
°
""dibalik keindahan terdapat lokasi yang porak poranda""
°
°
📍End Spot, Pantai Mandapa, Pesawaran, Lampung
°
°
Unggah Bersama @geonusantara
GEO ID #GEO061803208
#geo0826uber
Keluarga #geonusantara #GeoLampung #staysafe
°
°
 #nikonindonesia #greatshotz #lampunglandscapers  #wisatalampungselatan #indonesiaphotography #ic_landscape #ic_longexposure  #cameraindonesia #genpilampung #lampunginsta #lampunggeh #pikniklampung #PantaiMinangRua #haidaindonesia
#siruifilters #siruiindonesia #siruiaustralia #focusonelampung #plazafotolpg #hipaae
#serikat_fi #kemenpar #composekld #instanusantara",boardwalk
https://www.instagram.com/p/CatNJ-JPi3T/,347.jpg,2022-03-05 03:02:30,"Air terjun batu lapis Tanggamus Lampung

.
.
.
#tempatwisatalampung
#wonderfulindonesia
#waterfall
#lampunghits #lampungeksplore #lampungeksis_ #lampungwisata #wisatalampungselatan",waterfall
https://www.instagram.com/p/DNz232s5tL2/,348.jpg,2025-08-26 07:43:34,"Relax & recharge

#cafebakauheni #cafelampungselatan #wisatalampungselatan #wisatabakauheni 
#billiardbakauheni",sushi bar
https://www.instagram.com/p/Cmstgq7LxHH/,349.jpg,2022-12-28 04:42:42,"Potret dari sudut mana aja tetap indah view nya💖
.
#janah2410 #fff💋 #lflfff❤ #lfl💛 #lfl❤️ #flfl💛 #flf❤ #flf  @tempat_wisata_lampung @selebgram.lampuung @lampungselatanexplore #wisatalampungselatan #selebgramlampuung @pantai.marina.official @lampungexplore_id #ootdstyle #ootddaily #ootdfashion #ootdhijab #selebgramlampung_id #ootdselebgram #selebgramlampung_ #gadisindonesia37 #selebgramindonesia #pantaimarina #fypindonesia #remajaindonesiaaaa #fypシ❤️💞❤️ #fypinstagram #fypシ #ａｅｓｔｈｅｔｉｃ #pantaiindonesia #beachvibes",coast
https://www.instagram.com/p/CooQUMtytkZ/,350.jpg,2023-02-14 04:13:25,"Selasa, 14 Februari 2023

Sosialisasi dari Dinas Perumahan dan Pemukiman Kabupaten Lampung Selatan .
.
. 
.
📍Jl. Raya Suak Desa Suak Kec. Sidomulyo Lampung Selatan 

_______________
Follow & tag foto kamu 
IG @desa.suak
FB Pemdes Suak

________________
#desasuak #desawisata #sidomulyo #lampungselatan #pantailampungselatan #wisatalampung #wisatalampungselatan #piknik #healingvibes",kindergarden classroom
https://www.instagram.com/p/CmbWPOSPmB5/,351.jpg,2022-12-21 10:52:16,"Asyiknya liburan ke @inkragarden_lampung 🤩🤗

Berenang sepuasnya 🏊🏊🏊
Bersama kawan dan keluarga

Terima kasih kunjungannya yg kesekian kali 😍😍👪💙

#inkragarden_lampung #tamanbunga #kolamrenang #kolamrenanganak #airgunung #liburankeluarga #libursekolah #liburakhirtahun #kalianda #kaliandarajabasa #hargopancuran #intaikrakatau #lampung #lampungselatan #wisatalampungselatan #wisatalampung",water park
https://www.instagram.com/p/CvZFddDrQ1u/,352.jpg,2023-08-01 06:29:43,"piknik private
.
.
.
.
.
👰🏻‍♀️:@its.indul 
📸:@__her.mawan 
.
.
.
.
#pikniklampung #wisatalampung 
#pantaikedu #pantaikedulampungselatan 
#wisatakalianda #wisatalampung #wisatalampungselatan #pantaikalianda #lampunghits #lampung #bglampungkece #lampunggeh #lampungkece",campsite
https://www.instagram.com/p/CPkKhKyFpIT/,353.jpg,2021-06-01 05:00:57,"Ada yang pura-pura sok sibuk agar bisa menhindari seseorang
.
.
📸 @fiiitryaa_ 
. 
.
#SebalangBeach #lampung #lampunginsta #potretlampung #explorelampung #wisatalampung #wisatalampungselatan #lampunghits #lampungkece",ice floe
https://www.instagram.com/p/CPhG8j2M7-E/,354.jpg,2021-05-31 00:32:01,"Kincir ga, kincir ga, kincir ga ???
Kincir lah masa nggak ....

#wisatalampungselatan #wisatalampung",archaelogical excavation
https://www.instagram.com/p/COHYqd3Fpzu/,355.jpg,2021-04-26 04:15:11,"Posted @withregram • @mulyasarii10 Gak Tau Kenapa Akhir-akhir ini Jarang Makan Siang 😁🤭
.
.
Semangat ya Puasanya,Happy Weekend 😎💪🌴☕
.
.
.
@bukitpematangsunrise Bakauheni,Lampung Selatan 
.
.
.
.
#jelajahsumatera #selampung #wajahlampung #lampungeksis 
#bukitpematangsunrise #wisatalampungselatan",islet
https://www.instagram.com/p/CcMvbRuv0cj/,356.jpg,2022-04-11 05:29:48,"Waterboom in Krakatau Kahai Beach Hotel

#kahaibeachlampung#kahaihotel#waterboomkahaibeach#wisatalampungselatan#explorelamoung#objekwisatalampungselatan",plaza
https://www.instagram.com/p/Cm3ZjL8yUyG/,357.jpg,2023-01-01 08:19:56,"Yang ku tahu kita sudah menjadi asing dan memilih jalan nya masing masing .
.
.
.
@lummayvillaresort @pantaiminangrua_lampung @wisatalampung @wisata_lampunghits @gvr.travellinglampung @explorewisatalampung @wisatalampung_lampungwisata @wisata_lampunghits @ga_lampung_hits @lampunghits__ @lampunghits.id @sobatlampung @lampung_hits01 
#lummayvillaresort #pantaiminangrua #wisatalampung #wisatalampungselatan",diner/outdoor
https://www.instagram.com/p/CUxOI7lv9Px/,358.jpg,2021-10-08 13:19:41,"PANTAI SETIGI HENI
Objek wisata rekreasi keluarga yang nyaman, dengan pemandangan laut dan pasir hitam yang memanjakan mata.
 #wisatalampung 
#wisatalampungselatan 
#pecintaalam 
#peta 
#mtma 
#mapala",ocean
https://www.instagram.com/p/CjyxXloBUrt/,359.jpg,2022-10-16 23:37:41,"Peivate Lampung City Tour 2H1M
--------------------------------------------------------
Destination : 
• Taman Batu Granit
• Kampung Bali 
• Lamban Gedung Kuning
• Pulau Tegal Mas
• Puncak Mas
• Pugung Raharjo

TERMASUK
1.Transport / Avanza/Innova/ELF
2.Perahu Jelajah
3.Hotel 
4.Dokumentasi
5.Air Mineral
6.Makan Pagi 1x
7.Makan Siang 2x 
8.Makan Malam 1x
9.Tour Guide
10.Biaya masuk kunjungan ke lokasi wisata.
----------------------------------------------------------
Reservation & Information Tour :
📱0812-85199-777 / 0812-2255-1111
📧 info@angkasatourtravel.com / lampung@angkasatourtravel.com
💻www.angkasatourtravel.com 
📌Jl. Wolter Monginsidi. Gg Hasan No.27/05 - Bandar Lampung

.
#tourlampung #pariwisatalampung #wisatalampungutara #tourlampungjogja #tourlampungbali #wisatalampungselatan #tourlampungjawabali #tourlampungpahawangisland #pakettourlampung2022 #pakettourlampungjogja #wisatalampungtimur #paketwisatalampung #wisatalampungku #pakettourlampung #wisatalampungme #tempatwisatalampung #pariwisatalampungbarat #intags #tourlampung2023 #tourlampung #paketwisatalampungjogja #wisatalampungbarat #tourlampungselatan #buspariwisatalampung #tourlampung2022 #wisatalampung01 #wisatalampung #tourlampungmurah #wisatalampungkeren",pagoda
https://www.instagram.com/p/DNcGn8Lvjqv/,360.jpg,2025-08-17 02:19:26,@pemkab.lampungselatan @radityoegi @M.SYAIFUL.ANWAR.#pesonamerahputihlampungselatan #HUTKE80RI #wisatalampungselatan #radityoegi #syaifulanwar #kawasanmenarasiger #lampungselatanmaju #bismillahbisa .,amusement park
https://www.instagram.com/p/CnKBDa6vdcP/,361.jpg,2023-01-08 13:51:27,"📍Sunset di Villa wartawan demansion

Pemandangan indah dari Wartawan Demansion melihat gunung krakatau🌋
#lampungexplore #wisatalampungselatan #infolampung #sunset",balcony/interior
https://www.instagram.com/p/Cbt04-kP-No/,362.jpg,2022-03-30 05:21:06,"Air Terjun Way Tayas
---------------------
RUN // ME TIME // VASELINE

Mungkin bagi sebagian besar orang termasuk saya, sebelum mencoba olah raga lari pasti akan berpikiran bahwa olah raga lari adalah olah raga yang sangat membosankan karna kita harus berlari berkilo-kilo meter dan menghabiskan waktu bejam-jam, dibawah teriknya nya matahari yang mempunyai efek buruk bagi kulit kita.
.
Tetapi ternyata pikiran saya salah, saya merasakan hal yang berbeda ketika memulai olah raga lari. saya merasa berlari adalah waktu yang tepat bagi diri saya mendapatkan “Me Time”, yang membuat perasaan saya senang dan tenang, saya juga selalu mendapatkan semangat/energi baru ketika setelah berlari untuk menjalani aktifitas selanjutnya, bahkan saya sangat sering mendapatkan ide-ide baru dan luar biasa ketika sedang berlari. lari sama sekali tidak pernah membuat saya merasa bosan walaupun saya berlari 4-6 kali setiap minggunya,
.
Apalagi klo larinya di temenin sama produk daily suncare andalan saya dari vaselin.
Yuppss… benar vasilin baru ngeluarin produk daily sun care yang di import langsung dari korea, seperti yang kita tahu korea adalah pusatnya tempat pembuatan produk personal care/kosmetik yang berkualitas dan karena dibuat di korea pastionya produk ini cocok untuk kita yang memiliki kulit asia. vaselin daily sun care ini yang sangat cocok untuk kita yg suka olahraga diluar ruangan karena memiliki keunggulan:
.
✅Mengandung bahan petroleum jelly yang berfungsi mengunci dan mejaga kelembapan kulit agar tetap terhidrasi
✅melindungi kulit dari paparan sinar matahari dan sinar uv 🌞
✅Waterflux Technology yang ringan dan tidak lengket serta mudah menyerap
✅No white cast yang membuat muka saya tidak belepotan sana sini.
.
Jadi gak perlu takut lagi deh untuk mendapatkan manfaat dan kebaikan lari dibawah teriknya matahari karna ada vaselin daily sun care.
.
TAMPIL PERCAYA DIRI DAN TERLINDUNG DARI SINAR MATAHARI DENGAN VASELINE SUN CARE “Chin Up Under The Sun”🌞

#ChinUpUnderTheSun #VaselineSunCareIndonesia #VaselineBerlinRun2022⁣
#berlinrun2022
#VaselineSunCareBerlinRun2022

#runhappy #lampungselatanexpore 
#wisatalampungselatan #kaliandaig 
#kaliandakeren
#running #runners #vaseline",waterfall
https://www.instagram.com/p/C13QWDySHNa/,363.jpg,2024-01-09 02:50:25,"Ku tunggu kau di warung pojok🤣😂

#deogratias #begrateful #marinalampung #pantaimarinalampung #wisatalampung #wisatalampungselatan #healing",promenade
https://www.instagram.com/p/CLy7ek2lxza/,364.jpg,2021-02-27 12:32:33,"""Alam menciptakan kemapuan, keberuntungan melengkapi Nya dengan kesempatan ;) ""

. 
. 
. 
. 

#lfl❤️ #lflfff❤ #lfl_fff_l4l_lforl_likeforlike_f4f_fforf_followforfollow💕 #lflwisataalam #wisatalampungselatan #airterjunanglowayrataipadangcermin3 #lfl❤️",swimming hole
https://www.instagram.com/p/CfgpEEgJmE1/,365.jpg,2022-07-02 12:33:12,"ENJOY EVERY PROCESS ''Apabila sesuatu yang kau senangi tidak terjadi maka senangilah apa yang terjadi.'' - Ali bin Abi Thalib -
.
.
.
.
.
#wisatalampung #wisatalampungselatan #lampunggeh #lampungexlpore #wisataindonesiakeren🇲🇨",construction site
https://www.instagram.com/p/Cd8fMOwv4NF/,366.jpg,2022-05-24 15:02:53,"Titik 0 km masuk pulau Sumatera.
.
Lokasi : Menara Siger - pelabuhan Bakauheni - Lampung Selatan
.
Salam Sehat
.
=========================,

#landscape_photography #landscapephotography  #photooftoday #photographylandscape #photography_landscape #photography_indonesia  #beautifulindonesia 
#landscapelovers  #loveindonesia  #photographylovers  #pesonalampunginsta  #indonesiaku #lampunglandscapers #wisatapantai #wisatalampung  #lampungexpoler  #pantai #bakauheni  #beach #beachlover  #menarasiger #wisatalampungselatan #travelphotography #fff💋  #fff  #fff😊 #traveling  #travelblogger",sky
https://www.instagram.com/p/Cxb1bE4RWpg/,367.jpg,2023-09-21 01:10:06,"⛱️, Minang Rua💙

#lampungselatan #bakauheni #minangruabeach #pesonaindonesia #wisatalampungselatan #wisatalampung #wisataindonesia #beach",rice paddy
https://www.instagram.com/p/CX3fYtxpl-F/,368.jpg,2021-12-24 13:20:01,"Wayblerang simpur kalianda
.
.
.
#kalianda #lampunghits #insta #kaliandakeren#wisatalampungselatan",hot spring
https://www.instagram.com/p/C7I9hxkS8Y5/,369.jpg,2024-05-19 06:29:17,"#tripbatulapis #pantaibatulapis 

13 Mei 2024 , 
Trip to Batu Lapis Kalianda kali ini jadi momen paling seru sepanjang pengalaman kami mengunjungi pantai di Lampung.

Seru dan memacu Adrenalin! 
But Worth to lving for!

Akses jalan menuju lokasi bagus dan lancar, 
2 jam jalan darat lewat Tol , di lanjudkan perjalanan 1 jam menuju Kahai beach Resort , yang alhamdulillah lancar jaya.

Parkir mobil bisa di Kahai Resort, terus jalan kaki 600m menuju pantai nelayan setempat. 
Kita harus menyebrang  utk bisa ke Pantai Batu Lapis. 

Pantai ini sepi seperti terlantar dan tak berpenghuni, kalo mau jujur agak ngeri dan Takut,

Alhamdullillah, ketemu beberapa warga Nelayan, yg masya Allah ramah2 dan baik banget
Mereka bilang, beberapa tahun sebelum Pandemi Covid19 tempat ini ramai di kunjungi Backpacker dan wisatawan yg menyukai tempat2 ekstrim dan  eksotis,
Namun Pandemi dan Letusan Gunung anak Krakatau beberapa tahun yg lalu menjadikan tempat ini sepi, terbiar  dan  tak lagi di jamah pengunjung. 

Well , karena kita udah sampe sejauh ini dan Penasaran,
Kami  naik perahu nelayan penangkap ikan , menuju ‘Hidden Paradise’  Batu Lapis.
Mengucap Syukur kepada Allah atas nikmat sehat dan kesempatan , menikmari indahnya alam ciptaan-Nya, 
Pengalaman yg menjadi momen paling berkesan sepanjang hidup 🤲🏻❤️

#hiddenparadise #pantai #wisatalampung #wisatalampungselatan #pantaibatulapis #pantaibatulapiskalianda",cliff
https://www.instagram.com/p/Ce3iE-pJyH2/,370.jpg,2022-06-16 13:23:18,"''Jalani yang sudah jadi jalan nya.''
.
.
.
.
.
#wisatalampungselatan #lampungselatan #kaliandalampungselatan📍 #lampunggeh #wisataindonesiakeren🇲🇨",ocean
https://www.instagram.com/p/CLba4HNnpv1/,371.jpg,2021-02-18 09:25:09,"Tuan! Pada senja sore hari ini, kutitip salam rindu untukmu yang entah aku tidak tahu kapan Allah takdirkan kita bertemu. Satu yang pasti, semoga Allah selalu meridhai setiap langkahmu dalam hal kebaikan dan langkah kakimu segera sampai menujuku. #DiaryMeymey

📸 @andri.stwn2
🏖 @pantai_minangrua, Bakauheni, Lampung Selatan

#sajakmeymey #pantaiminangrua #pesonaindonesia #inilampungyay #explorewisatalampung #lampungselatanamazing #lampungkuindah #disparbudlamsel #lampungselatan #wonderfullkalianda #wisatalampungselatan #kaliandaig #bakauheni #lampung #Indonesia #amazing #banggatinggaldiindonesia #lampungholiday_ #traveller #travelling #pegiatliterasi #pegiatwisata #relawan #bloggers #vloggers #senja",coast
https://www.instagram.com/p/ChEem9BBiUH/,372.jpg,2022-08-10 07:05:54,"📌@hutan_mangrovelampung 

#lampunghits #lampunggeh #wisata #wisatalampungselatan #pesawaranlampung #pesawaran #ets #procreate #photo #photograph #phorographer",boardwalk
https://www.instagram.com/p/CwZlT5GJJu5/,373.jpg,2023-08-26 07:39:26,"Catur armada solution, solusi terbaik perjalanan anda😊🙏
info pemesana⬇️⬇️
.
wa: 0878-1327-6793
.
#rentalmobiljogja 
#rentalmobillampung 
#rentalmobilbandarlampung 
#sewamobilbali #sewamobillampung 
#sewamobilmurah
#wisatalampung
#wisatabandarlampung 
#komunitasrentalmobilindonesia
#wisatalampung
#wisatalampungbarat #wisatalampungselatan
#pahawang
#wisatategalmaslampung
#wisatapahawang
#hiaceindonesia 
#hiacepremio 
#sewahiace 
#sewahiacejakarta 
#sewahiacemurah
#sewahiacelampung 
#sewamobillampungmurah 
#pariwisata 
#hiacepariwisata 
#sewatoyotahiace",parking garage/outdoor
https://www.instagram.com/p/CJ6gy1kM23s/,374.jpg,2021-01-11 18:10:32,"Duduk di beanbag Bersama orang2 tersayang, menikmati sunset diiringi musik acoustik, Yaa itulah kita.. pecinta keindahan Sang Pencipta #pantai_keduwarna #wisatalampungselatan #wonderfullampungselatan #wonderfulkalianda #wonderfulindonesia #kaliandaig #pantai #sunset",desert/vegetation
https://www.instagram.com/p/Csd3zMXy_rP/,375.jpg,2023-05-20 13:32:22,"Mau foto dari sudut manapun view nya tetap indah @pantai.marina.official 
.
.
.
.
#pantaimarina 
#pantaimarinakalianda 
#pantaimarinalampungselatan 
#wisatalampungselatan",lagoon
https://www.instagram.com/p/CmEUePUrPAB/,376.jpg,2022-12-12 12:14:18,"Save here🙌
.
#janah2410 #fff💋 #lflfff❤ #lfl💛 #lfl❤️ #flfl💛 #flf❤ #flf  @tempat_wisata_lampung @selebgram.lampuung #wisatalampungselatan #selebgramlampuung @pantai_keduwarna #ootdstyle #ootddaily #ootdfashion #ootdhijab #selebgramlampung_id #ootdselebgram #selebgramlampung_ #gadisindonesia37 #selebgramindonesia #remajaindonesia37 #fypindonesia #remajaindonesiaaaa #fypシ❤️💞❤️ #fypinstagram #fypシ #ａｅｓｔｈｅｔｉｃ #nightlights #night #nightvibes",shoe shop
https://www.instagram.com/p/CiKJ1CmpFnt/,377.jpg,2022-09-06 08:31:10,"#mbeach 
#wisatalampungselatan",kindergarden classroom
https://www.instagram.com/p/CdhhB69pqUo/,378.jpg,2022-05-14 03:39:27,"Istirahat sejenak dari hiruk pikuk kehidupan dunia ❗
-
-
- #wisatalampungselatan  #traveling  #jalanjalan  #wisatalampung #lampunghits",beach
https://www.instagram.com/p/DTkyNK2EvkF/,379.jpg,2026-01-16 14:22:33,"memories in January
#storytime 
#intagramreels 
#holidayseason 
#lampunghits 
#lampunggeh 
#wisatalampungselatan",islet
https://www.instagram.com/p/CU1Pz4clHn1/,380.jpg,2021-10-10 02:51:15,"Laksana mingke menenangkan Anelis🌻
.
.
LOC📍:Desa Sukaraja Kaki gunung Rajabasa
. 
. 
From @dimassoooooooooo
. 
. 
#kaliandahits #wisatalampungselatan #wisatalampung #kalianda #kaliandaig #gunungrajabasa #pendakicupu #backpakerindonesia #backpakerstory #nebengsehat
.
.
Jangan lupa abadikan momen petualanganmu dengan tag ke akun @pendakicupu.lampung disertai #pendakicupulampung

jangan lupa follow
@pendaki.cupu 
@pendakicupusrikandi
@pendakicupusumbar
@pendakicupusumsel
@pendakicupu.jakarta
@pendakicupuyogyakarta
@pendakicupujabar
@pendakicupu.jatim
@pendakicupujateng
@pendakicupujakarta
@pendakicupusumut
@pendakicupubengkulu
@pendakicupukaltara
@cupu.store",pasture
https://www.instagram.com/p/DNcOKc3hyFC/,381.jpg,2025-08-17 03:25:19,"""Indahnya alam Lampung Selatan berpadu dengan semangat Merah Putih.
Di setiap langkah wisata, ada cinta pada negeri yang kita jaga bersama.
Dirgahayu Republik Indonesia ke-80! 🇮🇩

#PESONAMERAHPUTIHLAMPUNGSELATAN #HUTKE8ORI #WISATALAMPUNGSELATAN #RADITYOEGI #SYAIFULANWAR #KAWASANMENARASIGER #LAMPUNGSELATANMAJU #BISMILLAHBISA.",motel
https://www.instagram.com/p/DUR2yclkhQJ/,382.jpg,2026-02-03 02:28:25,"The best is yet to come,,patient😊
#storytime 
#wisatalampungselatan 
#lampunghits 
#viralpost 
#fypシ❤️",balcony/interior
https://www.instagram.com/p/CW8HbuYvLdH/,383.jpg,2021-12-01 11:55:31,"Titian mutiara beach, berlokasi di desa betung, kecamatan rajabasa, kabupaten lampung selatan, provinsi lampung, Indonesia.
Titian mutiara beach adalah wisata terbaru di pesisir rajabasa.
Jika kalian dari kota kalianda, ke arah dermaga bom. Sekitar 10 menit perjalanan dari dermaga bom, sebelah kanan kalian ada jalan masuk ( jalan masuk hanya muat 1 mobil ).
 Dahulunya, tempat ini adalah lahan  kosong tidak terpakai. Atas gagasan pemilik, tempat ini di jadikan tempat wisata yang keren.
Berada di sini, seperti kita berada di bali, dengan suasana khas bali.
Di sini terdapat banyak fasilitas. Ada kolam renang yang dalam pembangunan, musholla, toilet. Selain itu ada tempat duduk dengan payung khas bali, dan ada juga beberapa gazebo untuk bersantai.
Di titian mutiara beach, terdapat way titian yang sudah ada sejak tahun 1800. Menurut cerita, way titian adalah tempat pemandian para putri raja, sebelum gunung krakatau meletus di tahun 1883. 
Oh ya, untuk tiket masuk 10 ribu rupiah. Mobil 10 ribu rupiah. Dan motor 5 ribu rupiah. Di sini terdapat makanan khas titian olahan seafood, rasanya seperti tomyam. Dan yang pastinya, ada kelapa muda yang sangat lembut, yang menjadi minuman khas di pantai titian mutiara beach.
Yuukk..wisata ke lampung selatan !
Salam, kurnianoen travelling
@titianmutiarabeach @syah_herwan @dinaspariwisata.lampungselatan @wisatalampungselatan .

#kurnianoen #wisatalampungselatan #pariwisatalampungselatan",pier
https://www.instagram.com/p/DNc4QcrJSlj/,384.jpg,2025-08-17 09:33:08,"Ahad, 17 Agustus 2025

Kegiatan Upacara Kemerdekaan Republik Indonesia Ke 80 Tahun di Selenggarakan di Menara Siger Bakauheni Kec. Bakauheni Kab.Lampung Selatan. 

#PESONAMERAHPUTIHLAMPUNGSELATAN 
#HUT80RI #WISATALAMPUNGSELATAN #RADITYOEGI #SYAIFULANWAR #KAWASANMENARASIGER #LAMPUNGSELATANMAJU
#BISMILAHBISA",pavilion
https://www.instagram.com/p/C7frzxYyyT7/,385.jpg,2024-05-28 02:16:59,".
Terkadang sekali2 foto nampal belakang nya aja itu perlu….
Kalau depannya sudah keseringan 🤩

.
.
.

💃🏿💃🏿💃🏿💃🏿💃🏿💃🏿…..28 Mei 2024

#alhamdulillah 
#happyholiday 
#ukhticantik 
#lampung 
#pantaimarina 
#pantaimarinakalianda 
#pantaimarinakaliandalampungselatan 
#wisatalampung 
#wisatalampungselatan 
#wisatalampungexplorer 
#wisatalampungindonesia",art school
https://www.instagram.com/p/DDFKZjAvQ18/,386.jpg,2024-12-02 15:15:57,"Pindah tidur disini aja, bawa tenda tas gede, ngopi sebat Hahaa..Hiihii.. besok kita pikirkan lagi. 🏕🏝

📍Bukit Slimpuyang, Suak Sidomulyo Lampung Selatan @pantai_cukuh_perak 

Colab @squadpps_ x @mendadakmuncaklpg 

#bukitslimpuyang #wisatalampung #lampunghits #lampunginsta #lampunggeh #lampungupdate #kalianda #sidomulyolampungselatan #lampungselatan #pantaicukuhperak #pejalankakilampung #sahabatpendakilampung #pendakilampung #mendadakmuncak #pendakipalingsantuy #lampungreels #lampungkeren #pariwisatalampung #lampung #wisatalampungselatan",islet
https://www.instagram.com/p/ClKaplGByVJ/,387.jpg,2022-11-20 00:32:20,"Life for a cause not for applause
.
.
.
.
.
.
📍Bukit Slimpuyang - Sidomulyo
.
.
#bukitslimpuyang #bukitslimpuyangsidomulyo #lampunghits #lmpunggeh #wisatalampung #wisatalampungselatan #eksplorelampung #eksplorelampungselatan #lampunginsta #lampunghits #lampungupdateid",mountain path
https://www.instagram.com/p/Cc3pU-rvLjD/,388.jpg,2022-04-27 21:23:52,"Pesona keindahan lampung dari Bakauheni, Bakauheni, Lampung Selatan

Walau mata tak bisa menilai, ada hati yg masih melihat .... 🤪🤪🤪

Reposted from : @agung_anugra86
📌Loc : Bukit pematang Sunrise, Bakauheni Lampung Selatan

Yuk bagikan aktivitas wisata mu di @lampungtour.id
.
.
.
.
.
.
.
.
.
.
.
#wanitaberhijab #wanitacantik #ootdhijab #hijabfashion #explorelampung #wisatalampungselatan #lfl#lfl💛lfllflfllffllflflflflflflflflfllflflflflflflflflflflflflflflflflflflflflflflflflflflflflfllflflflflflflflflfllflfllflflflflflflfllflflflflflllfl #lfl💛 #lflfff❤ #like4likes #likeforlikes #likeforfollow #follow4followback #followfollowfollow #fff #fff😊 #fff😊ff💋ff👌ff💕4f❤️🔝🔫💣44follow４followforfollow４f4frs4likeforlikeforfollow4likeforlikesback44likes4me4lramahhits #fff💋 #lff❤ #lfflfff😊ff💋ff👌ff💕4f❤️🔝🔫💣44follow４followforfollow４f4frs4likeforlikeforfollow4likeforlikesback44likes4me4lramahhit",boardwalk
https://www.instagram.com/p/Ck6x4S4Bxra/,389.jpg,2022-11-13 22:47:28,"Sabar itu mahal makanya hadiahnya surga,kalau murah hadiahnya pasti cuman dispenser 👻
.
📍Pantai Suak - Sidomulyo
.
.
.
.
.
.
#pantaitersembuyilampung #pantaisuak #pantaisuakkalianda #pantailampung #lampungpotret #lampungyay #wisatalampung #wisatalampungselatan #potretlampung #lampungeksplore #lampungyay #lampunghits",beach
https://www.instagram.com/p/CZVApzyBJLu/,390.jpg,2022-01-29 21:00:05,"Menembus batass...
Menara pandang @pantai_keduwarna 

#pantai_keduwarna 
#kaliandaig 
#wisatalampungselatan",oilrig
https://www.instagram.com/p/DNce-VHyHe6/,391.jpg,2025-08-17 05:52:12,"Berdiri tepat didepanmu menghadirkan berbagai macam perasaan, begitu megah dan gagah kau berkibar.
.
Terima kasih pada para pahlawanku yang telah berjuang untuk Kemerdekaan Indonesia.
.
Merah Putih di Menara Siger, menyatukan ragam suku dan budaya di Bumi Ragom Mufakat.
.
#pesonamerahputihlampungselatan 
#hut80ri 
#wisatalampungselatan 
#radityoegi 
#syaifulanwar 
#kawasanmenarasiger",carrousel
https://www.instagram.com/p/CpNZhOPvaSm/,392.jpg,2023-02-28 14:25:45,"Soft Opening April 2023.
Pantai Minangrua Bakauheni Lampung Selatan.
Kolaborasi @lembah_durian_farm_stable 

#beach #vacation #swimmingpool 
#villa#resort
#jalanjalan #traveling #wisatalampungselatan #minangrua",balcony/exterior
https://www.instagram.com/p/DJNaigKTs0W/,393.jpg,2025-05-03 23:19:16,"— Happiness comes in waves ˖°𓇼🌊⋆🐚🫧

Big thanks to @pantai_keduwarna  for the all experiences, memories, warmth, and happiness💌

#wonderfulindonesia #wisatalampungselatan  #pariwisataindonesia",balcony/interior
https://www.instagram.com/p/DNcIXDapEX2/,394.jpg,2025-08-17 02:34:36,"Merah putih di menara siger, menyatukan ragam suku dan budaya di bumi ragom mufakat

@pemkab.lampungselatan @radityoegi @hut80ri @m_syaiful.anwar 
#pesonamerahputihlampungselatan #hutke80ri #wisatalampungselatan #radityoegi #syaifulanwar #kawasanmenarasiger #lampungselatanmaju #bismillahbisa",mosque/outdoor
https://www.instagram.com/p/DNb5Cuzzibd/,395.jpg,2025-08-17 00:20:46,""" "" ya tuhan jadikanlah negeri ini, negeri yg aman sentosa ,, 😇

📍 Merah putih dibumi Ragom mufakat, Bakauheni lampung Selatan 🇮🇩 

#pesonamerahputihlampungselatan
#hutke80ri
#wisatalampungselatan
#radityoegi
#syaifulanwar
#kawasanmenarasiger
#lampungselatanmaju
#bismillahbisa",temple/asia
https://www.instagram.com/p/CW8O_bHPCIk/,396.jpg,2021-12-01 13:01:34,"Titian mutiara beach, berlokasi di desa betung, kecamatan rajabasa, kabupaten lampung selatan, provinsi lampung, Indonesia.
Titian mutiara beach adalah wisata terbaru di pesisir rajabasa.
Jika kalian dari kota kalianda, ke arah dermaga bom. Sekitar 10 menit perjalanan dari dermaga bom, sebelah kanan kalian ada jalan masuk ( jalan masuk hanya muat 1 mobil ).
 Dahulunya, tempat ini adalah lahan  kosong tidak terpakai. Atas gagasan pemilik, tempat ini di jadikan tempat wisata yang keren.
Berada di sini, seperti kita berada di bali, dengan suasana khas bali.
Di sini terdapat banyak fasilitas. Ada kolam renang yang dalam pembangunan, musholla, toilet. Selain itu ada tempat duduk dengan payung khas bali, dan ada juga beberapa gazebo untuk bersantai.
Di titian mutiara beach, terdapat way titian yang sudah ada sejak tahun 1800. Menurut cerita, way titian adalah tempat pemandian para putri raja, sebelum gunung krakatau meletus di tahun 1883. 
Oh ya, untuk tiket masuk 10 ribu rupiah. Mobil 10 ribu rupiah. Dan motor 5 ribu rupiah. Di sini terdapat makanan khas titian olahan seafood, rasanya seperti tomyam. Dan yang pastinya, ada kelapa muda yang sangat lembut, yang menjadi minuman khas di pantai titian mutiara beach.
Yuukk..wisata ke lampung selatan !
Salam, kurnianoen travelling
@titianmutiarabeach @syah_herwan @dinaspariwisata.lampungselatan @wisatalampungselatan .

#kurnianoen #wisatalampungselatan #pariwisatalampungselatan
Reposted from @kurnianoen",waterfall
https://www.instagram.com/p/CmX0J49PjfB/,397.jpg,2022-12-20 01:56:43,"Luv guyss 🥰
.
.
.
More Info&Reservasi
Wa/Hp: 082110011844
#villalampung 
#wisatalampungselatan 
#virral 
#beatifullife 
#beachhouse 
#sunsets",kindergarden classroom
https://www.instagram.com/p/C3KzRN3P2kT/,398.jpg,2024-02-10 13:32:33,"Wah, selamat yah buat yang udah dapet ampao dari Pantai Aruna 😍
Jangan lupa berkunjung kembali ☺

#pantai #pantailampung #wisatalampung #wisatalampungselatan #lampungselatan #lampung #aeustetic #samsung #udarasegar #mytravelgram #hutanmangrove #bandarlampung #lampungtengah #campervan #camping #campunglife",pavilion
https://www.instagram.com/p/DNccztngKtk/,399.jpg,2025-08-17 05:33:17,"Selamat kepada Tim Paskibara Kab. Lampung Selatan Tahun 2025 🇮🇩🇮🇩🇮🇩🇮🇩🇮🇩
Sukses mengibarkan Bendera Merah Putih dengan gagahnya di Menara Siger, Menyatukan Ragam Suku dan Budaya di Bumi Ragom Mufakat 🩵🩵🩵🩵🩵
@pemkab.lampungselatan
@radityoegi 
@m_syaiful.anwar

#pesonamerahputihlampungselatan
#hutri80indonesia🇮🇩 
#wisatalampungselatan
#radityoegi
#syaifulanwar
#kawasanmenarasiger
#lampungselatanmaju
#bismillahbisa",promenade
https://www.instagram.com/p/CTtT9VGPqmi/,400.jpg,2021-09-12 04:22:11,"Alam tak pernah gagal dalam menyuguhkan ketenangan kembali (lagi) 🍂 
______________________________________________________________
#muslimahtraveler #muslimahfashion #muslimahsyari #travelerindonesia #wisatalampung #wisatalampungselatan #wisatapesawaran #hutanmangrove #hutanmangrovelampung #lampung #eksplorelampung #pantailampung #mangrovelampung #mangrovepesawaran #mangrovelampungselatan #pantailampungselatan #langkahmungill",boardwalk
https://www.instagram.com/p/C6Ae-H5va_-/,401.jpg,2024-04-21 02:56:57,"Hidup suka kadang-kiding jadi mari kita healing 🔥❤️

#pantaiindonesia #wisatalampungselatan #pantaisetigibatu",sky
https://www.instagram.com/p/CmDJj_OPBv3/,402.jpg,2022-12-12 01:19:43,"kapal oleng pak nahkoda....
---------------------------🛥️🛥️🛥️ 
kadang rezeqi datang gak ada yg tau, simponi perjanalanan ojeg kapal warga sebesi kadang penumpang nya sepi kadang rame, itulah kehidupan, di saat muatan kapal seperti ini ngelihat nya jga geli"" sedap alias bikin sport jantung, gmna tdk mau tdk mau penumpang orang harus duduk di atas atap perahu berbaur dng kendaraan roda dua(motor), karna di  dalam body kapal jg penuh dng barang belanjaan warga pulau sebesi, tapi yah karna sdh biasa warga lokal mh enjoy aja, kalut y klau dtang hujan mau tdk mau yaahhh harus rela kehujanan sampai sandar kapal d dermaga p. sebesi. 
:
loc:perjalan laut selat pulau sebesi lampung selatan
#wisatalampungselatan #nahkoda #wonderfuldestinations #wisatamurah #jelajahindonesia #jelajahilauttiadahenti",islet
https://www.instagram.com/p/CkU5BlsvmsW/,403.jpg,2022-10-30 05:38:46,"View of Kalianda beach
.
.
.
.
#tempatwisatalampung
#janah2410 #fff💋 #lflfff❤ #lfl💛 #lfl❤️ #flfl💛 #flf❤ #flf #wisatalampung @tempat_wisata_lampung @pantai_keduwarna @selebgram.lampuung #wisatalampungselatan #flflflflflflflflflflfl❤️ #pantaiindonesia #pantaiminangrua #selebgramlampuung #ootdstyle #ootddaily #ootdfashion  #selebgramlampung_id #ootdselebgram #selebgramlampung_ #gadisindonesia37 #selebgramindonesia #remajaindonesia37 #fypindonesia #remajaindonesiaaaa #fypシ❤️💞❤️ #fypinstagram #fypシ #ａｅｓｔｈｅｔｉｃ",pier
https://www.instagram.com/p/CXQ_Xb5JsLE/,404.jpg,2021-12-09 14:29:05,"Sesekali healing🤪

#lfl💛 #lfl❤️ #ootdhijab #ootdpantai #pantaiklaralampung #pantailampungselatan  #wisatalampungselatan",coast
https://www.instagram.com/p/CZdvpWvv4b5/,405.jpg,2022-02-02 06:24:38,"Rabu, 2 Februari 2022.
Kepala Dinas Pariwisata dan Kebudayaan Lampung Selatan, mewakili Bupati Lampung Selatan, menghadiri hari jadi Slanik Waterpark ke 6.
Selamat Ulang Tahun, semoga selalu sukses.
#slanikwaterpark #wisatalampungselatan #pariwisatalampungselatan

@slanik.waterpark",market/indoor
https://www.instagram.com/p/CY8LXMxP9_r/,406.jpg,2022-01-20 05:32:39,"""pagi itu""
°
°
📍Pantai Harnas, Bandar Lampung
°
°
#nikonindonesia #nikonteam #greatshotz #lampunglandscapers #geonusantara #geolampung #instanusantara #wisatalampungselatan #indonesiaphotography #ic_landscape #ic_longexposure  #cameraindonesia #genpilampung #lampunginsta #lampunggeh #pikniklampung #PantaiMinangRua #haidaindonesia
#siruifilters #siruiindonesia #siruiaustralia #focusonelampung #plazafotolpg #hipaae
#serikat_fi #fineart #kemenpar #composekld",islet
https://www.instagram.com/p/DJ5lZNJhV7_/,407.jpg,2025-05-21 03:00:00,"Langkah kaki di pasir putih, jepretan manis di Senaya Beach🌊✨

#pantailampung #pantaikaliandalampung #wisatalampung #pantailampungselatan #wisatalampungselatan #pariwisatalampung #pantailampungkece #kalianda #lampungselatan",beach
https://www.instagram.com/p/CZLJAWOpkym/,408.jpg,2022-01-26 01:00:40,"Pantai kedu ada 2 tempat. Pantai kedu sinar laut dan pantai kedu warna. Dalam video ini lokasinya berada di pantai kedu sinar laut, yang identik dengan kapal karamnya.
Pantai kedu sinar laut, hanya 5 menit dari pusat kota kalianda. Tepatnya berlokasi di jalan sinar laut, desa way urang, kecamatan kalianda, kabupaten lampung selatan, provinsi lampung.
Jalanan masuknya cukup luas, muat bus besar. Pantai ini cocok untuk rombongan yang ingin bersantai menikmati pemandangan indah dengan latar belakang gunung rajabasa.
Namun pantai ini tidak cocok untuk mandi di pantai, karena ombak nya begitu besar.
Pantai nya sangat bersih dengan hamparan pasir yang luas. Di sini terdapat beberapa gazebo dan beberapa warung penjual makanan. Di pintu masuk terdapat musholla dan toilet. Selain itu ada danau alami yang sangat cantik dengan beberapa spot foto.
Di sini lah salah satu sunset terbaik yang ada di lampung selatan.
Salam, kurnianoen travelling
@wisatalampungselatan @dinaspariwisata.lampungselatan
#pantaikedu #pantaikedusinarlaut #wisatapantaidekatkotakalianda #pantaikedukalianda #pantaikedukaliandalampungselatan #pantaikedulampungselatan #Pantaikedusinarlautkalianda #pantaikedusinarlautkaliandalampungselatan #Pantaikedusinarlautlampungselata #wisatakalianda #wisatalampungselatan #pariwisatalampungselatan #wisatadekatkotakalianda #Kurnianoen #wisatapantaikalianda #pantaikalianda #wisatalampung #pariwisatalampung #wisatapantailampungselatan",marsh
https://www.instagram.com/p/Coa4fJMSmAe/,409.jpg,2023-02-08 23:35:05,#pantaimarina #wisatakalianda #wisatakaliandalampungselatan #explorelampung #wisatalampungselatan #pantaimarinalampung,cliff
https://www.instagram.com/p/Ci2X4wIrEUF/,410.jpg,2022-09-23 12:40:35,"Be happy ʕ´•ᴥ•`ʔ
.
#janah2410 #fff💋 #lflfff❤ #lfl💛 #lfl❤️ #flfl💛 #flf❤ #flf #wisatalampung @tempat_wisata_lampung @minangruabeach_inn @pantaiminangrua_lampung #wisatalampungselatan #flflflflflflflflflflfl❤️ #pantaiindonesia #pantaiminangrua #selebgramlampuung #ootdstyle #ootddaily #ootdfashion #ootdhijab #selebgramlampung_id #ootdselebgram #selebgramlampung_ #gadisindonesia37 #selebgramindonesia #remajaindonesia37 #fypindonesia #remajaindonesiaaaa #fypシ❤️💞❤️ #fypinstagram #fypシ #ａｅｓｔｈｅｔｉｃ",badlands
https://www.instagram.com/p/CSLJnhup0DE/,411.jpg,2021-08-05 01:26:15,"🐎 Hewan pun mempunyai hati. Jika kita tak melukainya, maka ia pun tak akan melukai kita. 
————————————————
🌍 Lokasi : Kampung Kuda, Desa Gedung Agung Kec.Jati Agung, Kab.Lampung Selatan, Prov.Lampung, Indonesia. 
. 
#lampung #mampirlampung #pesonatraveller  #lampungtraveling #ingetlampung #jelajahlampung #lampungable #lampungselatanexplore #lampungselatanig #disparbudlamsel #lampungselatanamazing #lampungselatan #kampungkuda #jatiagung #wisatalampungselatan",amusement park
https://www.instagram.com/p/CezS3ljh80L/,412.jpg,2022-06-14 21:53:26,"''Bagaimana bisa kau mencintai karena ALLAH, sedangkan cinta sebelum halal adalah nafsu.''
.
.
.
.
.
#wisatalampung #wisatalampungselatan #wisatakaliandalampungselatan #lampunggeh #lampungexplorer #wisataindonesiakeren🇲🇨",beach
https://www.instagram.com/p/DNc39PyyJiI/,413.jpg,2025-08-17 09:30:31,"Bersatu, Berdaulat, Rakyat Sejahtera, indonesia maju
@radityoegi 
@m_syaiful.anwar 
@pemkab.lampungselatan 

#pesonamerahputihlampungselatan
#hutke80ri
#wisatalampungselatan 
#radityoegi
#syaifulanwar 
#kawasanmenarasiger 
#lampungselatanmaju
#bismillahbisa",windmill
https://www.instagram.com/p/Ctk4yEVvovg/,414.jpg,2023-06-17 03:27:02,"happy weekend...
Jangan lupa liburan bestieee...

#slanikwaterparklampung 
#slanikwaterpark 
#wisatalampungselatan 
#thelargestwaterparkinlampung 
#thetreasureofsumatra",water park
https://www.instagram.com/p/CbjYvS7vEg3/,415.jpg,2022-03-26 04:02:42,"Cahaya yang terang untuk jiwa yang sepi
°
°
📍Pantai Karang Gigi Hiu, Kelumbayan, Tanggamus, Lampung
°
°
#nikonindonesia #nikonteam #greatshotz #lampunglandscapers #geonusantara #geolampung #instanusantara #wisatalampungselatan #indonesiaphotography #ic_landscape #ic_longexposure  #cameraindonesia #genpilampung #lampunginsta #lampunggeh #pikniklampung  #knfilters #focusonelampung #plazafotolpg #hipaae
#serikat_fi #fineart #kemenpar #composekld #instanusantara #instanusantarabelampung",ocean
https://www.instagram.com/p/CtGRnw1Poly/,416.jpg,2023-06-05 06:07:38,"Senja sore laut pantai kota kalianda 
#senja #pantai #kotakalianda #wisatalampung #wisatalampungselatan",sky
https://www.instagram.com/p/CRgJjv3hIbG/,417.jpg,2021-07-19 08:38:23,"Tak hanya indah, Cagar Alam Krakatau menawarkan keanekaragaman hayati dan menjadi laboratorium alam raksasa. Yuk intip apa saja yang menarik dari laboratorium alam di lampung selatan ini  tinyurl.com/3aaedcx8 #wisatalampung #wisatalampungselatan  #wisataalamlampung #krakatau",islet
https://www.instagram.com/p/CUl-KaoNRHU/,418.jpg,2021-10-04 04:28:26,"Pengembala kebo😁
#gunungrajabasakalianda 
#wisatalampungselatan 
#selebgramlampung 
#wisatakalianda",rice paddy
https://www.instagram.com/p/CP0U5nhMzGu/,419.jpg,2021-06-07 11:39:31,"Santuy sejenak menikmati indahnya sunset @pantai_keduwarna 
Thanks Repost : @hestawiarni147 
#sunsetphotography 
#sunsetatthebeach 
#wisatalampungsai 
#mata_lampungku 
#wisatalampungselatan 
#kaliandahits 
#Kaliandaig",iceberg
https://www.instagram.com/p/CQS-xR5rV3v/,420.jpg,2021-06-19 09:22:36,"Basah KuYuppp

#lampunghits 
#lampungselatan 
#lampungfoodies 
#wisatalampungselatan",waterfall
https://www.instagram.com/p/Co4JtGVvi91/,421.jpg,2023-02-20 08:23:30,"Perdana 😬

#threegoplus 
#pematangsunrise 
#wisatalampungselatan",boat deck
https://www.instagram.com/p/CndXv4avWog/,422.jpg,2023-01-16 02:15:20,"Hai sobat ,
Sudah ada yang kangen belum tempat ini .
Hari libur telah usai .
Waktunya beraktivitas kembali ,siapakan waktu untuk kita hiling lagi .☺️

from : @_triinyuwat 

#menyapalampung
#lampungmenyapa
#infoselampung
#lampung
#lamsel
#lampungselatan
#wisata
#pariwisata
#jalanjalan
#dolan
#sunrise 
#liburan
#piknik
#wisatalampungselatan",rice paddy
https://www.instagram.com/p/CnBOQQwBjqz/,423.jpg,2023-01-05 03:53:38,#wisatalampungselatan #pantai sanggar,lagoon
https://www.instagram.com/p/CW3WG6GPcZD/,424.jpg,2021-11-29 15:27:33,"Jukung, adalah salah satu spot foto yang berada di Menara Siger yang menampilkan keindahan laut disekitar pelabuhan ASDP Bakauheni
.
.
.
.
📸 @janah.2410 
🌱 Menara Siger Bakauheni Lampung Selatan
.
.
.
.
.
.
#menarasiger 
#siger
#wisatabakauheni 
#wisatalampungselatan 
#tempatwisatalampung",vineyard
https://www.instagram.com/p/CboszpyPQwd/,425.jpg,2022-03-28 05:34:16,"Beautyful Sea
°
°
📍tanggamus, Lampung
°
°
#nikonindonesia #nikonteam #greatshotz #lampunglandscapers #geonusantara #geolampung #instanusantara #wisatalampungselatan #indonesiaphotography #ic_landscape #ic_longexposure  #cameraindonesia #genpilampung #lampunginsta #lampunggeh #pikniklampung  #knfilters #focusonelampung #plazafotolpg #hipaae
#serikat_fi #fineart #kemenpar #composekld #instanusantara #instanusantarabelampung",islet
https://www.instagram.com/p/CMWWUEGM_l2/,426.jpg,2021-03-13 06:40:28,"Wisata Gunung Batu, Tanjung Bintang, Lampung Selatan

✨ KUNJUNGAN KE POKDARWIS/BUMDES/KOPERASI ✨
. 
👥 Nama Mahasiswa : 
• M. Abid Rabbani (20756044)
• Nadiya Shabrina (20756046)
• Salsa Zulya Putri (20756052) 
. 
💯 Wisata Alam Gunung Batu dikelola resmi oleh Kelompok Sadar Wisata (POKDARWIS) yang bekerja sama dengan Badan Usaha Milik Desa (BUMDES) Desa Srikaton.
. 
💫 POKDARWIS sendiri merupakan lembaga kelompok masyarakat yang dibentuk untuk menjalankan kepariwisataan di Desa Srikaton serta bisa menciptakan sapta pesona. POKDARWIS Wisata Gunung Batu disahkan pada tanggal 10 Oktober 2019. Agar keberadaan kepariwisataan Gunung Batu bisa berjalan dengan baik dan kondusif maka diadakan kerja sama dengan Badan Usaha Milik Desa (BUMDES) Desa Srikaton.
. 
🌍 Lokasi : Wisata Alam Gunung Batu, Desa Srikaton, Kec.Tanjung Bintang, Kab.Lampung Selatan, Prov.Lampung, Indonesia. 
. 
#Repost @polinela_pw20b
#politekniknegerilampung #polinela #mahasiswapolinela #perjalananwisatapolinela #pwpolinela #anakpariwisata #pariwisatapolinela #kuliahpariwisata #tugaslapangan #pokdarwis #pokdarwislampung #bumdes #tatakelolaobjekwisata #anakkuliah #mahasiswalampung #mahasiswa #lampung #wisatalampung #lampungselatan #wisatalampungselatan #desasrikaton #gunungbatu",vineyard
https://www.instagram.com/p/CQDx4ZkpZid/,427.jpg,2021-06-13 11:41:22,"Diam dan buktikan 😇
.
.
.
.
.
.
.
.
.
.
.
#lfl💛lfllflfllffllflflflflflflflflfllflflflflflflflflflflflflflflflflflflflflflflflflflflflflfllflflflflflflflflfllflfllflflflflflflfllflflflflflllfl #wisatalampungselatan #sebalangyay",coast
https://www.instagram.com/p/DIu2E8th8c3/,428.jpg,2025-04-22 02:23:27,"Rio By The Beach 😍🏝️

#riobythebeach #riobythebeachlampung #kaliandabeach #wisatalampung #wisatalampungselatan",beach
https://www.instagram.com/p/CT5bOcoBrVR/,429.jpg,2021-09-16 21:16:34,"#Repost @rudy_8.2
...
Jangan cuman melihat hasil nya
TAPI
Nikmati & lihat proses nya

#pematangsunrise #pematangsunriselampung #bakauhenilampung #wisatabakauheni #wisatalampung #wisatalampungselatan #wisatabandarlampung #explorelampung",lagoon
https://www.instagram.com/p/CaQl9NGvi0W/,430.jpg,2022-02-22 00:21:14,"Hormon yang terlalu mengada-ada. Rindu pantai kok sepagi ini. Bilang aja cuma mau menghindari hari yang baru Selasa dengan jadwal meeting pekanan yang horror luar biasa 💔

#pantaisetigiheni #wisatalampungselatan #pantailampungselatan #pesisirkalianda #desacanggung #beachboys",beach
https://www.instagram.com/p/CdsSu3CvEkd/,431.jpg,2022-05-18 08:06:10,"Kenal mereka, dr 2013 saat awal kuliah sampai skrng. Dr seneng, sakit, duka, udh di lewatin ya kak, mbk. 
Klw bisa ketemu ya ketemu, bisa jalan ya jalan. 
1 motor ber 3 ??? 
GassSs..
#waytebingceppa(wtcKalianda)
#wisatalampungselatan",swimming hole
https://www.instagram.com/p/Cd-gfCzvhoJ/,432.jpg,2022-05-25 09:52:40,"Kebone rak iso di jak poto . Rak enek bakat lah . . .

#gunungrajabasa
#kalianda
#lampungselatan
#wisatalampungselatan",pasture
https://www.instagram.com/p/CawCktIvGGQ/,433.jpg,2022-03-06 05:27:45,"Happy weekend ☕
Gaes ada wisata baru lagi nih di Lampung Selatan namanya Pesona Bumi Krawang berlokasi di Desa Krawangsari Kecamatan Natar Lampung Selatan.

Disini banyak banget wahana menarik yang siap menguji adrenalin kalian misalnya Wahana Sepeda Gantung, karpet terbang dan flying fox. Untuk info lengkap terkait tiket masuk dan fasilitas lainnya klik link di story' ya
.
.
.
.
.
#pesonabumikrawang
#wisatalampungselatan 
#weekend 
#sepedagantung 
#outdoors 
#holiday 
#traveling 
#travel",fishpond
https://www.instagram.com/p/CWoowLevoKo/,434.jpg,2021-11-23 22:21:52,"Hidup bagaikan mengayuh sepeda terus bergerak sampai tujuan. Ketika berhenti mengayuh kamu akan jatuh
.
Semangat pagi
Good morning

.
===========================
#landscape_photography #landscapephotography #photographylandscape
 #beautifulindonesia 
#landscapelovers  #loveindonesia  #photographylovers  #indonesiaku #lampunglandscapers  #lampunglandscape  #lampungphotography  #lampungexpoler #alamlampung_
#mata_lampungku 
#kebunkaret #jatiagunglampungselatan  #jatiagung  #pariwisatalampung  #pariwisatalampungselatan  #wisatalampung  #wisatalampungselatan  #gowescantik  #gowesholic  #gowessantai  #goweslampung  #gowesnusantara #gowessehat  #sepedaonthel",forest path
https://www.instagram.com/p/CQogPzeMoOJ/,435.jpg,2021-06-27 17:59:10,"Semoga sampai ujung waktu, tempat ini bisa selalu mengukir senyuman idah kebahagiaan..
Camping malam minggu @pantai_keduwarna 
#pantai_keduwarna 
#campinglampung 
#wisatalampungselatan 
#wonderfullampungselatan 
#Kaliandaig",campsite
https://www.instagram.com/p/CPLLVlcHTjI/,436.jpg,2021-05-22 12:07:06,"besok kemana lagi kita???

#wisatalampungselatan 
#pantaipesisirlampung 
#holidays",coast
https://www.instagram.com/p/DGiiWmyJPKH/,437.jpg,2025-02-26 14:37:25,"Bermain dan mengasah bakat anak di Arjuna waterpark seru banget berbagai macam bakat tampil dipanggung keren keren 🥳🥳😊😊🥳☺️

@mayunadyana 
@eni_mayun 
#arjunawaterpark 
#wisatalampung 
#liburankeluarga 
#rekreasikeluarga 
#champion 
#gentlegen 
#mayora 
#wisatakalianda 
#wisatalampungselatan 
#kolamrenanganak 
#waterpark 
#fyp",art school
https://www.instagram.com/p/CMV61HIMf24/,438.jpg,2021-03-13 02:40:19,"Pantai Kedu warna

✨ KUNJUNGAN KE POKDARWIS/BUMDES/KOPERASI ✨
. 
👥 Nama Mahasiswa : Wiwinda Silitonga (20756056) 
. 
💯 Kelompok Sadar Wisata (POKDARWIS) Pantai Kedu Warna. Pengelolaan yang ada di objek wisata ini bisa di bilang sudah cukup baik, mengapa bisa dikatakan begitu? walaupun anggota pokdarwis di pantai tersebut hanya berjumlah 8 orang saja tetapi kebersihan, jumlah pengunjung, desain spot foto, serta lokasi objek wisatanya sudah cukup amat baik.
. 
💫 Pokdarwis Pantai Kedu Warna ini sangat rutin untuk membersihkan lokasi objek wisata tersebut. Mereka mulai membersihkan lokasi tersebut mulai dari pukul 06.00 WIB pagi, hal ini membuktikan kerja keras dari pokdarwis yang ada di Pantai Kedu Warna ini begitu semangat untuk mengembangkan destinasi wisata tersebut. Rencana pengembangan Pantai Kedu Warna sedang dirancang oleh pokdarwis. 
. 
🌍 Lokasi : Pantai Kedu Warna, Sinar Laut, Kel.Way Urang, Kec.Kalianda, Kab.Lampung Selatan, Prov.Lampung, Indonesia. 
. 
#Repost @polinela_pw20b
#politekniknegerilampung #polinela #perjalananwisatapolinela #pwpolinela #anakpariwisata #kuliahpolinela #pariwisatapolinela #kuliahpariwisata #tugaslapangan #pokdarwis #pokdarwislampung #tatakelolaobjekwisata #anakkuliah #mahasiswalampung #mahasiswa #lampung #wisatalampung #lampungselatan #wisatalampungselatan #pantaikeduwarna #pantaikedu",volleyball court/outdoor
https://www.instagram.com/p/CpXrs-IrvuM/,439.jpg,2023-03-04 14:17:02,Kebersamaan Way Tebing Ceppa Kalianda Lampung Selatan✨👍🏻🌊😇😊 #waytebingceppa #wisatalampung #wisatalampungselatan,hot spring
https://www.instagram.com/p/CSDgYtPhAMU/,440.jpg,2021-08-02 02:11:17,"Terima kasih kk kk kece 
Ditunggu ya acara camp selanjutnya 

Lokasi : @pantaikedu 
#wisatalampungselatan #wisatalampung #wisatakalianda #kaliandaig #kaliandaoutdoor",campsite
https://www.instagram.com/p/CN1Lr9LJbX1/,441.jpg,2021-04-19 02:35:28,"See you next time 👋
.
.
.
#tegalmasisland 
#wisatalampung
#wisatalampungselatan 
#pantaitegalmas",promenade
https://www.instagram.com/p/CUhYVLfvi4_/,442.jpg,2021-10-02 09:40:54,"Hidup adalah 10 % hal yang terjadi pada kita ,dan 90 % bagaimana kita meresponnya.

🚢🔭📌 lok :Dermaga  Eksekutif
  Pelabuhan Bakauheni 

#kelilinglampung
#wisatalampungselatan
#explorelampung
#gengkwaciexplore
#sahabattravellerlampung
#parapejalanlampung
#mata_lampungku
#wajahlampung",balcony/interior
https://www.instagram.com/p/CPn7b3arggK/,443.jpg,2021-06-02 16:06:07,#kurnianoen #kurnianoentravelling #pantaiembe #embebeach #mbbeach #pantaimb #merakbelatung #wisatalampungselatan #pariwisatalampungselatan #wisatalampung,beach
https://www.instagram.com/p/CN_efAbBGw6/,444.jpg,2021-04-23 02:32:07,"Wisata Alam. Gunung Batu. Desa Sri  Katon. Tanjung Bintang, Lampung Selatan.
.
.
Foto @rudiafrian04 TENANGLAH
tak perlu iri kita punya takdir masing masing,
hidup yg terlihat mewah belum tentu benar-benar indah.
.
.
Follow :
@jalanjalandilampung
@parapejalanlampung
@sahabattravellerlampung
@sahabattravellerindonesia
@pesonatraveller
.
.
#wisatalampungselatan
#tanjungbintang #gunungbatu
#jalanjalanlampung #jalanjalandilampung
#lampung #ayodolan 
#idpejalan #idpetualang 
#mytripmyadventure #mtma
#indonesiantraveller #indotravels
#triplampung #traveling 
#explore #nusantarakita #exploreindonesia #travellers #indozonetravel #travellampung 
#fotonesia #adventure 
#instagood #indotravellers 
#like4like #fff #likeforfollow 
#pesonaindonesia",picnic area
https://www.instagram.com/p/CYTCf0zLzBY/,445.jpg,2022-01-04 06:06:19,"Sans pinggir pantai:v
.
#janah2410 #storyaesthetic99 #ａｅｓｔｈｅｔｉｃ#selebgramlampuung #selebgramlampung_id #selebgramlampung_ #selebgramindonesia #ootdstyle #ootddaily #ootdfashion #wisatalampung #wisatalampungselatan #selebgram_lampung_id #pantaimarinakalianda #pantaimarinalampung #pantaimarina #fypシ #fypinstagram #fypindonesia #fff💋 #lfl💛 #fff😊 #lll #lflfff❤ #ombakpantai",lagoon
https://www.instagram.com/p/CU-NSWfvzDS/,446.jpg,2021-10-13 14:22:22,"Menurut saya, wisata terlengkap di lampung itu di kabupaten lampung selatan. Di lampung selatan, terdapat gunung, laut, belerang, air terjun, tebing, dll. bahkan gunung berapi pun ada. Di lampung selatan juga terdapat beberapa aktifitas wisata. seperti di pantai kalianda, kalian bisa surfing juga di sini #kurnianoen
#wisatalampungselatan
#surfmatrasouthlampung
#surf
#beach",ocean
https://www.instagram.com/p/CZapYv9pNHx/,447.jpg,2022-02-01 01:32:13,"Sunset nya indah banget kek omongan kamu 🤧
.
.
.
#pariwisatalampung #parapejalanlampung #wisatalampungselatan #berandalampung #potretlampung #hijabtraveller #lampunghits #inilampungyay #lampunggeh #likeforlikes #likesforlike #likeforlikeback #like4likes #likeforfollow #lll #llllllllllllllllllllllllllllllllllllllllllllllllllllllllllllllllllllll",ocean
https://www.instagram.com/p/CrHpcvwSJjy/,448.jpg,2023-04-17 01:52:17,"Senja mengajarkan kita bahwa keindahan tak harus datang lebih awal 🤗🤗
.
#wisatalampung 
#wisatalampungselatan 
#pantai 
#pantailampung 
#pesonaindonesia",playground
https://www.instagram.com/p/CbnQZqyv5WU/,449.jpg,2022-03-27 16:06:48,"Mendungpun tampak indah jika disitu ada cinta 😍😍

Foto repost @gfnphotography 

#pantai_keduwarna 
#preweddingphotography 
#wisatalampungselatan 
#ilovelampung 
#wisatakenallampung 
#kaliandaig",ice floe
https://www.instagram.com/p/CQ7dHK0g9WA/,450.jpg,2021-07-05 02:37:21,"""day light""
°
°
📍Teluk Hantu, Desa Pagar Jaya, Kec. Punduh Pidada, Kab. Pesawaran, Prov. Lampung
°
°
Inframe : @dedijuliandi3006
°
°
#nikonindonesia #nikonteam #greatshotz #lampunglandscapers #geonusantara #geolampung #instanusantara #wisatalampungselatan #indonesiaphotography #ic_landscape #ic_longexposure  #cameraindonesia #genpilampung #lampunginsta #lampunggeh #pikniklampung #PantaiMinangRua #haidaindonesia
#siruifilters #siruiindonesia #siruiaustralia #nikond600 #tamron1735 #focusonelampung #plazafotolpg #hipaae
#serikat_fi #fineart #kemenpar #composekld",beach
https://www.instagram.com/p/Cc7AwRhPJtq/,451.jpg,2022-04-29 04:46:17,"Kepantai Berenang❌
Kepantai Ngamen✔️
😂🤣

#fujifilm #fujifilmxseries #fujifilmxt200 #xt200 #Siriant #SiriantPhotography #pantai #pantailampung #pantailampungselatan #pantaikalianda #pantaikaliandalampung #pantaiindonesia #mbeach #mbeachlampung #wisatalampung #wisatalampungselatan #holiday #liburan #liburlebaran",beach
https://www.instagram.com/p/Ctv8UOEJPVL/,452.jpg,2023-06-21 10:29:34,"True
. 
. 
. 
. 
. 
. 
📌lok. Sanggarbeac kec. Kalianda Lampung Selatan 
. 
. 
. 
. 
. 
. 
#sanggarbeach #sanggarbeach_lpg #pantailampung #pantailampungselatan #kalianda #lampung #wisatalampung #wisatalampungselatan #lampunghits #infolampung #ily #ilyy #like #likesforlike #instalike #liketime #likes #followforfollowback #followers",sky
https://www.instagram.com/p/CyPb-aOSRBv/,453.jpg,2023-10-11 02:08:14,"Taman di Area Makam Pahlawan Nasional Raden Intan II

#makamradenintan
#makamradenintankalianda 
#makamradenintanII
#lampungselatan 
#wisatalampungselatan",pavilion
https://www.instagram.com/p/CcEHEX4PQ_D/,454.jpg,2022-04-07 21:03:14,"Tak usah melebih - lebihkan, saya memang bukan orang baik, tapi saya tak sejahat yg kamu katakan. 

#pulauumang #pulauumangumang #pulausebesi #pulausebesilampung #rajabasa #lampungselatan #lampung #sebesiapdate #puloexplore #lampunggeh #lampunghits #wisatalampung #wisatalampungselatan #traveling #liburan",lagoon
https://www.instagram.com/p/CYQo4dhPV7k/,455.jpg,2022-01-03 07:44:01,"Gimana kesan kalian liat Pantai Sebalang yang sekarang? 
.
.
📸 @intanpahawang 
.
#SebalangBeach #lampung #lampunginsta #potretlampung #explorelampung #wisatalampung #wisatalampungselatan #lampunghits #lampungkece",ocean
https://www.instagram.com/p/CliCC8KB_xN/,456.jpg,2022-11-29 04:39:06,"The Little Pony 🌻
•
#mini #minipony #klangenan #klangenanindonesia #lampung #lampunghits #lampunggeh #wisatalampung #wisatalampungselatan",water park
https://www.instagram.com/p/CjLGvcfp7gW/,457.jpg,2022-10-01 13:54:49,"Mbuh piye carane pokok'e kudu seneng 😊

#tole
#atayamilanalfarizqi 
#radevamilanannavaran 
#liburan
#pantai
#anakpantai 
#pantaikeduwarna 
#keduwarna 
#pantaikeduwarnakalianda 
#wisatakalianda 
#wisatalampungselatan 
#wisatalampung",beach
https://www.instagram.com/p/CV9vB4Jvn_T/,458.jpg,2021-11-07 06:29:22,"Yuk berwisata ke Pantai Semukuk, banyak fasilitas dan spot foto menarik disana.
.
.
.
.
.
.
.
.
.
📸@novicamailanti
📍 @pantai.semukuk
🌏 Jl. Pesisir Desa pauh Tanjung Iman Kec. kalianda kab. LAMPUNG SELATAN
.
.
.
.
#pantaisemukuk 
#wisatakalianda 
#wisatalampungselatan 
#indonesiaparadise 
#wisatalampung",islet
https://www.instagram.com/p/CWlg9vLh8Na/,459.jpg,2021-11-22 17:16:05,"Prewedding
.
.
.
.
Ms. @mardaneli_shavira & 
Mr. @trmztaher_ 
.
.
.
Mua : @_antonprastyo 
Foto : @asep_photography 
Lightning : @dull.project
Cinematik : @screen.shoot_lpg / @ahmadtri.wb
.
.
.
.
#preweddingcasual 
#preweddingoutdoor 
#preweddingalam 
#preweddingsantai 
#preweddingconcep 
#temaprewedding 
#myprewedding 
#preweddingfotography 
#thepreweddingphotography 
#kaliandaphotography 
#menujuhalal2022 
#komitmenbersama 
#preweddingsawah 
#lampungkece 
#ga_lampung_hits 
#kelampunggeh 
#wisatakalianda 
#wisatalampungselatan 
#lampunghitss 
#lampungyai 
#lampungkerenyay",mountain path
https://www.instagram.com/p/CUplqMVPsFi/,460.jpg,2021-10-05 14:11:17,"Alhamdulillah...

Field trip kj2 ke kalianda.
Wisata yang menyenangkan itu ya wisata alam...tadaburnya...ya harus itu...

#wtckalianda
Yang belum kisini sebaiknya pagi kalau udah siang pengunjungnya rame banget.

#pantai_kudu_kalianda.
Ya... sebaiknya sore ya guys
#wisatalampung 
#wisatalampungselatan",booth/indoor
https://www.instagram.com/p/CLPQ23Zlkp-/,461.jpg,2021-02-13 16:06:43,"@tamanwisatapancurindah  Liburan keluarga yg gak jauh dari Bandar Lampung, suasana Asri dengan pemandangan Alam dan udara yang bersih, tiket masuk juga terjangkau bagi masyarakat 😍
#tamanwisatapancurindah 
#wisatalampungselatan 
#explorejatiagung 
#explorelampungselatan 
#explorelampung",water park
https://www.instagram.com/p/CcwEjTWPQTr/,462.jpg,2022-04-24 22:47:49,"Salam Lestari !!!!!

Latihan Dasar dan Pendidikan Lingkungan Hidup

Siswa Pecinta Alam Lingkar Generasi Hijau SMA Ma'arif 1 Sukatani Kalianda

Pemateri/Narasumber :
Wanacala Lampung

Lokasi Kegiatan :
Wisata Desa Belerang Simpur Kecapi Kecamatan Kalianda Lampung Selatan

Seberapa pun tidak manfaat untuk membangun anak Negeri/generasi yang manfaat, NIATKAN ini semata mata untuk Ibadah, Kelak mereka akan merasakan manfaat apa yang kita berikan buat mereka.

#sispala 
#wisata 
#wisatalampungselatan 
#kph 
#kphwaypisang 
#dinaskehutananlampung",rainforest
https://www.instagram.com/p/CR_v6kXlgfG/,463.jpg,2021-07-31 15:10:01,"Vit sea🌊

#pantai_keduwarna #wisatalampung #wisatalampungselatan #potretlampung #lampungkuy  #lfl💛",campsite
https://www.instagram.com/p/CdLQaRwK8w4/,464.jpg,2022-05-05 12:10:57,"Wanitaku🥰😘

#fujifilm #fujifilmxseries #fujifilmxt200 #xt200 #Siriant #SiriantPhotography #pantai #pantailampung #pantailampungselatan #pantaikalianda #pantaikaliandalampung #pantaiindonesia #landscapephotography #landscape #wisatalampung #wisatalampungselatan #holiday #liburan #liburlebaran",beach
https://www.instagram.com/p/CXFaBRAPeVF/,465.jpg,2021-12-05 02:31:06,"Pantai Setigi Heni, salah satu pantai yang menyajikan hamparan pantai indah dengan nuansa alam yang masih sangat terjaga kelestariannya
.
.
.
.
.
📸 @septianyt_
📍Pantai Setigi Heni, kalianda, Lampung selatan

#pantaisetigiheni 
#pantaikalianda 
#wisatalampungselatan 
#tempatwisatalampung 
#wisataindonesia",beach
https://www.instagram.com/p/CPf4OPGlcs_/,466.jpg,2021-05-30 13:04:07,"🔥🔥🔥
.
.
📸 @redwinglady 
.
.
#SebalangBeach#lampung #lampunginsta #potretlampung #explorelampung #wisatalampung #wisatalampungselatan #lampunghits #lampungkece",coast
https://www.instagram.com/p/CUzsMsRJx63/,467.jpg,2021-10-09 12:20:50,"#pantaikeduwarna , #wisatalampungselatan , #wisatalampung",volleyball court/outdoor
https://www.instagram.com/p/CLqSDYyFXA8/,468.jpg,2021-02-24 03:56:39,"Jan lupa piknik wkwkwk
#pantaikedu#wisatalampungselatan 
#indonesia_photography #lampunghits",beach
https://www.instagram.com/p/ChmRlM0JIn0/,469.jpg,2022-08-23 10:06:15,"Bahagia lebih bagus 🤓🫶
#wisatapantailampungselatan #wisatapantailampung #wisatalampungselatan #boyhair #lampunghits #lampunggeh",watering hole
https://www.instagram.com/p/CWOMAMjJ86c/,470.jpg,2021-11-13 15:50:24,"Membaca adalah cara saya memahami semuanya.
- But, everyone doesn't want to understand me
.
@sebalangyay 
@sebalangbeach 
.
#diarygadisbiru #quotesoftheday #pathdailyquote #pathdaily #pathbaper #ruangkata #ruangrasa #kutipankata  #kutipanrasa #wisatalampung #wisatakalianda #wisatalampungselatan #explorelampungselatan",islet
https://www.instagram.com/p/CR_wO_PFwKI/,471.jpg,2021-07-31 15:12:48,"Sunsetnya😍

🌅
#pantai_keduwarna #wisatalampung #wisatalampungselatan #lampunghits #potretlampung #traveling #lfl💛",ocean
https://www.instagram.com/p/CQSSgBdBEkp/,472.jpg,2021-06-19 02:55:46,"Natural beauty,,so clear's water, maintained beach it's cleanliness and the towering Raja Basa Mount be Complete the Panorama of Kalianda Beach - South Lampung...
Come Join Us.....!!! 😊😊😄😄
@inilampungyay
@salepisangzhayha
@pikniklampung
#visitelampungselatan 
#wisatalampungselatan 
#indonesiawonderful 
#visitelampung",ocean
https://www.instagram.com/p/CdnlS4iPp2w/,473.jpg,2022-05-16 12:12:10,"#sapenanbeach 
#kaliandalagi 
#wisatalampungselatan 
#16mei2022",archaelogical excavation
https://www.instagram.com/p/CMdi11LlSrj/,474.jpg,2021-03-16 01:44:37,"Cerita di Ujung Sumatera...
.
.
.
#pelabuhanbakauhenilampung 
#satlantaspolreslamsel 
#menarasigerlampung
#polreslampungselatan 
#wisatalampungselatan 
#polantasindonesia 
#pulaurimaulampungselatan",valley
https://www.instagram.com/p/CYgQX2NLBDL/,475.jpg,2022-01-09 09:17:42,"#Repost @so.aditc
...
I have a lot to say.

#wisataindonesia #wisatalampung #alaualauresort #따르다 #wisatalampungselatan",archaelogical excavation
https://www.instagram.com/p/CRv3Ii8Dv-Y/,476.jpg,2021-07-25 11:05:14,"holiday  vibe with trowback 2019🤭
#tegalmasisland #tegalmaslampung #wisatalampungselatan #wisatalampung",boathouse
https://www.instagram.com/p/ChJ29oePIfG/,477.jpg,2022-08-12 09:14:55,"Save moment 🌅

📍@muaraindahsuak 
Jl. Raya Suak Desa Suak Kec. Sidomulyo Lampung Selatan 

_______________
Follow & tag foto kamu 
IG @muaraindahsuak 
FB Muara Indah Suak 

________________
#muaraindahsuak #pantaimuaraindahsuak #pantailampung #pantailampungselatan #wisatalampung #wisatalampungselatan #piknik #healingvibes",junkyard
https://www.instagram.com/p/CPHyey6NxRh/,478.jpg,2021-05-21 04:32:11,"Masih kecil main tembak tembakan..
Pas udah gede ga berani nembak ke orangtua..
Hiya hiya hiya..
.
.
.
.
.
.
.
.
.
.
.
.
.
.
.
📷 @denihaerjo 
#pantaimarinalampung
#kaliandabeach
#wisatalampung
#jelajahlampung 
#lampunghits 
#lampunginsta 
#pantailampungselatan 
#anakmetro 
#wonderfullampung
#lampungindonesia 
#lampungindah 
#wisatalampung 
#wisatalampungselatan 
#explorelampung",cliff
https://www.instagram.com/p/CPoQtErFT6_/,479.jpg,2021-06-02 19:11:58,"""Menikmati alam sejenak tak membuat kita mengurangi kekayaan diri malah justru menambah memori pengalaman."" 

Yuk #kembalikealam naik gunung ga se-mahal naik pelaminan kok 😁✌ 

📍Lokasi Gunung Rajabasa Lampung Selatan.
⛰@gunungrajabasa
Penyewaan alat outdoor @wayrataioutdoor

#kembalikealam #lampung #lampunggeh #wisatalampungselatan #ayokelampung
#sahabattravelerlampung #pendakigunung #pendakilampung #wisatalampung #consina #explorelampung",orchard
https://www.instagram.com/p/CKC90K3MwrC/,480.jpg,2021-01-15 00:58:02,"Beberapa cinta seperti matahari terbenam, kita memilikinya tetapi kita kehilangannya pada saat yang sama.
.
.
.
📸 @megaayumentari14 
.
#SebalangBeach #lampung #lampunginsta #potretlampung #explorelampung #wisatalampung #wisatalampungselatan #lampunghits #lampungkece",sandbox
https://www.instagram.com/p/C1kUPIdyajA/,481.jpg,2024-01-01 18:18:51,"Pelayanan garuntang Genk  di menara siger Bakauheni Lampung ,
#rentalmobilbandarlampung 
#rentallampung 
#rentalmobilbali 
#rentalmobiljogja 
# rentalmobilmurah
#sewamobilmurah 
#sewahaiacemurah 
#sewahaiacelampung 
#pariwisata 
#wisatategalmaslampung 
#wisatalampungbarat 
#wisatalampung 
#wisatalampungselatan 
#kunjungankerja 
#tour",parking lot
https://www.instagram.com/p/CZeQLhePeff/,482.jpg,2022-02-02 11:08:55,"""wajib di ulang sih ini, motret arter terik tengah hari itu gak enak banget 😅😅""
°
°
📍Air Terjun Queen, Tanggamus, Lampung
°
°
#nikonindonesia #nikonteam #greatshotz #lampunglandscapers #geonusantara #geolampung #instanusantara #wisatalampungselatan #indonesiaphotography #ic_landscape #ic_longexposure  #cameraindonesia #genpilampung #lampunginsta #lampunggeh #pikniklampung #PantaiMinangRua #haidaindonesia
#siruifilters #siruiindonesia #siruiaustralia #focusonelampung #plazafotolpg #hipaae
#serikat_fi #fineart #kemenpar #composekld",waterfall
https://www.instagram.com/p/ChFonkpvqpW/,483.jpg,2022-08-10 17:52:36,"Destinasi Wisata Alam Air Terjun Way Kalam

#wisatalampungselatan 
#kehutananprovlampung 
#kphwaypisang 

@ilya_nur_00",waterfall
https://www.instagram.com/p/DTxsI6hEjJW/,484.jpg,2026-01-21 14:39:40,"Moment With Family

Venua @pantai.marina.official 

#familytime #momentkeluarga #familyphotography #family #gatheringfamily #wisatalampungselatan #lampungselatanexplore #keindahanlaut #photoshoot #keluargabahagia #momentbersamakeluarga",watering hole
https://www.instagram.com/p/CSoUtg6BH6X/,485.jpg,2021-08-16 09:21:10,"pinggiran Lampung .
.
.
.
.
..
#menarasiger #menarasigerlampung #pelabuhanbakauheni 
#lampung #lampungitukerreen #lampungituindah #lampunggeh #lampungselatan #wisatalampung #wisatalampungselatan #potretlampung #potretlampung📷 #lampunghits #lampungkeren",tree farm
https://www.instagram.com/p/CStKtv7HgTY/,486.jpg,2021-08-18 06:30:01,"Soreku terlalu sepi tanpa dirinya #bucinktl 
#repost 
#wisatalampungselatan 
#wisatalampung",lagoon
https://www.instagram.com/p/CRnGRNbptbb/,487.jpg,2021-07-22 01:24:20,"👋🏻 ROJAIP (Rombongan Jadi Ngetrip) 
————————————————
🌍 Lokasi : Teropong Kota Kalianda, Desa Sumur Kumbang, Kec.Kalianda, Kab.Lampung Selatan, Prov.Lampung, Indonesia. 
.
#lampungtok #jalanjalandilampung #lampungselatanexplore #lampungberwisata #lampungselatanig #lampungtraveling #kaliandaig #surganyalampung #lampungmu #lokal_kalianda #lampungme #jejaklampung #disparbudlamsel #lampungselatanamazing #khamkalianda #wisata_lampungsai_ig #lampungselatan #teropongkotakalianda #kalianda #wisatalampungselatan",topiary garden
https://www.instagram.com/p/Clc1-y7rMG0/,488.jpg,2022-11-27 04:17:29,"📍Sunset
. 
#janah2410 #fff💋 #lflfff❤ #lfl💛 #lfl❤️ #flfl💛 #flf❤ #flf  @pantai_keduwarna @selebgram.lampuung #wisatalampungselatan #selebgramlampuung #ootdstyle #ootddaily #ootdfashion #ootdhijab #selebgramlampung_id #ootdselebgram #selebgramlampung_ #gadisindonesia37 #selebgramindonesia #remajaindonesia37 #fypindonesia #remajaindonesiaaaa #fypシ❤️💞❤️ #fypinstagram #fypシ #ａｅｓｔｈｅｔｉｃ #senja #senjasore #sunset",ocean
https://www.instagram.com/p/CXdwA_IlDsn/,489.jpg,2021-12-14 13:25:05,"Suatu saat nanti akan ada hari bahagia . . .
dimana apa yng kamu korbankan dan perjuangkan dengan tulus akan berbuah manis. . 🌸🌸
.
 Jadilah yng berbeda ketika mereka menyakiti kamu dengan sengaja. .
 balaslah dengan kebaikan do'a. . .
Karna dalam hatimu yakin, Allah adalah sebaik baik harapan yng nyata. . . 🌼🌼

Wisata @bukit_idaman_
#wisatatanggamus #gisting #wisatalampungselatan
.. 
.. 

.. 
.. 
.. 

.. 

#ukhtyndin421",vineyard
https://www.instagram.com/p/CX6Fv3Mp_dc/,490.jpg,2021-12-25 13:33:43,Kebersamaan di Wisata Perengan Anteng Karang Anyar Lampung Selatan 🏞️✨😊 #wisata #wisatalampung #wisatalampungselatan #perengananteng,greenhouse/outdoor
https://www.instagram.com/p/DAH1CgCTFUi/,491.jpg,2024-09-20 02:32:50,"Lantas mana yang lebih indah?
Menatap laut yg disertai ombak ,atau menatap langit disertai bintang🌊

Lokasi pantai Keduwarna Kalianda, Lampung Selatan.

#tempatwisatalampung #pantaikeduwarna #pantaikalianda #beach #wisatalampungselatan #holiday #traveling #healing #happyweekend",gazebo/exterior
https://www.instagram.com/p/DNcbHhITmmM/,492.jpg,2025-08-17 05:18:31,"""Indahnya bunga negeri di bawah megahnya atap budaya — semangat kemerdekaan terus tumbuh dan mekar di tanah air tercinta, bumi ragom mufakat 🇮🇩✨""

@radityoegi
@m_syaiful.anwar
@pemkab.lampungselatan 

#pesonamerahputihlampungselatan #hutke80ri #wisatalampungselatan #radityoegi #syaifulanwar #kawasanmenarasiger #lampungselatanmaju #bismillahbisa #lampung #hutri #indonesia",water park
https://www.instagram.com/p/C8pYwGPyfVJ/,493.jpg,2024-06-25 17:14:16,"Bendungan U25 - Umbulselawe , Tanjung sari - Lampung Selatan

Report @ummuhanii89
.
#lampunghits #lampungselatan #umbulselawe #potretlampung #wisatalampungselatan #pikniklampungkuy #eksotikalampung",marsh
https://www.instagram.com/p/C7T-oe3yXvq/,494.jpg,2024-05-23 13:10:35,"Pantai marina Kalianda Lampung Selatan

Foto by : @alfalailaa_

#fyp #reelsinstagram #wisatalampung #wisatalampungselatan #wisatakalianda #kalianda #kaliandageh #lampungselatanexplore",cliff
https://www.instagram.com/p/C5NezEnvVvO/,495.jpg,2024-04-01 07:34:11,"Moments
.
#tempatwisatalampung #beach #wonderfulindonesia #traveling #holiday #healing 
#kaliandabeach
#wisatalampungselatan
#wisatalampung
#kaliandaresort",wave
https://www.instagram.com/p/DCO9AKBP-4S/,496.jpg,2024-11-11 13:59:54,"Sea,sun,sand and smiles 🌊

#wisata #wisatalampung #wisatalampungselatan #wisatalampungkeren #lampung #riobeachclub #pantairiobythebeach #pantai",wave
https://www.instagram.com/p/DNcQ3JYSKg4/,497.jpg,2025-08-17 03:48:54,"*DIRGAHAYU REPUBLIK INDONESIA KE-80*
Bersatu, Berdaulat, Rakyat Sejahtera, Indonesia Maju 🇮🇩❤️

Venue terbaik Upacara Kemerdekaan RI kali ini ada di Lapangan Menara Siger, Bakauheni Harbour City, Lampung Selatan 👑

Terima kasih pak Bupati @radityoegi sudah memperkenalkan ikon kebanggan warga Lampung Selatan 

Bergerak Berdampak, untuk Lampung Selatan Maju, Bismillah Bisa 

@pemkab.lampungselatan 
@radityoegi 
@m_syaiful.anwar 

🥻by @galeri_maura 
💄by me

#pesonamerahputihlampungselatan #hutke80ri 
#wisatalampungselatan 
#radityoegi 
#syaifulanwar 
#kawasanmenarasiger 
#lampungselatanmaju 
#bismillahbisa
#bergerakberdampak",temple/asia
https://www.instagram.com/p/CsNe3s1rkPa/,498.jpg,2023-05-14 04:46:41,"pantai clara Pesawaran

#visitindonesia #wisatalampungselatan #pesawaran #beach #beautifuldestinations #canonphotography #canonm5 #meike35mm #streetphotography #bluesky #fotopemandangan",pier
https://www.instagram.com/p/CneRvKZJtzC/,499.jpg,2023-01-16 10:42:03,"Keindahan Desa Suak saat senja datang 🌙
. 
. 
.

📍Jl. Raya Suak Desa Suak Kec. Sidomulyo Lampung Selatan 

_______________
Follow & tag foto kamu 
IG @desa.suak
FB Pemdes Suak

________________
#desasuak #sidomulyo #lampungselatan #pantailampungselatan #wisatalampung #wisatalampungselatan #piknik #healingvibes",coast
https://www.instagram.com/p/CtiLplDPQbV/,500.jpg,2023-06-16 02:14:11,"Krakatau Wave 
Hay hay siapa yg ke Slanik Selalu nunggu kolam ombak ini 🙋‍♀🙋‍♀🙋‍♀

#slanikwaterpark 
#slanikwaterparklampung 
#wisatalampung 
#wisatalampungselatan",swimming pool/outdoor
https://www.instagram.com/p/DNcW2ExxuCO/,501.jpg,2025-08-17 04:41:10,"Jayalah Negeriku, Jayalah Bangsaku, Garuda Pancasila Didadaku..
Selamat HUT  ke-80 thn Indonesiaku
Selamat HUT ke-27 thn Istriku 🥰

#pesonamerahputihlampungselatan 
#hutke80ri 
#wisatalampungselatan 
#radityoegi 
#syaifulanwar 
#kawasanmenarasiger 
#lampungselatanmaju 
#bismilahbisa 
#kodim0421 
#koramil421kalianda",playroom
https://www.instagram.com/p/CTA7EJchE81/,502.jpg,2021-08-25 22:38:04,"𝗣𝗮𝗻𝗷𝗮𝗻𝗴 𝘂𝗺𝘂𝗿 𝘂𝘁𝗸 𝘁𝗲𝗺𝗲𝗻² 𝘆𝗴 𝘀𝗲𝗿𝗶𝗻𝗴 𝗯𝗶𝗹𝗮𝗻𝗴 : “𝗵𝗮𝗹𝗮𝗮𝗮𝗵 , 𝗸𝗮𝘆𝗮𝗸 𝘀𝗮𝗺𝗮 𝘀𝗶𝗮𝗽𝗮 𝗮𝗷𝗮”
______________________________
.
#pikniklampungkuy #pikniklampungselatan #potretlampunginsta #wisatalampungme #wisatalampungselatan@wisatalampungku

Photo © Reposted from @ummuhanii89

Location: #Bendungan U25 Umbulselawe , Sidomukti - Lampung Selatan,  Lampung 

© All Rights and Credits reserved to the respective owner(s). Please contact us for credit or removal.

#selampung
#semestalampung
#fotolampung
#lampung2021
#agustusselampung",lake/natural
https://www.instagram.com/p/DC-40rLzxu_/,503.jpg,2024-11-30 04:46:55,"Masyaallah 🌻,
Every exit leads us to a new entrance 🥰
.
.
.
#pantaimarinakalianda
#pantailampung #pantaiindah #wisatalampung #wisatalampungselatan",beach house
https://www.instagram.com/p/CZeUP1JvzVN/,504.jpg,2022-02-02 11:44:28,"Happinnes come in waves 🌊🥰
.
.
📸 @fikaafns 
.
#SebalangBeach #lampung #lampunginsta #potretlampung #explorelampung #wisatalampung #wisatalampungselatan #lampunghits #lampungkece",beach
https://www.instagram.com/p/CkGLWuPSoCJ/,505.jpg,2022-10-24 12:30:19,"Way tebing cepa✨

#wisatalampungselatan",canal/natural
https://www.instagram.com/p/DNcgFAeS1aY/,506.jpg,2025-08-17 06:01:51,"Merah Putih di Menara Siger, Menyatukan Ragam Suku dan Budaya di Bumi Ragom Mufakat.
Dirgahayu Indonesiaku!🇮🇩

#PESONAMERAHPUTIHLAMPUNGSELATAN #HUTKE80RI #WISATALAMPUNGSELATAN #RADITYOEGI #SYAIFULANWAR #KAWASANMENARASIGER #LAMPUNGSELATANMAJU #BISMILLAHBISA",water park
https://www.instagram.com/p/CsDTY7jJv_O/,507.jpg,2023-05-10 05:53:58,#masyaallahtabarakallah #meanddaughter #krakataupark #bakauheni #wisatalampungselatan,athletic field/outdoor
https://www.instagram.com/p/Cel5TH3Juie/,508.jpg,2022-06-09 16:59:53,"""Selain pengalaman, petualangan juga akan mempertemukanmu dengan sebuah keluarga lain.""
.
.
.
.
.
#wisatalampungselatan #lampungexplorer #wisatakaliandalampungselatan #wisatalampung #wisataindonesiakeren🇲🇨",islet
https://www.instagram.com/p/DNcSa1PTC7Y/,509.jpg,2025-08-17 04:02:30,"Moment Bersejarah Kabupaten Lampung Selatan
Bupati Lampung Selatan Pertama Melaksanakan Upacara Hari Kemerdekaan Republik Indonesia di Batas Timur Wilayah Kabupaten Lampung Selatan Pintu Gerbang Sumatra

@pemkab.lampungselatan @radityoegi  @m_syaiful.anwar 
#pesonamerahputihlampungselatan 
#HUTKE80RI
#WISATALAMPUNGSELATAN
#RADITIOEGI
#SYAIFULANWAR
#KAWASANMENARASIGER
#LAMPUNGSELATANMAJU
#BISMILLAHBISA",volleyball court/outdoor
https://www.instagram.com/p/DNcNYMYTWqr/,510.jpg,2025-08-17 03:18:27,"DIRGAHAYU REPUBLIK INDONESIA 
MERDEKA 🇮🇩

#pesonamerahputihlampungselatan #hutke80ri #wisatalampungselatan #radityoegi #syaifulanwar #kawasanmenarasiger #lampungselatanmaju #bismillahbisa",water park
https://www.instagram.com/p/CYWVvqGv8Zp/,511.jpg,2022-01-05 12:52:14,"Biarkan langit biru bertemu laut biru dan semuanya biru untuk sementara waktu
Sedikit warna cerah senja memerah
@bestgalerry
.
.
Ojo kesuwen mengko atine nyong melu biru 
.
.
#wonderfulindonesia #wonderfulnusantara 
#explorelampung #lampung 
#lampungselatan #wisatalampung 
#wisatalampungselatan #lampungselatan 
#ayodolan #demendolan 
#exploreindonesia #explorenusantara 
#hutanmangrove #greenearth 
#bumihijau #jalanjalan
#bebbybest
#instalampung #lampunginsta
#pantai #pantainusantara",pier
https://www.instagram.com/p/CZACj5nvWK6/,512.jpg,2022-01-21 17:32:42,"Paling seru pokoknya bisa berbagi ceria bersama kalian..
Hanya di @pantai_keduwarna 
🙏☺️🙏

#pantai_keduwarna 
#kaliandaig 
#campingground 
#kknitera2022 
#wisatalampung 
#wisatalampungselatan 
#wisataindonesia",campsite
https://www.instagram.com/p/CMLz9W9n8ai/,513.jpg,2021-03-09 04:27:52,"👥 Manusia yang katanya raja, namun akan rendah di hadapan semesta. 
. 
🌍 Lokasi : Wisata Alam Gunung Batu, Desa Srikaton, Kec.Tanjung Bintang, Kab.Lampung Selatan, Prov.Lampung, Indonesia. 
. 
#parapejalanlampung #jalanjalandilampung #mampirlampung #gerbanglampung #lampungselatanexplore #lampungselatanig #lampunghey #lampungmu #lampungdong #lampunginsta #jelajahlampung #infolampungku #pesonatraveller #bolang_lampung #selampung #lampungkuy #surganyalampung #infokyaitravel #lampungtok #lampungselatan #wisatalampung #wisatalampungselatan #gunungbatu",village
https://www.instagram.com/p/DGiHcWgSV-q/,514.jpg,2025-02-26 10:42:17,"Pemenang lomba mewarnai di Arjuna waterpark🥳🥳🥳☺️☺️
Waaah Slamet ya ☺️☺️☺️😊😊🥳🥳🥳
Mana nih yg mau juara lagi ayo pantau terus ivent Arjuna waterpark😊 

@mayunadyana 
@eni_mayun 
#arjunawaterpark 
#champion 
#gentlegen 
#mayora 
#wisatakalianda 
#wisatalampung 
#wisatalampungselatan 
#rekreasikeluarga 
#liburankeluarga 
#kolamrenanganak 
#fyp",stage/outdoor
https://www.instagram.com/p/CNqEKtJsitX/,515.jpg,2021-04-14 18:58:07,"Buka Puasa di Pantai Kedu Warna yuks.., selain melepas dahaga, mata kita insyaalloh akan dimanjakan dgn Sunset ciptaan Alloh yg  luarrr biasaaa..😍😍😍
#pantai_keduwarna 
#wisatalampungselatan
#wisatalampung #bglampungkece 
#lampumgkece 
#lampunghitz 
#lampunggeh 
#potretlampung
#lampunginsta 
#kaliandaig",sky
https://www.instagram.com/p/Cle18DDBZPA/,516.jpg,2022-11-27 22:55:35,"Dunia itu berputar makannya banyak pusingnya
.
.
.
📍pantai kedu
#pantaikedu #pantaikeduwarna #wisatalampung #eksplorlampung #potretlampung #wisatalampungselatan #lampunghits #lampunginsta #lampunggeh",lawn
https://www.instagram.com/p/CNhGWdlFeET/,517.jpg,2021-04-11 07:24:02,"Kesumbawa beli tinta, abis ketawa kok jadi cinta *Ehh 🙊
.
.
.
Mimin juga cinta sama mbaknyah 📸 @meri_yunida 
.
#SebalangBeach #lampung #lampunginsta #potretlampung #explorelampung #wisatalampung #wisatalampungselatan #lampunghits #lampungkece",sandbox
https://www.instagram.com/p/CZFaCN9B3KF/,518.jpg,2022-01-23 19:34:01,"Don't just enjoy this nature, but take care of it is also necessary✨
#pantaisemukuk #lampung #l  #sunset #lampungpunya #likesforlike #lampungselatan #explorelampung #bikinkerenlampung #wisatalampung #wisatalampungselatan",promenade
https://www.instagram.com/p/ChJ3R-dvQ72/,519.jpg,2022-08-12 09:17:42,"Save moment 🌅

📍@muaraindahsuak 
Jl. Raya Suak Desa Suak Kec. Sidomulyo Lampung Selatan 

_______________
Follow & tag foto kamu 
IG @muaraindahsuak 
FB Muara Indah Suak 

________________
#muaraindahsuak #pantaimuaraindahsuak #pantailampung #pantailampungselatan #wisatalampung #wisatalampungselatan #piknik #healingvibes",junkyard
https://www.instagram.com/p/Ca_I5OOPt0J/,520.jpg,2022-03-12 02:11:35,"Nyore @pantai_keduwarna 🤩🤩

#pantai_keduwarna 
#kaliandaig 
#wisatalampungselatan 
#wisatakenallampung 
#ilovelampung",sky
https://www.instagram.com/p/Cp2pc9NyYDL/,521.jpg,2023-03-16 14:53:50,"Bukan senja namanya jika tak sendu
Bukan senja namanya jika tak sunyi
Dan bukan senja nama nya jika tak menciptakan rindu
.
.
#sanggarbeach #pelampungtrip #kalinda #katakatabijak #katakatarindu #bapakinstagram #boys 
#wisatalampung #pikniklampung #piknikasik
#wisatalampungselatan 
At @sanggarbeach_lpg",beach
https://www.instagram.com/p/CNSPjzPrDn6/,522.jpg,2021-04-05 12:55:53,"Berlokasi di jalan raya trans, kecamatan kalianda, kabupatan lampung selatan.
Tepat di belakang rumah dinas bupati lampung selatan.
Menuju ke kebun edukasi, kita melewati pusat kuliner dengan beragam makanan.
Begitu masuk, mata kita di manjakan oleh pemandangan indah berlatar belakang gunung rajabasa.
Di kebun edukasi terdapat banyak jenis tanaman buah dan bunga. 
Kebun edukasi ini dulu nya hanya lahan kosong, berkat gagasan Bapak Bupati Lampung Selatan, Bapak H Nanang Ermanto, tempat ini menjadi wisata yang indah.
Di kebun edukasi ada tembok lukisan yang mengelilingi kebun ini. lukisan dari komunitas pelukis Lampung Selatan, yang membuat kebun edukasi semakin menarik.
Selain itu ada gazebo, kolam, area bermain anak, taman burung, beberapa spot foto, toilet, dan masih banyak lain nya.
Tempat ini masih terus dikembangkan dan dipercantik. 
Tempat nya sangat luas sekali, mengelilingi kebun edukasi ini, anggap saja kita berwisata sambil berolahraga. Hehehe 

@wisatalampungselatan
@riniariasih
@sedulur_nanang
@pandukesumadewangsa1

Salam, kurnianoen travelling
#kurnianoen #kurnianoentravelling #kebunedukasikalianda #kebunedukasilampungselatan #wisatalampungselatan #pariwisatalampungselatan #kebunedukasikaliandalampungselatan",staircase
https://www.instagram.com/p/CyPbriXSYc_/,523.jpg,2023-10-11 02:05:39,"Patung Raden Intan II Lampung Selatan

#makamradenintan
#makamradenintankalianda 
#makamradenintanII
#lampungselatan 
#wisatalampungselatan",topiary garden
https://www.instagram.com/p/C4DKFSVr3X1/,524.jpg,2024-03-03 10:49:22,"Wisata Air Terjun Way Kalam 
#WayKalam
#wisatalampungselatan",waterfall
https://www.instagram.com/p/DNcW_Oepzj-/,525.jpg,2025-08-17 04:42:25,"Terus lah berkibar MERAH PUTIH KU walau pun kami berbeda tapi tetap bersatu untuk kejayaan MU. SEKALI MERDEKA TETAP MERDEKA 💪🇮🇩🇮🇩
@pemkab.lampungselatan @radityoegi @m_syaiful.anwar #pesonamerahputihlampungselatan #hutke80ri #wisatalampungselatan #radityoegi #syaifulanwar #kawasanmenarasiger #lampungselatanmaju #bismilahbisa",amphitheater
https://www.instagram.com/p/CmnGBiSPXNQ/,526.jpg,2022-12-26 00:21:28,"Ketenangan untuk diri sendiri ituperlu 
😌. Namaste

.
Mari kita jaga bersama lingkungan disekitar kita. Salam lestari 🌱
•

#lampungmenyapa 
#menyapalampung 
#nyapalampung 
#lampungmenyapanew#lampungselatan #wisatalampungselatan #explorelampung #lampung  #exploreindonesia #fff #fff😊 #fff💋 #followforfollowback
#lampung #senjasore #sunset #sunrise
#bandarlampung #pariwisatalampung #explorelamsel #wisatalampung #aranglampung #wonderfulindonesia  #lampungnatureadventure
Reposted from @donniarjanggi",coast
https://www.instagram.com/p/CfVzRe1v-U7/,527.jpg,2022-06-28 07:30:46,"Masya Allah tabarokallah
bermain bersama adam 🍄🍄@jatiagro ❗❗

kolam renang deket rumah nih 🤩bosen dikit renang 😆 canda Masuknya murah meriah cuman 10 ribu anak"" renang 15 ribu. Karcisnya bisa di tuker jdi minuman juga. 
Tempat nya luas enak si buat nyore apa mau jalan bareng ama ayang tapi ga mau jauh bisa disini loh maps aj ""jatiagro""

#wisatalampung #wisatalampungselatan #jatimulyo #bandarlampung #wisatabandarlampung #lampung #lampunggeh",campsite
https://www.instagram.com/p/CnA6zLDvuSP/,528.jpg,2023-01-05 01:03:38,"Ada yang tau caraa menghilangkan kepenatan di tengah kota.? 
..
.
.
🚩 Batu lapis, Lampung Selatan
.
.
#lampungmenyapa #menyapalampung #nyapalampung #pariwisatalampung #pariwisata 
#lamsel #humas
#wisatalampungselatan #protokol #batulapis
#tempatwisatalampung #gayafotokekinian #ga_lampung_hits #bandarlampung #lampungpose
#lampungexsis #lampungsemakinexis #lampungexplore #lampungsemakinexis #lampunginsta #tapakjejaklampung #tempatwisata #tempatwisatalampung #bolanglampung #destinasilampung #petualanglampung #pesonalampung #pesonabandarlampung #gayapopuler #fff #like4likes #followforfollowback",cliff
https://www.instagram.com/p/CpbQzPgS-Jg/,529.jpg,2023-03-05 23:38:56,"Setelah weekend lanjut dengan rutinitas kembali..💪

Terimakasih yang sudah berkunjung menghabiskan weekend ke Desa Suak dengan Panorama wisata Pantainya dan bukit yang menjadi spot foto favorit para pengunjung🌊🏝🏖🏕..
.
.
📍Jl. Raya Suak Desa Suak Kec. Sidomulyo Lampung Selatan 

_______________
Follow & tag foto kamu 
IG @desa.suak
FB Pemdes Suak

________________
#desasuak #desawisata #sidomulyo #lampungselatan #pantailampungselatan #wisatalampung #wisatalampungselatan n #piknik_asik #healingvibes",mountain path
https://www.instagram.com/p/CWnAj6EsOXn/,530.jpg,2021-11-23 07:11:25,"𝗖𝗶𝗻𝘁𝗮 𝗮𝗸𝘂 𝗸𝗲 𝗸𝗮𝗺𝘂 𝗶𝘁𝘂 , 𝗸𝗮𝘆𝗮𝗸 𝗸𝗲𝗰𝗮𝗽 𝗯𝗮𝗻𝗴𝗼 ..

𝙎𝙤𝙖𝙡 𝙧𝙖𝙨𝙖 , 𝙜𝙖 𝙗𝙞𝙨𝙖 𝙗𝙤𝙝𝙤𝙣𝙜 ..
☺️☺️☺️
.
.
📍 Bendungan U25 - umbul selawe , Tanjung sari - Lampung Selatan
________________________
#potretlampung #jalanjalanlampung #pikniklampung #wisatalampungselatan #bendunganU25 #umbulselawe #lampunghits #ootdhijab #holidayvibes 

@potretlampung @pikniklampung @lampuung @lampung.eksis @inilampungyay @lampunginsta @cahayapicture__",pond
https://www.instagram.com/p/CiVVM65BaUc/,531.jpg,2022-09-10 16:42:11,"""Sendiri Dulu""

.
.
Pantai sanggar
Kalianda
Lam Sel
.
.
.
Foto @asep_photography
Makup : @yudhis_1807 
Info foto : 081289144788
.
.
#liburankeluarga 
#liburanmurah 
#yukliburan 
#konseptfoto 
#holidayandholiday 
#fotocasual📷 
#cassual 
#cassualstyle 
#hijabcassual 
#huntmode 
#hunthijab 
#weddingkalianda 
#weddingphotoshoot 
#preweddingoutdoormurah 
#weddingkalianda 
#kaliandaphotography 
#weddinglampungselatan 
#mystylemyway 
#womennature
#canon50mm18stm 
#nikkor50mm18g 
#wisatalampung 
#wisatalampungselatan
#preweddinglampungtimur 
#preweddinglampungselatan",patio
https://www.instagram.com/p/C05G5m4Smcs/,532.jpg,2023-12-15 23:34:58,"""Peresmian Homestay dan Cafe desa, di Desa Wisata Muara Indah Desa Suak Kecamatan Sidomulyo""

Jumat, 15 Desember 2023

  Peresmian Homestay dan Cafe Desa, atas Program Tanggung jawab sosial dan Lingkungan (TJSL).
 PT Pelindo Regional 2 Panjang Bandar Lampung
Peresmian dihadiri oleh Staff Ahli Bidang Keuangan, Kadis PMD, Plt Kadis Pariwisata, Manajer Keuangan dan SDM PT  @pelindo  Regional 2 Panjang, Kepala Desa Suak, Bumdes Jejama Jaya Suak.

  Dengan adanya Penambahan Sarana dan Prasarana berupa Homestay dan Cafe Desa tersebut, diharapkan dapat lebih menarik minat Masyarakat untuk berkunjung dan berwisata dipantai muara indah, Mengingat Desa Suak memiliki banyak objek wisata khususnya wisata Pantai,

  Selain itu  dengan Bertambahnya Jumlah Pengunjung yang berwisata ke Desa Suak maka akan berdampak pada peningkatan ekonomi, serta Pemberdayaan Masyarakat di Desa Suak.

#semangatmembangundesa 
#tingkatkansumberdayaalam 
#wisatalampungselatan",stage/outdoor
https://www.instagram.com/p/CMnuPMKFEVb/,533.jpg,2021-03-20 00:36:36,"Sudah akhir pekan aja ni kak, masih bingung mau kemana weekend kali ini, so engga usah bingung, Air terjun Way Tayas solusinya.

Air Terjun Way Tayas ini, merupakan satu dari beberapa objek wisata alam Air Terjun di Kabupaten Lampung Selatan.

Lokasi Air Terjun yang berada di bagian punggung Gunung Rajabasa dengan kebun cengkeh dan pohon-pohon hutan alami. Tapi keindahan Air Terjun Way Tayas sangatlah menggoda untuk didatangi.

Adapun Perjalanan tidaklah terlalu jauh dari Kalianda. Hanya sekira perjalan menempuh waktu 20-30 menit untuk sampai di Dusun Pangkul, Desa Sukaraja dari Kalianda melalui jalan pesisir Rajabasa dengan menggunakan kendaraan sepeda motor.

Namun lelah kaki melangkah menyusuri jalan setapak di sisi tebing seketika terbayarkan kala titik embun air menerpa wajah memberikan kesejukan.

Hijaunya pepohonan khas Gunung Rajabasa yang masih alami, serta didik batu hitam dengan hiasan lumut menjadi pemandangan yang menyejukan mata.

Riak suara air yang turun dari ketinggian sekira 30 meter, seolah menjadi irama syahdu.

Perjuangan melelahkan dan memacu andrenalin, terbayarkan sudah, kala mata menatap Air Terjun Way Tayas.
Sumber : Tribunlampung.co.id/Dedi Sutomo
........................................
...................................
..............................
..........................
......................
..................
...............
............ 
..........
........
......
....
...
..
.
📍 Air Terjun Way Tayas Kalianda

#curug #waterfall #explorelampung #lampungselatan #wisatalampungselatan  #lampungmoment #visitlampung #wisatalampung #pesonalampung #genpilampung #pesonaindonesia #lampunggeh #lampunghits #lampungeksis #lampungyay #inilampungyay #potretlampung #lampunginsta #parapejalanlampung #pendakilampung #travellerlampung #lampungkece  #lampungpedia #airterjunwaytayas #alamlampung #nature #instagood  #travelingindonesia #traveling #waterfalls",waterfall
https://www.instagram.com/p/CvEBpzYymLH/,534.jpg,2023-07-24 02:12:24,"Tetaplah Pacaran Meskipun Sdh Menikah❤️

#pantaiarang #pantailampung #wisatalampung #wisatalampungselatan #pantaiselatan #bersenangsenang #bersamapasangan #akongama #nenekgaul #grandmigrandpi #keluargailibi❤️ #ilibi",park
https://www.instagram.com/p/CsNL-LBvQeU/,535.jpg,2023-05-14 02:01:33,"Our hearts speak the same language 😊

#thetyos #travellercouple #adventurouscouple #growoldtogether #kakeknenekpetualang #pantaipasirputihlampung #pantaipasirputihlampungselatan #pantailampung #pantailampungselatan #wisatalampung #wisatalampungselatan #lampunghits #explorelampung #explorelampungselatan #wisatapantailampung #wisatapantailampungselatan",park
https://www.instagram.com/p/CdtAgEMvk0w/,536.jpg,2022-05-18 14:46:06,"back with a better version🤍
.
.

🌍 Informasi wisata seputar Lampung Selatan 

Mau di repost ?? ..
Cara nya 
follow : 👇👇

|| @lampungselatanexplore
|| @lampungselatanexplore
|| @lampungselatanexplore

|| Hastag #lampungselatanexplore

Follow Facebook : Lampung Selatan Lampung

Foto menarik akan kami repost 😊

_______________________

Info wisata & kerjasama silahkan DM 💌
_______________________

© Pic : @hallo_agstn19
...

.
.
.
#lampung #lampungeksis #lampunghits #lampungexplore #explorelampung #ilovelampung #wisatalampungme #wisataterbaiklampung #wajahlampung #pikniklampung #travellerlampung #travelling #pesonatraveller #ootdhijab #hijabstyle #lfl #lfl💛 #lampunggeh
#lampungselatanexplore #kalianda #wisatalampungselatan",mountain path
https://www.instagram.com/p/CMlijY0hhcq/,537.jpg,2021-03-19 04:16:02,""" Lampung keren "" ❤️❤️❤️

Prewedding
@wulandarimakeup_ & @diki_wahyu04 

@asep_photography
@doldedoank
@_antonprastyo 
@alena_hennaart 
@pematang.sunrise 
@bukitpematangsunrise 

#preweddingkalianda 
#preweddingoutdor 
#mypreweddingphoto 
#wisatalampung 
#wisatahits 
#wisatalampungselatan 
#kaliandakeren 
#kaliandaig 
#weddingkalianda 
#lokasiwisata 
#wajahlampung 
#bakauheuni",beach
https://www.instagram.com/p/ChMdhkQv8YR/,538.jpg,2022-08-13 09:30:21,"Terimakasih sudah berkunjung 😊🙏

📍@muaraindahsuak 
Jl. Raya Suak Desa Suak Kec. Sidomulyo Lampung Selatan 

_______________
Follow & tag foto kamu 
IG @muaraindahsuak 
FB Muara Indah Suak 

________________
#muaraindahsuak #pantaimuaraindahsuak #pantailampung #pantailampungselatan #wisatalampung #wisatalampungselatan #piknik #healingvibesonly",ocean
https://www.instagram.com/p/DFYAyv8ySft/,539.jpg,2025-01-28 16:00:22,"Gathering family

#familytime #momentkeluarga #familyphotography #family #gatheringfamily #wisatalampungselatan #lampungselatanexplore #keindahanlaut",ice floe
https://www.instagram.com/p/C3KNX1Ar1N3/,540.jpg,2024-02-10 08:01:24,"[FEBRUARI]
Sama seperti lagunya awan dan alam saling menyatu☁️🌿

#wisatalampung #tempat_wisata_lampung #wisata #wisatalampungselatan #lautlampung #lampunginsta #lampunghits #mercusuar #diataspermukaanlaut #menyatudenganalam🌱🌳🌲 #menyatudenganalam #post #likesforlike #like kelampungyuk #kelampung_geh #lampungku #lampungkuybareng #lampungkuybareng #jalanjalan #jalanjalanbareng #wisatalampung #lampungeksis #lampungstore #wonderful #infolampung #infolampungtengah #Bandarlampung #inilampungyay #inilampung #wisata_lampungme",cliff
https://www.instagram.com/p/CK0T6F9l5d8/,541.jpg,2021-02-03 04:53:52,"Bangun dan sadarlah bahwa ada pemandangan indah diluar rumahmu yg sedang menunggumu 

#mytripmyadventure 
#pesonaindonesia 
#travellerindonesia 
#jalanjalan 
#wisatalampungselatan 

@mytrip_myadvntrindonesia 
@pesona_lampung 
@backpakerindonesia 
@sahabattravellerlampung 
.
.
.
.
.
.
.
LOKASI :// Bukit Pematang Sunrise - Dusun Kayutabu, Kelawi, Kec. Bakauheni, Kabupaten Lampung Selatan, Lampung 35592
.
.
.",rice paddy
https://www.instagram.com/p/CPoDWOWsGCM/,542.jpg,2021-06-02 17:15:15,"Biasa nya cuaca lagi panas atau hujan lebat, enak nya neduh sambil ngopi sembari melihat arus air yang terus mengalir tanpa henti...seperti kasih sayang kamu ke dia yang tak ada ujung nya... 

#wisatalampung 
#wisatalampungselatan",hunting lodge/outdoor
https://www.instagram.com/p/ChMdPq1P9h9/,543.jpg,2022-08-13 09:27:54,"Terimakasih sudah berkunjung 😊🙏

📍@muaraindahsuak 
Jl. Raya Suak Desa Suak Kec. Sidomulyo Lampung Selatan 

_______________
Follow & tag foto kamu 
IG @muaraindahsuak 
FB Muara Indah Suak 

________________
#muaraindahsuak #pantaimuaraindahsuak #pantailampung #pantailampungselatan #wisatalampung #wisatalampungselatan #piknik #healingvibes",beach
https://www.instagram.com/p/CcJevyiPq26/,544.jpg,2022-04-09 23:06:20,"Ceritaku 

#healthylifestyle #pantai #jalanjalan #wisatalampung #wisatalampungselatan #ootdhijab #ootdinspiration",ocean
https://www.instagram.com/p/CUrCiBBvajy/,545.jpg,2021-10-06 03:42:49,"@pematang_sunrise cocok untuk berlibur di saat pikiran kamu lagi kacau dan menghilangkan rasa lelah ditubuh kamu💫
____
____
____
____
Ayo jangan pikir dua kali untuk berlibur di @pematang_sunrise ✨💫
____
____
____
____
📸@alazis003 
📍@rizkysaputra01.official ____
____
____
____
Loc📍jln.permata batu Alif / pematang malang 
Dusun kayu-tabu Desa Kelawi kec Bakauheni Lampung Selatan .
____
____
Flw⬇️
_______________________
@mulimanaiujungaspal
•••••••••••••••••••••••••••••••••
°°
°°
°°more info : +62 895-1936-9799
°°
°°
..📌TEMPAT
➡️JLN. PERMATA BATU-ALIF/  PEMATANG MALANG.
➡️DESA KELAWI.
➡️DUSUN KAYU-TABU.
➡️KEC.BAKAUHENI.
➡️KAB.LAMPUNG SELATAN.
.
°°

GO IFTA! 
KEEP MOVING PEMATANG SUNRISE !
LETS GO LAMPSEL
BANGKIT PARIWISATA INDONESIA 🇲🇨
SALAM EXPLORASI 💪

Adaptasi Kebiasaan Baru
Berwisata Aman dengan Protokol Kesehatan

#prewedding #preweddingphotography #photography #photographer #preweddingshoot #prewedingmuslim #photoprewedding @iftaassociation
@riniariasih
@kutaheriawan
@sahabattravellerlampung
@apalampung
@bg_lpgkece
@parapejalanlampung
@lampuung @lampungselatanexplore @pesonalampunng @syah_herwan@dianarsaf #ramahtamahjelajah

#teamexploreifta2021
#pariwisatalampungselatan ____
____
#lampungwisata #lampunggeh #lampung #lampungselatan #lampungpunyabrand #lampunghits #lampungselatanamezing #lampungyay #wisataindonesia #wisatalampung #wisata #wisatalampungselatan #bakauheni #bakauhenilampung #gerbang_sumatra_seller #camping #camp #campcamp #sunmori",pier
https://www.instagram.com/p/CUkCb3Rhymw/,546.jpg,2021-10-03 10:27:18,"Tidak ada mimpi yang terlalu tinggi untuk digapai, yang ada hanyalah niat yang rendah untuk melangkah 🪂

#wisatalampung#lampungselatan#paralayang#perengananteng#wisatalampungselatan#happy#sunday#fly#littlefighter",rope bridge
https://www.instagram.com/p/C9AUwBOv86Q/,547.jpg,2024-07-04 15:01:50,kapan lagi bisa kesini #pantaimutun#pantaimutunlampung#pesonalampung#wisatalampungselatan#pesonaindonesia#wonderfulindonesia,harbor
https://www.instagram.com/p/CL5vd7hMyyM/,548.jpg,2021-03-02 04:02:18,"#Repost @abid_rabbani28
• • • • • •
Desa Way Hui Lampung Selatan

😱 Bersejarah dan misterius ungkapan yang tepat untuk tempat ini. Konon, batu ini sudah ada sejak zaman kolonial Belanda. Penamaannya pun beragam seperti “Batu Lingguh”, “Mini Stone” dan ada juga yang menyebutnya “Tugu Empat”.
. 
🌍 Lokasi : Batu Lingguh/Mini Stone/Tugu Empat, Desa Way Huwi, Kec.Jati Agung, Kab.Lampung Selatan, Prov.Lampung, Indonesia. 
. 
#kelampungaja #lampungdong #pejalankakilampung #lampungtok #lampungkuy #lampungselatanig #lampungmu #lampungselatanexplore #pejuangpesonalampung #mata_lampungku #ekspedisisumatera #lampungme_ #bolang_lampung #lampung_light #wisata_lampungme #lampungselatan #wisatalampungselatan #batulingguhlampung #tuguempatlampung #ministonelampung",rice paddy
https://www.instagram.com/p/CYTAEKTriCi/,549.jpg,2022-01-04 05:45:04,"Suara deburan ombak bikin candu💙
.
#janah2410 #storyaesthetic99 #ａｅｓｔｈｅｔｉｃ#selebgramlampuung #selebgramlampung_id #selebgramlampung_ #selebgramindonesia #ootdstyle #ootddaily #ootdfashion #wisatalampung #wisatalampungselatan #selebgram_lampung_id #pantaimarinakalianda #pantaimarinalampung #pantaimarina #fypシ #fypinstagram #fypindonesia #fff💋 #lfl💛 #fff😊 #lll #lflfff❤ #ombakpantai",lagoon
https://www.instagram.com/p/CZatz0fP7xp/,550.jpg,2022-02-01 02:10:52,"""lampung itu keindahan alam nya cantik cantik, asal pengelolanya gak bikin tempat selfie yang aneh aneh 😅😅😅""
°
°
📍Curug Jarum, Air Naningan, Tanggamus, Lampung
°
°
#nikonindonesia #nikonteam #greatshotz #lampunglandscapers #geonusantara #geolampung #instanusantara #wisatalampungselatan #indonesiaphotography #ic_landscape #ic_longexposure  #cameraindonesia #genpilampung #lampunginsta #lampunggeh #pikniklampung #PantaiMinangRua #haidaindonesia
#siruifilters #siruiindonesia #siruiaustralia #focusonelampung #plazafotolpg #hipaae
#serikat_fi #fineart #kemenpar #composekld",waterfall
https://www.instagram.com/p/CKVmJhnpBd1/,551.jpg,2021-01-22 06:36:49,"Hati akan merasa tenang jika kita yakin apapun yg luput dari kita bukanlah takdir kita,dan apapun yg ditakdirkan untuk kita tak akan luput dari kita..
 
#pantaitapakkera 
#wisatalampungselatan",rock arch
https://www.instagram.com/p/CYbpsa3v0So/,552.jpg,2022-01-07 14:22:45,"Sendiri itu tenang, selebihnya kesepian
.
.
📸 @baguspangestu31 
.
#SebalangBeach #lampung #lampunginsta #potretlampung #explorelampung #wisatalampung #wisatalampungselatan #lampunghits #lampungkece",ocean
https://www.instagram.com/p/Cfyu0Xdr2uz/,553.jpg,2022-07-09 13:09:49,"Wisata Jati Agro Farm yang ada di Jatimulyo Lampung Selatan sekarang ada kolam renangnya. 

Cek video dan info lengkapnya di channel YouTube Jani Master, LINK ada di profil. 

#wisatabandarlampung #wisatalampung #wisatalampungselatan #jatimulyo #jatiagro #jatiagrofarm #wisatajatiagro #wisatadilampung",water park
https://www.instagram.com/p/CXix38Cl_QJ/,554.jpg,2021-12-16 12:17:31,"Mention orang yang ingin kamu ajak ke pulau Pahawang island 🥰

-
Private trip, adalah favorit pilihan yang tepat untuk tour.

-
[ Fasilitas ]

∆ Kapal xplore pulau
∆ maksimal 5 pulau dan pantai
∆ 1 set alat snorkeling ( mask, pelampung )

_________________________________________________________

More info and reservation :
☎️ Cp/wa : +62 83168234908

-

-
---------------------------
 -----------------------------

#travel #sunset #travelgram #vacation #wisatalampungselatan #beach #lampunghits #pesonaindonesia #opentrippahawangmurah #palembangupdate #sewakapalmurah #kelagianlunik #pasirtimbullampung #liburanmurah #lampunggeh",boat deck
https://www.instagram.com/p/Cfj7dgrBvGn/,555.jpg,2022-07-03 19:11:41,"Wake Me Up When I Care...
.
.
.
📍Pulau Sebesi, Lampung
#explorelampung #pantaisebesi #visitlampung #explorepantai #solotravelling #solotraveller #canoing #infopandeglang #travelphotography #photography #nature #travelgram #pickoftheday #instagood #snorkeling #instatravel #adventure #travelblogger #trip #landscape #naturephotography #pulausebesi #sebesiisland #wisatakrakatau #wisatalampungselatan #exploresebesi #gunungkrakatau #explorekrakatau #gunungkrakatau",swimming hole
https://www.instagram.com/p/CTKZIVQpWMK/,556.jpg,2021-08-29 14:53:57,"Geser aja om ku 
Wisata lampung itu bagus 
#lampung 
#lampunghits 
#beta 
#bettafish 
#bettalampung 
#wisatalampung 
#wisatalampungbarat 
#wisatalampungselatan 
#wisatalampungku 
#pahawang 
#pantai 
#pantaimutunlampung 
#pesonalampung 
#lampungyay 
#lampungyai",beach
https://www.instagram.com/p/CuMl-0bPhYK/,557.jpg,2023-07-02 13:32:22,"Jika kamu belum pernah terdampar pada sebuah lembah rimbun, itu tandanya kamu belum pernah melihat bagaimana megahnya bumi yang kau injak
.
.
Ndang mangkat piknik sluur tunggu opo maneh
Dijualin barang2 tuh utk piknik 🤣🤣🤣
.
.
#kemiling #kemilingbandarlampung 
#wisatalampung #wisatalampungselatan 
#piknik #pikniklampung 
#exploreindonesia #wonderfulindonesia 
#beautifulindonesia #travelling 
#instafoto #jalanjalan 
#dolan #ayodolan",rice paddy
https://www.instagram.com/p/CSX7c7ZhC4N/,558.jpg,2021-08-10 00:32:36,"🐎 Hewan pun mempunyai hati. Jika kita tak melukainya, maka ia pun tak akan melukai kita. 
————————————————
🌍 Lokasi : Kampung Kuda, Desa Gedung Agung Kec.Jati Agung, Kab.Lampung Selatan, Prov.Lampung, Indonesia. 
. 
#lampung #mampirlampung #pesonatraveller  #lampungtraveling #ingetlampung #jelajahlampung #lampungable #lampungselatanexplore #lampungselatanig #disparbudlamsel #lampungselatanamazing #lampungselatan #kampungkuda #jatiagung #wisatalampungselatan
Reposted from @abid_rabbani28",amusement park
https://www.instagram.com/p/CfTnz5qplwl/,559.jpg,2022-06-27 11:12:08,"''Kalo mau tau asli nya gua
Main sama gua
Duduk berdua
Kita ngopi
Kalo dari cerita orang mah
Gua kebagian brengseknya doang 😁.''
.
.
.
.
.
#wisatalampung #wisatalampungselatan #wisatakalianda #lampungselatanexplore #wisataindonesiakeren🇲🇨",ice shelf
https://www.instagram.com/p/CPGRO_4Fl33/,560.jpg,2021-05-20 14:22:25,"Bener banget ya kalo liburan bawa baby tuh gaakan sempet ada moment foto foto yg bener 😂
Jadi inilah yg didapat dari libur pasca lebaran kemaren .
.
Padahal seru banget tempatnya, asri dan banyak banget spot fotonya guys. Buat yg di area lampung boleh banget mampir ke Podomoro Land Lampung yaa. Gak akan nyesel deh. Tempatnya di Sumber sari, Natar ya guys. 
.
.
#liburan #family #keluarga #keluargabahagia #keluargakecilku #wisataindonesia #wisataalam #wisatalampung #lampung #wisatalampungselatan",orchard
https://www.instagram.com/p/CkQSSBIBH8U/,561.jpg,2022-10-28 10:43:15,"-✈️
.
Sudah akhir pekan aja ni kak, masih bingung mau kemana weekend kali ini, eitsss kagak usah bingung, Air terjun Citiis solusinya.

Air Terjun Citiis ini, merupakan satu dari beberapa objek wisata alam Air Terjun di Kabupaten Lampung Selatan.

Lokasi Air Terjun yang berada di bawah kaki Gunung Rajabasa dengan dikelilingi pohon-pohon hutan alami. Keindahan Air Terjun Citiis sangatlah menggoda untuk didatangi.

Hijaunya pepohonan khas Gunung Rajabasa yang masih alami, serta batu hitam dengan hiasan lumut menjadi pemandangan yang menyejukan mata.

Riak suara air yang turun dari ketinggian sekira 10-20 meter, seolah menjadi irama syahdu.
Perjuangan melelahkan, track memacu andrenalin akan terbayarkan sudah, kala mata menatap dan merasakan langsung kesegaran Air Terjun Citiis.
If @ekamaulanaiqbal_18

📍 Air Terjun Citiis, Rajabasa, Lampung Selatan.

🏅From @demenalam

#curug #waterfall #explorelampung #lampungselatan #wisatalampungselatan  #lampungmoment #visitlampung #wisatalampung #pesonalampung #genpilampung #pesonaindonesia #lampunggeh #lampunghits #lampungeksis #lfl #likeforlikes #likeforfollow #inilampungyay #potretlampung #lampunginsta #parapejalanlampung #pendakilampung #travellerlampung #lampungkece  #lampungpedia  #alamlampung #nature #instagood  #travelingindonesia #traveling",waterfall
https://www.instagram.com/p/CYMCKIGFfH0/,562.jpg,2022-01-01 12:48:40,"Search wisata lampung

.
.
#kaliandaresort #alaualauresort #lagunabeach #lagunaalaualau #wisatalampungselatan #wisatalampung #pesonalampung #wisataindonesia #travellerindonesia #indovidgramvideo #lampungvidgram #lampungwisata #lampungtrip ##pesonaindonesia #trans7 #jelajahindonesia #travelling #lampungeksis #potretlampung #pikniklampung #explorelampung #lflflflflflflfl",porch
https://www.instagram.com/p/CLUqbkVHvU7/,563.jpg,2021-02-15 18:26:23,"Ditanganmu segalanya jadi luar biasa, thanks...
Prewed @pantai_keduwarna
Repost :@hansphotography_09 
#pantai_keduwarna
#preweddingphotography
#prewedding#pantai #wisatalampungselatan #wonderfullampungselatan #dinaspariwisatalampungselatan #kaliandaig",beach
https://www.instagram.com/p/CQlP8eVBc2j/,564.jpg,2021-06-26 11:39:00,"Masalah tidak di hargai belakangan, yg terpenting sudah berusaha semaksimal mungkin 😊🤭
#wisatalampung #wisatalampungselatan",trench
https://www.instagram.com/p/CPDDwnsBM52/,565.jpg,2021-05-19 08:26:57,"Carilah tempat dimana kmu di hargai bukan dibutuhkan, karena banyak orang yang butuh tapi lupa caranya menghargai. ⚪️

#Lampungpunyacerita
#janganmenyerah 
#janganlupabersyukur 
#janganlupabahagia 
#lampunghits 
#lampunggeh 
#wisatalampungselatan 
#Kalianda
#lampunggeh 
#Bujangsumatera
#Minang
#Jawa
#Sunda
#Lampung
#Indonesia",landfill
https://www.instagram.com/p/Cnsk7-kyS9a/,566.jpg,2023-01-21 23:59:11,"Bahagia iyang sederhana
Tak perlu mewah tuk bahagia.krn alam itu indah
#waymiosgunungbatu
#gedongtataan 
#pasewaran 
#lampungselatan 
#lampunghits 
#lampunggeh 
#lampung 
#wisatalampung 
#wisatalampungselatan",trench
https://www.instagram.com/p/DQVSQ0AkpBI/,567.jpg,2025-10-28 00:20:38,"HOLIDAY TRIP BY PT ANDINI TOURS & TRAVEL❤️✨

______________________________________________
Bingung mikirin liburan akhir tahun ke mana???
Tenang sobat!!! ANDINI TOURS & TRAVEL siap menemani liburan para sahabat!!!!

Info trip:081271103187

#pahawangmurah #pahawanglampung #pahawangislandlampung #pahawangtrip #pahawangbeach #telukhantu #telukhantupesawaran #telukhantulampung #fyp #fypppppppppppppppppppppppppppppppppppppppppppppppppppppppppppppppppppppp #fypシ❤️💞❤️ #wisatalam #wisatalampung #wisatalampungku #wisatalampungselatan",promenade
https://www.instagram.com/p/C0dWKwrycLB/,568.jpg,2023-12-05 04:49:39,"Menghidupkan kembali momen ini 😍

#deogratias #happiness #grateful #marinalampung #pantaimarinalampung #wisatalampungselatan",ice floe
https://www.instagram.com/p/CPfYS_wBXO7/,569.jpg,2021-05-30 08:25:09,"Lengkung langit 
#wisatalampung #wisatalampungselatan",amusement park
https://www.instagram.com/p/CO9Y4uoFjGP/,570.jpg,2021-05-17 03:36:07,"""Hidup itu bukan tentang memiliki dan mendapatkan, tetapi tentang memberi serta menjadi ""sesuatu"".""

Pantai Batu Rame, Kalianda, Lampung Selatan

#lampung #lampunghits #lampunggeh #lampungselatan #lampungwalk #lampungwawai #lovelampung #lampunginsta #lampunggham #lampungmoment #lampungyay #lampungkeren #pikniklampung #explorelampung #wisatalampung #wisatalampungselatan #pesonalampung #pesonapantai #ayodolan #pariwisata #explorelampung #lampung_geh #explorekalianda #pantaibaturame #pesonapantai #ayodolan #infokyai #lampungwah #lampunghelau",ocean
https://www.instagram.com/p/CR7tNX-he35/,571.jpg,2021-07-30 01:29:24,"👋🏻 ROJAIP (Rombongan Jadi Ngetrip) 

Kapan terakhir kalian ke sini cuy ??? ...

————————————————
🌍 Lokasi : Teropong Kota Kalianda, Desa Sumur Kumbang, Kec.Kalianda, Kab.Lampung Selatan, Prov.Lampung, Indonesia. 
.

#Repost @abid_rabbani28
...

#lampungtok #jalanjalandilampung #lampungselatanexplore #lampungberwisata #lampungselatanig #lampungtraveling #kaliandaig #surganyalampung #lampungmu #lokal_kalianda #lampungme #jejaklampung #disparbudlamsel #lampungselatanamazing #khamkalianda #wisata_lampungsai_ig #lampungselatan #teropongkotakalianda #kalianda #wisatalampungselatan",topiary garden
https://www.instagram.com/p/C65ePiALD_W/,572.jpg,2024-05-13 06:07:18,"Siang Bolong Gini Enaknya Sih Nyebur Di @way_tebing_ceppa 🤗

☑ Salam kenal teman-teman, Kepoin kita dong. Yuk follow & saling support. Kunjungi channel yoututube kami juga ya (link ada di bio/profil/disematkan)

#waytebingceppa #wisatalampungku #wisatalampungselatan #wisataalamindonesia #pemandianalam #potretlampung #kaliandahits #potretkece",botanical garden
https://www.instagram.com/p/CdTFRCCJxcP/,573.jpg,2022-05-08 13:07:29,"Kurang darah AE mumet,OPO eneh kurang perhatianmu.....piuuuuupiuuuupiuuuuu...
Foto terakhir bonus 😂😂
#lblb💙 #lfl💛 #folowforfolowback #followers #hijabers #pantaikeduwarna #pantaikedu #holiday #fff #三代目jsoulbrothers #lampungselatan #wisatalampungselatan",beach
https://www.instagram.com/p/CpAaHkZy_KT/,574.jpg,2023-02-23 13:20:51,"🔁 Repost : @a_lkmn 

 ""Tidak ada yang lebih indah, daripada melihat kegigihan laut yang menolak berhenti mencumbui bibir pantai. Meski berkali-kali harus menjauh terbawa arus"".
.
.
.
📍 Minang Rua Bahari, Lampung Selatan
.
.
.
Follow : @barbar_adventure_indonesia 
Tag : #barbar_adventure_indonesia 

#wisatalampung #wisatalampungselatan #minangruabeach #barbar_adventure_indonesia #explore",lagoon
https://www.instagram.com/p/Cy3Uov-P21Q/,575.jpg,2023-10-26 13:53:44,"We travel not to escape life, but for life not to escape us…

#thetyos #travellercouple #adventurouscouple #growoldtogether #kakeknenekpetualang #pantaimarinakalianda #pantaimarinalampung #pantaimarinalampungselatan #pantailampung #pantailampungselatan #wisatalampung #wisatalampungselatan #lampunghits #explorelampung #explorelampungselatan #wisatapantailampung #wisatapantailampungselatan",islet
https://www.instagram.com/p/C3xKgT7Pwo6/,576.jpg,2024-02-25 11:06:44,"[ OUTBOUND SERU DI LAMPUNG UDAH PASTI BARENG KAMI ]
. 
✨ Yuk maksimalkan kegiatan outbound kalian bareng kami @restubumioutbound.
_______________________
🏝️ RBA - TOUR PACKAGES 
▪️Wisata Alam
▪️Wisata Desa
▪️Minat Khusus
▪️Outbound Training
▪️Family & Corporate Gathering
.
----More information-----
• Kontak : 
> 081271046209 (Admin 1) 
> 081272477622 (Admin 2)
• Instagram : @restubumiadventure 
• Facebook : Restu Bumi Adventure 
• Tik Tok : @restubumiadventure64
• Youtube : Restu Bumi Adventure 
• Website : www.restutour.co.id
• Email : restubumiadventure64@gmail.com
. 
#restubumiadventure #restubumi #adventure #pariwisata #pariwisatalampung #wisatalampung #paketoutboundmurah #paketwisatamurah #pahawanglampung #triplampung #outbond #outboundlampung #wisataalampung #lampung #pantaidilampungselatan #wisatalampungselatan #lampunggeh #paketoutboundlampung #jasaoutboundlampung #mbeachkalianda #pantaiembekalianda",park
https://www.instagram.com/p/CPN43ZjBu7g/,577.jpg,2021-05-23 13:23:24,"Mantai 😂
#ketibung
#wisatalampungselatan",hot spring
https://www.instagram.com/p/ComkIkCybob/,578.jpg,2023-02-13 12:28:07,"photo family
#couplesyah#kalianda #wisatakalianda #wisatalampungselatan #pantaikalindalampung #kaliandahits #pantaikalianda #jalanjalankalianda #lampungselatanexplore #pantailampungselatan #kalianda #pantaiaranglampung #jasaphotopantaikalinda #tempatwisatalampung #wisatalampungselatan #photofamilykalinda #photofamily #photofamilyoutdoor #farrsofampict",beach
https://www.instagram.com/p/CQOY314Bc7b/,579.jpg,2021-06-17 14:34:29,"Perjalanan masih panjang, moga kita selalu dimudahkan dan dikuatkan oleh Allah Sang Maha Pemberi Kehidupan.
.
.
.
#tadabburalam  #bukitpematangsunrise  #lampunghits  #lampungexsplore  #wisatalampungselatan  #wisatalampung #kelampung_geh  #inspirasihidup",balcony/interior
https://www.instagram.com/p/CPc-segsu6v/,580.jpg,2021-05-29 10:02:57,"Nikmatnya mandi di wisata batu kincir..... Sejuuuukkkkkkk

#wisatalampungselatan",creek
https://www.instagram.com/p/CpKw86Kyz4A/,581.jpg,2023-02-27 13:52:47,"Kadang kita perlu datang ke tempat baru agar lebih bersyukur☺️

-📷 @elviraaripratwi

-@lummayvillaresort 
-@minangruabeach_inn 

-📍Pantai Minangrua, lampung selatan 

#ciwiciwi_aesthetic #wisatalampungselatan #minangruabeach",promenade
https://www.instagram.com/p/Cfl16lhpfrp/,582.jpg,2022-07-04 13:01:42,"Aromamu candu buatku 🏝
.
.
.
📍Pulau Sebesi, Lampung
#explorelampung #pantaisebesi #visitlampung #explorepantai #solotravelling #solotraveller #canoing #infopandeglang #travelphotography #photography #nature #travelgram #pickoftheday #instagood #snorkeling #instatravel #adventure #travelblogger #trip #landscape #naturephotography #pulausebesi #sebesiisland #wisatakrakatau #wisatalampungselatan #exploresebesi #gunungkrakatau #explorekrakatau #gunungkrakatau",beach
https://www.instagram.com/p/CrkZpNqLeLT/,583.jpg,2023-04-28 05:52:09,"Menara siger Lampung..
#menarasiger 
#wisatalampungselatan 
#bakahuneilampung 
#lampunggeh",promenade
https://www.instagram.com/p/CPTLW7mnRad/,584.jpg,2021-05-25 14:41:12,"Berasa pantai pribadi 😁🌅
.
.
.
.
#lampunghits #lampungselatan #lampunggeh #wisatalampungselatan #pantaikedu",beach
https://www.instagram.com/p/Cg3m6EhP3rA/,585.jpg,2022-08-05 07:08:17,"Ekspresi Kunjungan Daerah

#LPHDWayKalam 
#waykanan 
#wisatalampungselatan 
#sispala
#wisatalampung

@wisatalampungselatan",arch
https://www.instagram.com/p/ChMdYtwPL5L/,586.jpg,2022-08-13 09:29:09,"Terimakasih sudah berkunjung 😊🙏

📍@muaraindahsuak 
Jl. Raya Suak Desa Suak Kec. Sidomulyo Lampung Selatan 

_______________
Follow & tag foto kamu 
IG @muaraindahsuak 
FB Muara Indah Suak 

________________
#muaraindahsuak #pantaimuaraindahsuak #pantailampung #pantailampungselatan #wisatalampung #wisatalampungselatan #piknik #healingvibes",beach
https://www.instagram.com/p/CxcFCq8R4kJ/,587.jpg,2023-09-21 03:26:34,#lampungselatan #bakauheni #minangruabeach #pesonaindonesia #wisatalampungselatan #wisatalampung #wisataindonesia #beach,beach
https://www.instagram.com/p/CMGZlCknUY9/,588.jpg,2021-03-07 02:01:09,"✨ KUNJUNGAN KE POKDARWIS/BUMDES/KOPERASI ✨
. 
👥 Nama Mahasiswa : 
• M. Abid Rabbani (20756044)
• Nadiya Shabrina (20756046)
• Salsa Zulya Putri (20756052) 
. 
💯 Wisata Alam Gunung Batu dikelola resmi oleh Kelompok Sadar Wisata (POKDARWIS) yang bekerja sama dengan Badan Usaha Milik Desa (BUMDES) Desa Srikaton.
. 
💫 POKDARWIS sendiri merupakan lembaga kelompok masyarakat yang dibentuk untuk menjalankan kepariwisataan di Desa Srikaton serta bisa menciptakan sapta pesona. POKDARWIS Wisata Gunung Batu disahkan pada tanggal 10 Oktober 2019. Agar keberadaan kepariwisataan Gunung Batu bisa berjalan dengan baik dan kondusif maka diadakan kerja sama dengan Badan Usaha Milik Desa (BUMDES) Desa Srikaton.
. 
🌍 Lokasi : Wisata Alam Gunung Batu, Desa Srikaton, Kec.Tanjung Bintang, Kab.Lampung Selatan, Prov.Lampung, Indonesia. 
. 
#politekniknegerilampung #polinela #mahasiswapolinela #perjalananwisatapolinela #pwpolinela #anakpariwisata #pariwisatapolinela #kuliahpariwisata #tugaslapangan #pokdarwis #pokdarwislampung #bumdes #tatakelolaobjekwisata #anakkuliah #mahasiswalampung #mahasiswa #lampung #wisatalampung #lampungselatan #wisatalampungselatan #desasrikaton #gunungbatu",vineyard
https://www.instagram.com/p/CvhcZCRr7Mm/,589.jpg,2023-08-04 12:24:01,"""Sebuah liburan terbaik diukur dalam teman, bukan cuma jarak tempuh.""
.
.
.
.
@piknikkalianda 
@__her.mawan 
.
.
.
.
#pikniklampung #wisatalampung
#pantaikedu #pantaikedulampungselatan #wisatakalianda #wisatalampung #wisatalampungselatan #pantaikalianda #lampunghits #lampung #bglampungkece #lampunggeh #lampungkece",sandbox
https://www.instagram.com/p/CY3mZuhpjVf/,590.jpg,2022-01-18 10:52:43,"Tenang nikmati prosesmu, untuk mencapai puncak itu hanya masalah waktu.😊
.
.
.
#wisataseluruhindonesia #wisatalampung #wisatalampungtimur #wisatalampungselatan #puncakpemancar #naikgunung",promenade
https://www.instagram.com/p/CXbYFfCP1v9/,591.jpg,2021-12-13 15:17:30,Wisata Perengan Anteng Karang Anyar Lampung Selatan 🏞️✨😊 #wisata #wisatalampung #wisatalampungselatan #perengananteng,botanical garden
https://www.instagram.com/p/CW-T90RrZgY/,592.jpg,2021-12-02 08:23:31,"Kapan kita berlibur ketempat ini,berenang dengan menikmati indahnya pemandangan alam😁

📍Way Benteng Kedangaan (WKB) , Kalianda, Lampung Selatan 
Credit @info_wisatabdl 

#azana #azanahotels #aerofrontonecabinlampung #waybentengkedagaan_wbk  #wisatalampungselatan  #wbk",japanese garden
https://www.instagram.com/p/CPGqpqsLlc1/,593.jpg,2021-05-20 18:04:31,"Bosen di rumah? Cus aja ke air terjun way tayas

#wisatabandarlampung#lampunghits#lampungeksis#explorlampung#lampunggehh#wisatalampung#wisatalampungselatan",waterfall
https://www.instagram.com/p/CnlNYtMrqm4/,594.jpg,2023-01-19 03:18:43,"Masih blm move on dr @lummayvillaresort 🤭
.
.
.
.
.
.
.
.
.
#healingsejenak 
#wisatalampungselatan
#pantaiminangrua 
#lummayvillaresort",restaurant patio
https://www.instagram.com/p/DTx8EvmEo6u/,595.jpg,2026-01-21 16:58:54,"Moment With Family

Venua @pantai.marina.official 

#familytime #momentkeluarga #familyphotography #family #gatheringfamily #wisatalampungselatan #lampungselatanexplore #keindahanlaut #photoshoot #keluargabahagia #momentbersamakeluarga",porch
https://www.instagram.com/p/CQtA8OfjsoG/,596.jpg,2021-06-29 12:01:49,"Self healing....

#pantaipasirputihlampung #wisatalampungselatan #remajaindonesia",lagoon
https://www.instagram.com/p/CPN98jiggm7/,597.jpg,2021-05-23 14:07:48,"Pose diatas batu pinggir jurang macam ini aja, Saya dan keluarga sudah senang bukan kepalang!.🥰🥰🥰
.

Menciptakan momen bahagia bersama keluarga itu gak harus Mevvah kok!. Dateng ke spot wisata yang punya view dermaga Bakauheni dan kawasan pesisir Lampung Selatan begini aja udah bahagia  banged!😊😊😊
.
.
Lokesyen ; @pematang_sunrise @pematang_sunrise @pematang_sunrise @pematang_sunrise 
.
.
.
Gimana Weekend kalian? Always Happy yaaaa ....
.
.
Capture moment by @firman.uno 
.
.
.
#familyqualitytime #myfamilymyteam #myfamilyismyeverything #mylovelyfamily #duniaindra #travelblogger #pariwisataindonesia #pariwisatalampung #pariwisatalampungselatan #pematangsunrise #wisatalampungselatan #pematangsunriselampung #pematangsunrisebakau #wisatabakauheni #indrapradyamclampung #indrapradyalampung #indrapradyafamily #selampung #kelilinglampung #infolampung #lampunghits #lampunggeh",coast
https://www.instagram.com/p/CRbjccVL5U8/,598.jpg,2021-07-17 13:48:23,"P.P.K.M - Penginnya Peluk Kamu Melulu.. eyaa😛
#pantaimutun #pantaimutunlampung #wisatalampung #wisatalampungselatan #wisatapantai #beach #summer #summertime",lagoon
https://www.instagram.com/p/ChLvvy1vsuV/,599.jpg,2022-08-13 02:50:20,"Weekend emang paling seru makan rame-rame di Restaurant Villa Gardenia! Nikmati serunya weekend mu dengan quality time bersama teman-teman ditemani dengan lezat nya hidangan kami sambil melihat pemandangan laut!✨ 

Yuk segera hubungi CP di bio kami untuk pemesanan nya dan jangan lupa follow @villagardenia.official untuk update terkini wahana dan fasilitas di Villa Gardenia! #lampung #lampunghits #lampunggeh #lampunginsta #wisatalampung #pesawaran #lempasing #lempasing_bandarlampung #villagardenialampung #restaurant #lautlampung #bandarlampung #wisatalampung #wisatalampungbarat #wisatalampungselatan #wisatalampungkeren",restaurant
https://www.instagram.com/p/Cfec6idJc3v/,600.jpg,2022-07-01 16:08:34,"''Ketika setan gagal membuatmu MENJADI BURUK, setan akan menggodamu dengan MERASA BAIK.''
.
.
.
.
.
#wisatalampung #wisatalampungselatan #lampunggeh #lampungexlpore #wisataindonesiakeren🇲🇨",racecourse
https://www.instagram.com/p/DUACwNtDpS1/,601.jpg,2026-01-27 04:26:38,#junglesealampung #wisatalampungselatan #jusjumbo #jusbuahasli,flea market/indoor
https://www.instagram.com/p/DNFa9YGBlU0/,602.jpg,2025-08-08 06:54:36,"One day , you will be living the life you prayed for

Kepingan Surga di Lampung.,
📍 Pantai Gigi Hiu , Lampung Selatan

#gigihiu #gigihiulampung #lampunggehnews #lampunggehhh #explorelampungselatan #lampungselatan #gigihiubeach #gigihiulampungtanggamus",coast
https://www.instagram.com/p/DP_OBJukYEp/,603.jpg,2025-10-19 10:40:15,"Yang lagi diLampung bisa bawa anak-anak ke @jungleseaofficial nih, uwo, anjeng dan ibing Happy, Popom Momomnya juga Happy 🤗🥰

#explorelampungselatan 
#wisatalampung 
#junglesea",promenade
https://www.instagram.com/p/DIJAZgcy_48/,604.jpg,2025-04-07 09:42:30,"Kamu adalah pikiran terakhir dalam fikiranku sebelum aku tertidur dan fikiran pertama ketika aku bangun pagi.
( in frame :@fadilahriyadi13 )
#kosakata #intuisi #prolog #curugcitamburcianjur #explorelampungselatan #wonderful_places #mytravelgram #curugcikondangcianjur #cianjurselatan #indonesia",waterfall
https://www.instagram.com/p/C75_5yESWDi/,605.jpg,2024-06-07 07:32:50,"Si topi jerami. 👒 
.
.
.
.
.
.
.
.
.
.
.
 #kalianda #kaliandabeach #kaliandaig #lampung #lampunggeh #explorelampung #explorelampungselatan #lampungselatan  #riobeach",ocean
https://www.instagram.com/p/Cjh8lQULoRH/,606.jpg,2022-10-10 10:48:35,"“I look my best when I'm totally free, on holiday, walking on the beach.”

#lampunghits #lampung #kiluan #kiluanbeach #kiluandolphin #explorelampung #explorelampungselatan #touring #pesonaindonesia #exploreindonesia",lagoon
https://www.instagram.com/p/DLZfpfLypXe/,607.jpg,2025-06-27 08:57:35,#explorelampungselatan #pulauumangumang,ocean
https://www.instagram.com/p/DOTGmswEaKa/,608.jpg,2025-09-07 10:57:30,"°Agenda Explore Sadulur°
Keseruan skuad Honda ADV Club Karawang ownERs yang explore pulau Sumatra khususnya pantai Krui Lampung om with @ahmad_alamin95 @fabssky @na.wijaya_ stay Safety balik kanannya ya om😇Will be join agenda AES-Hacker Family? Let's DM Mimin yak

#AES(Agenda Explore Sadulur)
#advtouringbike 
#lampungviralfyp 
#explorelampungselatan",general store/outdoor
https://www.instagram.com/p/CrxGqd9Jel2/,609.jpg,2023-05-03 04:16:26,"Liburan sehari menyadarkan kita akan indahnya hidup ini .
#exploreindonesia #explorelampung
#explorepulautangkil 
#explorelampungselatan",lagoon
https://www.instagram.com/p/CkHWyTEvQLa/,610.jpg,2022-10-24 23:29:27,"Kali ini di meja enggak ada kopi dan gorengan, hanya tersedia tisu-tisu menghapus belek di matamu 
.
.
.
.
.
.
.
.
.
.
.
.
🍁Bukit Slimpuyang, Sidomulyo, Lampung Selatan
.
.
.
.
.
.
.
.
.
.
.
.
#lampungeksis #lampungsemakineksis #koncodolanlampung #explorelampung #lampunginsta #wajahlampung #ilovelampung #sidomulyolampungselatan #bukitslimpuyang #explorelampungselatan #lampungtourid #LampungGeh #lampungkece #wisata_lampungme #lampungindonesia #lampungselataninfo #kelampunggeh #lampungselatan #backpakerindonesia #lampungkece #trendinglampung #nyapalampung #menyapalampung #lampuung #inilampungyay #potretwisataindonesia #hellolampung #kelilingindonesia #travellingnusantara #likesforlike #follow4followback",campsite
https://www.instagram.com/p/DNziCJJ4goM/,611.jpg,2025-08-26 04:41:28,"Ketika laut, gunung, langit bersatu 🥹

#explorelampungselatan #exploreindonesia #traveladdict #indonesia_traveler #pulausebesi #girlstyle #ootd #beachvibes #beachday #girltraveler #indonesia_photography",lagoon
https://www.instagram.com/p/Cpo4DCvvezW/,612.jpg,2023-03-11 06:32:00,"Main kuda diPantai? Disini juga ada loh😁

#explorelampungselatan 
#explorelampung",ocean
https://www.instagram.com/p/CnoCLLuvBNu/,613.jpg,2023-01-20 05:38:28,"Have more quality time at this beautiful Private Beach with your Loved one! 

Make your reservation now at @alaualauboutiqueresort 

Foto credit : @billy.yoga

#alaualaubeach #alaualau #alaualauresort #kaliandabeach #kalianda #kaliandalampungselatan #kaliandaig #kaliandaresort #kaliandahits #lampung #lampunginsta #lampunghits #lampungkece #lampungselatan #explorelampung #explorelampungselatan #PRIVATEBEACH",wave
https://www.instagram.com/p/C3L8S2sycHx/,614.jpg,2024-02-11 00:10:39,"Akhirnya si merah bisa keliling Sumatera. Bukan begitu @did1_mhd12 
.
.
.
.
.
.
.
#menarasiger #menarasigerlampung #iconlampung #lampungsay #lampungyay #lampungtimur #lampung #explorelampungselatan #wonderfulindonesia #wonderland #indonesia #travelphotography #traveling #travelgram",highway
https://www.instagram.com/p/DByRVz3vcoe/,615.jpg,2024-10-31 10:39:38,"✨ Ciptakan momen bahagia bersama keluarga kecilmu ✨

📌 Pantai Marina

#pantaimarina #pantaimarinakalianda #pantaimarinalampungselatan #wisatalanpung #explorelampungselatan #fotokeluarga",beach
https://www.instagram.com/p/ClpSJddhbcT/,616.jpg,2022-12-02 00:14:30,"Alau Alau Permanent Cottage

1 bed room
2 bed room
Royal Family 

Lagoon view
Room include Breakfast
Free mineral water
King size bed
Air conditioner 
Standard Amenities 

#alaualau #alaualauresort #kalianda #lampungselatan #explorelampungselatan #explorelampung #exoticplaces #privatevilla #wisata #cottage #villa #supportlocal",porch
https://www.instagram.com/p/C3MkRB8S7aC/,617.jpg,2024-02-11 05:59:56,"Berkunjung ke Kp.Bali di Negeri jemanten Lampung timur.
In frame @fadilahriyadi13 
#explorelampung #explorelampungselatan #explorebali #travelphotography #trip #kelilingindonesia #bali #taribali #wonderfulindonesia #wonderful_places #wonderland #indonesia #visitindonesia",temple/asia
https://www.instagram.com/p/Ca-5ofPPoaS/,618.jpg,2022-03-11 23:58:14,"Kalau namamu bukan Google, berhentilah berlagak seperti kamu tahu segalanya 👌🏻

#lampungselatanexplore
#lampungselatanhits
#pantaimarinalampung
#wonderfulllampung
#wonderfulindonesia
#explorelampung
#explorelampungselatan",lagoon
https://www.instagram.com/p/Cw0R9K-Jac8/,619.jpg,2023-09-05 16:29:48,"Nikmatin cerahnya dunia dari atas sini 🛳️🤗😍
.
.
#touring #familytouring2023 #familyadventure #3rdtouring #3rdtouring2023 #letsgo #selatsunda #sundastrait #letsgosomewhere #touringlintaspulau #touringlintasprovinsi #merak #pelabuhanmerak #pelabuhanmerakbanten #merakbakauheni #pelabuhanbakauheni #bakauheni #lampung #lampungselatan #explorelampung #explorelampungselatan #bakauhenilampung #travel #travelgram #traveling",boat deck
https://www.instagram.com/p/CwNaSjNvxrA/,620.jpg,2023-08-21 14:12:14,"Asal jepret ja juga di sini mah enak dilihat 😍🌴🏝️🗻
.
.
#3rdtouring2023 #familyadventure #familytouring #touringlintaspulau #touringlintasprovinsi #lampung #lampungselatan #explorelampung #explorelampungselatan #bakauhenilampung #travel #pelabuhancanti #kalianda #pulausebuku #pulausebesi #pulauumang #pulauumangumang #perahu #gelombang #wave #waves #ombak #laut #sea #sealife #beach #pantai #tejang #tejangpulausebesi",beach
https://www.instagram.com/p/Cns7tjXP1OI/,621.jpg,2023-01-22 03:18:12,"Thank you for staying at @alaualauboutiqueresort

What a lovely picture 🥰😍

Fhoto Credit : @chendy_erwandi

#alaualau #alaualaubeach
#alaualauboutiqueresort #alaualauresort #kalianda #kaliandabeach #kaliandaig #kaliandaresort #kaliandalampungselatan #kaliandahits #lampung #lampungkece #lampunghits #lampungselatan #lampunggeh #explorelampungselatan #explorelampung #PRIVATEBEACH #indonesianbeach #indonesiaarchipelago",beach
https://www.instagram.com/p/CwQUABHPaw4/,622.jpg,2023-08-22 17:15:00,"Bocil ini nih yg bikin kita tambah semangat buat TOURING 🤗😎❤️🗻😍
.
.
Bocil ajaib yg tahan segala medan perjalanan 😎🤗
.
.
Senggol nih bosss 😎🤗🤣
.
.
#3rdtouring2023 #familyadventure #familytouring #touringlintaspulau #touringlintasprovinsi #lampung #lampungselatan #explorelampung #explorelampungselatan #bakauhenilampung #travel #pelabuhancanti #kalianda #pulausebuku #pulausebesi #pulauumang #pulauumangumang #perahu #gelombang #wave #waves #ombak #laut #sea #sealife #beach #pantai #tejang #tejangpulausebesi",lagoon
https://www.instagram.com/p/CglRITWv1Sn/,623.jpg,2022-07-29 04:11:40,"Siang di pantai kahai beach hotel Dengan pemandangan gunung Krakatau 🌟

#kahaibeachlampung#pantaikahaibeach#wisatakaliandalampungselatan#explorelampungselatan#gunungkrakatau#kahaibeachhotel#desabatubalakkahai#lampunghits#wisatalampungselatankekinian",sky
https://www.instagram.com/p/CwVj2kpvb8C/,624.jpg,2023-08-24 18:09:43,"Nungguin kunci Villa Krakatau 🏡
.
.
Selfi2 dulu dong🤗🤣
.
.
#familytouring2023 #familyadventure #3rdtouring2023 #touringlintaspulau #touringlintasprovinsi #lampung #lampungselatan #explorelampung #explorelampungselatan #bakauhenilampung #travel #pelabuhancanti #kalianda #pulausebuku #pulausebesi #pulauumang #pulauumangumang #perahu #gelombang #wave #waves #ombak #laut #sea #sealife #beach #pantai #pulaumenggunang #tejangpulausebesi",playground
https://www.instagram.com/p/Cxjnfo7ytxt/,625.jpg,2023-09-24 01:42:18,"Us…

#thetyos
#travellercouple 
#adventurouscouple 
#growoldtogether #kakeknenekpetualang #pantaikedulampung #pantaikedulampungselatan #pantailampung #pantailampungselatan #wisatalampung #wisatalampungselatan #lampunghits #explorelampung #explorelampungselatan #wisatapantailampung #wisatapantailampungselatan",volcano
https://www.instagram.com/p/CrfxYpDv7Jf/,626.jpg,2023-04-26 10:43:24,"ㅤ
𝑆𝑒𝑑𝑎𝑙𝑎𝑚-𝑑𝑎𝑙𝑎𝑚𝑛𝑦𝑎 𝑙𝑎𝑢𝑡𝑎𝑛 𝑚𝑎𝑠𝑖ℎ 𝑑𝑎𝑙𝑎𝑚 𝑐𝑖𝑛𝑡𝑎𝑘𝑢 𝑝𝑎𝑑𝑎𝑚𝑢.
𝑈𝑢𝑢𝑤𝑢𝑢𝑢...ℎ𝑢ℎ𝑢ℎ𝑢...
•
•
•
#explorelampung#explorelampungselatan#pulaupahawang#pulaupahawanglampung#pahawangisland#snorklingtrip#snorklingindonesia#pesonaindonesia#lampunggeh#lampungkeren",underwater/ocean deep
https://www.instagram.com/p/C3LNl4iSRdb/,627.jpg,2024-02-10 17:22:34,"Exotica Pantai Marina, ada yg tertarik ? Silahkan berkunjung kesini.
In frame @muhammadrizal6403 
#pantaimarinakalianda #pantaimarinalampung #pantaimarina #explorelampungselatan #lampung #tabikpun #wonderfulindonesia #wonderland #wonderful_places #travelphotography #indonesia",temple/asia
https://www.instagram.com/p/CgmGAn-vaCK/,628.jpg,2022-07-29 11:53:44,"Patung Gurita & Menara 🐙🌊🛕

#kahaibeachlampung#pantaikahaibeach#wisatakaliandalampungselatan#explorelampungselatan#gunungkrakatau#kahaibeachhotel#desabatubalakkahai#lampunghits#wisatalampungselatankekinian",lighthouse
https://www.instagram.com/p/CwVmKtUvZ7o/,629.jpg,2023-08-24 18:29:57,"Selamat datang di Pulau Menggunang 🏝️
.
.
Klo background kita itu P. Sebesi dengan gunungnya yg setinggi 800 meteran 🤗🗻
.
.

#familytouring2023 #familyadventure #3rdtouring2023 #touringlintaspulau #touringlintasprovinsi #lampung #lampungselatan #explorelampung #explorelampungselatan #bakauhenilampung #travel #pelabuhancanti #kalianda #pulausebuku #pulausebesi #pulauumang #pulauumangumang #perahu #gelombang #wave #waves #ombak #laut #sea #sealife #beach #pantai #pulaumenggunang #tejangpulausebesi",lagoon
https://www.instagram.com/p/CkiL0knvHHD/,630.jpg,2022-11-04 09:33:08,"Handover ceremony Area pantai kahai beach hotel dan wahana-wahana lainnya dari kahai beach hotel ke pelangi hotel internasional.

#kahaibeachlampung#pantaikahaibeach#wisatakaliandalampungselatan#explorelampungselatan#gunungkrakatau#kahaibeachhotel#desabatubalakkahai#lampunghits#wisatalampungselatankekinian",park
https://www.instagram.com/p/CsNIS59v_Jg/,631.jpg,2023-05-14 01:29:25,"Make sure your vacation is a good and fun moment, trust us !!!
Liburan di pantai, tapi bukan sekedar pantai.
Pantai minangrua menyajikan rekreasi alam yg berbeda.
Selain pantai, di Minangrua juga ada destinasi wisata lain.
Seperti, Air Terjun Dan Green Canyon.

Your family story must be happy!!
 ________________________
This is👉. Pantai Minangrua - Desa Kelawi - Bakauheni - Lampung Selatan.
________________________
Hurry up, follow us, because we are processing something amazing!!!
NOTE!!!
(Lodging on this beach is very limited)

More info & Reservasi: HP/WA: 081272250665
________________________
Don't miss out on information!!

Tag dan follow 👇👇

@minangruabeach_inn
@minangruabeach_inn
@minangruabeach_inn 

Sertakan #minangruabeach
❎ Vacation is a necessity too
________________________
•Don't focus too much on money•
________________________
#minangruabeachinn #minangruabeach #pantaiminangrua #bakauheni #lampungselatan #lampung #viral #jakarta #bandung #palembang #travel #explore #tourism #trippieredd",grotto
https://www.instagram.com/p/Cblz8M5Jy2y/,632.jpg,2022-03-27 02:38:53,"Kau melihatnya, ia melihatku, aku melihat ke kamera aja sambil nyengir. Krik krik 🦗

#explorelampung #explorelampungselatan #explorekalianda",watering hole
https://www.instagram.com/p/Cigefx9PVJY/,633.jpg,2022-09-15 00:35:03,"𝐒𝐮𝐝𝐚𝐡 𝐚𝐝𝐚 𝐚𝐠𝐞𝐧𝐝𝐚 𝐝𝐚𝐧 𝐫𝐞𝐧𝐜𝐚𝐧𝐚 𝐦𝐚𝐮 
Pantai Kunjir, Kalianda, Lampung Selatan.
.
𝐥𝐢𝐛𝐮𝐫𝐚𝐧 𝐤𝐞𝐦𝐚𝐧𝐚??
𝐒𝐮𝐝𝐚𝐡 𝐚𝐭𝐚𝐮 𝐛𝐞𝐥𝐮𝐦, 𝐛𝐢𝐬𝐚 𝐡𝐮𝐛𝐮𝐧𝐠𝐢 𝐤𝐚𝐦𝐢 𝐝𝐢 @junatrip 
𝐀𝐧𝐝𝐚 𝐛𝐢𝐬𝐚 𝐦𝐞𝐦𝐢𝐥𝐢𝐡 𝐭𝐞𝐦𝐩𝐚𝐭 𝐭𝐮𝐣𝐮𝐚𝐧 𝐥𝐢𝐛𝐮𝐫𝐚𝐧 𝐚𝐧𝐝𝐚 𝐝𝐢 𝐬𝐢𝐧𝐢!!!
__
Kami akan mempermudah rencana liburan anda!!!
Dan estimasi biaya akan kami sesuaikan!!!
Destinasi tujuan wisata kami sesuaikan.
__
Adapun Destinasi:
Pantai Minangrua
Pulau Pahawang
Pulau Tegal Mas
Pulau Mengkudu
Pantai Gigi Hiu
Krakatau
Bali
Jawa Barat
__
Dan seluruh destinasi wisata di Lampung!!!
__
Reservasi / More info: +6281278582021
________________________
Easy way to repost?
👇Tag dan follow akun 👇
@junatrip 
@minangruabeach_inn
@pantaiminangrua_lampung
@lampung_staycation
________________________
•Don't focus too much on money•
________________________
#junatrip #minangruabeach #bali #lombok #labuanbajo #lampung #sebalang #pahawang #tegalmas #pahawanglampung #selebriti #viral #jakarta #bandung #palembang #travel #explore #tourism #trip #lfl #beach #likeforlikes #song #exploremalang",village
https://www.instagram.com/p/CjknCHfPc1G/,634.jpg,2022-10-11 11:38:00,"📍bukit slimpuyang kalianda  lampung selatan
.
.
.
.
.
.
.
.
.
.
.
..
.
.

#lampung #bukitslimpuyang #gunungbatu #lampungselatan #foto #tanjungbintang #indonesiarepost #trip #traveling #viral #explore #nusantarakita #exploreindonesia  #traveler  #indozonetravel #amazingnusantara #flirtingwithnature #nakedplanet #fotonesia  #adventure  #instagood #landscape #indotravellers #ayodolan #like4like #fff  #likeforfollow  #lfl💛",campsite
https://www.instagram.com/p/ClukA_xPYGZ/,635.jpg,2022-12-04 01:26:50,"Jangan lupa liburan,🤣
Your family story must be happy!!
 ________________________
This is👉. Pantai Minangrua - Desa Kelawi - Bakauheni - Lampung Selatan.
________________________
Hurry up, follow us, because we are processing something amazing!!!
NOTE!!!
(Lodging on this beach is very limited)

More info & Reservasi: HP/WA: 081272250665
________________________
Don't miss out on information!!

Tag dan follow 👇👇

@minangruabeach_inn
@minangruabeach_inn
@minangruabeach_inn 

Sertakan #minangruabeach
❎ Vacation is a necessity too
________________________
•Don't focus too much on money•
________________________
#minangruabeachinn #minangruabeach #pantaiminangrua #bakauheni #lampungselatan #lampung #sebalang #pahawang #tegalmas #pahawanglampung #selebriti #viral #jakarta #bandung #palembang #travel #explore #tourism #trip #lfl #beach #sunset #photography #likeforlikes #explore",coast
https://www.instagram.com/p/CcPCmFyJ8k6/,636.jpg,2022-04-12 02:55:47,"𝙎𝙪𝙙𝙖𝙝 𝙖𝙙𝙖 𝙖𝙜𝙚𝙣𝙙𝙖 𝙙𝙖𝙣 𝙧𝙚𝙣𝙘𝙖𝙣𝙖 𝙢𝙖𝙪 𝙡𝙞𝙗𝙪𝙧𝙖𝙣 𝙠𝙚𝙢𝙖𝙣𝙖??
𝙎𝙪𝙙𝙖𝙝 𝙖𝙩𝙖𝙪 𝙗𝙚𝙡𝙪𝙢, 𝙗𝙞𝙨𝙖 𝙝𝙪𝙗𝙪𝙣𝙜𝙞 𝙠𝙖𝙢𝙞 𝙙𝙞 @𝙟𝙪𝙣𝙖𝙩𝙧𝙞𝙥 
𝘼𝙣𝙙𝙖 𝙗𝙞𝙨𝙖 𝙢𝙚𝙢𝙞𝙡𝙞𝙝 𝙩𝙚𝙢𝙥𝙖𝙩 𝙩𝙪𝙟𝙪𝙖𝙣 𝙡𝙞𝙗𝙪𝙧𝙖𝙣 𝙖𝙣𝙙𝙖 𝙙𝙞 𝙨𝙞𝙣𝙞!!!
__
𝙆𝙖𝙢𝙞 𝙖𝙠𝙖𝙣 𝙢𝙚𝙢𝙥𝙚𝙧𝙢𝙪𝙙𝙖𝙝 𝙧𝙚𝙣𝙘𝙖𝙣𝙖 𝙡𝙞𝙗𝙪𝙧𝙖𝙣 𝙖𝙣𝙙𝙖!!!
𝘿𝙖𝙣 𝙚𝙨𝙩𝙞𝙢𝙖𝙨𝙞 𝙗𝙞𝙖𝙮𝙖 𝙖𝙠𝙖𝙣 𝙠𝙖𝙢𝙞 𝙨𝙚𝙨𝙪𝙖𝙞𝙠𝙖𝙣!!!
𝘿𝙚𝙨𝙩𝙞𝙣𝙖𝙨𝙞 𝙩𝙪𝙟𝙪𝙖𝙣 𝙬𝙞𝙨𝙖𝙩𝙖 𝙠𝙖𝙢𝙞 𝙨𝙚𝙨𝙪𝙖𝙞𝙠𝙖𝙣.
__
Adapun Destinasi:
Pantai Minangrua
Pulau Pahawang
Pulau Tegal Mas
Pulau Mengkudu
Pantai Gigi Hiu
Krakatau
Dan seluruh destinasi wisata di Lampung!!!
__
More info: 081278582021
________________________
Easy way to repost?
👇Tag dan follow akun 👇
@junatrip / @tripinlampung
@lampung_staycation
________________________
•Don't focus too much on money•
________________________
#junatrip #pantaiminangrua #bakauheni #lampungselatan #lampung #sebalang #pahawang #tegalmas #pahawanglampung #selebriti #viral #jakarta #bandung #palembang #travel #explore #tourism #trip #lfl #beach #sunset #sunrise #photography #likeforlikes #song #explore",beach
https://www.instagram.com/p/CPNeTZkLvzJ/,637.jpg,2021-05-23 09:31:18,"Happy weekend sob ...
 Kalian pada weekend kmna nih ??

Eittt.. pantai semukuk banyak spot terbaru nya nih sob .. 😉😉
..
..

Kuyyy donk ajak keluarga, teman, sahabat, & doi mu untuk berkunjung ke pantai semukuk Kalianda Lampung Selatan
..
..

Location : pantai semukuk Kalianda Lampung Selatan ( google maps pantai semukuk Kalianda)
..
..

YouTube channel klik link di bio 👉
..
..
📸Fotografer : @kiyay_andy86

#lampungselatanexplore  #semukuk #pantaisemukuk #kaliandaig #wajahlampung #kelampunggeh #travel2lampung #lampungeksis #lampung #selampung #pariwisatalampung #selebgramindonesia #selebgramjakarta #selebgramlampung #selampung #pesonalampung #pariwisataindonesia #pariwisatalampung #explorelampungselatan #exploreindonesia #jelajahindonesia #lampungfun #lampungeksis #explorealam #adbenture #mtma #jejakpetualang #beach",lagoon
https://www.instagram.com/p/CQ5VNgdL5Cv/,638.jpg,2021-07-04 06:49:50,"Akhirnya mantai 🌊
.
.
.
Semoga kamu yang lihat postingan ini tetap bisa menciptakan bahagia dan menemukan 'tempat wisata' sesuai situasi dan kondisi yang mendukung yah. 
.
Tetap bahagia meski pandemi 🌼
.
#berlibursaatpandemi
#pesonalampung
#explorelampungselatan",ice shelf
https://www.instagram.com/p/CS3UpnNHBYq/,639.jpg,2021-08-22 05:09:14,"Lagi ppkm ya ...

Weekend ppkm, kalian di rumah aja apa cari pantai yg buka sob .... ??

🔹🔹🔹🔹🔹🔹🔹🔹🔹🔹🔹🔹🔹🔹🔹🔹🔹
_____________________________________________

🔄 Silahkan Berbagi informasi di sini :
↪️ Share foto/Vidio mu dgn cara :

1️⃣ Follow Instagram :  @lampungselatanexplore

2️⃣ tag foto/ Vidio kalian ke @lampungselatanexplore

3️⃣ Gunakan hastag #lampungselatanexplore

4️⃣ Note : akun jangan di privat 🔐🔑

🔴 Foto / Vidio terbaik akan kami repost 🔃
___________________________________________

🏝️Trip wisata Lampung Selatan silahkan DM 💌

🔹🔹🔹🔹🔹🔹🔹🔹🔹🔹🔹🔹🔹🔹🔹🔹🔹

🌐FACEBOOK : Lampung Selatan explore

🔴Subscribe YouTube channel klik link di bio 👉👉

📩PP/indorsm DM 📩
_____________________________________________

🖇️Pic : @ghinarahmatiaraa

🔹🔹🔹🔹🔹🔹🔹🔹🔹🔹🔹🔹🔹🔹🔹🔹🔹

📍Pantai Marina Kalianda Lampung Selatan

.
.
.#lfl💛 #fff❤ #fff💋 #lfl💛 #lfl💛lfllflfllffllflflflflflflflflfllflflflflflflflflflflflflflflflflflflflflflflflflflflflflfllflflflflflflflflfllflfllflflflflflflfllflflflflflllfl #fff😊ff💋ff👌ff💕4f❤️🔝🔫💣44follow４followforfollow４f4frs4likeforlikeforfollow4likeforlikesback44likes4me4lramahhits 
 #alamlampung_ #wajahlampung  #lampung#lampungfun #lovelampung #explorelampungselatan #lampung_indah  #lampung446 #kelampunggeh #travel2lampung #lampungselatanexplore  #gerbang_lampung  #lampunggallery #mata_lampungku  #lampung #wisatalampunghits #lampungholiday_ #apalampung #semestalampung",beach
https://www.instagram.com/p/COE4xfVM6NO/,640.jpg,2021-04-25 04:58:03,"Gapapa miskin harta, asal jangan miskin etika.
Yg jadi masalah sekarang adalah ""udah gak kaya, gak punya etika"".
Awiik wookwok. 🤣
.
.
.
.
.
.
.
.
.
.
.
#waytebingceppa #wtc #lampung #lampungselatan #lampungbarat #lampungtimur #lampungutara #pahawang #tegalmas #selebriti #viral #jakarta #bandung #palembang #travel #explore #tourism #trip #lfl #beach #sunset #photography #likeforlikes #music #instapic #kaliandaig #lampunggeh #lampunginsta #lmpungselatan #lampungselatanexplore",swimming hole
https://www.instagram.com/p/DLMOrfHRAHy/,641.jpg,2025-06-22 05:19:11,"Trip murah dan super lengkap laut dan gunung bisa kamu kunjungi disini😍

Open Trip Pulau Sebesi Karakatau 3D2N 

Ready setiap weekend

Solusi trip buat kamu rasakan keindahan nya 

Kuy rencanakan liburan nya dari sekarang di jamin liburan kalian aman,nyaman dan have fun tentunya😁

Daptar 1 orang di pastikan bisa brangkat

Jadwal trip 2025.

Jadwal trip 2025 :

Juni : 5-7, 6-8, 7-9,13-15, 20-22, 26-28, 27-29
Juli : 4-6, 11-13, 18-20, 25-27
Agustus : 1-3, 8-10, 15-17, 22-24, 29-31
September : 5-7, 12-14, 19-21, 26-28
Oktober : 3-5, 10-12, 17-19, 24-26, 31-02 Nov
November : 7-9, 14-16, 21-23, 28-30
Desember : 5-7, 12-14, 19-21, 24-26, 25-27, 26-28, 30-01 Januari

Kami melayani paket open trip & private pulau sebesi karakatau

1. Start Cawang 700.000/ Pax

✓ Kebun jeruk
✓ Slipi

2.Start Pelabuan Merak 600.000/ Pax

Destinasi
* Pulau Sebaku besar & kecil
* Pulau Sebesi
* Pulau Umang-umang 
* Anak Gunung Krakatau
* Spot snorkeling Camara besar, Geligi, & Pulau sawo (optional)

INCLUDING (Termasuk)
* Makan Selama wisata 4x
* Transport Darat Ac Dari Jakarta - Merak (Pp) * Transportasi angkutan kota Bakauheni - Dermaga canti (pp)
* Kapal hoping island 
* Restibusi Pulau
* Homstay (room sharing) 
* Tour laeder
* Dokumentasi Up & Underwater 
* Mimi P3k
* Drone (optional)

Excluding (Blm termasuk)
- Upgrade room (600k bisa di isi max 6 orang) 
- Alat snorkeling (50.000)
- Fin (30.000)
- Tiping Crew (Seikhlasnya)

More Info : 
Wa/tlpn : 085778179815
Instagram : jejak_perjalanan.id x tripseru.id
Tiktok : jejak_perjalanan.id x tripseru.id

#pulausebesi #pulausebuku #pulausebesikrakatau #opentrippulausebesi #opentripsebesikrakatau #explore #explorelampung #exploresebesi #krakatau #gunungkrakatau #exploreindonesia #jejakperjalanan #pesonaindonesia #wonderfulindonesia #wisataalam #wisataalamindonesia #lampunghits #ilovlampung 
#explorejakarta #explorebandung #explorebali #ujungkulon #travelgram #traveling #infolampung #infoliburan #trippahawang #tripmurah #lampungselatan #pahawang",mountain
https://www.instagram.com/p/CR6HwrhrEdC/,642.jpg,2021-07-29 10:42:56,"Selamat sore... Jangan lupa pada mandi ya .... 😛😛
..
..
#lampungselatanexplore  #semukuk #pantaisemukuk #kaliandaig #wajahlampung #kelampunggeh #travel2lampung #lampungeksis #lampung #selampung #pariwisatalampung #selebgramindonesia #selebgramjakarta #selebgramlampung #selampung #pesonalampung #pariwisataindonesia #pariwisatalampung #explorelampungselatan #exploreindonesia #jelajahindonesia #lampungfun #lampungeksis #explorealam #adbenture #mtma #jejakpetualang #beach",islet
https://www.instagram.com/p/Cdhu8hDJn2m/,643.jpg,2022-05-14 05:41:03,"🍊🍊🍊
.
.
.
#explorelampungselatan",lagoon
https://www.instagram.com/p/Cwq4btEvJqS/,644.jpg,2023-09-02 00:53:37,"Make sure your vacation is a good and fun moment, trust us !!!
Liburan di pantai, tapi bukan sekedar pantai.
Pantai minangrua menyajikan rekreasi alam yg berbeda.
Selain pantai, di Minangrua juga ada destinasi wisata lain.
Seperti, Air Terjun Dan Green Canyon.

Your family story must be happy!!
 ________________________
This is👉. Pantai Minangrua - Desa Kelawi - Bakauheni - Lampung Selatan.
________________________
Hurry up, follow us, because we are processing something amazing!!!
NOTE!!!
(Lodging on this beach is very limited)

More info & Reservasi: HP/WA: 081272250665
________________________
Don't miss out on information!!

Tag dan follow 👇👇

@minangruabeach_inn
@minangruabeach_inn
@minangruabeach_inn 

Sertakan #minangruabeach
❎ Vacation is a necessity too
________________________
•Don't focus too much on money•
________________________
#minangruabeachinn #minangruabeach #pantaiminangrua #bakauheni #lampungselatan #lampung #viral #jakarta #bandung #palembang #travel #explore #tourism #trippieredd",park
https://www.instagram.com/p/CWrSQ_WPezy/,645.jpg,2021-11-24 23:03:05,"Sudah ada agenda dan rencana mau liburan kemana??
Sudah atau belum, bisa hubungi kami di @junatrip 
Anda bisa memilih tempat tujuan liburan anda di sini!!!
__
Kami akan mempermudah rencana liburan anda!!!
Dan estimasi biaya akan kami sesuaikan!!!
Destinasi tujuan wisata kami sesuaikan.
__
Adapun Destinasi:
Pantai Minangrua
Pulau Pahawang
Pulau Tegal Mas
Pulau Mengkudu
Pantai Gigi Hiu
Krakatau
Dan seluruh destinasi wisata di Lampung!!!
__
More info: 081278582021
________________________
Easy way to repost?
Tag dan follow akun @junatrip
________________________
•Don't focus too much on money•
________________________
#junatrip #pantaiminangrua #bakauheni #lampungselatan #lampung #sebalang #pahawang #tegalmas #pahawanglampung #selebriti #viral #jakarta #bandung #palembang #travel #explore #tourism #trip #lfl #beach #sunset #sunrise #photography #likeforlikes #song #explore",pasture
https://www.instagram.com/p/CwIJxOxqDBc/,646.jpg,2023-08-19 13:11:41,#اللهم_صل_وسلم_وبارك_على_نبينا_محمد #اللهم_صل_وسلم_وبارك_على_نبينا_محمد #اكتب_شي_تؤجر_عليه #اسلاميات#اسلام #أذكروا_الله_يذكركم_فيمن_عنده #اذكر_الله #اذكروا_الله_سبحانه #اللهم_صل_وسلم_وبارك_على_نبينا_محمد #الاسلام #الاستغفار #الحمدالله #الحمد_لله #الله_اكبر #الله_أكبر #المسلمين #الاستقامه_طريق_للجنه #الجنه #القرآن #ا#explor #exploremalang #exploringaustralia #exo #explorejogja #exercisemotivation #طارق_محمد #طارق_محمد #الاستقامه_طريق_للجنه #الجنه #القرآن #ا#explor #exploremalang #exploringaustralia #exo #explorejogja #exercisemotivation #explorationgram #explorelampungselatan #explorationgram ##المسلمين #الاستقامه_طريق_للجنه #الجنه #القرآن #ا#explor #exploremalang #exploringaustralia #exo #explorejogja #exercisemotivation #طارق_محمد #طارق_محمد #الاستقامه_طريق_للجنه #الجنه #القرآن #ا#explor #exploremalang #exploringaustralia #exo #explorejogja #exercisemotivation #explorationgram,arch
https://www.instagram.com/p/Ci4Tue3v5KC/,647.jpg,2022-09-24 06:42:43,"Rumah pohon di kahai beach hotel 70% complete🤗
Awal november sudah launching, stay tune❤️

#kahaibeachlampung#pantaikahaibeach#wisatakaliandalampungselatan#explorelampungselatan#gunungkrakatau#kahaibeachhotel#desabatubalakkahai#lampunghits#wisatalampungselatankekinian",tree house
https://www.instagram.com/p/C2RAO3mpaX2/,648.jpg,2024-01-19 02:49:52,"Tidak ada kata lelah untuk hasil yang indah🌻
.
.
.
📍Bukit Slimpuyang, Sidomulyo-Lampung Selatan
.
.
.
#lfl #lflflflflflflflflflflfl #lfl #lfl #lfl #lfl #fff #fff #lfl #lfl #lfl #lfl #lfl #lfl #lfl❤️ #fff #fff #fff❤ #infokyai #lampuung #lampunginsta #inilampungyay #ilovelampung #pikniklampung #jelajahsumatera #tempatwisatalampung #infolampungcom #bg_oganilirhits #ga_lampung_hits #kelampungaja #lampungselatanexplore #lampungselatan #seputarlamsel #seputarlampung #explorelampung #explorelampungselatan #sumateraindonesia #sumatera #wisatalampungme #wisatalampungsai #lampungselataninfo #kelilinglampung #",rice paddy
https://www.instagram.com/p/DPoFYQuEepb/,649.jpg,2025-10-10 11:02:14,"Pov: my kind of therapy🌊

#pantailampungselatan #explorelampungselatan",beauty salon
https://www.instagram.com/p/DM20BK-TcKA/,650.jpg,2025-08-02 14:44:57,"hidden gem nya lampung selatan 

📍batu alif paragliding, bakauheni, south lampung

#lampunginsta #lampung #kelilinglampung #explorelampung #explorelampungselatan #lampuung #lampunghits #wonderfullindonesia #indonesia #sunset #paragliding #batualifparagliding #paralayanglampungclub #paralayanglampung",mountain path
https://www.instagram.com/p/DRSCb8-iUD_/,651.jpg,2025-11-20 14:36:01,"jika kemarin 0 mdpl mencintainya dengan tulus, maka sekarang 1662 mdpl mengikhlaskan nya dengan serius, terkadang jalan terbaik itu mendaki bukan kembali mencintai. 

-MT.PESAWARAN 1662 MDPL. ⛰

#sahabatmdpllampung #gunungpesawaran 
#pendakigunung #pendakilampung 
#sahabatpendakilampung #pendakipemula 
#explorelampungselatan #lampunghits",tree house
https://www.instagram.com/p/DJ1stmyyk0r/,652.jpg,2025-05-19 14:47:42,"Ditengah jalan.
#pasarkluih #pesawaran #explorelampung #explorelampungselatan #explorepage✨ #explorereels #touring #touringadventure #touringvespa #vespalx125iget #vespaindependent #independent #adavespaadacerita #lebihbaiknaikvespa",gas station
https://www.instagram.com/p/CYTkhvrJvTr/,653.jpg,2022-01-04 11:03:41,"Cerah nih, nyore yuk?

📍 Bukit Lematang, Lampung Selatan.

#lampung #lampuung #lampungselatan #bandarlampung #explorelampung #explorelampungselatan",mountain path
https://www.instagram.com/p/DIKR0mlz8Fj/,654.jpg,2025-04-07 21:33:59,"Cinta terbesar yang pernah kamu alami dibumi adalah cinta yang datang darimu untukku.
( In frame : @muhammadrizal6403 )
#explorelampungselatan #airterjun #traveller #travellingthroughtheworld #aroundtheworld #hikingadventures #mytravelgram #mytripmyadventure #mytrip #curugcikondangcianjur #curugcikondang #jawabarat #explorejawabarat #wonderfulindonesia #indonesia",field/cultivated
https://www.instagram.com/p/DMXbA5SSyAa/,655.jpg,2025-07-21 10:10:00,"📍Kota Way, Lampung

#airterjunwaykanan
#explorelampungselatan #healingdialam
#sungaiasri #jelajahwaykanan #alamindonesiaindah
#sungaitenang #lampungtrip #naturechill #healinglokal #fypppppppppppppppppppppppppppppppppppppppppppppppppppppppppppppppppppppp",japanese garden
https://www.instagram.com/p/DItEdgIx-zG/,656.jpg,2025-04-21 09:50:39,"Bali❌
Lampung ✅

#pantaimarina #marinabeach #pantailampung #lampungfolk #explorelampungselatan",creek
https://www.instagram.com/p/CaoUE3ovKou/,657.jpg,2022-03-03 05:26:46,"Pesona @aranglampung luar biasa

#explorelampungselatan 
#pantaiaranglampung 
#explorelampung 
#lampunghits",coast
https://www.instagram.com/p/CbrxdWTLTiM/,658.jpg,2022-03-29 10:12:38,"Ada gunung, laut dan pulau kecil.. epic banged. Efek tsunami akhir 2018 blm pulih juga.. healing mmg butuh proses kan 🤭 stlh tsunami lanjut pandemi, bln ini baru ramai kembali. Pulau cantik ini namanya pulau umang2 di Lampung selatan. Teriak2, ghibah, becanda dan futu2 with bestie 😅 #pulauumangumang #explorelampung #explorelampungselatan",lagoon
https://www.instagram.com/p/C2Q591FPN5j/,659.jpg,2024-01-19 01:55:07,"Tidak ada kata lelah untuk hasil yang indah🌻
.
.
.
.
.
📍Bukit Slimpuyang, Sidomulyo-Lampung Selatan
.
.
.
.
.
#infokyai #lampuung #lampunginsta #inilampungyay #ilovelampung #pikniklampung #jelajahsumatera #tempatwisatalampung #infolampungcom #bg_oganilirhits #ga_lampung_hits #kelampungaja #lampungselatanexplore #lampungselatan #seputarlamsel #seputarlampung #explorelampung #explorelampungselatan #sumateraindonesia #sumatera #wisatalampungme #wisatalampungsai #lampungselataninfo #kelilinglampung #pejalankakilampung",rice paddy
https://www.instagram.com/p/DJy1SROP5GE/,660.jpg,2025-05-18 12:04:53,"Sangat begitu tenang
#healinglampung #sebesiisland #explorelampungselatan 
#lampunggeh #lampunginsta #lampunghits",raft
https://www.instagram.com/p/CrphpQHyNdt/,661.jpg,2023-04-30 05:38:16,"Sunday vibes 

📍Bukit Slimpuyang,  Sidomulyo Lampung selatan. 

#sidomulyo #lampungselatan #lampung #explorelampungselatan #sigerlampung #inilampungyay #tempatwisatalampung #berandalampung #pikniklampung #infolampung #lampunginsta #virallampung #kelampunggeh  #hellolampuung  #lampungselatanexplore #indonesia",campsite
https://www.instagram.com/p/CkAJdPyvJty/,662.jpg,2022-10-22 04:18:18,"🌊 
.
.
.
.
📍Pantai Marina, Lampung Selatan 
.
#Repost @ayuni.kim
#lampung #lampunghits #lampunggeh #lampuung #explorelampung #explorelampungselatan #lampungholiday #lampungselatan #lampungkece #lampunginsta #lampungku #lampungwisata #lampungeksis #lampungsemakineksis #ilovelampung #potretlampung #lampungyay #lampungpedia #visitlampung #pikniklampung #kelilinglampung #pesonalampung #pantaimarinalampung #lampunghelau #koncodolanlampung",pagoda
https://www.instagram.com/p/CmpnfQFPsOl/,663.jpg,2022-12-26 23:52:22,"Senang-senang melulu. Utangmu bereskan dulu
.
.
.
.
.
.
.
.
.
.
.
.
🍁@sanggarbeach_lpg (Queen Resto) , Kalianda, Lampung Selatan
.
.
.
.
.
.
.
.
.
.
.
.
#lampungeksis #lampungsemakineksis #koncodolanlampung #explorelampung #lampunginsta #wajahlampung #ilovelampung #pantaisanggar #sanggarbeachlampung #explorelampungselatan #lampungtourid #LampungGeh #lampungkece #wisata_lampungme #lampungindonesia #lampungselataninfo #kelampunggeh #lampungselatan #backpakerindonesia #lampungkece #trendinglampung #nyapalampung #menyapalampung #lampuung #inilampungyay #potretwisataindonesia #hellolampung #kelilingindonesia #travellingnusantara #likesforlike #follow4followback",patio
https://www.instagram.com/p/C3NQYNESVmW/,664.jpg,2024-02-11 12:25:23,"Hari baru petualangan baru ! Yuk semangat semangat...
In frame :@kikitirta48 
Loc : Pantai Marina Lampung
#pantaimarinakalianda #pantaimarinalampung #pantaimarina #explorelampungselatan #explorelampung #travelphotography #traveler #travelgram #lampung #Bali #indonesia #wonderful_places #wonderfulindonesia",islet
https://www.instagram.com/p/DLCUv5Kv2dU/,665.jpg,2025-06-18 08:59:49,"I'm Ready For BOBNAS 2025 in Lampung 💫

Novotel Lampung, 25 Juni 2025

---------------------------------------------
Sempoa Sip TC Green Garden

Komplek Green Garden Blok O1 No. 61 , Kedoya-Jakarta Barat
☏ 021-5815448
WA  08989728197
.
 #sempoasip #lombasempoa
#sempoasipindonesia #pendidikan #funlearning #parenting
#pendidikananak #sempoasipinfo #BOBNAS2025 #lampung #explorelampungselatan #lomba",playroom
https://www.instagram.com/p/CwQVK4VvYxU/,666.jpg,2023-08-22 17:25:13,"Bersyukur banget gwah.... ❤️
.
.
Bisa menatap langsung keindahan yg satu ini 😍🗻
.
.
.
#3rdtouring2023 #familyadventure #familytouring #touringlintaspulau #touringlintasprovinsi #lampung #lampungselatan #explorelampung #explorelampungselatan #bakauhenilampung #travel #pelabuhancanti #kalianda #pulausebuku #pulausebesi #pulauumang #pulauumangumang #perahu #gelombang #wave #waves #ombak #laut #sea #sealife #beach #pantai #tejang #tejangpulausebesi",lagoon
https://www.instagram.com/p/C29VVW4qoka/,667.jpg,2024-02-05 08:00:51,"Berkunjung ke Lampung, tentu tidak boleh melewatkan pergi ke Bakauheni Harbour City. Selain menyajikan pemandangan sekitar bakauheni yang menawan. Wisatawan dapat berkunjung ke objek wisata menarik yang ada di lokasi. Yuk lihat infonya di http://tinyurl.com/jnkd33xh
#travelspromo #bakauheniharbourcity #wisatalampungselatan #wisatalampung #tamanrekreasi #tamanrekreasilampungselatan #tamanrekreasilampung #informasiwisata #infowisata #infowisatalampungselatan #infowisatalampung #hargatiket #tiketmasuk #tiketmasukbakauheniharbourcity #visitlampungselatan #explorelampungselatan",amphitheater
https://www.instagram.com/p/CgjvSy6Pl_J/,668.jpg,2022-07-28 13:56:46,#rumahkayukahaibeachhotel#kahaibeachlampung#pantaikahaibeach#wisatakaliandalampungselatan#explorelampungselatan#gunungkrakatau#kahaibeachhotel#desabatubalakkahai#lampunghits#wisatalampungselatankekinian,oast house
https://www.instagram.com/p/CJu4qIYh5GK/,669.jpg,2021-01-07 05:48:10,"Jangan hanya lihat apa yg orang lain dapat... 
Jangan hanya lihat kenapa dia bisa bahagia... 

Kerana kita tidak pernah tahu, ujian apakah yang Allah pernah letakkan di bahunya.. 

SEMNGAT 😊
.
.
.
Follow me 👇
@ikasaputri_1228
@ikasaputri_1228 
.
.
#hijrahcinta #hijrahku #hijrahquote #muhasabahcinta #muhasabahdiri #wanitakaririndonesia #wanitamuslimah #wanitabercadarindonesia #hijabstyle #hijabfashion #hijabsyari #niqobsquad #niqabstyle #wanitahebat #semngatpagi #lampunghits #lampungselatan #explorelampungselatan #bendunganbatutegi #infolampung #lampungtraveller  #anaktangerang #tangeranghits #anakbanten",islet
https://www.instagram.com/p/Ce46WLqv0Br/,670.jpg,2022-06-17 02:14:36,"Posted @pantai.setigiheni Nikmatilah setiap perjalanan yang kamu hadapi karena perjalanan yang rumit akan menghasilkan sebuah cerita yang menarik🌊
.
.
 from @rimachasanah25
Lokasi :Pantai Setigiheni,  Lampung Selatan
.
.
.
#Setigiheni
#lampung #lampungeksis #potretlampung #lampunginstan #lampunghits #lampungexplore #explorelampung #ilovelampung #wajahlampung #apalampung #lampungekspos #lampungpedia #ayokelampung #holiday #lampungholiday_  #wisatalampungme #kelampungaja #explorelampungselatan #inilampungyay #ayopiknik #piknik #lampungpose #parapejalanlampung #inews #hijab #ottdhijab #lff",beach
https://www.instagram.com/p/CwiRvcSP2Nq/,671.jpg,2023-08-29 16:41:36,"Ngumpulin kerang2 indah buat dibawa pulang 🤗🤣🌊🏝️
.
.
#familytouring2023 #familyadventure #3rdtouring2023 #touringlintaspulau #touringlintasprovinsi #lampung #lampungselatan #explorelampung #explorelampungselatan #bakauhenilampung #travel #terumbukarang #kalianda #pulausebuku #pulausebesi #pulauumang #pulauumangumang #perahu #gelombang #wave #waves #ombak #laut #sea #sealife #beach #pantai #pulaumenggunang #tejangpulausebesi",beach
https://www.instagram.com/p/CgmEEbNP8E5/,672.jpg,2022-07-29 11:36:47,"Rumah jamur🍄🍄🍄

#kahaibeachlampung#pantaikahaibeach#wisatakaliandalampungselatan#explorelampungselatan#gunungkrakatau#kahaibeachhotel#desabatubalakkahai#lampunghits#wisatalampungselatankekinian",playground
https://www.instagram.com/p/CwIygPUSo5d/,673.jpg,2023-08-19 19:07:37,"Tinggi Gunung di Pulau Sebesi ini 800 Meteran.... 
.
.
Sama dong tingginya dgn gweh ...
🤗🏞️🤣
.
.
#3rdtouring2023 #letsgo #familyadventure #touringlintaspulau #touringlintasprovinsi #lampung #lampungselatan #explorelampung #explorelampungselatan #bakauhenilampung #travel #pelabuhancanti #kalianda #pulausebuku #pulausebesi #pulauumang #pulauumangumang #perahu #gelombang #wave #waves #ombak #laut #sea #sealife #beach #pantai #tejang #tejangpulausebesi",volcano
https://www.instagram.com/p/Cw0Qw2uJ4fh/,674.jpg,2023-09-05 16:19:23,"View2 kyk begini yg bikin kita hoby menabung 🤗🤣
.
.
#touring #familytouring2023 #familyadventure #3rdtouring #3rdtouring2023 #letsgo #selatsunda #sundastrait #letsgosomewhere #touringlintaspulau #touringlintasprovinsi #merak #pelabuhanmerak #pelabuhanmerakbanten #merakbakauheni #pelabuhanbakauheni #bakauheni #lampung #lampungselatan #explorelampung #explorelampungselatan #bakauhenilampung #travel #travelgram #traveling",boat deck
https://www.instagram.com/p/CwdNcKRvKNW/,675.jpg,2023-08-27 17:27:48,"Hidup itu ga ada yg tau, tergantung pada nasib 🤗
.
.
Kayak kita nih, tau tau milih pulau n pantai nya bener... 🤣🏝️🗻
.
.
Awalnya ga tau bakal seindah begini woyy 🤣🤗🏝️🗻
.
.
.
#familytouring2023 #familyadventure #3rdtouring2023 #touringlintaspulau #touringlintasprovinsi #lampung #lampungselatan #explorelampung #explorelampungselatan #bakauhenilampung #travel #terumbukarang #kalianda #pulausebuku #pulausebesi #pulauumang #pulauumangumang #perahu #gelombang #wave #waves #ombak #laut #sea #sealife #beach #pantai #pulaumenggunang #tejangpulausebesi",lagoon
https://www.instagram.com/p/CwVkTspP00B/,676.jpg,2023-08-24 18:13:42,"Nungguin nelayan nyiapin perahu ⛵🚣
.
.
#familytouring2023 #familyadventure #3rdtouring2023 #touringlintaspulau #touringlintasprovinsi #lampung #lampungselatan #explorelampung #explorelampungselatan #bakauhenilampung #travel #pelabuhancanti #kalianda #pulausebuku #pulausebesi #pulauumang #pulauumangumang #perahu #gelombang #wave #waves #ombak #laut #sea #sealife #beach #pantai #pulaumenggunang #tejangpulausebesi",beach
https://www.instagram.com/p/Cgjr-lCPL5y/,677.jpg,2022-07-28 13:27:47,"Make the holidays more fun at kahai beach hotel🤗

Kami siap melayani🙏🙏🙏

#kahaibeachlampung#pantaikahaibeach#wisatakaliandalampungselatan#explorelampungselatan#gunungkrakatau#kahaibeachhotel#desabatubalakkahai#lampunghits#wisatalampungselatankekinian",kindergarden classroom
https://www.instagram.com/p/CwdKXX8PSKO/,678.jpg,2023-08-27 17:00:56,"Ga butuh snorkeling 🏊
.
.
Ossan cuma mantengin alias memandang indahnya taman terumbu karang di Pulau Umang Umang 🤗🏝️😍
.
.
#familytouring2023 #familyadventure #3rdtouring2023 #touringlintaspulau #touringlintasprovinsi #lampung #lampungselatan #explorelampung #explorelampungselatan #bakauhenilampung #travel #terumbukarang #kalianda #pulausebuku #pulausebesi #pulauumang #pulauumangumang #perahu #gelombang #wave #waves #ombak #laut #sea #sealife #beach #pantai #pulaumenggunang #tejangpulausebesi",swimming hole
https://www.instagram.com/p/CV9XoKAJgjF/,679.jpg,2021-11-07 03:04:53,"Duduk santai di tepi pantai
Kopi hitam pahit rasanya
Jalan jalan kesana kesini
Kapan nih ke pantai berdua
•
📍Pantai Minang Rua, Lampung Selatan, Lampung.
•
Mari kita jaga bersama lingkungan disekitar kita. Salam lestari 🌱
•
#sahabatalam #pesonaindonesia #pesonaalam #pesonalampung #lampuung #lampunghits #minangruabeach #minangrua #lampungselatan #lampunggeh #potretlampung #pejalanlampung #petualanglampung #kaliandaig #explorelampung #explorelampungselatan #lampungnatureadventure",valley
https://www.instagram.com/p/CwF4gw-vcPf/,680.jpg,2023-08-18 16:02:24,"Si kuning anak touring nya sekarang mau jadi POPEYE THE SAILOR KID dulu 🤗🌊🏊🚣⛵
.
.
 #lampung #lampungselatan #explorelampung #explorelampungselatan #bakauhenilampung #travel #pelabuhancanti #kalianda #pulausebuku #pulausebesi #pulauumang #pulauumangumang #perahu #gelombang #wave #waves #ombak #laut #sea #sealife #beach #pantai #tejang #tejangpulausebesi #sail #sailorkid",water park
https://www.instagram.com/p/CRvuTpfLB75/,681.jpg,2021-07-25 09:48:07,"📷@rhemaayu28 

#beachvibes #lampungselatan #explorelampungselatan #pulausebesi #sebesiisland",volcano
https://www.instagram.com/p/CWk82M9F1hN/,682.jpg,2021-11-22 12:00:29,"You are mineral without ral

#eaaa #gunungbatulampung #ootdhijab #holiday #ootd #explore #explorelampung #explorelampungselatan #kalianda #explorekalianda #dress #likeme #ffff #likememore",golf course
https://www.instagram.com/p/CM5lBaxhBME/,1265.jpg,2021-03-26 23:02:25,"Tabik Pun...!!!

...
Cecakhah way pekhos kalianda lampung selatan ☑️

Kalian udah ke sini belum ??? 

Jangan lupa tonton vlog nya di YouTube channel MISRI VLOG..
Besok pagi jam 06:30 
..
..

🖼️ Shoot by : @perjalanankita.ig
Repost @misrivlog 

#lampungeksis #kaliandaig #travelerkece #travel2lampung #ijilampung #mata_lampungku #apalampung #selampung #exploreindonesia #explorelampung #explorelampungselatan #lampung #lampungfun #lampungeksis #kalianda #kaliandaig #wisatalampung #lampung #selebgramindonesia  #selebgramlampung #selebgramaceh #vidgram #travelvlog #fff💋 #fff #fff😊ff💋ff👌ff💕4f❤️🔝🔫💣44follow４followforfollow４f4frs4likeforlikeforfollow4likeforlikesback44likes4me4lramahhits #ffxiv #bffs #likesforlike #lb #followforfollowback

@cecakhah_waypekhos",waterfall
https://www.instagram.com/p/CX5Tt48Lh-s/,1266.jpg,2021-12-25 06:16:32,"the view of lampung
#lampung 
#explolampung
#menarasiger
#explorelampungselatan
#bakauheni",balcony/interior
https://www.instagram.com/p/CnQtZvtvtka/,1267.jpg,2023-01-11 04:14:25,"Tangan udah gatel klo ngeliat tanah.
👌👌👌💨💨💨

#bmwg310gs #Santaipastisampai #explorlampung #explorelampungselatan #soulmatra",badlands
https://www.instagram.com/p/CNJXQKaAuwQ/,1268.jpg,2021-04-02 02:09:57,"Nasib baik adalah pertemuan antara persiapan dan kesempatan.

📍🏞lok :Kalianda.
( Kebun Edukasi 
Lampung Selatan)

#explorelampungselatan
#wonderfulllampungselatan
#kebunedukasilampungselatan
#sahabattravellerlampung
#mata_lampungku
#travel2lampung
#ijilampung
#lampunggeh
#agrowisatalampung
#kelilinglampung
#tempat_wisata_lampung",formal garden
https://www.instagram.com/p/ClRhBArh3ef/,1269.jpg,2022-11-22 18:42:38,"Wah siapa sangka, sungai sungai di Mesuji seindah itu!!! Juarak!!!
.
.
.
Yang mampir ke Mesuji, jangan lupa fotonya yak!!!
.
.
Kaya kakak yang satu ini nih
#REPOST @tasyanevanna 
.
.
#lampung #mesuji #waykanan #tubaba #tuba #liwa #lamteng #lamsel #pringsewu #metro #lamtim #kotabumi #pesawaran #tanggamus #bandarlampung #pantailampung
#holiday #hawai #trip #adventures #beautiful #hidengems #niceplaces #goodplace #goodviews #bestpic #bestviews #opentrip #tourism",boardwalk
https://www.instagram.com/p/C_SCLYNS20T/,1270.jpg,2024-08-30 05:08:40,"Paket Trip Tanpa Minimal Peserta 😍🥳🥳

Paket Open Trip (Digabung) Jalan Setiap Weekend dan Hari Libur 🤩🥳🥳

Catat Jadwal Open Trip Pahawang 
Agustus :3, 4, 10, 11, 17, 18, 24, 31
September :1, 7, 8, 14, 15, 16, 21, 22, 28, 29

📍Meeting Point Dermaga Ketapang Lampung

Info Lebih Lanjut Bisa Hubungin
WhatsApp:📱0821-7858-6537

FASILITAS💯💯💯💯💯💯💯💯💯💯💯💯 

⛵Perahu 🚣Pelampung/Life Jacket
🏊Alat Snorkeling Lengkap 
🏥Asuransi Perjalanan Wisata
🚑P3K
📷Kamera Under Water (Bawah Laut) 
📹Kamera Up Water (Darat) 
🎬Dokumentasi Selama Trip
🍴Makan 🍻Air Minum
💸Tiket Masuk Jelajah Pulau
💶Tiket Masuk Spot Snorkeling
👦Tour Guide handal pengambilan foto
🚻Tempat Ganti baju

DESTINASI:
1.Pahawang Besar
2.Pahawang Kecil
3.Kelagian Besar
4.Kelagian kecil
5.Snorkeling Taman Nemo
6.Snorkeling Cukuh Bedil

#pahawang
#tegalmas
#tegalmasisland
#liburanlampung 
#viral 
#wisatategalmas
#palembang
#jakarta#lampung
#pringsewulampung
#bandarlampung
#sumsel#bandung
#jambi
#bengkulu#jaksel
#tenggerang#lamsel
#pesawaran
#hiling
#explorewisatalampung
#opentrippahawang #wisataindonesia
#wisatalampung
#indonesia
#dafiratravelindonesia",beach
https://www.instagram.com/p/C91UeLSykgR/,1271.jpg,2024-07-25 04:59:09,"Paket Trip Tanpa Minimal Peserta 😍🥳🥳

Paket Open Trip (Digabung) Jalan Setiap Weekend dan Hari Libur 🤩🥳🥳

Catat Jadwal Open Trip Pahawang 
Juli :6, 7, 13, 14, 20, 21, 27, 28
Agustus :3, 4, 10, 11, 17, 18, 24, 31
September :1, 7, 8, 14, 15, 16, 21, 22, 28, 29

📍Meeting Point Dermaga Ketapang Lampung

Info Lebih Lanjut Bisa Hubungin
WhatsApp:📱0821-7858-6537

FASILITAS💯💯💯💯💯💯💯💯💯💯💯💯 

⛵Perahu 🚣Pelampung/Life Jacket
🏊Alat Snorkeling Lengkap 
🏥Asuransi Perjalanan Wisata
🚑P3K
📷Kamera Under Water (Bawah Laut) 
📹Kamera Up Water (Darat) 
🎬Dokumentasi Selama Trip
🍴Makan 🍻Air Minum
💸Tiket Masuk Jelajah Pulau
💶Tiket Masuk Spot Snorkeling
👦Tour Guide handal pengambilan foto
🚻Tempat Ganti baju

DESTINASI:
1.Pahawang Besar
2.Pahawang Kecil
3.Kelagian Besar
4.Kelagian kecil
5.Snorkeling Taman Nemo
6.Snorkeling Cukuh Bedil

#pahawang
#tegalmas
#tegalmasisland
#liburanlampung 
#viral 
#wisatategalmas
#palembang
#jakarta#lampung
#pringsewulampung
#bandarlampung
#sumsel#bandung
#jambi
#bengkulu#jaksel
#tenggerang#lamsel
#pesawaran
#hiling
#explorewisatalampung
#opentrippahawang #wisataindonesia
#wisatalampung
#indonesia
#dafiratravelindonesia",tree farm
https://www.instagram.com/p/C6nKkEZySss/,1272.jpg,2024-05-06 03:29:01,"Mimin Kasih Info Paket trip libur Lebaran kepulau pahawang hanya dengan 150rb perorangnya loh 😍😍kalian sudah bisa menikmati explore empat pulau yang ada di pahawang dan dua tempat Snorkling lho 😮😮

kapan lagi? bisa nikmati liburan murah dan sudah dapat fasilitas yang lengkap, ayo buruan ajak teman, keluarga atau pasangan mu untuk liburan ke pulau pahawang 😍😍

untuk Info lebih lengkap bisa langsung hubungi Contact Person :

Whatsapp 
Admin 1 : 0821-7858-6537
Admin 2 : 0858-3882-2708

#pahawang
#tegalmas
#tegalmasisland
#liburanlampung 
#viral 
#wisatategalmas
#palembang
#jakarta#lampung
#pringsewulampung
#bandarlampung
#sumsel#bandung
#jambi
#bengkulu#jaksel
#tenggerang#lamsel
#pesawaran
#hiling
#explorewisatalampung
#opentrippahawang #wisataindonesia
#wisatalampung
#indonesia",lagoon
https://www.instagram.com/p/C-24IZRSUEo/,1273.jpg,2024-08-19 16:01:23,"Paket Trip Tanpa Minimal Peserta 😍🥳🥳

Paket Open Trip (Digabung) Jalan Setiap Weekend dan Hari Libur 🤩🥳🥳

Catat Jadwal Open Trip Pahawang 
Agustus :3, 4, 10, 11, 17, 18, 24, 31
September :1, 7, 8, 14, 15, 16, 21, 22, 28, 29

📍Meeting Point Dermaga Ketapang Lampung

Info Lebih Lanjut Bisa Hubungin
WhatsApp:📱0821-7858-6537

FASILITAS💯💯💯💯💯💯💯💯💯💯💯💯 

⛵Perahu 🚣Pelampung/Life Jacket
🏊Alat Snorkeling Lengkap 
🏥Asuransi Perjalanan Wisata
🚑P3K
📷Kamera Under Water (Bawah Laut) 
📹Kamera Up Water (Darat) 
🎬Dokumentasi Selama Trip
🍴Makan 🍻Air Minum
💸Tiket Masuk Jelajah Pulau
💶Tiket Masuk Spot Snorkeling
👦Tour Guide handal pengambilan foto
🚻Tempat Ganti baju

DESTINASI:
1.Pahawang Besar
2.Pahawang Kecil
3.Kelagian Besar
4.Kelagian kecil
5.Snorkeling Taman Nemo
6.Snorkeling Cukuh Bedil

#pahawang
#tegalmas
#tegalmasisland
#liburanlampung 
#viral 
#wisatategalmas
#palembang
#jakarta#lampung
#pringsewulampung
#bandarlampung
#sumsel#bandung
#jambi
#bengkulu#jaksel
#tenggerang#lamsel
#pesawaran
#hiling
#explorewisatalampung
#opentrippahawang #wisataindonesia
#wisatalampung
#indonesia
#dafiratravelindonesia",beach
https://www.instagram.com/p/C7EknhJS7tl/,1274.jpg,2024-05-17 13:34:39,"Berenang dulu bareng Nemo 🤪 
Mimin Kasih Info Paket trip libur Lebaran kepulau pahawang hanya dengan 150rb perorangnya loh 😍😍kalian sudah bisa menikmati explore empat pulau yang ada di pahawang dan dua tempat Snorkling lho 😮😮

kapan lagi? bisa nikmati liburan murah dan sudah dapat fasilitas yang lengkap, ayo buruan ajak teman, keluarga atau pasangan mu untuk liburan ke pulau pahawang 😍😍

untuk Info lebih lengkap bisa langsung hubungi Contact Person :

Whatsapp 
0821-7858-6537

#pahawang
#tegalmas
#tegalmasisland
#liburanlampung 
#viral 
#wisatategalmas
#palembang
#jakarta#lampung
#pringsewulampung
#bandarlampung
#sumsel#bandung
#jambi
#bengkulu#jaksel
#tenggerang#lamsel
#pesawaran
#hiling
#explorewisatalampung
#opentrippahawang #wisataindonesia
#wisatalampung
#indonesia",underwater/ocean deep
https://www.instagram.com/p/C-T_TvXySf2/,1275.jpg,2024-08-06 02:50:40,"Paket Trip Tanpa Minimal Peserta 😍🥳🥳

Paket Open Trip (Digabung) Jalan Setiap Weekend dan Hari Libur 🤩🥳🥳

Catat Jadwal Open Trip Pahawang 
Juli :6, 7, 13, 14, 20, 21, 27, 28
Agustus :3, 4, 10, 11, 17, 18, 24, 31
September :1, 7, 8, 14, 15, 16, 21, 22, 28, 29

📍Meeting Point Dermaga Ketapang Lampung

Info Lebih Lanjut Bisa Hubungin
WhatsApp:📱0821-7858-6537

FASILITAS💯💯💯💯💯💯💯💯💯💯💯💯 

⛵Perahu 🚣Pelampung/Life Jacket
🏊Alat Snorkeling Lengkap 
🏥Asuransi Perjalanan Wisata
🚑P3K
📷Kamera Under Water (Bawah Laut) 
📹Kamera Up Water (Darat) 
🎬Dokumentasi Selama Trip
🍴Makan 🍻Air Minum
💸Tiket Masuk Jelajah Pulau
💶Tiket Masuk Spot Snorkeling
👦Tour Guide handal pengambilan foto
🚻Tempat Ganti baju

DESTINASI:
1.Pahawang Besar
2.Pahawang Kecil
3.Kelagian Besar
4.Kelagian kecil
5.Snorkeling Taman Nemo
6.Snorkeling Cukuh Bedil

#pahawang
#tegalmas
#tegalmasisland
#liburanlampung 
#viral 
#wisatategalmas
#palembang
#jakarta#lampung
#pringsewulampung
#bandarlampung
#sumsel#bandung
#jambi
#bengkulu#jaksel
#tenggerang#lamsel
#pesawaran
#hiling
#explorewisatalampung
#opentrippahawang #wisataindonesia
#wisatalampung
#indonesia
#dafiratravelindonesia",lagoon
https://www.instagram.com/p/C8lPzZtS9GS/,1276.jpg,2024-06-24 02:39:06,"Mimin Kasih Info Paket trip libur Lebaran kepulau pahawang hanya dengan 150rb perorangnya loh 😍😍kalian sudah bisa menikmati explore empat pulau yang ada di pahawang dan dua tempat Snorkling lho 😮😮

kapan lagi? bisa nikmati liburan murah dan sudah dapat fasilitas yang lengkap, ayo buruan ajak teman, keluarga atau pasangan mu untuk liburan ke pulau pahawang 😍😍

Catat tanggal liburan kalian 🤩
Juni :15, 16 , 17, 18, 22, 23, 29, 30
Juli :6, 7, 13, 14, 20, 21, 27, 28
Agustus :3, 4, 10, 11, 17, 18, 24, 31

untuk Info lebih lengkap bisa langsung hubungi Contact Person :

Whatsapp 
0821-7858-6537

#pahawang
#tegalmas
#tegalmasisland
#liburanlampung 
#viral 
#wisatategalmas
#palembang
#jakarta#lampung
#pringsewulampung
#bandarlampung
#sumsel#bandung
#jambi
#bengkulu#jaksel
#tenggerang#lamsel
#pesawaran
#hiling
#explorewisatalampung
#opentrippahawang #wisataindonesia
#wisatalampung
#indonesia",ocean
https://www.instagram.com/p/DIByjh0vHgs/,1277.jpg,2025-04-04 14:26:51,"Paket Trip Tanpa Minimal
Peserta🥳🥳🥳🥳

1.Paket Open Trip (Gabung) 
 (khusus weekend) 
 
 • Open Trip Pahawang 150k/orang
 • Open trip wayang 500k/orang

(Meeting point dermaga 4 ketapang) 

2.Paket Privat Trip (Every Day) 
Paket ini sangat cocok sekali
untuk Family Trip,Gathering,
Honeymoon,dll.
Kamu dapat atur jadwal liburan 
sesuai Keinginan mu. 

• Privat Pulau Pahawang 
  Start From 170k/orang

• Privat Pulau Tegal Mas
  Start From 245k/orang

•Privat Pulau Wayang
 Start From 550k/orang

•Privat Teluk Kiluan
 Start from 400k/orang

Harga menyesuaikan peserta. 
Semakin banyak peserta harga
semakin Murah Per Orangnyaa🥰🥰
___________________________________
Meeting point dermaga 4 ketapang
___________________________________
Info lebih lengkap bisa langsung
hubungi :📱:0819-2861-4064
___________________________________
Fasilitas :
 ⛵Kapal Eksplore Pulau dan Spot Snorkling.
🍛Makan 1x 
🥛Air Mineral.
🏊Alat Snorkling (Mask & Snorkel) 
👕Life Jacket (Pelampung).
🏷️Tiket Masuk Pulau Maupun Spot  Snorkling.
📷Camera Underwater.
💉P3K.
🕺Tour Guide
👫Jodoh Bila Beruntung
🖼️Dokumentasi Underwater.
🎞️Dokumentasi Upwater.

-------------------------------------------------
#pahawang #pulaupahawang #pahawangisland 
#pahawangislandlampung 
#tegalmas #pulauwayang
 #telukkiluan #telukhantu
 #opentrip #viral 
#wisatapahawanglampung
 #palembang #pulauwayanglampung
#jakarta #lampung 
#pringsewulampung 
#bandarlampung 
#sumsel #bandung 
#jambi #bengkulu #jaksel 
#tenggerang #lamsel 
#pesawaran
#explorewisatalampung 
#opentrippahawang 
#lampunggeh #fyp 
 #indonesia",lagoon
https://www.instagram.com/p/DHtlQAbyCo3/,1278.jpg,2025-03-27 18:05:46,"Paket Trip Tanpa Minimal
Peserta🥳🥳🥳🥳

1.Paket Open Trip (Gabung) 
 (khusus weekend) 
 
 • Open Trip Pahawang 150k/orang
 • Open trip wayang 500k/orang

(Meeting point dermaga 4 ketapang) 

2.Paket Privat Trip (Every Day) 
Paket ini sangat cocok sekali
untuk Family Trip,Gathering,
Honeymoon,dll.
Kamu dapat atur jadwal liburan 
sesuai Keinginan mu. 

• Privat Pulau Pahawang 
  Start From 170k/orang

• Privat Pulau Tegal Mas
  Start From 245k/orang

•Privat Pulau Wayang
 Start From 550k/orang

•Privat Teluk Kiluan
 Start from 400k/orang

Harga menyesuaikan peserta. 
Semakin banyak peserta harga
semakin Murah Per Orangnyaa🥰🥰
___________________________________
Meeting point dermaga 4 ketapang
___________________________________
Info lebih lengkap bisa langsung
hubungi :📱:0819-2861-4064
___________________________________
Fasilitas :
 ⛵Kapal Eksplore Pulau dan Spot Snorkling.
🍛Makan 1x 
🥛Air Mineral.
🏊Alat Snorkling (Mask & Snorkel) 
👕Life Jacket (Pelampung).
🏷️Tiket Masuk Pulau Maupun Spot  Snorkling.
📷Camera Underwater.
💉P3K.
🕺Tour Guide
👫Jodoh Bila Beruntung
🖼️Dokumentasi Underwater.
🎞️Dokumentasi Upwater.

-------------------------------------------------
#pahawang #pulaupahawang #pahawangisland 
#pahawangislandlampung 
#tegalmas #pulauwayang
 #telukkiluan #telukhantu
 #opentrip #viral 
#wisatapahawanglampung
 #palembang #pulauwayanglampung
#jakarta #lampung 
#pringsewulampung 
#bandarlampung 
#sumsel #bandung 
#jambi #bengkulu #jaksel 
#tenggerang #lamsel 
#pesawaran
#explorewisatalampung 
#opentrippahawang 
#lampunggeh #fyp 
 #indonesia",lagoon
https://www.instagram.com/p/C605JY0S1jv/,1279.jpg,2024-05-11 11:26:12,"Mimin Kasih Info Paket trip libur Lebaran kepulau pahawang hanya dengan 150rb perorangnya loh 😍😍kalian sudah bisa menikmati explore empat pulau yang ada di pahawang dan dua tempat Snorkling lho 😮😮

kapan lagi? bisa nikmati liburan murah dan sudah dapat fasilitas yang lengkap, ayo buruan ajak teman, keluarga atau pasangan mu untuk liburan ke pulau pahawang 😍😍

untuk Info lebih lengkap bisa langsung hubungi Contact Person :

Whatsapp 
Admin 1 : 0821-7858-6537
Admin 2 : 0858-3882-2708

#pahawang
#tegalmas
#tegalmasisland
#liburanlampung 
#viral 
#wisatategalmas
#palembang
#jakarta#lampung
#pringsewulampung
#bandarlampung
#sumsel#bandung
#jambi
#bengkulu#jaksel
#tenggerang#lamsel
#pesawaran
#hiling
#explorewisatalampung
#opentrippahawang #wisataindonesia
#wisatalampung
#indonesia",park
https://www.instagram.com/p/C6l_nFvS37t/,1280.jpg,2024-05-05 16:34:04,"Mimin Kasih Info Paket trip libur Lebaran kepulau pahawang hanya dengan 150rb perorangnya loh 😍😍kalian sudah bisa menikmati explore empat pulau yang ada di pahawang dan dua tempat Snorkling lho 😮😮

kapan lagi? bisa nikmati liburan murah dan sudah dapat fasilitas yang lengkap, ayo buruan ajak teman, keluarga atau pasangan mu untuk liburan ke pulau pahawang 😍😍

untuk Info lebih lengkap bisa langsung hubungi Contact Person :

Whatsapp 
Admin 1 : 0821-7858-6537
Admin 2 : 0858-3882-2708

#pahawang
#tegalmas
#tegalmasisland
#liburanlampung 
#viral 
#wisatategalmas
#palembang
#jakarta#lampung
#pringsewulampung
#bandarlampung
#sumsel#bandung
#jambi
#bengkulu#jaksel
#tenggerang#lamsel
#pesawaran
#hiling
#explorewisatalampung
#opentrippahawang #wisataindonesia
#wisatalampung
#indonesia",lagoon
https://www.instagram.com/p/C-24OQeSbZT/,1281.jpg,2024-08-19 16:02:11,"Paket Trip Tanpa Minimal Peserta 😍🥳🥳

Paket Open Trip (Digabung) Jalan Setiap Weekend dan Hari Libur 🤩🥳🥳

Catat Jadwal Open Trip Pahawang 
Agustus :3, 4, 10, 11, 17, 18, 24, 31
September :1, 7, 8, 14, 15, 16, 21, 22, 28, 29

📍Meeting Point Dermaga Ketapang Lampung

Info Lebih Lanjut Bisa Hubungin
WhatsApp:📱0821-7858-6537

FASILITAS💯💯💯💯💯💯💯💯💯💯💯💯 

⛵Perahu 🚣Pelampung/Life Jacket
🏊Alat Snorkeling Lengkap 
🏥Asuransi Perjalanan Wisata
🚑P3K
📷Kamera Under Water (Bawah Laut) 
📹Kamera Up Water (Darat) 
🎬Dokumentasi Selama Trip
🍴Makan 🍻Air Minum
💸Tiket Masuk Jelajah Pulau
💶Tiket Masuk Spot Snorkeling
👦Tour Guide handal pengambilan foto
🚻Tempat Ganti baju

DESTINASI:
1.Pahawang Besar
2.Pahawang Kecil
3.Kelagian Besar
4.Kelagian kecil
5.Snorkeling Taman Nemo
6.Snorkeling Cukuh Bedil

#pahawang
#tegalmas
#tegalmasisland
#liburanlampung 
#viral 
#wisatategalmas
#palembang
#jakarta#lampung
#pringsewulampung
#bandarlampung
#sumsel#bandung
#jambi
#bengkulu#jaksel
#tenggerang#lamsel
#pesawaran
#hiling
#explorewisatalampung
#opentrippahawang #wisataindonesia
#wisatalampung
#indonesia
#dafiratravelindonesia",promenade
https://www.instagram.com/p/DAGSBlpyI0v/,1282.jpg,2024-09-19 12:07:38,"Paket Trip Tanpa Minimal Peserta 😍🥳🥳

Paket Open Trip (Digabung) Jalan Setiap Weekend dan Hari Libur 🤩🥳🥳

Catat Jadwal Open Trip Pahawang 
September :1, 7, 8, 14, 15, 16, 21, 22, 28, 29

📍Meeting Point Dermaga Ketapang Lampung

Info Lebih Lanjut Bisa Hubungin
WhatsApp:📱0821-7858-6537

FASILITAS💯💯💯💯💯💯💯💯💯💯💯💯 

⛵Perahu 🚣Pelampung/Life Jacket
🏊Alat Snorkeling Lengkap 
🏥Asuransi Perjalanan Wisata
🚑P3K
📷Kamera Under Water (Bawah Laut) 
📹Kamera Up Water (Darat) 
🎬Dokumentasi Selama Trip
🍴Makan 🍻Air Minum
💸Tiket Masuk Jelajah Pulau
💶Tiket Masuk Spot Snorkeling
👦Tour Guide handal pengambilan foto
🚻Tempat Ganti baju

DESTINASI:
1.Pahawang Besar
2.Pahawang Kecil
3.Kelagian Besar
4.Kelagian kecil
5.Snorkeling Taman Nemo
6.Snorkeling Cukuh Bedil

#pahawang
#tegalmas
#tegalmasisland
#liburanlampung 
#viral 
#wisatategalmas
#palembang
#jakarta#lampung
#pringsewulampung
#bandarlampung
#sumsel#bandung
#jambi
#bengkulu#jaksel
#tenggerang#lamsel
#pesawaran
#hiling
#explorewisatalampung
#opentrippahawang #wisataindonesia
#wisatalampung
#indonesia
#dafiratravelindonesia",lagoon
https://www.instagram.com/p/Cy2lIVRpSjv/,1283.jpg,2023-10-26 06:58:37,"Paket Trip Tampa Minimal
Peserta🥳🥳🥳🥳

1.Paket Open Trip (Gabung) 
(khusus weekend) 

• open trip pahawang 150k/orang
• open trip tegal mas 230k/orang

2.Paket Privat Trip (Every Day) 
Paket ini sangat cocok sekali
untuk Family Trip,Gathering,
Honeymoon,dll.
Kamu dapat atur jadwal liburan 
sesuai Keinginan mu. 

• Privat Pahawang 
Start From 170k/orang

• Privat Tegal Mas
Start From 245k/orang

Harga menyesuaikan peserta. 
Semakin banyak peserta harga
semakin Murah🥰🥰
___________________________________
Meeting point dermaga 4 ketapang
___________________________________
Info lebih lengkap bisa langsung hubungi :
📱:081928614064
___________________________________
Fasilitas :
⛵Kapal Eksplore Pulau dan Spot Snorkling.
🍛Makan 1x 
🥛Air Mineral.
🏊Alat Snorkling (Mask & Snorkel) 
👕Life Jacket (Pelampung).
🏷️Tiket Masuk Pulau Maupun Spot Snorkling.
📷Camera Underwater.
💉P3K.
🕺Tour Guide
🖼️Dokumentasi Underwater.
🎞️Dokumentasi Upwater.

Destinasi :
- Pulau kelagian kecil
- Snorkeling Cuku Bedil
- SnorkelingTaman Nemo
- Pulau Pahawang Besar
- Pulau Pahawang Kecil
- Pulau Kelagian Besar
------------------------------------------------------------

#pahawang #pulaupahawang #pahawangisland
#pahawangislandlampung 
#pahawangmurah#tegalmas
#tegalmasisland
#liburanlampung
#viral #wisatapahawanglampung 
#wisatategalmas#palembang
#jakarta#lampung
#pringsewulampung
#bandarlampung
#sumsel#bandung 
#jambi #bengkulu#jaksel 
#tenggerang#lamsel
#pesawaran#hiling
#explorewisatalampung
#opentrippahawang #wisataindonesia
#wisatalampung
#indonesia",lagoon
https://www.instagram.com/p/CyLZcvuh26g/,1284.jpg,2023-10-09 12:29:12,"Paket Trip Tampa Minimal
Peserta🥳🥳🥳🥳

1.Paket Open Trip (Gabung) 
(khusus weekend) 

• open trip pahawang 150k/orang
• open trip tegal mas 230k/orang

2.Paket Privat Trip (Every Day) 
Paket ini sangat cocok sekali
untuk Family Trip,Gathering,
Honeymoon,dll.
Kamu dapat atur jadwal liburan 
sesuai Keinginan mu. 

• Privat Pahawang 
Start From 170k/orang

• Privat Tegal Mas
Start From 245k/orang

Harga menyesuaikan peserta. 
Semakin banyak peserta harga
semakin Murah🥰🥰
___________________________________
Meeting point dermaga 4 ketapang
___________________________________
Info lebih lengkap bisa langsung hubungi :
📱:081928614064
___________________________________
Fasilitas :
⛵Kapal Eksplore Pulau dan Spot Snorkling.
🍛Makan 1x 
🥛Air Mineral.
🏊Alat Snorkling (Mask & Snorkel) 
👕Life Jacket (Pelampung).
🏷️Tiket Masuk Pulau Maupun Spot Snorkling.
📷Camera Underwater.
💉P3K.
🕺Tour Guide
🖼️Dokumentasi Underwater.
🎞️Dokumentasi Upwater.

Destinasi :
- Pulau kelagian kecil
- Snorkeling Cuku Bedil
- SnorkelingTaman Nemo
- Pulau Pahawang Besar
- Pulau Pahawang Kecil
- Pulau Kelagian Besar
------------------------------------------------------------

#pahawang #pulaupahawang #pahawangisland
#pahawangislandlampung 
#pahawangmurah#tegalmas
#tegalmasisland
#liburanlampung
#viral #wisatapahawanglampung 
#wisatategalmas#palembang
#jakarta#lampung
#pringsewulampung
#bandarlampung
#sumsel#bandung 
#jambi #bengkulu#jaksel 
#tenggerang#lamsel
#pesawaran#hiling
#explorewisatalampung
#opentrippahawang #wisataindonesia
#wisatalampung
#indonesia",ocean
https://www.instagram.com/p/C6shW-rvupY/,1285.jpg,2024-05-08 05:24:25,"Paket Trip Tampa Minimal
Peserta🥳🥳🥳🥳

1.Paket Open Trip (Gabung) 
 (khusus weekend) 

• open trip pahawang 150k/orang
• open trip tegal mas 230k/orang

2.Paket Privat Trip (Every Day) 
Paket ini sangat cocok sekali
untuk Family Trip,Gathering,
Honeymoon,dll.
Kamu dapat atur jadwal liburan 
sesuai Keinginan mu. 

• Privat Pahawang 
  Start From 170k/orang

• Privat Tegal Mas
  Start From 245k/orang

Harga menyesuaikan peserta. 
Semakin banyak peserta harga
semakin Murah🥰🥰
___________________________________
Meeting point dermaga 4 ketapang
___________________________________
Info lebih lengkap bisa langsung  hubungi :
📱:081928614064
___________________________________
Fasilitas :
 ⛵Kapal Eksplore Pulau dan Spot Snorkling.
🍛Makan 1x 
🥛Air Mineral.
🏊Alat Snorkling (Mask & Snorkel) 
👕Life Jacket (Pelampung).
🏷️Tiket Masuk Pulau Maupun Spot  Snorkling.
📷Camera Underwater.
💉P3K.
🕺Tour Guide
🖼️Dokumentasi Underwater.
🎞️Dokumentasi Upwater.

Destinasi :
- Pulau kelagian kecil
- Snorkeling Cuku Bedil
- SnorkelingTaman Nemo
- Pulau Pahawang Besar
- Pulau Pahawang Kecil
- Pulau Kelagian Besar
 ------------------------------------------------------------

#pahawang #pulaupahawang #pahawangisland
#pahawangislandlampung 
#tegalmas #tegalmasisland
#liburanlampung #wisatapahawanglampung 
#wisatategalmas#palembang
#jakarta#lampung
#pringsewulampung
#bandarlampung
#sumsel#bandung 
#jambi #bengkulu#jaksel 
#tenggerang#lamsel
#pesawaran#hiling
#explorewisatalampung
#opentrippahawang #wisatalampung
#lff #lb#lfl
#indonesia",beach
https://www.instagram.com/p/C7EhbYCy2s9/,1286.jpg,2024-05-17 13:06:47,"Mimin Kasih Info Paket trip libur Lebaran kepulau pahawang hanya dengan 150rb perorangnya loh 😍😍kalian sudah bisa menikmati explore empat pulau yang ada di pahawang dan dua tempat Snorkling lho 😮😮

kapan lagi? bisa nikmati liburan murah dan sudah dapat fasilitas yang lengkap, ayo buruan ajak teman, keluarga atau pasangan mu untuk liburan ke pulau pahawang 😍😍

untuk Info lebih lengkap bisa langsung hubungi Contact Person :

Whatsapp 
0821-7858-6537

#pahawang
#tegalmas
#tegalmasisland
#liburanlampung 
#viral 
#wisatategalmas
#palembang
#jakarta#lampung
#pringsewulampung
#bandarlampung
#sumsel#bandung
#jambi
#bengkulu#jaksel
#tenggerang#lamsel
#pesawaran
#hiling
#explorewisatalampung
#opentrippahawang #wisataindonesia
#wisatalampung
#indonesia",swimming hole
https://www.instagram.com/p/Cypl9A1S8Bd/,1287.jpg,2023-10-21 05:55:41,"Paket Trip Tampa Minimal
Peserta🥳🥳🥳🥳

1.Paket Open Trip (Gabung) 
 (khusus weekend) 

• open trip pahawang 150k/orang
• open trip tegal mas 230k/orang

2.Paket Privat Trip (Every Day) 
Paket ini sangat cocok sekali
untuk Family Trip,Gathering,
Honeymoon,dll.
Kamu dapat atur jadwal liburan 
sesuai Keinginan mu. 

• Privat Pahawang 
  Start From 170k/orang

• Privat Tegal Mas
  Start From 245k/orang

Harga menyesuaikan peserta. 
Semakin banyak peserta harga
semakin Murah🥰🥰
___________________________________
Meeting point dermaga 4 ketapang
___________________________________
Info lebih lengkap bisa langsung  hubungi :
📱:081928614064
___________________________________
Fasilitas :
 ⛵Kapal Eksplore Pulau dan Spot Snorkling.
🍛Makan 1x 
🥛Air Mineral.
🏊Alat Snorkling (Mask & Snorkel) 
👕Life Jacket (Pelampung).
🏷️Tiket Masuk Pulau Maupun Spot  Snorkling.
📷Camera Underwater.
💉P3K.
🕺Tour Guide
🖼️Dokumentasi Underwater.
🎞️Dokumentasi Upwater.

Destinasi :
- Pulau kelagian kecil
- Snorkeling Cuku Bedil
- SnorkelingTaman Nemo
- Pulau Pahawang Besar
- Pulau Pahawang Kecil
- Pulau Kelagian Besar
 ------------------------------------------------------------

#pahawang #pulaupahawang #pahawangisland
#pahawangislandlampung 
#tegalmas #tegalmasisland
#liburanlampung #wisatapahawanglampung 
#wisatategalmas#palembang
#jakarta#lampung
#pringsewulampung
#bandarlampung
#sumsel#bandung 
#jambi #bengkulu#jaksel 
#tenggerang#lamsel
#pesawaran#hiling
#explorewisatalampung
#opentrippahawang #wisatalampung
#lff #lb#lfl
#indonesia",lagoon
https://www.instagram.com/p/C-24BjCyhuH/,1288.jpg,2024-08-19 16:00:27,"Paket Trip Tanpa Minimal Peserta 😍🥳🥳

Paket Open Trip (Digabung) Jalan Setiap Weekend dan Hari Libur 🤩🥳🥳

Catat Jadwal Open Trip Pahawang 
Agustus :3, 4, 10, 11, 17, 18, 24, 31
September :1, 7, 8, 14, 15, 16, 21, 22, 28, 29

📍Meeting Point Dermaga Ketapang Lampung

Info Lebih Lanjut Bisa Hubungin
WhatsApp:📱0821-7858-6537

FASILITAS💯💯💯💯💯💯💯💯💯💯💯💯 

⛵Perahu 🚣Pelampung/Life Jacket
🏊Alat Snorkeling Lengkap 
🏥Asuransi Perjalanan Wisata
🚑P3K
📷Kamera Under Water (Bawah Laut) 
📹Kamera Up Water (Darat) 
🎬Dokumentasi Selama Trip
🍴Makan 🍻Air Minum
💸Tiket Masuk Jelajah Pulau
💶Tiket Masuk Spot Snorkeling
👦Tour Guide handal pengambilan foto
🚻Tempat Ganti baju

DESTINASI:
1.Pahawang Besar
2.Pahawang Kecil
3.Kelagian Besar
4.Kelagian kecil
5.Snorkeling Taman Nemo
6.Snorkeling Cukuh Bedil

#pahawang
#tegalmas
#tegalmasisland
#liburanlampung 
#viral 
#wisatategalmas
#palembang
#jakarta#lampung
#pringsewulampung
#bandarlampung
#sumsel#bandung
#jambi
#bengkulu#jaksel
#tenggerang#lamsel
#pesawaran
#hiling
#explorewisatalampung
#opentrippahawang #wisataindonesia
#wisatalampung
#indonesia
#dafiratravelindonesia",ice skating rink/indoor
https://www.instagram.com/p/C8RlnNNyf3q/,1289.jpg,2024-06-16 11:24:52,"Mimin Kasih Info Paket trip libur Lebaran kepulau pahawang hanya dengan 150rb perorangnya loh 😍😍kalian sudah bisa menikmati explore empat pulau yang ada di pahawang dan dua tempat Snorkling lho 😮😮

kapan lagi? bisa nikmati liburan murah dan sudah dapat fasilitas yang lengkap, ayo buruan ajak teman, keluarga atau pasangan mu untuk liburan ke pulau pahawang 😍😍

Catat tanggal liburan kalian 🤩
Juni :15, 16 , 17, 18, 22, 23, 29, 30
Juli :6, 7, 13, 14, 20, 21, 27, 28
Agustus :3, 4, 10, 11, 17, 18, 24, 31

untuk Info lebih lengkap bisa langsung hubungi Contact Person :

Whatsapp 
0821-7858-6537

#pahawang
#tegalmas
#tegalmasisland
#liburanlampung 
#viral 
#wisatategalmas
#palembang
#jakarta#lampung
#pringsewulampung
#bandarlampung
#sumsel#bandung
#jambi
#bengkulu#jaksel
#tenggerang#lamsel
#pesawaran
#hiling
#explorewisatalampung
#opentrippahawang #wisataindonesia
#wisatalampung
#indonesia",boat deck
https://www.instagram.com/p/DIGolKXvlQB/,1290.jpg,2025-04-06 11:35:53,"Paket Trip Tanpa Minimal
Peserta🥳🥳🥳🥳

1.Paket Open Trip (Gabung) 
 (khusus weekend) 
 
 • Open Trip Pahawang 150k/orang
 • Open trip wayang 500k/orang

(Meeting point dermaga 4 ketapang) 

2.Paket Privat Trip (Every Day) 
Paket ini sangat cocok sekali
untuk Family Trip,Gathering,
Honeymoon,dll.
Kamu dapat atur jadwal liburan 
sesuai Keinginan mu. 

• Privat Pulau Pahawang 
  Start From 170k/orang

• Privat Pulau Tegal Mas
  Start From 245k/orang

•Privat Pulau Wayang
 Start From 550k/orang

•Privat Teluk Kiluan
 Start from 400k/orang

Harga menyesuaikan peserta. 
Semakin banyak peserta harga
semakin Murah Per Orangnyaa🥰🥰
___________________________________
Meeting point dermaga 4 ketapang
___________________________________
Info lebih lengkap bisa langsung
hubungi :📱:0819-2861-4064
___________________________________
Fasilitas :
 ⛵Kapal Eksplore Pulau dan Spot Snorkling.
🍛Makan 1x 
🥛Air Mineral.
🏊Alat Snorkling (Mask & Snorkel) 
👕Life Jacket (Pelampung).
🏷️Tiket Masuk Pulau Maupun Spot  Snorkling.
📷Camera Underwater.
💉P3K.
🕺Tour Guide
👫Jodoh Bila Beruntung
🖼️Dokumentasi Underwater.
🎞️Dokumentasi Upwater.

-------------------------------------------------
#pahawang #pulaupahawang #pahawangisland 
#pahawangislandlampung 
#tegalmas #pulauwayang
 #telukkiluan #telukhantu
 #opentrip #viral 
#wisatapahawanglampung
 #palembang #pulauwayanglampung
#jakarta #lampung 
#pringsewulampung 
#bandarlampung 
#sumsel #bandung 
#jambi #bengkulu #jaksel 
#tenggerang #lamsel 
#pesawaran
#explorewisatalampung 
#opentrippahawang 
#lampunggeh #fyp 
 #indonesia",lake/natural
https://www.instagram.com/p/C1lc_qzPCaK/,1291.jpg,2024-01-02 04:54:37,"Paket Trip Tampa Minimal
Peserta🥳🥳🥳🥳

1.Paket Open Trip (Gabung) 
(khusus weekend) 

• open trip pahawang 150k/orang
• open trip tegal mas 230k/orang

2.Paket Privat Trip (Every Day) 
Paket ini sangat cocok sekali
untuk Family Trip,Gathering,
Honeymoon,dll.
Kamu dapat atur jadwal liburan 
sesuai Keinginan mu. 

• Privat Pahawang 
Start From 170k/orang

• Privat Tegal Mas
Start From 245k/orang

Harga menyesuaikan peserta. 
Semakin banyak peserta harga
semakin Murah🥰🥰
___________________________________
Meeting point dermaga 4 ketapang
___________________________________
Info lebih lengkap bisa langsung hubungi :
📱:081928614064
___________________________________
Fasilitas :
⛵Kapal Eksplore Pulau dan Spot Snorkling.
🍛Makan 1x 
🥛Air Mineral.
🏊Alat Snorkling (Mask & Snorkel) 
👕Life Jacket (Pelampung).
🏷️Tiket Masuk Pulau Maupun Spot Snorkling.
📷Camera Underwater.
💉P3K.
🕺Tour Guide
🖼️Dokumentasi Underwater.
🎞️Dokumentasi Upwater.

Destinasi :
- Pulau kelagian kecil
- Snorkeling Cuku Bedil
- SnorkelingTaman Nemo
- Pulau Pahawang Besar
- Pulau Pahawang Kecil
- Pulau Kelagian Besar
------------------------------------------------------------

#pahawang #pulaupahawang #pahawangisland
#pahawangislandlampung 
#pahawangmurah
#pahawanglampung#tegalmas
#tegalmasisland #wisatapahawanglampung 
#wisatategalmas#palembang
#jakarta#lampung
#pringsewulampung
#bandarlampung
#sumsel#bandung 
#jambi #bengkulu#jaksel 
#tenggerang#lamsel
#pesawaran#hiling
#pesonapesawaran
#explorewisatalampung
#opentrippahawang #wisataindonesia
#wisatalampung
#indonesia",lagoon
https://www.instagram.com/p/C6sBJvuSjCY/,1292.jpg,2024-05-08 00:42:59,"Mimin Kasih Info Paket trip libur Lebaran kepulau pahawang hanya dengan 150rb perorangnya loh 😍😍kalian sudah bisa menikmati explore empat pulau yang ada di pahawang dan dua tempat Snorkling lho 😮😮

kapan lagi? bisa nikmati liburan murah dan sudah dapat fasilitas yang lengkap, ayo buruan ajak teman, keluarga atau pasangan mu untuk liburan ke pulau pahawang 😍😍

untuk Info lebih lengkap bisa langsung hubungi Contact Person :

Whatsapp 
Admin 1 : 0821-7858-6537
Admin 2 : 0858-3882-2708

#pahawang
#tegalmas
#tegalmasisland
#liburanlampung 
#viral 
#wisatategalmas
#palembang
#jakarta#lampung
#pringsewulampung
#bandarlampung
#sumsel#bandung
#jambi
#bengkulu#jaksel
#tenggerang#lamsel
#pesawaran
#hiling
#explorewisatalampung
#opentrippahawang #wisataindonesia
#wisatalampung
#indonesia",pavilion
https://www.instagram.com/p/C8BQn1uyPCF/,1293.jpg,2024-06-10 03:13:36,"Mimin Kasih Info Paket trip libur Lebaran kepulau pahawang hanya dengan 150rb perorangnya loh 😍😍kalian sudah bisa menikmati explore empat pulau yang ada di pahawang dan dua tempat Snorkling lho 😮😮

kapan lagi? bisa nikmati liburan murah dan sudah dapat fasilitas yang lengkap, ayo buruan ajak teman, keluarga atau pasangan mu untuk liburan ke pulau pahawang 😍😍

Catat tanggal liburan kalian 🤩
Mei : 18,19,23,24,25,26
Juni : 1,2,8,9,15,16,17,18,22,23,29,30

untuk Info lebih lengkap bisa langsung hubungi Contact Person :

Whatsapp 
0821-7858-6537

#pahawang
#tegalmas
#tegalmasisland
#liburanlampung 
#viral 
#wisatategalmas
#palembang
#jakarta#lampung
#pringsewulampung
#bandarlampung
#sumsel#bandung
#jambi
#bengkulu#jaksel
#tenggerang#lamsel
#pesawaran
#hiling
#explorewisatalampung
#opentrippahawang #wisataindonesia
#wisatalampung
#indonesia",beach
https://www.instagram.com/p/C2XN4ePPKG4/,1294.jpg,2024-01-21 12:44:35,"Paket Trip Tampa Minimal
Peserta🥳🥳🥳🥳

1.Paket Open Trip (Gabung) 
(khusus weekend) 

• open trip pahawang 150k/orang
• open trip tegal mas 230k/orang

2.Paket Privat Trip (Every Day) 
Paket ini sangat cocok sekali
untuk Family Trip,Gathering,
Honeymoon,dll.
Kamu dapat atur jadwal liburan 
sesuai Keinginan mu. 

• Privat Pahawang 
Start From 170k/orang

• Privat Tegal Mas
Start From 245k/orang

Harga menyesuaikan peserta. 
Semakin banyak peserta harga
semakin Murah🥰🥰
___________________________________
Meeting point dermaga 4 ketapang
___________________________________
Info lebih lengkap bisa langsung hubungi :
📱:081928614064
___________________________________
Fasilitas :
⛵Kapal Eksplore Pulau dan Spot Snorkling.
🍛Makan 1x 
🥛Air Mineral.
🏊Alat Snorkling (Mask & Snorkel) 
👕Life Jacket (Pelampung).
🏷️Tiket Masuk Pulau Maupun Spot Snorkling.
📷Camera Underwater.
💉P3K.
🕺Tour Guide
🖼️Dokumentasi Underwater.
🎞️Dokumentasi Upwater.

Destinasi :
- Pulau kelagian kecil
- Snorkeling Cuku Bedil
- SnorkelingTaman Nemo
- Pulau Pahawang Besar
- Pulau Pahawang Kecil
- Pulau Kelagian Besar
------------------------------------------------------------

#pahawang #pulaupahawang #pahawangisland
#pahawangislandlampung 
#pahawangmurah
#pahawanglampung#tegalmas
 #wisatapahawanglampung 
#wisatategalmas#palembang
#jakarta#lampung
#pringsewulampung
#bandarlampung
#sumsel#bandung 
#jambi #bengkulu#jaksel 
#tenggerang#lamsel
#pesawaran#hiling
#pesonapesawaran
#explorewisatalampung
#opentrippahawang #wisataindonesia
#wisatalampung
#indonesia",raft
https://www.instagram.com/p/C8BgKqaypUX/,1295.jpg,2024-06-10 05:29:26,"Mimin Kasih Info Paket trip libur Lebaran kepulau pahawang hanya dengan 150rb perorangnya loh 😍😍kalian sudah bisa menikmati explore empat pulau yang ada di pahawang dan dua tempat Snorkling lho 😮😮

kapan lagi? bisa nikmati liburan murah dan sudah dapat fasilitas yang lengkap, ayo buruan ajak teman, keluarga atau pasangan mu untuk liburan ke pulau pahawang 😍😍

Catat tanggal liburan kalian 🤩
Mei : 18,19,23,24,25,26
Juni : 1,2,8,9,15,16,17,18,22,23,29,30

untuk Info lebih lengkap bisa langsung hubungi Contact Person :

Whatsapp 
0821-7858-6537

#pahawang
#tegalmas
#tegalmasisland
#liburanlampung 
#viral 
#wisatategalmas
#palembang
#jakarta#lampung
#pringsewulampung
#bandarlampung
#sumsel#bandung
#jambi
#bengkulu#jaksel
#tenggerang#lamsel
#pesawaran
#hiling
#explorewisatalampung
#opentrippahawang #wisataindonesia
#wisatalampung
#indonesia",volleyball court/outdoor
https://www.instagram.com/p/C9XmCczy2qE/,1296.jpg,2024-07-13 15:55:26,"Mimin Kasih Info Paket trip libur Lebaran kepulau pahawang hanya dengan 150rb perorangnya loh 😍😍kalian sudah bisa menikmati explore empat pulau yang ada di pahawang dan dua tempat Snorkling lho 😮😮

kapan lagi? bisa nikmati liburan murah dan sudah dapat fasilitas yang lengkap, ayo buruan ajak teman, keluarga atau pasangan mu untuk liburan ke pulau pahawang 😍😍

Catat tanggal liburan kalian 🤩
Juli :6, 7, 13, 14, 20, 21, 27, 28
Agustus :3, 4, 10, 11, 17, 18, 24, 31
September :1, 7, 8, 14, 15, 16, 21, 22, 28, 29

untuk Info lebih lengkap bisa langsung hubungi Contact Person :

Whatsapp 
0821-7858-6537

#pahawang
#tegalmas
#tegalmasisland
#liburanlampung 
#viral 
#wisatategalmas
#palembang
#jakarta#lampung
#pringsewulampung
#bandarlampung
#sumsel#bandung
#jambi
#bengkulu#jaksel
#tenggerang#lamsel
#pesawaran
#hiling
#explorewisatalampung
#opentrippahawang #wisataindonesia
#wisatalampung
#indonesia
#dafiratravelindonesia",beach
https://www.instagram.com/p/C9FZak3Soad/,1297.jpg,2024-07-06 14:18:48,"Mimin Kasih Info Paket trip libur Lebaran kepulau pahawang hanya dengan 150rb perorangnya loh 😍😍kalian sudah bisa menikmati explore empat pulau yang ada di pahawang dan dua tempat Snorkling lho 😮😮

kapan lagi? bisa nikmati liburan murah dan sudah dapat fasilitas yang lengkap, ayo buruan ajak teman, keluarga atau pasangan mu untuk liburan ke pulau pahawang 😍😍

Catat tanggal liburan kalian 🤩
Juli :6, 7, 13, 14, 20, 21, 27, 28
Agustus :3, 4, 10, 11, 17, 18, 24, 31
September :1, 7, 8, 14, 15, 16, 21, 22, 28, 29

untuk Info lebih lengkap bisa langsung hubungi Contact Person :

Whatsapp 
0821-7858-6537

#pahawang
#tegalmas
#tegalmasisland
#liburanlampung 
#viral 
#wisatategalmas
#palembang
#jakarta#lampung
#pringsewulampung
#bandarlampung
#sumsel#bandung
#jambi
#bengkulu#jaksel
#tenggerang#lamsel
#pesawaran
#hiling
#explorewisatalampung
#opentrippahawang #wisataindonesia
#wisatalampung
#indonesia
#dafiratravelindonesia",boat deck
https://www.instagram.com/p/C6TuO9oS1uf/,1298.jpg,2024-04-28 14:15:54,"Mimin Kasih Info Paket trip libur Lebaran kepulau pahawang hanya dengan 150rb perorangnya loh 😍😍kalian sudah bisa menikmati explore empat pulau yang ada di pahawang dan dua tempat Snorkling lho 😮😮

kapan lagi? bisa nikmati liburan murah dan sudah dapat fasilitas yang lengkap, ayo buruan ajak teman, keluarga atau pasangan mu untuk liburan ke pulau pahawang 😍😍

untuk Info lebih lengkap bisa langsung hubungi Contact Person :

Whatsapp 
Admin 1 : 0821-7858-6537
Admin 2 : 0858-3882-2708

#pahawang
#tegalmas
#tegalmasisland
#liburanlampung 
#viral 
#wisatategalmas
#palembang
#jakarta#lampung
#pringsewulampung
#bandarlampung
#sumsel#bandung
#jambi
#bengkulu#jaksel
#tenggerang#lamsel
#pesawaran
#hiling
#explorewisatalampung
#opentrippahawang #wisataindonesia
#wisatalampung
#indonesia",raft
https://www.instagram.com/p/C6WpaLwSo5c/,1299.jpg,2024-04-29 17:31:28,"Mimin Kasih Info Paket trip libur Lebaran kepulau pahawang hanya dengan 150rb perorangnya loh 😍😍kalian sudah bisa menikmati explore empat pulau yang ada di pahawang dan dua tempat Snorkling lho 😮😮

kapan lagi? bisa nikmati liburan murah dan sudah dapat fasilitas yang lengkap, ayo buruan ajak teman, keluarga atau pasangan mu untuk liburan ke pulau pahawang 😍😍

untuk Info lebih lengkap bisa langsung hubungi Contact Person :

Whatsapp 
Admin 1 : 0821-7858-6537
Admin 2 : 0858-3882-2708

#pahawang
#tegalmas
#tegalmasisland
#liburanlampung 
#viral 
#wisatategalmas
#palembang
#jakarta#lampung
#pringsewulampung
#bandarlampung
#sumsel#bandung
#jambi
#bengkulu#jaksel
#tenggerang#lamsel
#pesawaran
#hiling
#explorewisatalampung
#opentrippahawang #wisataindonesia
#wisatalampung
#indonesia",creek
https://www.instagram.com/p/C6Wp62ZyYX4/,1300.jpg,2024-04-29 17:35:55,"Mimin Kasih Info Paket trip libur Lebaran kepulau pahawang hanya dengan 150rb perorangnya loh 😍😍kalian sudah bisa menikmati explore empat pulau yang ada di pahawang dan dua tempat Snorkling lho 😮😮

kapan lagi? bisa nikmati liburan murah dan sudah dapat fasilitas yang lengkap, ayo buruan ajak teman, keluarga atau pasangan mu untuk liburan ke pulau pahawang 😍😍

untuk Info lebih lengkap bisa langsung hubungi Contact Person :

Whatsapp 
Admin 1 : 0821-7858-6537
Admin 2 : 0858-3882-2708

#pahawang
#tegalmas
#tegalmasisland
#liburanlampung 
#viral 
#wisatategalmas
#palembang
#jakarta#lampung
#pringsewulampung
#bandarlampung
#sumsel#bandung
#jambi
#bengkulu#jaksel
#tenggerang#lamsel
#pesawaran
#hiling
#explorewisatalampung
#opentrippahawang #wisataindonesia
#wisatalampung
#indonesia",underwater/ocean deep
https://www.instagram.com/p/DMy4vNoPJTo/,1301.jpg,2025-08-01 02:09:14,"Paket Trip Tanpa Minimal
Peserta🥳🥳🥳🥳

1.Paket Open Trip (Gabung) 
 (khusus weekend) 
 
 • Open Trip Pahawang 150k/orang
 • Open trip wayang 550k/orang

(Meeting point dermaga 4 ketapang) 

2.Paket Privat Trip (Every Day) 
Paket ini sangat cocok sekali
untuk Family Trip,Gathering,
Honeymoon,dll.
Kamu dapat atur jadwal liburan 
sesuai Keinginan mu. 

• Privat Pulau Pahawang 
  Start From 170k/orang

• Privat Pulau Tegal Mas
  Start From 245k/orang

•Privat Pulau Wayang
 Start From 550k/orang

•Privat Teluk Kiluan
 Start from 400k/orang

Harga menyesuaikan peserta. 
Semakin banyak peserta harga
semakin Murah Per Orangnyaa🥰🥰
___________________________________
Meeting point dermaga 4 ketapang
___________________________________
Info lebih lengkap bisa langsung
hubungi :📱:0819-2861-4064
___________________________________
Fasilitas :
 ⛵Kapal Eksplore Pulau dan Spot Snorkling.
🍛Makan 1x 
🥛Air Mineral.
🏊Alat Snorkling (Mask & Snorkel) 
👕Life Jacket (Pelampung).
🏷️Tiket Masuk Pulau Maupun Spot  Snorkling.
📷Camera Underwater.
💉P3K.
🕺Tour Guide
👫Jodoh Bila Beruntung
🖼️Dokumentasi Underwater.
🎞️Dokumentasi Upwater.

-------------------------------------------------
#pahawang #pulaupahawang #pahawangisland 
#pahawangislandlampung 
#tegalmas #pulauwayang
 #telukkiluan #telukhantu
 #opentrip #viral 
#wisatapahawanglampung
 #palembang #pulauwayanglampung
#jakarta #lampung 
#pringsewulampung 
#bandarlampung 
#sumsel #bandung 
#jambi #bengkulu #jaksel 
#tenggerang #lamsel 
#pesawaran
#explorewisatalampung 
#opentrippahawang 
#lampunggeh #fyp 
 #indonesia",boathouse
https://www.instagram.com/p/C9r4azSy5Gr/,1302.jpg,2024-07-21 13:00:51,"Mimin Kasih Info Paket trip libur Lebaran kepulau pahawang hanya dengan 150rb perorangnya loh 😍😍kalian sudah bisa menikmati explore empat pulau yang ada di pahawang dan dua tempat Snorkling lho 😮😮

kapan lagi? bisa nikmati liburan murah dan sudah dapat fasilitas yang lengkap, ayo buruan ajak teman, keluarga atau pasangan mu untuk liburan ke pulau pahawang 😍😍

Catat tanggal liburan kalian 🤩
Juli :6, 7, 13, 14, 20, 21, 27, 28
Agustus :3, 4, 10, 11, 17, 18, 24, 31
September :1, 7, 8, 14, 15, 16, 21, 22, 28, 29

untuk Info lebih lengkap bisa langsung hubungi Contact Person :

Whatsapp 
0821-7858-6537

#pahawang
#tegalmas
#tegalmasisland
#liburanlampung 
#viral 
#wisatategalmas
#palembang
#jakarta#lampung
#pringsewulampung
#bandarlampung
#sumsel#bandung
#jambi
#bengkulu#jaksel
#tenggerang#lamsel
#pesawaran
#hiling
#explorewisatalampung
#opentrippahawang #wisataindonesia
#wisatalampung
#indonesia
#dafiratravelindonesia",ice skating rink/outdoor
https://www.instagram.com/p/C6WpCg6yTg2/,1303.jpg,2024-04-29 17:28:14,"Mimin Kasih Info Paket trip libur Lebaran kepulau pahawang hanya dengan 150rb perorangnya loh 😍😍kalian sudah bisa menikmati explore empat pulau yang ada di pahawang dan dua tempat Snorkling lho 😮😮

kapan lagi? bisa nikmati liburan murah dan sudah dapat fasilitas yang lengkap, ayo buruan ajak teman, keluarga atau pasangan mu untuk liburan ke pulau pahawang 😍😍

untuk Info lebih lengkap bisa langsung hubungi Contact Person :

Whatsapp 
Admin 1 : 0821-7858-6537
Admin 2 : 0858-3882-2708

#pahawang
#tegalmas
#tegalmasisland
#liburanlampung 
#viral 
#wisatategalmas
#palembang
#jakarta#lampung
#pringsewulampung
#bandarlampung
#sumsel#bandung
#jambi
#bengkulu#jaksel
#tenggerang#lamsel
#pesawaran
#hiling
#explorewisatalampung
#opentrippahawang #wisataindonesia
#wisatalampung
#indonesia",coast
https://www.instagram.com/p/C2PxkuHPqb_/,1304.jpg,2024-01-18 15:22:33,"Paket Trip Tampa Minimal
Peserta🥳🥳🥳🥳

1.Paket Open Trip (Gabung) 
(khusus weekend) 

• open trip pahawang 150k/orang
• open trip tegal mas 230k/orang

2.Paket Privat Trip (Every Day) 
Paket ini sangat cocok sekali
untuk Family Trip,Gathering,
Honeymoon,dll.
Kamu dapat atur jadwal liburan 
sesuai Keinginan mu. 

• Privat Pahawang 
Start From 170k/orang

• Privat Tegal Mas
Start From 245k/orang

Harga menyesuaikan peserta. 
Semakin banyak peserta harga
semakin Murah🥰🥰
___________________________________
Meeting point dermaga 4 ketapang
___________________________________
Info lebih lengkap bisa langsung hubungi :
📱:081928614064
___________________________________
Fasilitas :
⛵Kapal Eksplore Pulau dan Spot Snorkling.
🍛Makan 1x 
🥛Air Mineral.
🏊Alat Snorkling (Mask & Snorkel) 
👕Life Jacket (Pelampung).
🏷️Tiket Masuk Pulau Maupun Spot Snorkling.
📷Camera Underwater.
💉P3K.
🕺Tour Guide
🖼️Dokumentasi Underwater.
🎞️Dokumentasi Upwater.

Destinasi :
- Pulau kelagian kecil
- Snorkeling Cuku Bedil
- SnorkelingTaman Nemo
- Pulau Pahawang Besar
- Pulau Pahawang Kecil
- Pulau Kelagian Besar
------------------------------------------------------------

#pahawang #pulaupahawang #pahawangisland
#pahawangislandlampung 
#pahawangmurah
#pahawanglampung#tegalmas
 #wisatapahawanglampung 
#wisatategalmas#palembang
#jakarta#lampung
#pringsewulampung
#bandarlampung
#sumsel#bandung 
#jambi #bengkulu#jaksel 
#tenggerang#lamsel
#pesawaran#hiling
#pesonapesawaran
#explorewisatalampung
#opentrippahawang #wisataindonesia
#wisatalampung
#indonesia",ocean
https://www.instagram.com/p/C0bkbq2JVuJ/,1305.jpg,2023-12-04 12:15:49,"Paket Trip Tampa Minimal
Peserta🥳🥳🥳🥳

1.Paket Open Trip (Gabung) 
(khusus weekend) 

• open trip pahawang 150k/orang
• open trip tegal mas 230k/orang

2.Paket Privat Trip (Every Day) 
Paket ini sangat cocok sekali
untuk Family Trip,Gathering,
Honeymoon,dll.
Kamu dapat atur jadwal liburan 
sesuai Keinginan mu. 

• Privat Pahawang 
Start From 170k/orang

• Privat Tegal Mas
Start From 245k/orang

Harga menyesuaikan peserta. 
Semakin banyak peserta harga
semakin Murah🥰🥰
___________________________________
Meeting point dermaga 4 ketapang
___________________________________
Info lebih lengkap bisa langsung hubungi :
📱:081928614064
___________________________________
Fasilitas :
⛵Kapal Eksplore Pulau dan Spot Snorkling.
🍛Makan 1x 
🥛Air Mineral.
🏊Alat Snorkling (Mask & Snorkel) 
👕Life Jacket (Pelampung).
🏷️Tiket Masuk Pulau Maupun Spot Snorkling.
📷Camera Underwater.
💉P3K.
🕺Tour Guide
🖼️Dokumentasi Underwater.
🎞️Dokumentasi Upwater.

Destinasi :
- Pulau kelagian kecil
- Snorkeling Cuku Bedil
- SnorkelingTaman Nemo
- Pulau Pahawang Besar
- Pulau Pahawang Kecil
- Pulau Kelagian Besar
------------------------------------------------------------

#pahawang #pulaupahawang #pahawangisland
#pahawangislandlampung 
#pahawangmurah
#pahawanglampung
#tegalmas
#tegalmasisland
 #wisatapahawanglampung 
#wisatategalmas#palembang
#jakarta#lampung
#pringsewulampung
#bandarlampung
#sumsel#bandung 
#jambi #bengkulu#jaksel 
#tenggerang#lamsel
#pesawaran#hiling
#pesonapesawaran
#explorewisatalampung
#opentrippahawang #wisataindonesia
#wisatalampung
#indonesia",islet
https://www.instagram.com/p/C9gdZQ2y8gV/,1306.jpg,2024-07-17 02:33:04,"Mimin Kasih Info Paket trip libur Lebaran kepulau pahawang hanya dengan 150rb perorangnya loh 😍😍kalian sudah bisa menikmati explore empat pulau yang ada di pahawang dan dua tempat Snorkling lho 😮😮

kapan lagi? bisa nikmati liburan murah dan sudah dapat fasilitas yang lengkap, ayo buruan ajak teman, keluarga atau pasangan mu untuk liburan ke pulau pahawang 😍😍

Catat tanggal liburan kalian 🤩
Juli :6, 7, 13, 14, 20, 21, 27, 28
Agustus :3, 4, 10, 11, 17, 18, 24, 31
September :1, 7, 8, 14, 15, 16, 21, 22, 28, 29

untuk Info lebih lengkap bisa langsung hubungi Contact Person :

Whatsapp 
0821-7858-6537

#pahawang
#tegalmas
#tegalmasisland
#liburanlampung 
#viral 
#wisatategalmas
#palembang
#jakarta#lampung
#pringsewulampung
#bandarlampung
#sumsel#bandung
#jambi
#bengkulu#jaksel
#tenggerang#lamsel
#pesawaran
#hiling
#explorewisatalampung
#opentrippahawang #wisataindonesia
#wisatalampung
#indonesia
#dafiratravelindonesia",kindergarden classroom
https://www.instagram.com/p/DKYUzDCPB8q/,1307.jpg,2025-06-02 01:32:08,"Paket Trip Tanpa Minimal
Peserta🥳🥳🥳🥳

1.Paket Open Trip (Gabung) 
 (khusus weekend) 
 
 • Open Trip Pahawang 150k/orang
 • Open trip wayang 550k/orang

(Meeting point dermaga 4 ketapang) 

2.Paket Privat Trip (Every Day) 
Paket ini sangat cocok sekali
untuk Family Trip,Gathering,
Honeymoon,dll.
Kamu dapat atur jadwal liburan 
sesuai Keinginan mu. 

• Privat Pulau Pahawang 
  Start From 170k/orang

• Privat Pulau Tegal Mas
  Start From 245k/orang

•Privat Pulau Wayang
 Start From 550k/orang

•Privat Teluk Kiluan
 Start from 400k/orang

Harga menyesuaikan peserta. 
Semakin banyak peserta harga
semakin Murah Per Orangnyaa🥰🥰
___________________________________
Meeting point dermaga 4 ketapang
___________________________________
Info lebih lengkap bisa langsung
hubungi :📱:0819-2861-4064
___________________________________
Fasilitas :
 ⛵Kapal Eksplore Pulau dan Spot Snorkling.
🍛Makan 1x 
🥛Air Mineral.
🏊Alat Snorkling (Mask & Snorkel) 
👕Life Jacket (Pelampung).
🏷️Tiket Masuk Pulau Maupun Spot  Snorkling.
📷Camera Underwater.
💉P3K.
🕺Tour Guide
👫Jodoh Bila Beruntung
🖼️Dokumentasi Underwater.
🎞️Dokumentasi Upwater.

-------------------------------------------------
#pahawang #pulaupahawang #pahawangisland 
#pahawangislandlampung 
#tegalmas #pulauwayang
 #telukkiluan #telukhantu
 #opentrip #viral 
#wisatapahawanglampung
 #palembang #pulauwayanglampung
#jakarta #lampung 
#pringsewulampung 
#bandarlampung 
#sumsel #bandung 
#jambi #bengkulu #jaksel 
#tenggerang #lamsel 
#pesawaran
#explorewisatalampung 
#opentrippahawang 
#lampunggeh #fyp 
 #indonesia",picnic area
https://www.instagram.com/p/C6WrSl3y74S/,1308.jpg,2024-04-29 17:47:54,"Mimin Kasih Info Paket trip libur Lebaran kepulau pahawang hanya dengan 150rb perorangnya loh 😍😍kalian sudah bisa menikmati explore empat pulau yang ada di pahawang dan dua tempat Snorkling lho 😮😮

kapan lagi? bisa nikmati liburan murah dan sudah dapat fasilitas yang lengkap, ayo buruan ajak teman, keluarga atau pasangan mu untuk liburan ke pulau pahawang 😍😍

untuk Info lebih lengkap bisa langsung hubungi Contact Person :

Whatsapp 
Admin 1 : 0821-7858-6537
Admin 2 : 0858-3882-2708

#pahawang
#tegalmas
#tegalmasisland
#liburanlampung 
#viral 
#wisatategalmas
#palembang
#jakarta#lampung
#pringsewulampung
#bandarlampung
#sumsel#bandung
#jambi
#bengkulu#jaksel
#tenggerang#lamsel
#pesawaran
#hiling
#explorewisatalampung
#opentrippahawang #wisataindonesia
#wisatalampung
#indonesia",lagoon
https://www.instagram.com/p/C8XDp1uyGq9/,1309.jpg,2024-06-18 14:23:35,"Mimin Kasih Info Paket trip libur Lebaran kepulau pahawang hanya dengan 150rb perorangnya loh 😍😍kalian sudah bisa menikmati explore empat pulau yang ada di pahawang dan dua tempat Snorkling lho 😮😮

kapan lagi? bisa nikmati liburan murah dan sudah dapat fasilitas yang lengkap, ayo buruan ajak teman, keluarga atau pasangan mu untuk liburan ke pulau pahawang 😍😍

Catat tanggal liburan kalian 🤩
Juni :15, 16 , 17, 18, 22, 23, 29, 30
Juli :6, 7, 13, 14, 20, 21, 27, 28
Agustus :3, 4, 10, 11, 17, 18, 24, 31

untuk Info lebih lengkap bisa langsung hubungi Contact Person :

Whatsapp 
0821-7858-6537

#pahawang
#tegalmas
#tegalmasisland
#liburanlampung 
#viral 
#wisatategalmas
#palembang
#jakarta#lampung
#pringsewulampung
#bandarlampung
#sumsel#bandung
#jambi
#bengkulu#jaksel
#tenggerang#lamsel
#pesawaran
#hiling
#explorewisatalampung
#opentrippahawang #wisataindonesia
#wisatalampung
#indonesia",islet
https://www.instagram.com/p/C5fb1JuPkAD/,1310.jpg,2024-04-08 06:54:35,"Paket Trip Tanpa Minimal
Peserta🥳🥳🥳🥳

1.Paket Open Trip (Gabung) 
 (khusus weekend) 
 
Jadwal open trip pahawang
April :11,12,13,14,15,20,21,27,28 
Mei :4,5,9,10,11,12,18,19,23,24,25,26
Juni :1,2,8,9,15,16,17,18,22,23,29,30

• open trip pahawang 150k/orang

(Meeting point dermaga 4 ketapang) 

2.Paket Privat Trip (Every Day) 
Paket ini sangat cocok sekali
untuk Family Trip,Gathering,
Honeymoon,dll.
Kamu dapat atur jadwal liburan 
sesuai Keinginan mu. 

• Privat Pahawang 
  Start From 170k/orang

• Privat Tegal Mas
  Start From 245k/orang

(Harga berlaku untuk 16-20 peserta) 

Harga menyesuaikan peserta. 
Semakin banyak peserta harga
semakin Murah🥰🥰
___________________________________
Meeting point dermaga 4 ketapang
___________________________________
Info lebih lengkap bisa langsung
hubungi :📱:0819-2861-4064
___________________________________
Fasilitas :
 ⛵Kapal Eksplore Pulau dan Spot Snorkling.
🍛Makan 1x 
🥛Air Mineral.
🏊Alat Snorkling (Mask & Snorkel) 
👕Life Jacket (Pelampung).
🏷️Tiket Masuk Pulau Maupun Spot  Snorkling.
📷Camera Underwater.
💉P3K.
🕺Tour Guide
🖼️Dokumentasi Underwater.
🎞️Dokumentasi Upwater.

Destinasi :
- Pulau kelagian kecil
- Snorkeling Cuku Bedil
- SnorkelingTaman Nemo
- Pulau Pahawang Besar
- Pulau Pahawang Kecil
- Pulau Kelagian Besar
 -------------------------------------------------
#pahawang #pulaupahawang #pahawangisland 
#pahawangislandlampung 
#pahawangmurah #tegalmas 
 #tegalmasisland 
#liburanlampung 
#viral #wisatapahawanglampung 
#wisatategalmas #palembang 
#jakarta #lampung 
#pringsewulampung 
#bandarlampung 
#sumsel #bandung 
#jambi #bengkulu #jaksel 
#tenggerang #lamsel 
#pesawaran #hiling 
#explorewisatalampung 
#opentrippahawang #wisataindonesia 
#lampunggeh",beach
https://www.instagram.com/p/Cyk_H6wyIaa/,1311.jpg,2023-10-19 10:59:25,"Paket Trip Tampa Minimal
Peserta🥳🥳🥳🥳

1.Paket Open Trip (Gabung) 
(khusus weekend) 

• open trip pahawang 150k/orang
• open trip tegal mas 230k/orang

2.Paket Privat Trip (Every Day) 
Paket ini sangat cocok sekali
untuk Family Trip,Gathering,
Honeymoon,dll.
Kamu dapat atur jadwal liburan 
sesuai Keinginan mu. 

• Privat Pahawang 
Start From 170k/orang

• Privat Tegal Mas
Start From 245k/orang

Harga menyesuaikan peserta. 
Semakin banyak peserta harga
semakin Murah🥰🥰
___________________________________
Meeting point dermaga 4 ketapang
___________________________________
Info lebih lengkap bisa langsung hubungi :
📱:081928614064
___________________________________
Fasilitas :
⛵Kapal Eksplore Pulau dan Spot Snorkling.
🍛Makan 1x 
🥛Air Mineral.
🏊Alat Snorkling (Mask & Snorkel) 
👕Life Jacket (Pelampung).
🏷️Tiket Masuk Pulau Maupun Spot Snorkling.
📷Camera Underwater.
💉P3K.
🕺Tour Guide
🖼️Dokumentasi Underwater.
🎞️Dokumentasi Upwater.

Destinasi :
- Pulau kelagian kecil
- Snorkeling Cuku Bedil
- SnorkelingTaman Nemo
- Pulau Pahawang Besar
- Pulau Pahawang Kecil
- Pulau Kelagian Besar
------------------------------------------------------------

#pahawang #pulaupahawang #pahawangisland
#pahawangislandlampung 
#pahawangmurah#tegalmas
#tegalmasisland
#liburanlampung #wisatapahawanglampung 
#wisatategalmas#palembang
#jakarta#lampung
#pringsewulampung
#bandarlampung
#sumsel#bandung 
#jambi #bengkulu#jaksel 
#tenggerang#lamsel
#pesawaran#hiling
#lb#lfl
#opentrippahawang #wisataindonesia
#wisatalampung
#indonesia",water park
https://www.instagram.com/p/C5SudaqveQu/,1312.jpg,2024-04-03 08:27:14,"Paket Trip Tanpa Minimal
Peserta🥳🥳🥳🥳

1.Paket Open Trip (Gabung) 
 (khusus weekend) 
 
Jadwal open trip pahawang
April :11,12,13,14,15,20,21,27,28 
Mei :4,5,9,10,11,12,18,19,23,24,25,26
Juni :1,2,8,9,15,16,17,18,22,23,29,30

• open trip pahawang 150k/orang

(Meeting point dermaga 4 ketapang) 

2.Paket Privat Trip (Every Day) 
Paket ini sangat cocok sekali
untuk Family Trip,Gathering,
Honeymoon,dll.
Kamu dapat atur jadwal liburan 
sesuai Keinginan mu. 

• Privat Pahawang 
  Start From 170k/orang

• Privat Tegal Mas
  Start From 245k/orang

(Harga berlaku untuk 16-20 peserta) 

Harga menyesuaikan peserta. 
Semakin banyak peserta harga
semakin Murah🥰🥰
___________________________________
Meeting point dermaga 4 ketapang
___________________________________
Info lebih lengkap bisa langsung
hubungi :📱:0819-2861-4064
___________________________________
Fasilitas :
 ⛵Kapal Eksplore Pulau dan Spot Snorkling.
🍛Makan 1x 
🥛Air Mineral.
🏊Alat Snorkling (Mask & Snorkel) 
👕Life Jacket (Pelampung).
🏷️Tiket Masuk Pulau Maupun Spot  Snorkling.
📷Camera Underwater.
💉P3K.
🕺Tour Guide
🖼️Dokumentasi Underwater.
🎞️Dokumentasi Upwater.

Destinasi :
- Pulau kelagian kecil
- Snorkeling Cuku Bedil
- SnorkelingTaman Nemo
- Pulau Pahawang Besar
- Pulau Pahawang Kecil
- Pulau Kelagian Besar
 -------------------------------------------------
#pahawang #pulaupahawang #pahawangisland 
#pahawangislandlampung 
#pahawangmurah #tegalmas 
 #tegalmasisland 
#liburanlampung 
#viral #wisatapahawanglampung 
#wisatategalmas #palembang 
#jakarta #lampung 
#pringsewulampung 
#bandarlampung 
#sumsel #bandung 
#jambi #bengkulu #jaksel 
#tenggerang #lamsel 
#pesawaran #hiling 
#explorewisatalampung 
#opentrippahawang #wisataindonesia 
#lampunggeh 
 #indonesia",water park
https://www.instagram.com/p/C57yn9vPaPH/,1313.jpg,2024-04-19 07:12:29,"Paket Trip Tanpa Minimal
Peserta🥳🥳🥳🥳

1.Paket Open Trip (Gabung) 
 (khusus weekend) 
 
Jadwal open trip pahawang
April :11,12,13,14,15,20,21,27,28 
Mei :4,5,9,10,11,12,18,19,23,24,25,26
Juni :1,2,8,9,15,16,17,18,22,23,29,30

• open trip pahawang 150k/orang

(Meeting point dermaga 4 ketapang) 

2.Paket Privat Trip (Every Day) 
Paket ini sangat cocok sekali
untuk Family Trip,Gathering,
Honeymoon,dll.
Kamu dapat atur jadwal liburan 
sesuai Keinginan mu. 

• Privat Pahawang 
  Start From 170k/orang

• Privat Tegal Mas
  Start From 245k/orang

(Harga berlaku untuk 16-20 peserta) 

Harga menyesuaikan peserta. 
Semakin banyak peserta harga
semakin Murah🥰🥰
___________________________________
Meeting point dermaga 4 ketapang
___________________________________
Info lebih lengkap bisa langsung
hubungi :📱:0819-2861-4064
___________________________________
Fasilitas :
 ⛵Kapal Eksplore Pulau dan Spot Snorkling.
🍛Makan 1x 
🥛Air Mineral.
🏊Alat Snorkling (Mask & Snorkel) 
👕Life Jacket (Pelampung).
🏷️Tiket Masuk Pulau Maupun Spot  Snorkling.
📷Camera Underwater.
💉P3K.
🕺Tour Guide
🖼️Dokumentasi Underwater.
🎞️Dokumentasi Upwater.

Destinasi :
- Pulau kelagian kecil
- Snorkeling Cuku Bedil
- SnorkelingTaman Nemo
- Pulau Pahawang Besar
- Pulau Pahawang Kecil
- Pulau Kelagian Besar
 -------------------------------------------------
#pahawang #pulaupahawang #pahawangisland 
#pahawangislandlampung 
#pahawangmurah #tegalmas 
 #tegalmasisland 
#liburanlampung 
#viral #wisatapahawanglampung 
#wisatategalmas #palembang 
#jakarta #lampung 
#pringsewulampung 
#bandarlampung 
#sumsel #bandung 
#jambi #bengkulu #jaksel 
#tenggerang #lamsel 
#pesawaran #hiling 
#explorewisatalampung 
#opentrippahawang #wisataindonesia 
#lampunggeh 
 #indonesia",raft
https://www.instagram.com/p/C444jHOPa7Y/,1314.jpg,2024-03-24 07:35:08,"Paket Trip Tanpa Minimal
Peserta🥳🥳🥳🥳

1.Paket Open Trip (Gabung) 
 (khusus weekend) 
 
Jadwal open trip pahawang
April :11,12,13,14,15,20,21,27,28 
Mei :4,5,9,10,11,12,18,19,23,24,25,26
Juni :1,2,8,9,15,16,17,18,22,23,29,30

• open trip pahawang 150k/orang

(Meeting point dermaga 4 ketapang) 

2.Paket Privat Trip (Every Day) 
Paket ini sangat cocok sekali
untuk Family Trip,Gathering,
Honeymoon,dll.
Kamu dapat atur jadwal liburan 
sesuai Keinginan mu. 

• Privat Pahawang 
  Start From 170k/orang

• Privat Tegal Mas
  Start From 245k/orang

(Harga berlaku untuk 16-20 peserta) 

Harga menyesuaikan peserta. 
Semakin banyak peserta harga
semakin Murah🥰🥰
___________________________________
Meeting point dermaga 4 ketapang
___________________________________
Info lebih lengkap bisa langsung
hubungi :📱:0819-2861-4064
___________________________________
Fasilitas :
 ⛵Kapal Eksplore Pulau dan Spot Snorkling.
🍛Makan 1x 
🥛Air Mineral.
🏊Alat Snorkling (Mask & Snorkel) 
👕Life Jacket (Pelampung).
🏷️Tiket Masuk Pulau Maupun Spot  Snorkling.
📷Camera Underwater.
💉P3K.
🕺Tour Guide
🖼️Dokumentasi Underwater.
🎞️Dokumentasi Upwater.

Destinasi :
- Pulau kelagian kecil
- Snorkeling Cuku Bedil
- SnorkelingTaman Nemo
- Pulau Pahawang Besar
- Pulau Pahawang Kecil
- Pulau Kelagian Besar
 -------------------------------------------------
#pahawang #pulaupahawang #pahawangisland 
#pahawangislandlampung 
#pahawangmurah #tegalmas 
 #tegalmasisland 
#liburanlampung 
#viral #wisatapahawanglampung 
#wisatategalmas #palembang 
#jakarta #lampung 
#pringsewulampung 
#bandarlampung 
#sumsel #bandung 
#jambi #bengkulu #jaksel 
#tenggerang #lamsel 
#pesawaran #hiling 
#explorewisatalampung 
#opentrippahawang #wisataindonesia 
#lampunggeh
 #indonesia",volleyball court/outdoor
https://www.instagram.com/p/DEWxjlcPhzS/,1315.jpg,2025-01-03 07:56:35,"Paket Trip Tanpa Minimal
Peserta🥳🥳🥳🥳

1.Paket Open Trip (Gabung) 
 (khusus weekend) 
 • Open Trip Pahawang 150k/orang
 • Open Trip Tegal Mas 230k/orang
(Meeting point dermaga 4 ketapang) 

2.Paket Privat Trip (Every Day) 
Paket ini sangat cocok sekali
untuk Family Trip,Gathering,
Honeymoon,dll.
Kamu dapat atur jadwal liburan 
sesuai Keinginan mu. 

• Privat Pahawang 
  Start From 170k/orang

• Privat Tegal Mas
  Start From 245k/orang

(Harga berlaku untuk 16-20 peserta) 

Harga menyesuaikan peserta. 
Semakin banyak peserta harga
semakin Murah🥰🥰
___________________________________
Meeting point dermaga 4 ketapang
___________________________________
Info lebih lengkap bisa langsung
hubungi :📱:0819-2861-4064
___________________________________
Fasilitas :
 ⛵Kapal Eksplore Pulau dan Spot Snorkling.
🍛Makan 1x 
🥛Air Mineral.
🏊Alat Snorkling (Mask & Snorkel) 
👕Life Jacket (Pelampung).
🏷️Tiket Masuk Pulau Maupun Spot  Snorkling.
📷Camera Underwater.
💉P3K.
🕺Tour Guide
🖼️Dokumentasi Underwater.
🎞️Dokumentasi Upwater.

-------------------------------------------------
#pahawang #pulaupahawang #pahawangisland 
#pahawangislandlampung 
#pahawangmurah #tegalmas 
 #tegalmasisland 
#liburanlampung 
#viral #wisatapahawanglampung 
#wisatategalmas #palembang 
#jakarta #lampung 
#pringsewulampung 
#bandarlampung 
#sumsel #bandung 
#jambi #bengkulu #jaksel 
#tenggerang #lamsel 
#pesawaran
#explorewisatalampung 
#opentrippahawang #wisataindonesia 
#lampunggeh #fyp 
 #indonesia",beach
https://www.instagram.com/p/DF2akH0SsH6/,1316.jpg,2025-02-09 11:22:47,"Paket Trip Tanpa Minimal
Peserta🥳🥳🥳🥳

1.Paket Open Trip (Gabung) 
 (khusus weekend) 
 • Open Trip Pahawang 150k/orang
 • Open Trip Tegal Mas 230k/orang
(Meeting point dermaga 4 ketapang) 

2.Paket Privat Trip (Every Day) 
Paket ini sangat cocok sekali
untuk Family Trip,Gathering,
Honeymoon,dll.
Kamu dapat atur jadwal liburan 
sesuai Keinginan mu. 

• Privat Pahawang 
  Start From 170k/orang

• Privat Tegal Mas
  Start From 245k/orang

(Harga berlaku untuk 16-20 peserta) 

Harga menyesuaikan peserta. 
Semakin banyak peserta harga
semakin Murah🥰🥰
___________________________________
Meeting point dermaga 4 ketapang
___________________________________
Info lebih lengkap bisa langsung
hubungi :📱:0819-2861-4064
___________________________________
Fasilitas :
 ⛵Kapal Eksplore Pulau dan Spot Snorkling.
🍛Makan 1x 
🥛Air Mineral.
🏊Alat Snorkling (Mask & Snorkel) 
👕Life Jacket (Pelampung).
🏷️Tiket Masuk Pulau Maupun Spot  Snorkling.
📷Camera Underwater.
💉P3K.
🕺Tour Guide
🖼️Dokumentasi Underwater.
🎞️Dokumentasi Upwater.

-------------------------------------------------
#pahawang #pulaupahawang #pahawangisland 
#pahawangislandlampung 
#pahawangmurah #tegalmas 
 #tegalmasisland 
#liburanlampung 
#viral #wisatapahawanglampung 
#wisatategalmas #palembang 
#jakarta #lampung 
#pringsewulampung 
#bandarlampung 
#sumsel #bandung 
#jambi #bengkulu #jaksel 
#tenggerang #lamsel 
#pesawaran
#explorewisatalampung 
#opentrippahawang #wisataindonesia 
#lampunggeh #fyp 
 #indonesia",beach house
https://www.instagram.com/p/DHG7qGlSloM/,1317.jpg,2025-03-12 17:51:12,"Paket Trip Tanpa Minimal
Peserta🥳🥳🥳🥳

1.Paket Open Trip (Gabung) 
 (khusus weekend) 
 
 • Open Trip Pahawang 150k/orang
 • Open trip wayang 500k/orang

(Meeting point dermaga 4 ketapang) 

2.Paket Privat Trip (Every Day) 
Paket ini sangat cocok sekali
untuk Family Trip,Gathering,
Honeymoon,dll.
Kamu dapat atur jadwal liburan 
sesuai Keinginan mu. 

• Privat Pulau Pahawang 
  Start From 170k/orang

• Privat Pulau Tegal Mas
  Start From 245k/orang

•Privat Pulau Wayang
 Start From 550k/orang

•Privat Teluk Kiluan
 Start from 400k/orang

Harga menyesuaikan peserta. 
Semakin banyak peserta harga
semakin Murah Per Orangnyaa🥰🥰
___________________________________
Meeting point dermaga 4 ketapang
___________________________________
Info lebih lengkap bisa langsung
hubungi :📱:0819-2861-4064
___________________________________
Fasilitas :
 ⛵Kapal Eksplore Pulau dan Spot Snorkling.
🍛Makan 1x 
🥛Air Mineral.
🏊Alat Snorkling (Mask & Snorkel) 
👕Life Jacket (Pelampung).
🏷️Tiket Masuk Pulau Maupun Spot  Snorkling.
📷Camera Underwater.
💉P3K.
🕺Tour Guide
👫Jodoh Bila Beruntung
🖼️Dokumentasi Underwater.
🎞️Dokumentasi Upwater.

-------------------------------------------------
#pahawang #pulaupahawang #pahawangisland 
#pahawangislandlampung 
#tegalmas #pulauwayang
 #telukkiluan #telukhantu
 #opentrip #viral 
#wisatapahawanglampung
 #palembang #pulauwayanglampung
#jakarta #lampung 
#pringsewulampung 
#bandarlampung 
#sumsel #bandung 
#jambi #bengkulu #jaksel 
#tenggerang #lamsel 
#pesawaran
#explorewisatalampung 
#opentrippahawang 
#lampunggeh #fyp 
 #indonesia",lagoon
https://www.instagram.com/p/C0zAAYZvlMM/,1318.jpg,2023-12-13 14:39:17,"Paket Trip Tampa Minimal
Peserta🥳🥳🥳🥳

1.Paket Open Trip (Gabung) 
(khusus weekend) 

• open trip pahawang 150k/orang
• open trip tegal mas 230k/orang

2.Paket Privat Trip (Every Day) 
Paket ini sangat cocok sekali
untuk Family Trip,Gathering,
Honeymoon,dll.
Kamu dapat atur jadwal liburan 
sesuai Keinginan mu. 

• Privat Pahawang 
Start From 170k/orang

• Privat Tegal Mas
Start From 245k/orang

Harga menyesuaikan peserta. 
Semakin banyak peserta harga
semakin Murah🥰🥰
___________________________________
Meeting point dermaga 4 ketapang
___________________________________
Info lebih lengkap bisa langsung hubungi :
📱:081928614064
___________________________________
Fasilitas :
⛵Kapal Eksplore Pulau dan Spot Snorkling.
🍛Makan 1x 
🥛Air Mineral.
🏊Alat Snorkling (Mask & Snorkel) 
👕Life Jacket (Pelampung).
🏷️Tiket Masuk Pulau Maupun Spot Snorkling.
📷Camera Underwater.
💉P3K.
🕺Tour Guide
🖼️Dokumentasi Underwater.
🎞️Dokumentasi Upwater.

Destinasi :
- Pulau kelagian kecil
- Snorkeling Cuku Bedil
- SnorkelingTaman Nemo
- Pulau Pahawang Besar
- Pulau Pahawang Kecil
- Pulau Kelagian Besar
------------------------------------------------------------

#pahawang #pulaupahawang #pahawangisland
#pahawangislandlampung 
#pahawangmurah
#pahawanglampung#tegalmas
#tegalmasisland #wisatapahawanglampung 
#wisatategalmas#palembang
#jakarta#lampung
#pringsewulampung
#bandarlampung
#sumsel#bandung 
#jambi #bengkulu#jaksel 
#tenggerang#lamsel
#pesawaran#hiling
#pesonapesawaran
#explorewisatalampung
#opentrippahawang #wisataindonesia
#wisatalampung
#indonesia",lagoon
https://www.instagram.com/p/C20xTquyWjA/,1319.jpg,2024-02-02 00:12:07,"1st destination @melastibeach.official 
.
Managed by @arjunabalitours
.
#beach #bali #melastibeach #pantai #pantaimelasti #dhidhiesapari #tour #travel #traveling #summer #holiday #trip #melali #lamsel #vacation #pleasure #pulaudewata #jalanjalan #liburanbali #arjunabalitours #arjunabali #tourmurah",pagoda
https://www.instagram.com/p/C20ubiHSh0H/,1320.jpg,2024-02-01 23:46:58,"Bali start Here
.
Managed by @arjunabalitours
.
#bali #tour #travel #traveling #summer #holiday #trip #melali #lamsel #vacation #pleasure #pulaudewata #jalanjalan #liburanbali #arjunabalitours #arjunabali #dhidhiesapari",ice cream parlor
https://www.instagram.com/p/COZo_8pHZ7t/,1321.jpg,2021-05-03 06:24:15,#pahawang #pulau #pantai #dermaga #pano #panorama #laut #pulaupahawang #lampung #trip #gunung #pemandangan #alam #pulaupahawang #pahawangislamd #lampunghits #lampunggeh #lamsel #lampungselatan #keren #pelabuhan #perahu  #villa #iskhasulistia,lagoon
https://www.instagram.com/p/C6Ks7L1S-aA/,1322.jpg,2024-04-25 02:11:18,"Mimin Kasih Info Paket trip libur Lebaran kepulau pahawang hanya dengan 150rb perorangnya loh 😍😍kalian sudah bisa menikmati explore empat pulau yang ada di pahawang dan dua tempat Snorkling lho 😮😮

kapan lagi? bisa nikmati liburan murah dan sudah dapat fasilitas yang lengkap, ayo buruan ajak teman, keluarga atau pasangan mu untuk liburan ke pulau pahawang 😍😍

untuk Info lebih lengkap bisa langsung hubungi Contact Person :

Whatsapp 
Admin 1 : 0821-7858-6537
Admin 2 : 0858-3882-2708

#pahawang
#tegalmas
#tegalmasisland
#liburanlampung 
#viral 
#wisatategalmas
#palembang
#jakarta#lampung
#pringsewulampung
#bandarlampung
#sumsel#bandung
#jambi
#bengkulu#jaksel
#tenggerang#lamsel
#pesawaran
#hiling
#explorewisatalampung
#opentrippahawang #wisataindonesia
#wisatalampung
#indonesia",lagoon
https://www.instagram.com/p/CVabOVIvJJs/,1323.jpg,2021-10-24 13:22:53,"Reposted from @shdyt_ Sejauh mana pun kaki mu melangkah, ingatlah ada rumah yang menjadi tempatmu untuk pulang.
.
.
.
.
.
.
.
.
.
.
.
.
#trip #traveling #lampung #airterjun #curug #wisatalampung #triplampung #kuymain #healing #traveller #lampungselatan #potretlampung #airterjunwaykalam #lamsel #jelajahlampung",waterfall
https://www.instagram.com/p/DLlonRCPchK/,1324.jpg,2025-07-02 02:06:49,"Paket Trip Tanpa Minimal
Peserta🥳🥳🥳🥳

1.Paket Open Trip (Gabung) 
 (khusus weekend) 
 
 • Open Trip Pahawang 150k/orang
 • Open trip wayang 550k/orang

(Meeting point dermaga 4 ketapang) 

2.Paket Privat Trip (Every Day) 
Paket ini sangat cocok sekali
untuk Family Trip,Gathering,
Honeymoon,dll.
Kamu dapat atur jadwal liburan 
sesuai Keinginan mu. 

• Privat Pulau Pahawang 
  Start From 170k/orang

• Privat Pulau Tegal Mas
  Start From 245k/orang

•Privat Pulau Wayang
 Start From 550k/orang

•Privat Teluk Kiluan
 Start from 400k/orang

Harga menyesuaikan peserta. 
Semakin banyak peserta harga
semakin Murah Per Orangnyaa🥰🥰
___________________________________
Meeting point dermaga 4 ketapang
___________________________________
Info lebih lengkap bisa langsung
hubungi :📱:0819-2861-4064
___________________________________
Fasilitas :
 ⛵Kapal Eksplore Pulau dan Spot Snorkling.
🍛Makan 1x 
🥛Air Mineral.
🏊Alat Snorkling (Mask & Snorkel) 
👕Life Jacket (Pelampung).
🏷️Tiket Masuk Pulau Maupun Spot  Snorkling.
📷Camera Underwater.
💉P3K.
🕺Tour Guide
👫Jodoh Bila Beruntung
🖼️Dokumentasi Underwater.
🎞️Dokumentasi Upwater.

-------------------------------------------------
#pahawang #pulaupahawang #pahawangisland 
#pahawangislandlampung 
#tegalmas #pulauwayang
 #telukkiluan #telukhantu
 #opentrip #viral 
#wisatapahawanglampung
 #palembang #pulauwayanglampung
#jakarta #lampung 
#pringsewulampung 
#bandarlampung 
#sumsel #bandung 
#jambi #bengkulu #jaksel 
#tenggerang #lamsel 
#pesawaran
#explorewisatalampung 
#opentrippahawang 
#lampunggeh #fyp 
 #indonesia",ocean
https://www.instagram.com/p/C6I2ukFvay5/,1325.jpg,2024-04-24 08:58:28,"Paket Trip Tanpa Minimal
Peserta🥳🥳🥳🥳

1.Paket Open Trip (Gabung) 
 (khusus weekend) 
 
Jadwal open trip pahawang
April :11,12,13,14,15,20,21,27,28 
Mei :4,5,9,10,11,12,18,19,23,24,25,26
Juni :1,2,8,9,15,16,17,18,22,23,29,30

• open trip pahawang 150k/orang

(Meeting point dermaga 4 ketapang) 

2.Paket Privat Trip (Every Day) 
Paket ini sangat cocok sekali
untuk Family Trip,Gathering,
Honeymoon,dll.
Kamu dapat atur jadwal liburan 
sesuai Keinginan mu. 

• Privat Pahawang 
  Start From 170k/orang

• Privat Tegal Mas
  Start From 245k/orang

(Harga berlaku untuk 16-20 peserta) 

Harga menyesuaikan peserta. 
Semakin banyak peserta harga
semakin Murah🥰🥰
___________________________________
Meeting point dermaga 4 ketapang
___________________________________
Info lebih lengkap bisa langsung
hubungi :📱:0819-2861-4064
___________________________________
Fasilitas :
 ⛵Kapal Eksplore Pulau dan Spot Snorkling.
🍛Makan 1x 
🥛Air Mineral.
🏊Alat Snorkling (Mask & Snorkel) 
👕Life Jacket (Pelampung).
🏷️Tiket Masuk Pulau Maupun Spot  Snorkling.
📷Camera Underwater.
💉P3K.
🕺Tour Guide
🖼️Dokumentasi Underwater.
🎞️Dokumentasi Upwater.

Destinasi :
- Pulau kelagian kecil
- Snorkeling Cuku Bedil
- SnorkelingTaman Nemo
- Pulau Pahawang Besar
- Pulau Pahawang Kecil
- Pulau Kelagian Besar
 -------------------------------------------------
#pahawang #pulaupahawang #pahawangisland 
#pahawangislandlampung 
#pahawangmurah #tegalmas 
 #tegalmasisland 
#liburanlampung 
#viral #wisatapahawanglampung 
#wisatategalmas #palembang 
#jakarta #lampung 
#pringsewulampung 
#bandarlampung 
#sumsel #bandung 
#jambi #bengkulu #jaksel 
#tenggerang #lamsel 
#pesawaran #hiling 
#explorewisatalampung 
#opentrippahawang #wisataindonesia 
#fyp 
 #indonesia",beach
https://www.instagram.com/p/C5bq71fB_Ie/,1326.jpg,2024-04-06 19:49:36,"Paket Trip Tanpa Minimal
Peserta🥳🥳🥳🥳

1.Paket Open Trip (Gabung) 
 (khusus weekend) 
 
Jadwal open trip pahawang
April :11,12,13,14,15,20,21,27,28 
Mei :4,5,9,10,11,12,18,19,23,24,25,26
Juni :1,2,8,9,15,16,17,18,22,23,29,30

• open trip pahawang 150k/orang

(Meeting point dermaga 4 ketapang) 

2.Paket Privat Trip (Every Day) 
Paket ini sangat cocok sekali
untuk Family Trip,Gathering,
Honeymoon,dll.
Kamu dapat atur jadwal liburan 
sesuai Keinginan mu. 

• Privat Pahawang 
  Start From 170k/orang

• Privat Tegal Mas
  Start From 245k/orang

(Harga berlaku untuk 16-20 peserta) 

Harga menyesuaikan peserta. 
Semakin banyak peserta harga
semakin Murah🥰🥰
___________________________________
Meeting point dermaga 4 ketapang
___________________________________
Info lebih lengkap bisa langsung
hubungi :📱:0819-2861-4064
___________________________________
Fasilitas :
 ⛵Kapal Eksplore Pulau dan Spot Snorkling.
🍛Makan 1x 
🥛Air Mineral.
🏊Alat Snorkling (Mask & Snorkel) 
👕Life Jacket (Pelampung).
🏷️Tiket Masuk Pulau Maupun Spot  Snorkling.
📷Camera Underwater.
💉P3K.
🕺Tour Guide
🖼️Dokumentasi Underwater.
🎞️Dokumentasi Upwater.

Destinasi :
- Pulau kelagian kecil
- Snorkeling Cuku Bedil
- SnorkelingTaman Nemo
- Pulau Pahawang Besar
- Pulau Pahawang Kecil
- Pulau Kelagian Besar
 -------------------------------------------------
#pahawang #pulaupahawang #pahawangisland 
#pahawangislandlampung 
#pahawangmurah #tegalmas 
 #tegalmasisland 
#liburanlampung 
#viral #wisatapahawanglampung 
#wisatategalmas #palembang 
#jakarta #lampung 
#pringsewulampung 
#bandarlampung 
#sumsel #bandung 
#jambi #bengkulu #jaksel 
#tenggerang #lamsel 
#pesawaran #hiling",lagoon
https://www.instagram.com/p/DKASxd9z2XY/,1327.jpg,2025-05-23 17:32:41,"Paket Trip Tanpa Minimal
Peserta🥳🥳🥳🥳

1.Paket Open Trip (Gabung) 
 (khusus weekend) 
 
 • Open Trip Pahawang 150k/orang
 • Open trip wayang 550k/orang

(Meeting point dermaga 4 ketapang) 

2.Paket Privat Trip (Every Day) 
Paket ini sangat cocok sekali
untuk Family Trip,Gathering,
Honeymoon,dll.
Kamu dapat atur jadwal liburan 
sesuai Keinginan mu. 

• Privat Pulau Pahawang 
  Start From 170k/orang

• Privat Pulau Tegal Mas
  Start From 245k/orang

•Privat Pulau Wayang
 Start From 550k/orang

•Privat Teluk Kiluan
 Start from 400k/orang

Harga menyesuaikan peserta. 
Semakin banyak peserta harga
semakin Murah Per Orangnyaa🥰🥰
___________________________________
Meeting point dermaga 4 ketapang
___________________________________
Info lebih lengkap bisa langsung
hubungi :📱:0819-2861-4064
___________________________________
Fasilitas :
 ⛵Kapal Eksplore Pulau dan Spot Snorkling.
🍛Makan 1x 
🥛Air Mineral.
🏊Alat Snorkling (Mask & Snorkel) 
👕Life Jacket (Pelampung).
🏷️Tiket Masuk Pulau Maupun Spot  Snorkling.
📷Camera Underwater.
💉P3K.
🕺Tour Guide
👫Jodoh Bila Beruntung
🖼️Dokumentasi Underwater.
🎞️Dokumentasi Upwater.

-------------------------------------------------
#pahawang #pulaupahawang #pahawangisland 
#pahawangislandlampung 
#tegalmas #pulauwayang
 #telukkiluan #telukhantu
 #opentrip #viral 
#wisatapahawanglampung
 #palembang #pulauwayanglampung
#jakarta #lampung 
#pringsewulampung 
#bandarlampung 
#sumsel #bandung 
#jambi #bengkulu #jaksel 
#tenggerang #lamsel 
#pesawaran
#explorewisatalampung 
#opentrippahawang 
#lampunggeh #fyp 
 #indonesia",swimming hole
https://www.instagram.com/p/C-z8ogzy_rG/,1328.jpg,2024-08-18 12:43:00,"Paket Trip Tanpa Minimal Peserta 😍🥳🥳

Paket Open Trip (Digabung) Jalan Setiap Weekend dan Hari Libur 🤩🥳🥳

Catat Jadwal Open Trip Pahawang 
Agustus :3, 4, 10, 11, 17, 18, 24, 31
September :1, 7, 8, 14, 15, 16, 21, 22, 28, 29

📍Meeting Point Dermaga Ketapang Lampung

Info Lebih Lanjut Bisa Hubungin
WhatsApp:📱0821-7858-6537

FASILITAS💯💯💯💯💯💯💯💯💯💯💯💯 

⛵Perahu 🚣Pelampung/Life Jacket
🏊Alat Snorkeling Lengkap 
🏥Asuransi Perjalanan Wisata
🚑P3K
📷Kamera Under Water (Bawah Laut) 
📹Kamera Up Water (Darat) 
🎬Dokumentasi Selama Trip
🍴Makan 🍻Air Minum
💸Tiket Masuk Jelajah Pulau
💶Tiket Masuk Spot Snorkeling
👦Tour Guide handal pengambilan foto
🚻Tempat Ganti baju

DESTINASI:
1.Pahawang Besar
2.Pahawang Kecil
3.Kelagian Besar
4.Kelagian kecil
5.Snorkeling Taman Nemo
6.Snorkeling Cukuh Bedil

#pahawang
#tegalmas
#tegalmasisland
#liburanlampung 
#viral 
#wisatategalmas
#palembang
#jakarta#lampung
#pringsewulampung
#bandarlampung
#sumsel#bandung
#jambi
#bengkulu#jaksel
#tenggerang#lamsel
#pesawaran
#hiling
#explorewisatalampung
#opentrippahawang #wisataindonesia
#wisatalampung
#indonesia
#dafiratravelindonesia",promenade
https://www.instagram.com/p/C9eIatOStD1/,1329.jpg,2024-07-16 04:51:17,"Mimin Kasih Info Paket trip libur Lebaran kepulau pahawang hanya dengan 150rb perorangnya loh 😍😍kalian sudah bisa menikmati explore empat pulau yang ada di pahawang dan dua tempat Snorkling lho 😮😮

kapan lagi? bisa nikmati liburan murah dan sudah dapat fasilitas yang lengkap, ayo buruan ajak teman, keluarga atau pasangan mu untuk liburan ke pulau pahawang 😍😍

Catat tanggal liburan kalian 🤩
Juli :6, 7, 13, 14, 20, 21, 27, 28
Agustus :3, 4, 10, 11, 17, 18, 24, 31
September :1, 7, 8, 14, 15, 16, 21, 22, 28, 29

untuk Info lebih lengkap bisa langsung hubungi Contact Person :

Whatsapp 
0821-7858-6537

#pahawang
#tegalmas
#tegalmasisland
#liburanlampung 
#viral 
#wisatategalmas
#palembang
#jakarta#lampung
#pringsewulampung
#bandarlampung
#sumsel#bandung
#jambi
#bengkulu#jaksel
#tenggerang#lamsel
#pesawaran
#hiling
#explorewisatalampung
#opentrippahawang #wisataindonesia
#wisatalampung
#indonesia
#dafiratravelindonesia",beach
https://www.instagram.com/p/C_FjZ-NSf05/,1330.jpg,2024-08-25 08:48:53,"Paket Trip Tanpa Minimal Peserta 😍🥳🥳

Paket Open Trip (Digabung) Jalan Setiap Weekend dan Hari Libur 🤩🥳🥳

Catat Jadwal Open Trip Pahawang 
Agustus :3, 4, 10, 11, 17, 18, 24, 31
September :1, 7, 8, 14, 15, 16, 21, 22, 28, 29

📍Meeting Point Dermaga Ketapang Lampung

Info Lebih Lanjut Bisa Hubungin
WhatsApp:📱0821-7858-6537

FASILITAS💯💯💯💯💯💯💯💯💯💯💯💯 

⛵Perahu 🚣Pelampung/Life Jacket
🏊Alat Snorkeling Lengkap 
🏥Asuransi Perjalanan Wisata
🚑P3K
📷Kamera Under Water (Bawah Laut) 
📹Kamera Up Water (Darat) 
🎬Dokumentasi Selama Trip
🍴Makan 🍻Air Minum
💸Tiket Masuk Jelajah Pulau
💶Tiket Masuk Spot Snorkeling
👦Tour Guide handal pengambilan foto
🚻Tempat Ganti baju

DESTINASI:
1.Pahawang Besar
2.Pahawang Kecil
3.Kelagian Besar
4.Kelagian kecil
5.Snorkeling Taman Nemo
6.Snorkeling Cukuh Bedil

#pahawang
#tegalmas
#tegalmasisland
#liburanlampung 
#viral 
#wisatategalmas
#palembang
#jakarta#lampung
#pringsewulampung
#bandarlampung
#sumsel#bandung
#jambi
#bengkulu#jaksel
#tenggerang#lamsel
#pesawaran
#hiling
#explorewisatalampung
#opentrippahawang #wisataindonesia
#wisatalampung
#indonesia
#dafiratravelindonesia",pier
https://www.instagram.com/p/DLsGIntvMNJ/,1331.jpg,2025-07-04 14:20:13,"Paket Trip Tanpa Minimal
Peserta🥳🥳🥳🥳

1.Paket Open Trip (Gabung) 
 (khusus weekend) 
 
 • Open Trip Pahawang 150k/orang
 • Open trip wayang 550k/orang

(Meeting point dermaga 4 ketapang) 

2.Paket Privat Trip (Every Day) 
Paket ini sangat cocok sekali
untuk Family Trip,Gathering,
Honeymoon,dll.
Kamu dapat atur jadwal liburan 
sesuai Keinginan mu. 

• Privat Pulau Pahawang 
  Start From 170k/orang

• Privat Pulau Tegal Mas
  Start From 245k/orang

•Privat Pulau Wayang
 Start From 550k/orang

•Privat Teluk Kiluan
 Start from 400k/orang

Harga menyesuaikan peserta. 
Semakin banyak peserta harga
semakin Murah Per Orangnyaa🥰🥰
___________________________________
Meeting point dermaga 4 ketapang
___________________________________
Info lebih lengkap bisa langsung
hubungi :📱:0819-2861-4064
___________________________________
Fasilitas :
 ⛵Kapal Eksplore Pulau dan Spot Snorkling.
🍛Makan 1x 
🥛Air Mineral.
🏊Alat Snorkling (Mask & Snorkel) 
👕Life Jacket (Pelampung).
🏷️Tiket Masuk Pulau Maupun Spot  Snorkling.
📷Camera Underwater.
💉P3K.
🕺Tour Guide
👫Jodoh Bila Beruntung
🖼️Dokumentasi Underwater.
🎞️Dokumentasi Upwater.

-------------------------------------------------
#pahawang #pulaupahawang #pahawangisland 
#pahawangislandlampung 
#tegalmas #pulauwayang
 #telukkiluan #telukhantu
 #opentrip #viral 
#wisatapahawanglampung
 #palembang #pulauwayanglampung
#jakarta #lampung 
#pringsewulampung 
#bandarlampung 
#sumsel #bandung 
#jambi #bengkulu #jaksel 
#tenggerang #lamsel 
#pesawaran
#explorewisatalampung 
#opentrippahawang 
#lampunggeh #fyp 
 #indonesia",lagoon
https://www.instagram.com/p/DE_ap-FTmHh/,1332.jpg,2025-01-19 02:45:21,"Paket Trip Tanpa Minimal
Peserta🥳🥳🥳🥳

1.Paket Open Trip (Gabung) 
 (khusus weekend) 
 • Open Trip Pahawang 150k/orang
 • Open Trip Tegal Mas 230k/orang
(Meeting point dermaga 4 ketapang) 

2.Paket Privat Trip (Every Day) 
Paket ini sangat cocok sekali
untuk Family Trip,Gathering,
Honeymoon,dll.
Kamu dapat atur jadwal liburan 
sesuai Keinginan mu. 

• Privat Pahawang 
  Start From 170k/orang

• Privat Tegal Mas
  Start From 245k/orang

(Harga berlaku untuk 16-20 peserta) 

Harga menyesuaikan peserta. 
Semakin banyak peserta harga
semakin Murah🥰🥰
___________________________________
Meeting point dermaga 4 ketapang
___________________________________
Info lebih lengkap bisa langsung
hubungi :📱:0819-2861-4064
___________________________________
Fasilitas :
 ⛵Kapal Eksplore Pulau dan Spot Snorkling.
🍛Makan 1x 
🥛Air Mineral.
🏊Alat Snorkling (Mask & Snorkel) 
👕Life Jacket (Pelampung).
🏷️Tiket Masuk Pulau Maupun Spot  Snorkling.
📷Camera Underwater.
💉P3K.
🕺Tour Guide
🖼️Dokumentasi Underwater.
🎞️Dokumentasi Upwater.

-------------------------------------------------
#pahawang #pulaupahawang #pahawangisland 
#pahawangislandlampung 
#pahawangmurah #tegalmas 
 #tegalmasisland 
#liburanlampung 
#viral #wisatapahawanglampung 
#wisatategalmas #palembang 
#jakarta #lampung 
#pringsewulampung 
#bandarlampung 
#sumsel #bandung 
#jambi #bengkulu #jaksel 
#tenggerang #lamsel 
#pesawaran
#explorewisatalampung 
#opentrippahawang #wisataindonesia 
#lampunggeh #fyp 
 #indonesia",beach
https://www.instagram.com/p/C3VNizDPmjm/,1333.jpg,2024-02-14 14:34:33,"Paket Trip Tanpa Minimal
Peserta🥳🥳🥳🥳

1.Paket Open Trip (Gabung) 
 (khusus weekend) 

• open trip pahawang 150k/orang
• open trip tegal mas 230k/orang

(Meeting point dermaga 4 ketapang) 

2.Paket Privat Trip (Every Day) 
Paket ini sangat cocok sekali
untuk Family Trip,Gathering,
Honeymoon,dll.
Kamu dapat atur jadwal liburan 
sesuai Keinginan mu. 

• Privat Pahawang 
  Start From 170k/orang

• Privat Tegal Mas
  Start From 245k/orang

(Harga berlaku untuk 16-20 peserta) 

Harga menyesuaikan peserta. 
Semakin banyak peserta harga
semakin Murah🥰🥰
___________________________________
Meeting point dermaga 4 ketapang
___________________________________
Info lebih lengkap bisa langsung
hubungi :📱:0819-2861-4064
___________________________________
Fasilitas :
 ⛵Kapal Eksplore Pulau dan Spot Snorkling.
🍛Makan 1x 
🥛Air Mineral.
🏊Alat Snorkling (Mask & Snorkel) 
👕Life Jacket (Pelampung).
🏷️Tiket Masuk Pulau Maupun Spot  Snorkling.
📷Camera Underwater.
💉P3K.
🕺Tour Guide
🖼️Dokumentasi Underwater.
🎞️Dokumentasi Upwater.

Destinasi :
- Pulau kelagian kecil
- Snorkeling Cuku Bedil
- SnorkelingTaman Nemo
- Pulau Pahawang Besar
- Pulau Pahawang Kecil
- Pulau Kelagian Besar
 -------------------------------------------------
#pahawang #pulaupahawang #pahawangisland
#pahawangislandlampung 
#pahawangmurah#tegalmas
 #tegalmasisland #wisatapahawanglampung 
#wisatategalmas#palembang
#jakarta#lampung
#pringsewulampung
#bandarlampung
#sumsel#bandung 
#jambi #bengkulu#jaksel 
#tenggerang#lamsel
#pesawaran#hiling
#explorewisatalampung
#opentrippahawang #wisataindonesia
#lampunggeh#explore#fyp
 #indonesia",street
https://www.instagram.com/p/DEU3Q74POH9/,1334.jpg,2025-01-02 14:07:59,"Paket Trip Tanpa Minimal
Peserta🥳🥳🥳🥳

1.Paket Open Trip (Gabung) 
 (khusus weekend) 
 • Open Trip Pahawang 150k/orang
 • Open Trip Tegal Mas 230k/orang
(Meeting point dermaga 4 ketapang) 

2.Paket Privat Trip (Every Day) 
Paket ini sangat cocok sekali
untuk Family Trip,Gathering,
Honeymoon,dll.
Kamu dapat atur jadwal liburan 
sesuai Keinginan mu. 

• Privat Pahawang 
  Start From 170k/orang

• Privat Tegal Mas
  Start From 245k/orang

(Harga berlaku untuk 16-20 peserta) 

Harga menyesuaikan peserta. 
Semakin banyak peserta harga
semakin Murah🥰🥰
___________________________________
Meeting point dermaga 4 ketapang
___________________________________
Info lebih lengkap bisa langsung
hubungi :📱:0819-2861-4064
___________________________________
Fasilitas :
 ⛵Kapal Eksplore Pulau dan Spot Snorkling.
🍛Makan 1x 
🥛Air Mineral.
🏊Alat Snorkling (Mask & Snorkel) 
👕Life Jacket (Pelampung).
🏷️Tiket Masuk Pulau Maupun Spot  Snorkling.
📷Camera Underwater.
💉P3K.
🕺Tour Guide
🖼️Dokumentasi Underwater.
🎞️Dokumentasi Upwater.

-------------------------------------------------
#pahawang #pulaupahawang #pahawangisland 
#pahawangislandlampung 
#pahawangmurah #tegalmas 
 #tegalmasisland 
#liburanlampung 
#viral #wisatapahawanglampung 
#wisatategalmas #palembang 
#jakarta #lampung 
#pringsewulampung 
#bandarlampung 
#sumsel #bandung 
#jambi #bengkulu #jaksel 
#tenggerang #lamsel 
#pesawaran
#explorewisatalampung 
#opentrippahawang #wisataindonesia 
#lampunggeh #fyp 
 #indonesia",lagoon
https://www.instagram.com/p/C6Iu7XcSiP9/,1335.jpg,2024-04-24 07:50:19,"Mimin Kasih Info Paket trip libur Lebaran kepulau pahawang hanya dengan 150rb perorangnya loh 😍😍kalian sudah bisa menikmati explore empat pulau yang ada di pahawang dan dua tempat Snorkling lho 😮😮

kapan lagi? bisa nikmati liburan murah dan sudah dapat fasilitas yang lengkap, ayo buruan ajak teman, keluarga atau pasangan mu untuk liburan ke pulau pahawang 😍😍

untuk Info lebih lengkap bisa langsung hubungi Contact Person :

Whatsapp 
Admin 1 : 0821-7858-6537
Admin 2 : 0858-3882-2708

#pahawang
#tegalmas
#tegalmasisland
#liburanlampung 
#viral 
#wisatategalmas
#palembang
#jakarta#lampung
#pringsewulampung
#bandarlampung
#sumsel#bandung
#jambi
#bengkulu#jaksel
#tenggerang#lamsel
#pesawaran
#hiling
#explorewisatalampung
#opentrippahawang #wisataindonesia
#wisatalampung
#indonesia",underwater/ocean deep
https://www.instagram.com/p/DFN1OUiTgDC/,1336.jpg,2025-01-24 17:06:52,"Paket Trip Tanpa Minimal
Peserta🥳🥳🥳🥳

1.Paket Open Trip (Gabung) 
 (khusus weekend) 
 • Open Trip Pahawang 150k/orang
 • Open Trip Tegal Mas 230k/orang
(Meeting point dermaga 4 ketapang) 

2.Paket Privat Trip (Every Day) 
Paket ini sangat cocok sekali
untuk Family Trip,Gathering,
Honeymoon,dll.
Kamu dapat atur jadwal liburan 
sesuai Keinginan mu. 

• Privat Pahawang 
  Start From 170k/orang

• Privat Tegal Mas
  Start From 245k/orang

(Harga berlaku untuk 16-20 peserta) 

Harga menyesuaikan peserta. 
Semakin banyak peserta harga
semakin Murah🥰🥰
___________________________________
Meeting point dermaga 4 ketapang
___________________________________
Info lebih lengkap bisa langsung
hubungi :📱:0819-2861-4064
___________________________________
Fasilitas :
 ⛵Kapal Eksplore Pulau dan Spot Snorkling.
🍛Makan 1x 
🥛Air Mineral.
🏊Alat Snorkling (Mask & Snorkel) 
👕Life Jacket (Pelampung).
🏷️Tiket Masuk Pulau Maupun Spot  Snorkling.
📷Camera Underwater.
💉P3K.
🕺Tour Guide
🖼️Dokumentasi Underwater.
🎞️Dokumentasi Upwater.

-------------------------------------------------
#pahawang #pulaupahawang #pahawangisland 
#pahawangislandlampung 
#pahawangmurah #tegalmas 
 #tegalmasisland 
#liburanlampung 
#viral #wisatapahawanglampung 
#wisatategalmas #palembang 
#jakarta #lampung 
#pringsewulampung 
#bandarlampung 
#sumsel #bandung 
#jambi #bengkulu #jaksel 
#tenggerang #lamsel 
#pesawaran
#explorewisatalampung 
#opentrippahawang #wisataindonesia 
#lampunggeh #fyp 
 #indonesia",lagoon
https://www.instagram.com/p/C7HQO1PyFv4/,1337.jpg,2024-05-18 14:34:15,"Mimin Kasih Info Paket trip libur Lebaran kepulau pahawang hanya dengan 150rb perorangnya loh 😍😍kalian sudah bisa menikmati explore empat pulau yang ada di pahawang dan dua tempat Snorkling lho 😮😮

kapan lagi? bisa nikmati liburan murah dan sudah dapat fasilitas yang lengkap, ayo buruan ajak teman, keluarga atau pasangan mu untuk liburan ke pulau pahawang 😍😍

untuk Info lebih lengkap bisa langsung hubungi Contact Person :

Whatsapp 
0821-7858-6537

#pahawang
#tegalmas
#tegalmasisland
#liburanlampung 
#viral 
#wisatategalmas
#palembang
#jakarta#lampung
#pringsewulampung
#bandarlampung
#sumsel#bandung
#jambi
#bengkulu#jaksel
#tenggerang#lamsel
#pesawaran
#hiling
#explorewisatalampung
#opentrippahawang #wisataindonesia
#wisatalampung
#indonesia",raft
https://www.instagram.com/p/DGNaqCGPa0k/,1338.jpg,2025-02-18 09:46:07,"Paket Trip Tanpa Minimal
Peserta🥳🥳🥳🥳

1.Paket Open Trip (Gabung) 
 (khusus weekend) 
 
 • Open Trip Pahawang 150k/orang
 • Open trip wayang 500k/orang

(Meeting point dermaga 4 ketapang) 

2.Paket Privat Trip (Every Day) 
Paket ini sangat cocok sekali
untuk Family Trip,Gathering,
Honeymoon,dll.
Kamu dapat atur jadwal liburan 
sesuai Keinginan mu. 

• Privat Pulau Pahawang 
  Start From 170k/orang

• Privat Pulau Tegal Mas
  Start From 245k/orang

•Privat Pulau Wayang
 Start From 550k/orang

•Privat Teluk Kiluan
 Start from 400k/orang

Harga menyesuaikan peserta. 
Semakin banyak peserta harga
semakin Murah Per Orangnyaa🥰🥰
___________________________________
Meeting point dermaga 4 ketapang
___________________________________
Info lebih lengkap bisa langsung
hubungi :📱:0819-2861-4064
___________________________________
Fasilitas :
 ⛵Kapal Eksplore Pulau dan Spot Snorkling.
🍛Makan 1x 
🥛Air Mineral.
🏊Alat Snorkling (Mask & Snorkel) 
👕Life Jacket (Pelampung).
🏷️Tiket Masuk Pulau Maupun Spot  Snorkling.
📷Camera Underwater.
💉P3K.
🕺Tour Guide
🖼️Dokumentasi Underwater.
🎞️Dokumentasi Upwater.

-------------------------------------------------
#pahawang #pulaupahawang #pahawangisland 
#pahawangislandlampung 
#tegalmas #pulauwayang
 #telukkiluan #telukhantu
 #opentrip #viral 
#wisatapahawanglampung
 #palembang #pulauwayanglampung
#jakarta #lampung 
#pringsewulampung 
#bandarlampung 
#sumsel #bandung 
#jambi #bengkulu #jaksel 
#tenggerang #lamsel 
#pesawaran
#explorewisatalampung 
#opentrippahawang 
#lampunggeh #fyp 
 #indonesia",mountain
https://www.instagram.com/p/C7IarAoSBuX/,1339.jpg,2024-05-19 01:24:43,"Mimin Kasih Info Paket trip libur Lebaran kepulau pahawang hanya dengan 150rb perorangnya loh 😍😍kalian sudah bisa menikmati explore empat pulau yang ada di pahawang dan dua tempat Snorkling lho 😮😮

kapan lagi? bisa nikmati liburan murah dan sudah dapat fasilitas yang lengkap, ayo buruan ajak teman, keluarga atau pasangan mu untuk liburan ke pulau pahawang 😍😍

untuk Info lebih lengkap bisa langsung hubungi Contact Person :

Whatsapp 
0821-7858-6537

#pahawang
#tegalmas
#tegalmasisland
#liburanlampung 
#viral 
#wisatategalmas
#palembang
#jakarta#lampung
#pringsewulampung
#bandarlampung
#sumsel#bandung
#jambi
#bengkulu#jaksel
#tenggerang#lamsel
#pesawaran
#hiling
#explorewisatalampung
#opentrippahawang #wisataindonesia
#wisatalampung
#indonesia",raft
https://www.instagram.com/p/CzFqMhXSOMI/,1340.jpg,2023-11-01 03:31:29,"Paket Trip Tampa Minimal
Peserta🥳🥳🥳🥳

1.Paket Open Trip (Gabung) 
(khusus weekend) 

• open trip pahawang 150k/orang
• open trip tegal mas 230k/orang

2.Paket Privat Trip (Every Day) 
Paket ini sangat cocok sekali
untuk Family Trip,Gathering,
Honeymoon,dll.
Kamu dapat atur jadwal liburan 
sesuai Keinginan mu. 

• Privat Pahawang 
Start From 170k/orang

• Privat Tegal Mas
Start From 245k/orang

Harga menyesuaikan peserta. 
Semakin banyak peserta harga
semakin Murah🥰🥰
___________________________________
Meeting point dermaga 4 ketapang
___________________________________
Info lebih lengkap bisa langsung hubungi :
📱:081928614064
___________________________________
Fasilitas :
⛵Kapal Eksplore Pulau dan Spot Snorkling.
🍛Makan 1x 
🥛Air Mineral.
🏊Alat Snorkling (Mask & Snorkel) 
👕Life Jacket (Pelampung).
🏷️Tiket Masuk Pulau Maupun Spot Snorkling.
📷Camera Underwater.
💉P3K.
🕺Tour Guide
🖼️Dokumentasi Underwater.
🎞️Dokumentasi Upwater.

Destinasi :
- Pulau kelagian kecil
- Snorkeling Cuku Bedil
- SnorkelingTaman Nemo
- Pulau Pahawang Besar
- Pulau Pahawang Kecil
- Pulau Kelagian Besar
------------------------------------------------------------

#pahawang #pulaupahawang #pahawangisland
#pahawangislandlampung 
#pahawangmurah#tegalmas
#tegalmasisland
#liburanlampung
#viral #wisatapahawanglampung 
#wisatategalmas#palembang
#jakarta#lampung
#pringsewulampung
#bandarlampung
#sumsel#bandung 
#jambi #bengkulu#jaksel 
#tenggerang#lamsel
#pesawaran#hiling
#explorewisatalampung
#opentrippahawang #wisataindonesia
#wisatalampung
#indonesia",raft
https://www.instagram.com/p/C8LjkzWSWrK/,1341.jpg,2024-06-14 03:11:37,"Mimin Kasih Info Paket trip libur Lebaran kepulau pahawang hanya dengan 150rb perorangnya loh 😍😍kalian sudah bisa menikmati explore empat pulau yang ada di pahawang dan dua tempat Snorkling lho 😮😮

kapan lagi? bisa nikmati liburan murah dan sudah dapat fasilitas yang lengkap, ayo buruan ajak teman, keluarga atau pasangan mu untuk liburan ke pulau pahawang 😍😍

Catat tanggal liburan kalian 🤩
Juni :15, 16 , 17, 18, 22, 23, 29, 30
Juli :6, 7, 13, 14, 20, 21, 27, 28
Agustus :3, 4, 10, 11, 17, 18, 24, 31

untuk Info lebih lengkap bisa langsung hubungi Contact Person :

Whatsapp 
0821-7858-6537

#pahawang
#tegalmas
#tegalmasisland
#liburanlampung 
#viral 
#wisatategalmas
#palembang
#jakarta#lampung
#pringsewulampung
#bandarlampung
#sumsel#bandung
#jambi
#bengkulu#jaksel
#tenggerang#lamsel
#pesawaran
#hiling
#explorewisatalampung
#opentrippahawang #wisataindonesia
#wisatalampung
#indonesia",raft
https://www.instagram.com/p/C7yE9g0y0mD/,1342.jpg,2024-06-04 05:43:06,"Pisss duluuuu bersama @rangga_guide ✌ 
Mimin Kasih Info Paket trip libur Lebaran kepulau pahawang hanya dengan 150rb perorangnya loh 😍😍kalian sudah bisa menikmati explore empat pulau yang ada di pahawang dan dua tempat Snorkling lho 😮😮

kapan lagi? bisa nikmati liburan murah dan sudah dapat fasilitas yang lengkap, ayo buruan ajak teman, keluarga atau pasangan mu untuk liburan ke pulau pahawang 😍😍

Catat tanggal liburan kalian 🤩
Mei : 18,19,23,24,25,26
Juni : 1,2,8,9,15,16,17,18,22,23,29,30

untuk Info lebih lengkap bisa langsung hubungi Contact Person :

Whatsapp 
0821-7858-6537

#pahawang
#tegalmas
#tegalmasisland
#liburanlampung 
#viral 
#wisatategalmas
#palembang
#jakarta#lampung
#pringsewulampung
#bandarlampung
#sumsel#bandung
#jambi
#bengkulu#jaksel
#tenggerang#lamsel
#pesawaran
#hiling
#explorewisatalampung
#opentrippahawang #wisataindonesia
#wisatalampung
#indonesia",underwater/ocean deep
https://www.instagram.com/p/C7ZLycwSsew/,1343.jpg,2024-05-25 13:41:45,"Mimin Kasih Info Paket trip libur Lebaran kepulau pahawang hanya dengan 150rb perorangnya loh 😍😍kalian sudah bisa menikmati explore empat pulau yang ada di pahawang dan dua tempat Snorkling lho 😮😮

kapan lagi? bisa nikmati liburan murah dan sudah dapat fasilitas yang lengkap, ayo buruan ajak teman, keluarga atau pasangan mu untuk liburan ke pulau pahawang 😍😍

Catat tanggal liburan kalian 🤩
Mei : 18,19,23,24,25,26
Juni : 1,2,8,9,15,16,17,18,22,23,29,30

untuk Info lebih lengkap bisa langsung hubungi Contact Person :

Whatsapp 
0821-7858-6537

#pahawang
#tegalmas
#tegalmasisland
#liburanlampung 
#viral 
#wisatategalmas
#palembang
#jakarta#lampung
#pringsewulampung
#bandarlampung
#sumsel#bandung
#jambi
#bengkulu#jaksel
#tenggerang#lamsel
#pesawaran
#hiling
#explorewisatalampung
#opentrippahawang #wisataindonesia
#wisatalampung
#indonesia",beach
https://www.instagram.com/p/C9qjgHJSdyC/,1344.jpg,2024-07-21 00:38:50,"Mimin Kasih Info Paket trip libur Lebaran kepulau pahawang hanya dengan 150rb perorangnya loh 😍😍kalian sudah bisa menikmati explore empat pulau yang ada di pahawang dan dua tempat Snorkling lho 😮😮

kapan lagi? bisa nikmati liburan murah dan sudah dapat fasilitas yang lengkap, ayo buruan ajak teman, keluarga atau pasangan mu untuk liburan ke pulau pahawang 😍😍

Catat tanggal liburan kalian 🤩
Juli :6, 7, 13, 14, 20, 21, 27, 28
Agustus :3, 4, 10, 11, 17, 18, 24, 31
September :1, 7, 8, 14, 15, 16, 21, 22, 28, 29

untuk Info lebih lengkap bisa langsung hubungi Contact Person :

Whatsapp 
0821-7858-6537

#pahawang
#tegalmas
#tegalmasisland
#liburanlampung 
#viral 
#wisatategalmas
#palembang
#jakarta#lampung
#pringsewulampung
#bandarlampung
#sumsel#bandung
#jambi
#bengkulu#jaksel
#tenggerang#lamsel
#pesawaran
#hiling
#explorewisatalampung
#opentrippahawang #wisataindonesia
#wisatalampung
#indonesia
#dafiratravelindonesia",construction site
https://www.instagram.com/p/DDUmxrpvmOB/,1345.jpg,2024-12-08 15:12:31,"Paket Trip Tanpa Minimal
Peserta🥳🥳🥳🥳

1.Paket Open Trip (Gabung) 
 (khusus weekend) 
 • Open Trip Pahawang 150k/orang
 • Open Trip Tegal Mas 230k/orang
(Meeting point dermaga 4 ketapang) 

2.Paket Privat Trip (Every Day) 
Paket ini sangat cocok sekali
untuk Family Trip,Gathering,
Honeymoon,dll.
Kamu dapat atur jadwal liburan 
sesuai Keinginan mu. 

• Privat Pahawang 
  Start From 170k/orang

• Privat Tegal Mas
  Start From 245k/orang

(Harga berlaku untuk 16-20 peserta) 

Harga menyesuaikan peserta. 
Semakin banyak peserta harga
semakin Murah🥰🥰
___________________________________
Meeting point dermaga 4 ketapang
___________________________________
Info lebih lengkap bisa langsung
hubungi :📱:0819-2861-4064
___________________________________
Fasilitas :
 ⛵Kapal Eksplore Pulau dan Spot Snorkling.
🍛Makan 1x 
🥛Air Mineral.
🏊Alat Snorkling (Mask & Snorkel) 
👕Life Jacket (Pelampung).
🏷️Tiket Masuk Pulau Maupun Spot  Snorkling.
📷Camera Underwater.
💉P3K.
🕺Tour Guide
🖼️Dokumentasi Underwater.
🎞️Dokumentasi Upwater.

-------------------------------------------------
#pahawang #pulaupahawang #pahawangisland 
#pahawangislandlampung 
#pahawangmurah #tegalmas 
 #tegalmasisland 
#liburanlampung 
#viral #wisatapahawanglampung 
#wisatategalmas #palembang 
#jakarta #lampung 
#pringsewulampung 
#bandarlampung 
#sumsel #bandung 
#jambi #bengkulu #jaksel 
#tenggerang #lamsel 
#pesawaran
#explorewisatalampung 
#opentrippahawang #wisataindonesia 
#lampunggeh #fyp 
 #indonesia",volleyball court/outdoor
https://www.instagram.com/p/C9IP-JOvSJS/,1346.jpg,2024-07-07 16:54:00,"Paket Trip Tanpa Minimal
Peserta🥳🥳🥳🥳

1.Paket Open Trip (Gabung) 
 (khusus weekend) 
 
• open trip pahawang 150k/orang

(Meeting point dermaga 4 ketapang) 

2.Paket Privat Trip (Every Day) 
Paket ini sangat cocok sekali
untuk Family Trip,Gathering,
Honeymoon,dll.
Kamu dapat atur jadwal liburan 
sesuai Keinginan mu. 

• Privat Pahawang 
  Start From 170k/orang

• Privat Tegal Mas
  Start From 245k/orang

(Harga berlaku untuk 16-20 peserta) 

Harga menyesuaikan peserta. 
Semakin banyak peserta harga
semakin Murah🥰🥰
___________________________________
Meeting point dermaga 4 ketapang
___________________________________
Info lebih lengkap bisa langsung
hubungi :📱:0819-2861-4064
___________________________________
Fasilitas :
 ⛵Kapal Eksplore Pulau dan Spot Snorkling.
🍛Makan 1x 
🥛Air Mineral.
🏊Alat Snorkling (Mask & Snorkel) 
👕Life Jacket (Pelampung).
🏷️Tiket Masuk Pulau Maupun Spot  Snorkling.
📷Camera Underwater.
💉P3K.
🕺Tour Guide
🖼️Dokumentasi Underwater.
🎞️Dokumentasi Upwater.

Destinasi :
- Pulau kelagian kecil
- Snorkeling Cuku Bedil
- SnorkelingTaman Nemo
- Pulau Pahawang Besar
- Pulau Pahawang Kecil
- Pulau Kelagian Besar
 -------------------------------------------------
#pahawang #pulaupahawang #pahawangisland 
#pahawangislandlampung 
#pahawangmurah #tegalmas 
 #tegalmasisland 
#liburanlampung 
#wisatapahawanglampung 
#wisatategalmas #palembang 
#jakarta #lampung 
#pringsewulampung 
#bandarlampung 
#sumsel #bandung 
#jambi #bengkulu #jaksel 
#tenggerang #lamsel 
#pesawaran #hiling 
#opentrippahawang 
#lb #fyp #fl#lbb
 #indonesia",lagoon
https://www.instagram.com/p/C7vaGKKS1Fj/,1347.jpg,2024-06-03 04:50:04,"Mimin Kasih Info Paket trip libur Lebaran kepulau pahawang hanya dengan 150rb perorangnya loh 😍😍kalian sudah bisa menikmati explore empat pulau yang ada di pahawang dan dua tempat Snorkling lho 😮😮

kapan lagi? bisa nikmati liburan murah dan sudah dapat fasilitas yang lengkap, ayo buruan ajak teman, keluarga atau pasangan mu untuk liburan ke pulau pahawang 😍😍

Catat tanggal liburan kalian 🤩
Mei : 18,19,23,24,25,26
Juni : 1,2,8,9,15,16,17,18,22,23,29,30

untuk Info lebih lengkap bisa langsung hubungi Contact Person :

Whatsapp 
0821-7858-6537

#pahawang
#tegalmas
#tegalmasisland
#liburanlampung 
#viral 
#wisatategalmas
#palembang
#jakarta#lampung
#pringsewulampung
#bandarlampung
#sumsel#bandung
#jambi
#bengkulu#jaksel
#tenggerang#lamsel
#pesawaran
#hiling
#explorewisatalampung
#opentrippahawang #wisataindonesia
#wisatalampung
#indonesia",beach
https://www.instagram.com/p/C4KTUfMPdz4/,1348.jpg,2024-03-06 05:24:46,"Paket Trip Tanpa Minimal
Peserta🥳🥳🥳🥳

1.Paket Open Trip (Gabung) 
 (khusus weekend) 

• open trip pahawang 150k/orang
• open trip tegal mas 230k/orang

(Meeting point dermaga 4 ketapang) 

2.Paket Privat Trip (Every Day) 
Paket ini sangat cocok sekali
untuk Family Trip,Gathering,
Honeymoon,dll.
Kamu dapat atur jadwal liburan 
sesuai Keinginan mu. 

• Privat Pahawang 
  Start From 170k/orang

• Privat Tegal Mas
  Start From 245k/orang

(Harga berlaku untuk 16-20 peserta) 

Harga menyesuaikan peserta. 
Semakin banyak peserta harga
semakin Murah🥰🥰
___________________________________
Meeting point dermaga 4 ketapang
___________________________________
Info lebih lengkap bisa langsung
hubungi :📱:0819-2861-4064
___________________________________
Fasilitas :
 ⛵Kapal Eksplore Pulau dan Spot Snorkling.
🍛Makan 1x 
🥛Air Mineral.
🏊Alat Snorkling (Mask & Snorkel) 
👕Life Jacket (Pelampung).
🏷️Tiket Masuk Pulau Maupun Spot  Snorkling.
📷Camera Underwater.
💉P3K.
🕺Tour Guide
🖼️Dokumentasi Underwater.
🎞️Dokumentasi Upwater.

Destinasi :
- Pulau kelagian kecil
- Snorkeling Cuku Bedil
- SnorkelingTaman Nemo
- Pulau Pahawang Besar
- Pulau Pahawang Kecil
- Pulau Kelagian Besar
 -------------------------------------------------
#pahawang #pulaupahawang #pahawangisland
#pahawangislandlampung 
#pahawangmurah#tegalmas
 #tegalmasisland
#liburanlampung
#viral #wisatapahawanglampung 
#wisatategalmas#palembang
#jakarta#lampung
#pringsewulampung
#bandarlampung
#sumsel#bandung 
#jambi #bengkulu#jaksel 
#tenggerang#lamsel
#pesawaran#hiling
#explorewisatalampung
#opentrippahawang #wisataindonesia
#lampunggeh
 #indonesia",underwater/ocean deep
https://www.instagram.com/p/C7v0aW3Szn3/,1349.jpg,2024-06-03 08:40:01,"Mimin Kasih Info Paket trip libur Lebaran kepulau pahawang hanya dengan 150rb perorangnya loh 😍😍kalian sudah bisa menikmati explore empat pulau yang ada di pahawang dan dua tempat Snorkling lho 😮😮

kapan lagi? bisa nikmati liburan murah dan sudah dapat fasilitas yang lengkap, ayo buruan ajak teman, keluarga atau pasangan mu untuk liburan ke pulau pahawang 😍😍

Catat tanggal liburan kalian 🤩
Mei : 18,19,23,24,25,26
Juni : 1,2,8,9,15,16,17,18,22,23,29,30

untuk Info lebih lengkap bisa langsung hubungi Contact Person :

Whatsapp 
0821-7858-6537

#pahawang
#tegalmas
#tegalmasisland
#liburanlampung 
#viral 
#wisatategalmas
#palembang
#jakarta#lampung
#pringsewulampung
#bandarlampung
#sumsel#bandung
#jambi
#bengkulu#jaksel
#tenggerang#lamsel
#pesawaran
#hiling
#explorewisatalampung
#opentrippahawang #wisataindonesia
#wisatalampung
#indonesia",beach
https://www.instagram.com/p/C8XDLjly-9t/,1350.jpg,2024-06-18 14:19:27,"Mimin Kasih Info Paket trip libur Lebaran kepulau pahawang hanya dengan 150rb perorangnya loh 😍😍kalian sudah bisa menikmati explore empat pulau yang ada di pahawang dan dua tempat Snorkling lho 😮😮

kapan lagi? bisa nikmati liburan murah dan sudah dapat fasilitas yang lengkap, ayo buruan ajak teman, keluarga atau pasangan mu untuk liburan ke pulau pahawang 😍😍

Catat tanggal liburan kalian 🤩
Juni :15, 16 , 17, 18, 22, 23, 29, 30
Juli :6, 7, 13, 14, 20, 21, 27, 28
Agustus :3, 4, 10, 11, 17, 18, 24, 31

untuk Info lebih lengkap bisa langsung hubungi Contact Person :

Whatsapp 
0821-7858-6537

#pahawang
#tegalmas
#tegalmasisland
#liburanlampung 
#viral 
#wisatategalmas
#palembang
#jakarta#lampung
#pringsewulampung
#bandarlampung
#sumsel#bandung
#jambi
#bengkulu#jaksel
#tenggerang#lamsel
#pesawaran
#hiling
#explorewisatalampung
#opentrippahawang #wisataindonesia
#wisatalampung
#indonesia",underwater/ocean deep
https://www.instagram.com/p/C8RnREtSeDa/,1351.jpg,2024-06-16 11:39:20,"Mimin Kasih Info Paket trip libur Lebaran kepulau pahawang hanya dengan 150rb perorangnya loh 😍😍kalian sudah bisa menikmati explore empat pulau yang ada di pahawang dan dua tempat Snorkling lho 😮😮

kapan lagi? bisa nikmati liburan murah dan sudah dapat fasilitas yang lengkap, ayo buruan ajak teman, keluarga atau pasangan mu untuk liburan ke pulau pahawang 😍😍

Catat tanggal liburan kalian 🤩
Juni :15, 16 , 17, 18, 22, 23, 29, 30
Juli :6, 7, 13, 14, 20, 21, 27, 28
Agustus :3, 4, 10, 11, 17, 18, 24, 31

untuk Info lebih lengkap bisa langsung hubungi Contact Person :

Whatsapp 
0821-7858-6537

#pahawang
#tegalmas
#tegalmasisland
#liburanlampung 
#viral 
#wisatategalmas
#palembang
#jakarta#lampung
#pringsewulampung
#bandarlampung
#sumsel#bandung
#jambi
#bengkulu#jaksel
#tenggerang#lamsel
#pesawaran
#hiling
#explorewisatalampung
#opentrippahawang #wisataindonesia
#wisatalampung
#indonesia",ocean
https://www.instagram.com/p/C9FaiBZSSDp/,1352.jpg,2024-07-06 14:28:33,"Mimin Kasih Info Paket trip libur Lebaran kepulau pahawang hanya dengan 150rb perorangnya loh 😍😍kalian sudah bisa menikmati explore empat pulau yang ada di pahawang dan dua tempat Snorkling lho 😮😮

kapan lagi? bisa nikmati liburan murah dan sudah dapat fasilitas yang lengkap, ayo buruan ajak teman, keluarga atau pasangan mu untuk liburan ke pulau pahawang 😍😍

Catat tanggal liburan kalian 🤩
Juli :6, 7, 13, 14, 20, 21, 27, 28
Agustus :3, 4, 10, 11, 17, 18, 24, 31
September :1, 7, 8, 14, 15, 16, 21, 22, 28, 29

untuk Info lebih lengkap bisa langsung hubungi Contact Person :

Whatsapp 
0821-7858-6537

#pahawang
#tegalmas
#tegalmasisland
#liburanlampung 
#viral 
#wisatategalmas
#palembang
#jakarta#lampung
#pringsewulampung
#bandarlampung
#sumsel#bandung
#jambi
#bengkulu#jaksel
#tenggerang#lamsel
#pesawaran
#hiling
#explorewisatalampung
#opentrippahawang #wisataindonesia
#wisatalampung
#indonesia
#dafiratravelindonesia",raft
https://www.instagram.com/p/C55KFTbvsD1/,1353.jpg,2024-04-18 06:39:45,"Paket Trip Tanpa Minimal
Peserta🥳🥳🥳🥳

1.Paket Open Trip (Gabung) 
 (khusus weekend) 
 
Jadwal open trip pahawang
April :11,12,13,14,15,20,21,27,28 
Mei :4,5,9,10,11,12,18,19,23,24,25,26
Juni :1,2,8,9,15,16,17,18,22,23,29,30

• open trip pahawang 150k/orang

(Meeting point dermaga 4 ketapang) 

2.Paket Privat Trip (Every Day) 
Paket ini sangat cocok sekali
untuk Family Trip,Gathering,
Honeymoon,dll.
Kamu dapat atur jadwal liburan 
sesuai Keinginan mu. 

• Privat Pahawang 
  Start From 170k/orang

• Privat Tegal Mas
  Start From 245k/orang

(Harga berlaku untuk 16-20 peserta) 

Harga menyesuaikan peserta. 
Semakin banyak peserta harga
semakin Murah🥰🥰
___________________________________
Meeting point dermaga 4 ketapang
___________________________________
Info lebih lengkap bisa langsung
hubungi :📱:0819-2861-4064
___________________________________
Fasilitas :
 ⛵Kapal Eksplore Pulau dan Spot Snorkling.
🍛Makan 1x 
🥛Air Mineral.
🏊Alat Snorkling (Mask & Snorkel) 
👕Life Jacket (Pelampung).
🏷️Tiket Masuk Pulau Maupun Spot  Snorkling.
📷Camera Underwater.
💉P3K.
🕺Tour Guide
🖼️Dokumentasi Underwater.
🎞️Dokumentasi Upwater.

Destinasi :
- Pulau kelagian kecil
- Snorkeling Cuku Bedil
- SnorkelingTaman Nemo
- Pulau Pahawang Besar
- Pulau Pahawang Kecil
- Pulau Kelagian Besar
 -------------------------------------------------
#pahawang #pulaupahawang #pahawangisland 
#pahawangislandlampung 
#pahawangmurah #tegalmas 
 #tegalmasisland 
#liburanlampung 
#viral #wisatapahawanglampung 
#wisatategalmas #palembang 
#jakarta #lampung 
#pringsewulampung 
#bandarlampung 
#sumsel #bandung 
#jambi #bengkulu #jaksel 
#tenggerang #lamsel 
#pesawaran #hiling 
#explorewisatalampung 
#opentrippahawang #wisataindonesia 
#lampunggeh #explore",beach
https://www.instagram.com/p/C9Z6LAXSHaO/,1354.jpg,2024-07-14 13:29:50,"Program Studi Pengelolaan Agribisnis Polinela Mantabbb 🌊😎🏝

Mimin Kasih Info Paket trip libur Lebaran kepulau pahawang hanya dengan 150rb perorangnya loh 😍😍kalian sudah bisa menikmati explore empat pulau yang ada di pahawang dan dua tempat Snorkling lho 😮😮

kapan lagi? bisa nikmati liburan murah dan sudah dapat fasilitas yang lengkap, ayo buruan ajak teman, keluarga atau pasangan mu untuk liburan ke pulau pahawang 😍😍

Catat tanggal liburan kalian 🤩
Juli :6, 7, 13, 14, 20, 21, 27, 28
Agustus :3, 4, 10, 11, 17, 18, 24, 31
September :1, 7, 8, 14, 15, 16, 21, 22, 28, 29

untuk Info lebih lengkap bisa langsung hubungi Contact Person :

Whatsapp 
0821-7858-6537

#pahawang
#tegalmas
#tegalmasisland
#liburanlampung 
#viral 
#wisatategalmas
#palembang
#jakarta#lampung
#pringsewulampung
#bandarlampung
#sumsel#bandung
#jambi
#bengkulu#jaksel
#tenggerang#lamsel
#pesawaran
#hiling
#explorewisatalampung
#opentrippahawang #wisataindonesia
#wisatalampung
#indonesia
#dafiratravelindonesia",campus
https://www.instagram.com/p/C9M3kUOPO4f/,1355.jpg,2024-07-09 11:56:57,"Paket Trip Tanpa Minimal
Peserta🥳🥳🥳🥳

1.Paket Open Trip (Gabung) 
 (khusus weekend) 
 
Jadwal open trip pahawang
April :11,12,13,14,15,20,21,27,28 
Mei :4,5,9,10,11,12,18,19,23,24,25,26
Juni :1,2,8,9,15,16,17,18,22,23,29,30

• open trip pahawang 150k/orang

(Meeting point dermaga 4 ketapang) 

2.Paket Privat Trip (Every Day) 
Paket ini sangat cocok sekali
untuk Family Trip,Gathering,
Honeymoon,dll.
Kamu dapat atur jadwal liburan 
sesuai Keinginan mu. 

• Privat Pahawang 
  Start From 170k/orang

• Privat Tegal Mas
  Start From 245k/orang

(Harga berlaku untuk 16-20 peserta) 

Harga menyesuaikan peserta. 
Semakin banyak peserta harga
semakin Murah🥰🥰
___________________________________
Meeting point dermaga 4 ketapang
___________________________________
Info lebih lengkap bisa langsung
hubungi :📱:0819-2861-4064
___________________________________
Fasilitas :
 ⛵Kapal Eksplore Pulau dan Spot Snorkling.
🍛Makan 1x 
🥛Air Mineral.
🏊Alat Snorkling (Mask & Snorkel) 
👕Life Jacket (Pelampung).
🏷️Tiket Masuk Pulau Maupun Spot  Snorkling.
📷Camera Underwater.
💉P3K.
🕺Tour Guide
🖼️Dokumentasi Underwater.
🎞️Dokumentasi Upwater.

Destinasi :
- Pulau kelagian kecil
- Snorkeling Cuku Bedil
- SnorkelingTaman Nemo
- Pulau Pahawang Besar
- Pulau Pahawang Kecil
- Pulau Kelagian Besar
 -------------------------------------------------
#pahawang #pulaupahawang #pahawangisland 
#pahawangislandlampung 
#pahawangmurah #tegalmas 
 #tegalmasisland 
#liburanlampung 
#viral #wisatapahawanglampung 
#wisatategalmas #palembang 
#jakarta #lampung 
#pringsewulampung 
#bandarlampung 
#sumsel #bandung 
#jambi #bengkulu #jaksel 
#tenggerang #lamsel 
#pesawaran 
#opentrippahawang #wisataindonesia 
#lampunggeh #explore #fyp 
 #indonesia",campus
https://www.instagram.com/p/C03YubQvOs-/,1356.jpg,2023-12-15 07:32:15,"Paket Trip Tampa Minimal
Peserta🥳🥳🥳🥳

1.Paket Open Trip (Gabung) 
(khusus weekend) 

• open trip pahawang 150k/orang
• open trip tegal mas 230k/orang

2.Paket Privat Trip (Every Day) 
Paket ini sangat cocok sekali
untuk Family Trip,Gathering,
Honeymoon,dll.
Kamu dapat atur jadwal liburan 
sesuai Keinginan mu. 

• Privat Pahawang 
Start From 170k/orang

• Privat Tegal Mas
Start From 245k/orang

Harga menyesuaikan peserta. 
Semakin banyak peserta harga
semakin Murah🥰🥰
___________________________________
Meeting point dermaga 4 ketapang
___________________________________
Info lebih lengkap bisa langsung hubungi :
📱:081928614064
___________________________________
Fasilitas :
⛵Kapal Eksplore Pulau dan Spot Snorkling.
🍛Makan 1x 
🥛Air Mineral.
🏊Alat Snorkling (Mask & Snorkel) 
👕Life Jacket (Pelampung).
🏷️Tiket Masuk Pulau Maupun Spot Snorkling.
📷Camera Underwater.
💉P3K.
🕺Tour Guide
🖼️Dokumentasi Underwater.
🎞️Dokumentasi Upwater.

Destinasi :
- Pulau kelagian kecil
- Snorkeling Cuku Bedil
- SnorkelingTaman Nemo
- Pulau Pahawang Besar
- Pulau Pahawang Kecil
- Pulau Kelagian Besar
------------------------------------------------------------

#pahawang #pulaupahawang #pahawangisland
#pahawangislandlampung 
#pahawangmurah
#pahawanglampung#tegalmas
#tegalmasisland
 #wisatapahawanglampung 
#wisatategalmas#palembang
#jakarta#lampung
#pringsewulampung
#bandarlampung
#sumsel#bandung 
#jambi #bengkulu#jaksel 
#tenggerang#lamsel
#pesawaran#hiling
#pesonapesawaran
#explorewisatalampung
#opentrippahawang #wisataindonesia
#wisatalampung
#indonesia",campsite
https://www.instagram.com/p/C9qjtWOSyJ-/,1357.jpg,2024-07-21 00:40:38,"Mimin Kasih Info Paket trip libur Lebaran kepulau pahawang hanya dengan 150rb perorangnya loh 😍😍kalian sudah bisa menikmati explore empat pulau yang ada di pahawang dan dua tempat Snorkling lho 😮😮

kapan lagi? bisa nikmati liburan murah dan sudah dapat fasilitas yang lengkap, ayo buruan ajak teman, keluarga atau pasangan mu untuk liburan ke pulau pahawang 😍😍

Catat tanggal liburan kalian 🤩
Juli :6, 7, 13, 14, 20, 21, 27, 28
Agustus :3, 4, 10, 11, 17, 18, 24, 31
September :1, 7, 8, 14, 15, 16, 21, 22, 28, 29

untuk Info lebih lengkap bisa langsung hubungi Contact Person :

Whatsapp 
0821-7858-6537

#pahawang
#tegalmas
#tegalmasisland
#liburanlampung 
#viral 
#wisatategalmas
#palembang
#jakarta#lampung
#pringsewulampung
#bandarlampung
#sumsel#bandung
#jambi
#bengkulu#jaksel
#tenggerang#lamsel
#pesawaran
#hiling
#explorewisatalampung
#opentrippahawang #wisataindonesia
#wisatalampung
#indonesia
#dafiratravelindonesia",coast
https://www.instagram.com/p/C6WrDYwygpF/,1358.jpg,2024-04-29 17:45:49,"Mimin Kasih Info Paket trip libur Lebaran kepulau pahawang hanya dengan 150rb perorangnya loh 😍😍kalian sudah bisa menikmati explore empat pulau yang ada di pahawang dan dua tempat Snorkling lho 😮😮

kapan lagi? bisa nikmati liburan murah dan sudah dapat fasilitas yang lengkap, ayo buruan ajak teman, keluarga atau pasangan mu untuk liburan ke pulau pahawang 😍😍

untuk Info lebih lengkap bisa langsung hubungi Contact Person :

Whatsapp 
Admin 1 : 0821-7858-6537
Admin 2 : 0858-3882-2708

#pahawang
#tegalmas
#tegalmasisland
#liburanlampung 
#viral 
#wisatategalmas
#palembang
#jakarta#lampung
#pringsewulampung
#bandarlampung
#sumsel#bandung
#jambi
#bengkulu#jaksel
#tenggerang#lamsel
#pesawaran
#hiling
#explorewisatalampung
#opentrippahawang #wisataindonesia
#wisatalampung
#indonesia",beach
https://www.instagram.com/p/DF-zvpXSp4f/,1359.jpg,2025-02-12 17:36:44,"Paket Trip Tanpa Minimal
Peserta🥳🥳🥳🥳

1.Paket Open Trip (Gabung) 
 (khusus weekend) 
 • Open Trip Pahawang 150k/orang
 • Open Trip Tegal Mas 230k/orang
(Meeting point dermaga 4 ketapang) 

2.Paket Privat Trip (Every Day) 
Paket ini sangat cocok sekali
untuk Family Trip,Gathering,
Honeymoon,dll.
Kamu dapat atur jadwal liburan 
sesuai Keinginan mu. 

• Privat Pahawang 
  Start From 170k/orang

• Privat Tegal Mas
  Start From 245k/orang

(Harga berlaku untuk 16-20 peserta) 

Harga menyesuaikan peserta. 
Semakin banyak peserta harga
semakin Murah🥰🥰
___________________________________
Meeting point dermaga 4 ketapang
___________________________________
Info lebih lengkap bisa langsung
hubungi :📱:0819-2861-4064
___________________________________
Fasilitas :
 ⛵Kapal Eksplore Pulau dan Spot Snorkling.
🍛Makan 1x 
🥛Air Mineral.
🏊Alat Snorkling (Mask & Snorkel) 
👕Life Jacket (Pelampung).
🏷️Tiket Masuk Pulau Maupun Spot  Snorkling.
📷Camera Underwater.
💉P3K.
🕺Tour Guide
🖼️Dokumentasi Underwater.
🎞️Dokumentasi Upwater.

-------------------------------------------------
#pahawang #pulaupahawang #pahawangisland 
#pahawangislandlampung 
#pahawangmurah #tegalmas 
 #tegalmasisland 
#liburanlampung 
#viral #wisatapahawanglampung 
#wisatategalmas #palembang 
#jakarta #lampung 
#pringsewulampung 
#bandarlampung 
#sumsel #bandung 
#jambi #bengkulu #jaksel 
#tenggerang #lamsel 
#pesawaran
#explorewisatalampung 
#opentrippahawang #wisataindonesia 
#lampunggeh #fyp 
 #indonesia",boathouse
https://www.instagram.com/p/C9ix8dGSOyd/,1360.jpg,2024-07-18 00:11:07,"Mimin Kasih Info Paket trip libur Lebaran kepulau pahawang hanya dengan 150rb perorangnya loh 😍😍kalian sudah bisa menikmati explore empat pulau yang ada di pahawang dan dua tempat Snorkling lho 😮😮

kapan lagi? bisa nikmati liburan murah dan sudah dapat fasilitas yang lengkap, ayo buruan ajak teman, keluarga atau pasangan mu untuk liburan ke pulau pahawang 😍😍

Catat tanggal liburan kalian 🤩
Juli :6, 7, 13, 14, 20, 21, 27, 28
Agustus :3, 4, 10, 11, 17, 18, 24, 31
September :1, 7, 8, 14, 15, 16, 21, 22, 28, 29

untuk Info lebih lengkap bisa langsung hubungi Contact Person :

Whatsapp 
0821-7858-6537

#pahawang
#tegalmas
#tegalmasisland
#liburanlampung 
#viral 
#wisatategalmas
#palembang
#jakarta#lampung
#pringsewulampung
#bandarlampung
#sumsel#bandung
#jambi
#bengkulu#jaksel
#tenggerang#lamsel
#pesawaran
#hiling
#explorewisatalampung
#opentrippahawang #wisataindonesia
#wisatalampung
#indonesia
#dafiratravelindonesia",oast house
https://www.instagram.com/p/C6pSLAPykfX/,1361.jpg,2024-05-06 23:13:59,"Mimin Kasih Info Paket trip libur Lebaran kepulau pahawang hanya dengan 150rb perorangnya loh 😍😍kalian sudah bisa menikmati explore empat pulau yang ada di pahawang dan dua tempat Snorkling lho 😮😮

kapan lagi? bisa nikmati liburan murah dan sudah dapat fasilitas yang lengkap, ayo buruan ajak teman, keluarga atau pasangan mu untuk liburan ke pulau pahawang 😍😍

untuk Info lebih lengkap bisa langsung hubungi Contact Person :

Whatsapp 
Admin 1 : 0821-7858-6537
Admin 2 : 0858-3882-2708

#pahawang
#tegalmas
#tegalmasisland
#liburanlampung 
#viral 
#wisatategalmas
#palembang
#jakarta#lampung
#pringsewulampung
#bandarlampung
#sumsel#bandung
#jambi
#bengkulu#jaksel
#tenggerang#lamsel
#pesawaran
#hiling
#explorewisatalampung
#opentrippahawang #wisataindonesia
#wisatalampung
#indonesia",beach
https://www.instagram.com/p/C5V37ltyOEA/,1362.jpg,2024-04-04 13:47:43,"Mimin Kasih Info Paket trip libur Lebaran kepulau pahawang hanya dengan 150rb perorangnya loh 😍😍kalian sudah bisa menikmati explore empat pulau yang ada di pahawang dan dua tempat Snorkling lho 😮😮

kapan lagi? bisa nikmati liburan murah dan sudah dapat fasilitas yang lengkap, ayo buruan ajak teman, keluarga atau pasangan mu untuk liburan ke pulau pahawang 😍😍

untuk Info lebih lengkap bisa langsung hubungi Contact Person :

Whatsapp 
Admin 1 : 0821-7858-6537
Admin 2 : 0858-3882-2708

#pahawang
#tegalmas
#tegalmasisland
#liburanlampung 
#viral 
#wisatategalmas
#palembang
#jakarta#lampung
#pringsewulampung
#bandarlampung
#sumsel#bandung
#jambi
#bengkulu#jaksel
#tenggerang#lamsel
#pesawaran
#hiling
#explorewisatalampung
#opentrippahawang #wisataindonesia
#wisatalampung
#indonesia",swimming hole
https://www.instagram.com/p/C-FrFe7SR0A/,1363.jpg,2024-07-31 13:24:36,"Paket Trip Tanpa Minimal Peserta 😍🥳🥳

Paket Open Trip (Digabung) Jalan Setiap Weekend dan Hari Libur 🤩🥳🥳

Catat Jadwal Open Trip Pahawang 
Juli :6, 7, 13, 14, 20, 21, 27, 28
Agustus :3, 4, 10, 11, 17, 18, 24, 31
September :1, 7, 8, 14, 15, 16, 21, 22, 28, 29

📍Meeting Point Dermaga Ketapang Lampung

Info Lebih Lanjut Bisa Hubungin
WhatsApp:📱0821-7858-6537

FASILITAS💯💯💯💯💯💯💯💯💯💯💯💯 

⛵Perahu 🚣Pelampung/Life Jacket
🏊Alat Snorkeling Lengkap 
🏥Asuransi Perjalanan Wisata
🚑P3K
📷Kamera Under Water (Bawah Laut) 
📹Kamera Up Water (Darat) 
🎬Dokumentasi Selama Trip
🍴Makan 🍻Air Minum
💸Tiket Masuk Jelajah Pulau
💶Tiket Masuk Spot Snorkeling
👦Tour Guide handal pengambilan foto
🚻Tempat Ganti baju

DESTINASI:
1.Pahawang Besar
2.Pahawang Kecil
3.Kelagian Besar
4.Kelagian kecil
5.Snorkeling Taman Nemo
6.Snorkeling Cukuh Bedil

#pahawang
#tegalmas
#tegalmasisland
#liburanlampung 
#viral 
#wisatategalmas
#palembang
#jakarta#lampung
#pringsewulampung
#bandarlampung
#sumsel#bandung
#jambi
#bengkulu#jaksel
#tenggerang#lamsel
#pesawaran
#hiling
#explorewisatalampung
#opentrippahawang #wisataindonesia
#wisatalampung
#indonesia
#dafiratravelindonesia",boat deck
https://www.instagram.com/p/C8BhdwZyBhA/,1364.jpg,2024-06-10 05:40:47,"Mimin Kasih Info Paket trip libur Lebaran kepulau pahawang hanya dengan 150rb perorangnya loh 😍😍kalian sudah bisa menikmati explore empat pulau yang ada di pahawang dan dua tempat Snorkling lho 😮😮

kapan lagi? bisa nikmati liburan murah dan sudah dapat fasilitas yang lengkap, ayo buruan ajak teman, keluarga atau pasangan mu untuk liburan ke pulau pahawang 😍😍

Catat tanggal liburan kalian 🤩
Mei : 18,19,23,24,25,26
Juni : 1,2,8,9,15,16,17,18,22,23,29,30
Juli : 6,7,13,14,20,21,27,28

untuk Info lebih lengkap bisa langsung hubungi Contact Person :

Whatsapp 
0821-7858-6537

#pahawang
#tegalmas
#tegalmasisland
#liburanlampung 
#viral 
#wisatategalmas
#palembang
#jakarta#lampung
#pringsewulampung
#bandarlampung
#sumsel#bandung
#jambi
#bengkulu#jaksel
#tenggerang#lamsel
#pesawaran
#hiling
#explorewisatalampung
#opentrippahawang #wisataindonesia
#wisatalampung
#indonesia",campus
https://www.instagram.com/p/Cz_ZJf2plCz/,1365.jpg,2023-11-23 13:38:28,"Paket Trip Tampa Minimal
Peserta🥳🥳🥳🥳

1.Paket Open Trip (Gabung) 
(khusus weekend) 

• open trip pahawang 150k/orang
• open trip tegal mas 230k/orang

2.Paket Privat Trip (Every Day) 
Paket ini sangat cocok sekali
untuk Family Trip,Gathering,
Honeymoon,dll.
Kamu dapat atur jadwal liburan 
sesuai Keinginan mu. 

• Privat Pahawang 
Start From 170k/orang

• Privat Tegal Mas
Start From 245k/orang

Harga menyesuaikan peserta. 
Semakin banyak peserta harga
semakin Murah🥰🥰
___________________________________
Meeting point dermaga 4 ketapang
___________________________________
Info lebih lengkap bisa langsung hubungi :
📱:081928614064
___________________________________
Fasilitas :
⛵Kapal Eksplore Pulau dan Spot Snorkling.
🍛Makan 1x 
🥛Air Mineral.
🏊Alat Snorkling (Mask & Snorkel) 
👕Life Jacket (Pelampung).
🏷️Tiket Masuk Pulau Maupun Spot Snorkling.
📷Camera Underwater.
💉P3K.
🕺Tour Guide
🖼️Dokumentasi Underwater.
🎞️Dokumentasi Upwater.

Destinasi :
- Pulau kelagian kecil
- Snorkeling Cuku Bedil
- SnorkelingTaman Nemo
- Pulau Pahawang Besar
- Pulau Pahawang Kecil
- Pulau Kelagian Besar
------------------------------------------------------------

#pahawang #pulaupahawang #pahawangisland
#pahawangislandlampung 
#pahawangmurah#tegalmas
#tegalmasisland
#liburanlampung
#viral #wisatapahawanglampung 
#wisatategalmas#palembang
#jakarta#lampung
#pringsewulampung
#bandarlampung
#sumsel#bandung 
#jambi #bengkulu#jaksel 
#tenggerang#lamsel
#pesawaran#hiling
#explorewisatalampung
#opentrippahawang #wisataindonesia
#wisatalampung
#indonesia",lagoon
https://www.instagram.com/p/C6sBms7yqEB/,1366.jpg,2024-05-08 00:46:56,"Mimin Kasih Info Paket trip libur Lebaran kepulau pahawang hanya dengan 150rb perorangnya loh 😍😍kalian sudah bisa menikmati explore empat pulau yang ada di pahawang dan dua tempat Snorkling lho 😮😮

kapan lagi? bisa nikmati liburan murah dan sudah dapat fasilitas yang lengkap, ayo buruan ajak teman, keluarga atau pasangan mu untuk liburan ke pulau pahawang 😍😍

untuk Info lebih lengkap bisa langsung hubungi Contact Person :

Whatsapp 
Admin 1 : 0821-7858-6537
Admin 2 : 0858-3882-2708

#pahawang
#tegalmas
#tegalmasisland
#liburanlampung 
#viral 
#wisatategalmas
#palembang
#jakarta#lampung
#pringsewulampung
#bandarlampung
#sumsel#bandung
#jambi
#bengkulu#jaksel
#tenggerang#lamsel
#pesawaran
#hiling
#explorewisatalampung
#opentrippahawang #wisataindonesia
#wisatalampung
#indonesia",lagoon
https://www.instagram.com/p/C7dDibvSMTn/,1367.jpg,2024-05-27 01:46:37,"Mimin Kasih Info Paket trip libur Lebaran kepulau pahawang hanya dengan 150rb perorangnya loh 😍😍kalian sudah bisa menikmati explore empat pulau yang ada di pahawang dan dua tempat Snorkling lho 😮😮

kapan lagi? bisa nikmati liburan murah dan sudah dapat fasilitas yang lengkap, ayo buruan ajak teman, keluarga atau pasangan mu untuk liburan ke pulau pahawang 😍😍

Catat tanggal liburan kalian 🤩
Mei : 18,19,23,24,25,26
Juni : 1,2,8,9,15,16,17,18,22,23,29,30

untuk Info lebih lengkap bisa langsung hubungi Contact Person :

Whatsapp 
0821-7858-6537

#pahawang
#tegalmas
#tegalmasisland
#liburanlampung 
#viral 
#wisatategalmas
#palembang
#jakarta#lampung
#pringsewulampung
#bandarlampung
#sumsel#bandung
#jambi
#bengkulu#jaksel
#tenggerang#lamsel
#pesawaran
#hiling
#explorewisatalampung
#opentrippahawang #wisataindonesia
#wisatalampung
#indonesia",boat deck
https://www.instagram.com/p/Cw19Ol4hti4/,1368.jpg,2023-09-06 08:07:09,"Paket Trip Tampa Minimal
Peserta🥳🥳🥳🥳

1.Paket Open Trip (Gabung) 
 (khusus weekend) 

• open trip pahawang 150k/orang
• open trip tegal mas 230k/orang

2.Paket Privat Trip (Every Day) 
Paket ini sangat cocok sekali
untuk Family Trip,Gathering,
Honeymoon,dll.
Kamu dapat atur jadwal liburan 
sesuai Keinginan mu. 

• Privat Pahawang 
  Start From 170k/orang

• Privat Tegal Mas
  Start From 245k/orang

Harga menyesuaikan peserta. 
Semakin banyak peserta harga
semakin Murah🥰🥰
___________________________________
Meeting point dermaga 4 ketapang
___________________________________
Info lebih lengkap bisa langsung  hubungi :
📱:081928614064
___________________________________
Fasilitas :
 ⛵Kapal Eksplore Pulau dan Spot Snorkling.
🍛Makan 1x 
🥛Air Mineral.
🏊Alat Snorkling (Mask & Snorkel) 
👕Life Jacket (Pelampung).
🏷️Tiket Masuk Pulau Maupun Spot  Snorkling.
📷Camera Underwater.
💉P3K.
🕺Tour Guide
🖼️Dokumentasi Underwater.
🎞️Dokumentasi Upwater.

Destinasi :
- Pulau kelagian kecil
- Snorkeling Cuku Bedil
- SnorkelingTaman Nemo
- Pulau Pahawang Besar
- Pulau Pahawang Kecil
- Pulau Kelagian Besar
 ------------------------------------------------------------

#pahawang #pulaupahawang #pahawangisland
#pahawangislandlampung 
#tegalmas #tegalmasisland
#liburanlampung
#viral #wisatapahawanglampung 
#wisatategalmas#palembang
#jakarta#lampung
#pringsewulampung
#bandarlampung
#sumsel#bandung 
#jambi #bengkulu#jaksel 
#tenggerang#lamsel
#pesawaran#hiling
#explorewisatalampung
#opentrippahawang #wisataindonesia
#lampunggeh#explore
 #indonesia",lagoon
https://www.instagram.com/p/CyTLHmVSjCY/,1369.jpg,2023-10-12 12:57:54,"Paket Trip Tampa Minimal
Peserta🥳🥳🥳🥳

1.Paket Open Trip (Gabung) 
(khusus weekend) 

• open trip pahawang 150k/orang
• open trip tegal mas 230k/orang

2.Paket Privat Trip (Every Day) 
Paket ini sangat cocok sekali
untuk Family Trip,Gathering,
Honeymoon,dll.
Kamu dapat atur jadwal liburan 
sesuai Keinginan mu. 

• Privat Pahawang 
Start From 170k/orang

• Privat Tegal Mas
Start From 245k/orang

Harga menyesuaikan peserta. 
Semakin banyak peserta harga
semakin Murah🥰🥰
___________________________________
Meeting point dermaga 4 ketapang
___________________________________
Info lebih lengkap bisa langsung hubungi :
📱:081928614064
___________________________________
Fasilitas :
⛵Kapal Eksplore Pulau dan Spot Snorkling.
🍛Makan 1x 
🥛Air Mineral.
🏊Alat Snorkling (Mask & Snorkel) 
👕Life Jacket (Pelampung).
🏷️Tiket Masuk Pulau Maupun Spot Snorkling.
📷Camera Underwater.
💉P3K.
🕺Tour Guide
🖼️Dokumentasi Underwater.
🎞️Dokumentasi Upwater.

Destinasi :
- Pulau kelagian kecil
- Snorkeling Cuku Bedil
- SnorkelingTaman Nemo
- Pulau Pahawang Besar
- Pulau Pahawang Kecil
- Pulau Kelagian Besar
------------------------------------------------------------

#pahawang #pulaupahawang #pahawangisland
#pahawangislandlampung 
#pahawangmurah#tegalmas
#tegalmasisland
#liburanlampung
#viral #wisatapahawanglampung 
#wisatategalmas#palembang
#jakarta#lampung
#pringsewulampung
#bandarlampung
#sumsel#bandung 
#jambi #bengkulu#jaksel 
#tenggerang#lamsel
#pesawaran#hiling
#explorewisatalampung
#opentrippahawang #wisataindonesia
#wisatalampung
#indonesia",chalet
https://www.instagram.com/p/DMCPU7RPqCS/,1370.jpg,2025-07-13 04:43:50,"Paket Trip Tanpa Minimal
Peserta🥳🥳🥳🥳

1.Paket Open Trip (Gabung) 
 (khusus weekend) 
 
 • Open Trip Pahawang 150k/orang
 • Open trip wayang 650k/orang

(Meeting point dermaga 4 ketapang) 

2.Paket Privat Trip (Every Day) 
Paket ini sangat cocok sekali
untuk Family Trip,Gathering,
Honeymoon,dll.
Kamu dapat atur jadwal liburan 
sesuai Keinginan mu. 

• Privat Pulau Pahawang 
  Start From 170k/orang

• Privat Pulau Tegal Mas
  Start From 245k/orang

•Privat Pulau Wayang
 Start From 550k/orang

•Privat Teluk Kiluan
 Start from 400k/orang

Harga menyesuaikan peserta. 
Semakin banyak peserta harga
semakin Murah Per Orangnyaa🥰🥰
___________________________________
Meeting point dermaga 4 ketapang
___________________________________
Info lebih lengkap bisa langsung
hubungi :📱:0819-2861-4064
___________________________________
Fasilitas :
 ⛵Kapal Eksplore Pulau dan Spot Snorkling.
🍛Makan 1x 
🥛Air Mineral.
🏊Alat Snorkling (Mask & Snorkel) 
👕Life Jacket (Pelampung).
🏷️Tiket Masuk Pulau Maupun Spot  Snorkling.
📷Camera Underwater.
💉P3K.
🕺Tour Guide
👫Jodoh Bila Beruntung
🖼️Dokumentasi Underwater.
🎞️Dokumentasi Upwater.

-------------------------------------------------
#pahawang #pulaupahawang #pahawangisland 
#pahawangislandlampung 
#tegalmas #pulauwayang
 #telukkiluan #telukhantu
 #opentrip #viral 
#wisatapahawanglampung
 #palembang #pulauwayanglampung
#jakarta #lampung 
#pringsewulampung 
#bandarlampung 
#sumsel #bandung 
#jambi #bengkulu #jaksel 
#tenggerang #lamsel 
#pesawaran
#explorewisatalampung 
#opentrippahawang 
#lampunggeh #fyp 
 #indonesia",cliff
https://www.instagram.com/p/C1rcvq-P98j/,1371.jpg,2024-01-04 12:47:53,"Paket Trip Tampa Minimal
Peserta🥳🥳🥳🥳

1.Paket Open Trip (Gabung) 
(khusus weekend) 

• open trip pahawang 150k/orang
• open trip tegal mas 230k/orang

2.Paket Privat Trip (Every Day) 
Paket ini sangat cocok sekali
untuk Family Trip,Gathering,
Honeymoon,dll.
Kamu dapat atur jadwal liburan 
sesuai Keinginan mu. 

• Privat Pahawang 
Start From 170k/orang

• Privat Tegal Mas
Start From 245k/orang

Harga menyesuaikan peserta. 
Semakin banyak peserta harga
semakin Murah🥰🥰
___________________________________
Meeting point dermaga 4 ketapang
___________________________________
Info lebih lengkap bisa langsung hubungi :
📱:081928614064
___________________________________
Fasilitas :
⛵Kapal Eksplore Pulau dan Spot Snorkling.
🍛Makan 1x 
🥛Air Mineral.
🏊Alat Snorkling (Mask & Snorkel) 
👕Life Jacket (Pelampung).
🏷️Tiket Masuk Pulau Maupun Spot Snorkling.
📷Camera Underwater.
💉P3K.
🕺Tour Guide
🖼️Dokumentasi Underwater.
🎞️Dokumentasi Upwater.

Destinasi :
- Pulau kelagian kecil
- Snorkeling Cuku Bedil
- SnorkelingTaman Nemo
- Pulau Pahawang Besar
- Pulau Pahawang Kecil
- Pulau Kelagian Besar
------------------------------------------------------------

#pahawang #pulaupahawang #pahawangisland
#pahawangislandlampung 
#pahawangmurah
#pahawanglampung#tegalmas
#tegalmasisland
#wisatapahawanglampung 
#wisatategalmas#palembang
#jakarta#lampung
#pringsewulampung
#bandarlampung
#sumsel#bandung 
#jambi #bengkulu#jaksel 
#tenggerang#lamsel
#pesawaran#hiling
#pesonapesawaran
#explorewisatalampung
#opentrippahawang #wisataindonesia
#wisatalampung
#indonesia",volleyball court/outdoor
https://www.instagram.com/p/DIifBFpvaAi/,1372.jpg,2025-04-17 07:11:03,"Paket Trip Tanpa Minimal
Peserta🥳🥳🥳🥳

1.Paket Open Trip (Gabung) 
 (khusus weekend) 
 
 • Open Trip Pahawang 150k/orang
 • Open trip wayang 550k/orang

(Meeting point dermaga 4 ketapang) 

2.Paket Privat Trip (Every Day) 
Paket ini sangat cocok sekali
untuk Family Trip,Gathering,
Honeymoon,dll.
Kamu dapat atur jadwal liburan 
sesuai Keinginan mu. 

• Privat Pulau Pahawang 
  Start From 170k/orang

• Privat Pulau Tegal Mas
  Start From 245k/orang

•Privat Pulau Wayang
 Start From 550k/orang

•Privat Teluk Kiluan
 Start from 400k/orang

Harga menyesuaikan peserta. 
Semakin banyak peserta harga
semakin Murah Per Orangnyaa🥰🥰
___________________________________
Meeting point dermaga 4 ketapang
___________________________________
Info lebih lengkap bisa langsung
hubungi :📱:0819-2861-4064
___________________________________
Fasilitas :
 ⛵Kapal Eksplore Pulau dan Spot Snorkling.
🍛Makan 1x 
🥛Air Mineral.
🏊Alat Snorkling (Mask & Snorkel) 
👕Life Jacket (Pelampung).
🏷️Tiket Masuk Pulau Maupun Spot  Snorkling.
📷Camera Underwater.
💉P3K.
🕺Tour Guide
👫Jodoh Bila Beruntung
🖼️Dokumentasi Underwater.
🎞️Dokumentasi Upwater.

-------------------------------------------------
#pahawang #pulaupahawang #pahawangisland 
#pahawangislandlampung 
#tegalmas #pulauwayang
 #telukkiluan #telukhantu
 #opentrip #viral 
#wisatapahawanglampung
 #palembang #pulauwayanglampung
#jakarta #lampung 
#pringsewulampung 
#bandarlampung 
#sumsel #bandung 
#jambi #bengkulu #jaksel 
#tenggerang #lamsel 
#pesawaran
#explorewisatalampung 
#opentrippahawang 
#lampunggeh #fyp 
 #indonesia",cliff
https://www.instagram.com/p/DLLxLHqyZ3t/,1373.jpg,2025-06-22 01:01:22,"Paket Trip Tanpa Minimal
Peserta🥳🥳🥳🥳

1.Paket Open Trip (Gabung) 
 (khusus weekend) 
 
 • Open Trip Pahawang 150k/orang
 • Open trip wayang 550k/orang

(Meeting point dermaga 4 ketapang) 

2.Paket Privat Trip (Every Day) 
Paket ini sangat cocok sekali
untuk Family Trip,Gathering,
Honeymoon,dll.
Kamu dapat atur jadwal liburan 
sesuai Keinginan mu. 

• Privat Pulau Pahawang 
  Start From 170k/orang

• Privat Pulau Tegal Mas
  Start From 245k/orang

•Privat Pulau Wayang
 Start From 550k/orang

•Privat Teluk Kiluan
 Start from 400k/orang

Harga menyesuaikan peserta. 
Semakin banyak peserta harga
semakin Murah Per Orangnyaa🥰🥰
___________________________________
Meeting point dermaga 4 ketapang
___________________________________
Info lebih lengkap bisa langsung
hubungi :📱:0819-2861-4064
___________________________________
Fasilitas :
 ⛵Kapal Eksplore Pulau dan Spot Snorkling.
🍛Makan 1x 
🥛Air Mineral.
🏊Alat Snorkling (Mask & Snorkel) 
👕Life Jacket (Pelampung).
🏷️Tiket Masuk Pulau Maupun Spot  Snorkling.
📷Camera Underwater.
💉P3K.
🕺Tour Guide
👫Jodoh Bila Beruntung
🖼️Dokumentasi Underwater.
🎞️Dokumentasi Upwater.

-------------------------------------------------
#pahawang #pulaupahawang #pahawangisland 
#pahawangislandlampung 
#tegalmas #pulauwayang
 #telukkiluan #telukhantu
 #opentrip #viral 
#wisatapahawanglampung
 #palembang #pulauwayanglampung
#jakarta #lampung 
#pringsewulampung 
#bandarlampung 
#sumsel #bandung 
#jambi #bengkulu #jaksel 
#tenggerang #lamsel 
#pesawaran
#explorewisatalampung 
#opentrippahawang 
#lampunggeh #fyp 
 #indonesia",beach
https://www.instagram.com/p/DGHq5mSyKlx/,1374.jpg,2025-02-16 04:12:36,"Paket Trip Tanpa Minimal
Peserta🥳🥳🥳🥳

1.Paket Open Trip (Gabung) 
 (khusus weekend) 
 • Open Trip Pahawang 150k/orang
 • Open Trip Tegal Mas 230k/orang
(Meeting point dermaga 4 ketapang) 

2.Paket Privat Trip (Every Day) 
Paket ini sangat cocok sekali
untuk Family Trip,Gathering,
Honeymoon,dll.
Kamu dapat atur jadwal liburan 
sesuai Keinginan mu. 

• Privat Pahawang 
  Start From 170k/orang

• Privat Tegal Mas
  Start From 245k/orang

(Harga berlaku untuk 16-20 peserta) 

Harga menyesuaikan peserta. 
Semakin banyak peserta harga
semakin Murah🥰🥰
___________________________________
Meeting point dermaga 4 ketapang
___________________________________
Info lebih lengkap bisa langsung
hubungi :📱:0819-2861-4064
___________________________________
Fasilitas :
 ⛵Kapal Eksplore Pulau dan Spot Snorkling.
🍛Makan 1x 
🥛Air Mineral.
🏊Alat Snorkling (Mask & Snorkel) 
👕Life Jacket (Pelampung).
🏷️Tiket Masuk Pulau Maupun Spot  Snorkling.
📷Camera Underwater.
💉P3K.
🕺Tour Guide
🖼️Dokumentasi Underwater.
🎞️Dokumentasi Upwater.

-------------------------------------------------
#pahawang #pulaupahawang #pahawangisland 
#pahawangislandlampung 
#pahawangmurah #tegalmas 
 #tegalmasisland 
#liburanlampung 
#viral #wisatapahawanglampung 
#wisatategalmas #palembang 
#jakarta #lampung 
#pringsewulampung 
#bandarlampung 
#sumsel #bandung 
#jambi #bengkulu #jaksel 
#tenggerang #lamsel 
#pesawaran
#explorewisatalampung 
#opentrippahawang #wisataindonesia 
#lampunggeh #fyp 
 #indonesia",golf course
https://www.instagram.com/p/CnF7oh5S4RC/,1375.jpg,2023-01-06 23:47:08,"Liburan tidak mesti jauh jauh gaes di lampung juga kalian udah bisa menikmati alam seperti ini .

#menyapalampung 
#lampungmenyapa 
#lampung
#lamsel 
#lampungselatan 
#explorelampung 
#kalianda
#ff #fff #fpy 
#jelajahlampung 
#jelajahsumatera 
#jalanjalanmen 
#trip 
From : @apriyadii532",hot spring
https://www.instagram.com/p/C7EgyrFyt2v/,1376.jpg,2024-05-17 13:01:13,"Mimin Kasih Info Paket trip libur Lebaran kepulau pahawang hanya dengan 150rb perorangnya loh 😍😍kalian sudah bisa menikmati explore empat pulau yang ada di pahawang dan dua tempat Snorkling lho 😮😮

kapan lagi? bisa nikmati liburan murah dan sudah dapat fasilitas yang lengkap, ayo buruan ajak teman, keluarga atau pasangan mu untuk liburan ke pulau pahawang 😍😍

untuk Info lebih lengkap bisa langsung hubungi Contact Person :

Whatsapp 
0821-7858-6537

#pahawang
#tegalmas
#tegalmasisland
#liburanlampung 
#viral 
#wisatategalmas
#palembang
#jakarta#lampung
#pringsewulampung
#bandarlampung
#sumsel#bandung
#jambi
#bengkulu#jaksel
#tenggerang#lamsel
#pesawaran
#hiling
#explorewisatalampung
#opentrippahawang #wisataindonesia
#wisatalampung
#indonesia",raft
https://www.instagram.com/p/C1IysNrPgAt/,1377.jpg,2023-12-22 01:46:14,"Paket Trip Tampa Minimal
Peserta🥳🥳🥳🥳

1.Paket Open Trip (Gabung) 
(khusus weekend) 

• open trip pahawang 150k/orang
• open trip tegal mas 230k/orang

2.Paket Privat Trip (Every Day) 
Paket ini sangat cocok sekali
untuk Family Trip,Gathering,
Honeymoon,dll.
Kamu dapat atur jadwal liburan 
sesuai Keinginan mu. 

• Privat Pahawang 
Start From 170k/orang

• Privat Tegal Mas
Start From 245k/orang

Harga menyesuaikan peserta. 
Semakin banyak peserta harga
semakin Murah🥰🥰
___________________________________
Meeting point dermaga 4 ketapang
___________________________________
Info lebih lengkap bisa langsung hubungi :
📱:081928614064
___________________________________
Fasilitas :
⛵Kapal Eksplore Pulau dan Spot Snorkling.
🍛Makan 1x 
🥛Air Mineral.
🏊Alat Snorkling (Mask & Snorkel) 
👕Life Jacket (Pelampung).
🏷️Tiket Masuk Pulau Maupun Spot Snorkling.
📷Camera Underwater.
💉P3K.
🕺Tour Guide
🖼️Dokumentasi Underwater.
🎞️Dokumentasi Upwater.

Destinasi :
- Pulau kelagian kecil
- Snorkeling Cuku Bedil
- SnorkelingTaman Nemo
- Pulau Pahawang Besar
- Pulau Pahawang Kecil
- Pulau Kelagian Besar
------------------------------------------------------------

#pahawang #pulaupahawang #pahawangisland
#pahawangislandlampung 
#pahawangmurah
#pahawanglampung#tegalmas
#tegalmasisland
 #wisatapahawanglampung 
#wisatategalmas#palembang
#jakarta#lampung
#pringsewulampung
#bandarlampung
#sumsel#bandung 
#jambi #bengkulu#jaksel 
#tenggerang#lamsel
#pesawaran#hiling
#pesonapesawaran
#explorewisatalampung
#opentrippahawang #wisataindonesia
#wisatalampung
#indonesia",raft
https://www.instagram.com/p/C7ZKl13ST7s/,1378.jpg,2024-05-25 13:31:17,"Mimin Kasih Info Paket trip libur Lebaran kepulau pahawang hanya dengan 150rb perorangnya loh 😍😍kalian sudah bisa menikmati explore empat pulau yang ada di pahawang dan dua tempat Snorkling lho 😮😮

kapan lagi? bisa nikmati liburan murah dan sudah dapat fasilitas yang lengkap, ayo buruan ajak teman, keluarga atau pasangan mu untuk liburan ke pulau pahawang 😍😍

Catat tanggal liburan kalian 🤩
Mei : 18,19,23,24,25,26
Juni : 1,2,8,9,15,16,17,18,22,23,29,30

untuk Info lebih lengkap bisa langsung hubungi Contact Person :

Whatsapp 
0821-7858-6537

#pahawang
#tegalmas
#tegalmasisland
#liburanlampung 
#viral 
#wisatategalmas
#palembang
#jakarta#lampung
#pringsewulampung
#bandarlampung
#sumsel#bandung
#jambi
#bengkulu#jaksel
#tenggerang#lamsel
#pesawaran
#hiling
#explorewisatalampung
#opentrippahawang #wisataindonesia
#wisatalampung
#indonesia",lagoon
https://www.instagram.com/p/DPY53MKjx19/,1379.jpg,2025-10-04 13:32:59,"Paket Trip Tanpa Minimal
Peserta🥳🥳🥳🥳

1.Paket Open Trip (Gabung) 
 (khusus weekend) 
 
 • Open Trip Pahawang 150k/orang
 • Open trip wayang 550k/orang

(Meeting point dermaga 4 ketapang) 

2.Paket Privat Trip (Every Day) 
Paket ini sangat cocok sekali
untuk Family Trip,Gathering,
Honeymoon,dll.
Kamu dapat atur jadwal liburan 
sesuai Keinginan mu. 

• Privat Pulau Pahawang 
  Start From 170k/orang

• Privat Pulau Tegal Mas
  Start From 245k/orang

•Privat Pulau Wayang
 Start From 550k/orang

•Privat Teluk Kiluan
 Start from 400k/orang

Harga menyesuaikan peserta. 
Semakin banyak peserta harga
semakin Murah Per Orangnyaa🥰🥰
___________________________________
Meeting point dermaga 4 ketapang
___________________________________
Info lebih lengkap bisa langsung
hubungi :📱:0819-2861-4064
___________________________________
Fasilitas :
 ⛵Kapal Eksplore Pulau dan Spot Snorkling.
🍛Makan 1x 
🥛Air Mineral.
🏊Alat Snorkling (Mask & Snorkel) 
👕Life Jacket (Pelampung).
🏷️Tiket Masuk Pulau Maupun Spot  Snorkling.
📷Camera Underwater.
💉P3K.
🕺Tour Guide
👫Jodoh Bila Beruntung
🖼️Dokumentasi Underwater.
🎞️Dokumentasi Upwater.

-------------------------------------------------
#pahawang #pulaupahawang #pahawangisland 
#pahawangislandlampung 
#tegalmas #pulauwayang
 #telukkiluan #telukhantu
 #opentrip #viral 
#wisatapahawanglampung
 #palembang #pulauwayanglampung
#jakarta #lampung 
#pringsewulampung 
#bandarlampung 
#sumsel #bandung 
#jambi #bengkulu #jaksel 
#tenggerang #lamsel 
#pesawaran
#explorewisatalampung 
#opentrippahawang 
#lampunggeh #fyp 
 #indonesia",lagoon
https://www.instagram.com/p/C-fgVCBPP-H/,1380.jpg,2024-08-10 14:10:51,"Paket Trip Tanpa Minimal
Peserta🥳🥳🥳🥳

1.Paket Open Trip (Gabung) 
 (khusus weekend) 
 • Open Trip Pahawang 150k/orang
 • Open Trip Tegal Mas 230k/orang
(Meeting point dermaga 4 ketapang) 

2.Paket Privat Trip (Every Day) 
Paket ini sangat cocok sekali
untuk Family Trip,Gathering,
Honeymoon,dll.
Kamu dapat atur jadwal liburan 
sesuai Keinginan mu. 

• Privat Pahawang 
  Start From 170k/orang

• Privat Tegal Mas
  Start From 245k/orang

(Harga berlaku untuk 16-20 peserta) 

Harga menyesuaikan peserta. 
Semakin banyak peserta harga
semakin Murah🥰🥰
___________________________________
Meeting point dermaga 4 ketapang
___________________________________
Info lebih lengkap bisa langsung
hubungi :📱:0819-2861-4064
___________________________________
Fasilitas :
 ⛵Kapal Eksplore Pulau dan Spot Snorkling.
🍛Makan 1x 
🥛Air Mineral.
🏊Alat Snorkling (Mask & Snorkel) 
👕Life Jacket (Pelampung).
🏷️Tiket Masuk Pulau Maupun Spot  Snorkling.
📷Camera Underwater.
💉P3K.
🕺Tour Guide
🖼️Dokumentasi Underwater.
🎞️Dokumentasi Upwater.

Destinasi :
- Pulau kelagian kecil
- Snorkeling Cuku Bedil
- SnorkelingTaman Nemo
- Pulau Pahawang Besar
- Pulau Pahawang Kecil
- Pulau Kelagian Besar
 -------------------------------------------------
#pahawang #pulaupahawang #pahawangisland 
#pahawangislandlampung 
#pahawangmurah #tegalmas 
 #tegalmasisland 
#liburanlampung 
#viral #wisatapahawanglampung 
#wisatategalmas #palembang 
#jakarta #lampung 
#pringsewulampung 
#bandarlampung 
#sumsel #bandung 
#jambi #bengkulu #jaksel 
#tenggerang #lamsel 
#pesawaran
#explorewisatalampung 
#opentrippahawang #wisataindonesia 
#lampunggeh #fyp 
 #indonesia",beach
https://www.instagram.com/p/C8zvyO1ShMR/,1381.jpg,2024-06-29 17:47:56,"Mimin Kasih Info Paket trip libur Lebaran kepulau pahawang hanya dengan 150rb perorangnya loh 😍😍kalian sudah bisa menikmati explore empat pulau yang ada di pahawang dan dua tempat Snorkling lho 😮😮

kapan lagi? bisa nikmati liburan murah dan sudah dapat fasilitas yang lengkap, ayo buruan ajak teman, keluarga atau pasangan mu untuk liburan ke pulau pahawang 😍😍

Catat tanggal liburan kalian 🤩
Juni :15, 16 , 17, 18, 22, 23, 29, 30
Juli :6, 7, 13, 14, 20, 21, 27, 28
Agustus :3, 4, 10, 11, 17, 18, 24, 31

untuk Info lebih lengkap bisa langsung hubungi Contact Person :

Whatsapp 
0821-7858-6537

#pahawang
#tegalmas
#tegalmasisland
#liburanlampung 
#viral 
#wisatategalmas
#palembang
#jakarta#lampung
#pringsewulampung
#bandarlampung
#sumsel#bandung
#jambi
#bengkulu#jaksel
#tenggerang#lamsel
#pesawaran
#hiling
#explorewisatalampung
#opentrippahawang #wisataindonesia
#wisatalampung
#indonesia",zen garden
https://www.instagram.com/p/C20t3aySxZv/,1382.jpg,2024-02-01 23:42:03,"Welcome to Bali, gaesss
.
we wil serve all of you
.
#bali #tour #travel #traveling #summer #holiday #trip #melali #lamsel #vacation #pleasure #pulaudewata #jalanjalan #liburanbali #arjunabalitours #arjunabali #dhidhiesapari",stage/outdoor
https://www.instagram.com/p/DAXdmLcy-mS/,1383.jpg,2024-09-26 04:15:51,"Paket Trip Tanpa Minimal Peserta 😍🥳🥳

Paket Open Trip (Digabung) Jalan Setiap Weekend dan Hari Libur 🤩🥳🥳

Catat Jadwal Open Trip Pahawang 
September :1, 7, 8, 14, 15, 16, 21, 22, 28, 29

📍Meeting Point Dermaga Ketapang Lampung

Info Lebih Lanjut Bisa Hubungin
WhatsApp:📱0821-7858-6537

FASILITAS💯💯💯💯💯💯💯💯💯💯💯💯 

⛵Perahu 🚣Pelampung/Life Jacket
🏊Alat Snorkeling Lengkap 
🏥Asuransi Perjalanan Wisata
🚑P3K
📷Kamera Under Water (Bawah Laut) 
📹Kamera Up Water (Darat) 
🎬Dokumentasi Selama Trip
🍴Makan 🍻Air Minum
💸Tiket Masuk Jelajah Pulau
💶Tiket Masuk Spot Snorkeling
👦Tour Guide handal pengambilan foto
🚻Tempat Ganti baju

DESTINASI:
1.Pahawang Besar
2.Pahawang Kecil
3.Kelagian Besar
4.Kelagian kecil
5.Snorkeling Taman Nemo
6.Snorkeling Cukuh Bedil

#pahawang
#tegalmas
#tegalmasisland
#liburanlampung 
#viral 
#wisatategalmas
#palembang
#jakarta#lampung
#pringsewulampung
#bandarlampung
#sumsel#bandung
#jambi
#bengkulu#jaksel
#tenggerang#lamsel
#pesawaran
#hiling
#explorewisatalampung
#opentrippahawang #wisataindonesia
#wisatalampung
#indonesia
#dafiratravelindonesia",picnic area
https://www.instagram.com/p/C6DWgWZPCVf/,1384.jpg,2024-04-22 05:40:42,"Paket Trip Tanpa Minimal
Peserta🥳🥳🥳🥳

1.Paket Open Trip (Gabung) 
 (khusus weekend) 
 
Jadwal open trip pahawang
April :11,12,13,14,15,20,21,27,28 
Mei :4,5,9,10,11,12,18,19,23,24,25,26
Juni :1,2,8,9,15,16,17,18,22,23,29,30

• open trip pahawang 150k/orang

(Meeting point dermaga 4 ketapang) 

2.Paket Privat Trip (Every Day) 
Paket ini sangat cocok sekali
untuk Family Trip,Gathering,
Honeymoon,dll.
Kamu dapat atur jadwal liburan 
sesuai Keinginan mu. 

• Privat Pahawang 
  Start From 170k/orang

• Privat Tegal Mas
  Start From 245k/orang

(Harga berlaku untuk 16-20 peserta) 

Harga menyesuaikan peserta. 
Semakin banyak peserta harga
semakin Murah🥰🥰
___________________________________
Meeting point dermaga 4 ketapang
___________________________________
Info lebih lengkap bisa langsung
hubungi :📱:0819-2861-4064
___________________________________
Fasilitas :
 ⛵Kapal Eksplore Pulau dan Spot Snorkling.
🍛Makan 1x 
🥛Air Mineral.
🏊Alat Snorkling (Mask & Snorkel) 
👕Life Jacket (Pelampung).
🏷️Tiket Masuk Pulau Maupun Spot  Snorkling.
📷Camera Underwater.
💉P3K.
🕺Tour Guide
🖼️Dokumentasi Underwater.
🎞️Dokumentasi Upwater.

Destinasi :
- Pulau kelagian kecil
- Snorkeling Cuku Bedil
- SnorkelingTaman Nemo
- Pulau Pahawang Besar
- Pulau Pahawang Kecil
- Pulau Kelagian Besar
 -------------------------------------------------
#pahawang #pulaupahawang #pahawangisland 
#pahawangislandlampung 
#pahawangmurah #tegalmas 
 #tegalmasisland 
#liburanlampung 
#viral #wisatapahawanglampung 
#wisatategalmas #palembang 
#jakarta #lampung 
#pringsewulampung 
#bandarlampung 
#sumsel #bandung 
#jambi #bengkulu #jaksel 
#tenggerang #lamsel 
#pesawaran #hiling 
#explorewisatalampung 
#opentrippahawang #wisataindonesia 
#lampunggeh 
 #indonesia",underwater/ocean deep
https://www.instagram.com/p/DIS4to4v6G6/,1385.jpg,2025-04-11 05:47:45,"Paket Trip Tanpa Minimal
Peserta🥳🥳🥳🥳

1.Paket Open Trip (Gabung) 
 (khusus weekend) 
 
 • Open Trip Pahawang 150k/orang
 • Open trip wayang 550k/orang

(Meeting point dermaga 4 ketapang) 

2.Paket Privat Trip (Every Day) 
Paket ini sangat cocok sekali
untuk Family Trip,Gathering,
Honeymoon,dll.
Kamu dapat atur jadwal liburan 
sesuai Keinginan mu. 

• Privat Pulau Pahawang 
  Start From 170k/orang

• Privat Pulau Tegal Mas
  Start From 245k/orang

•Privat Pulau Wayang
 Start From 550k/orang

•Privat Teluk Kiluan
 Start from 400k/orang

Harga menyesuaikan peserta. 
Semakin banyak peserta harga
semakin Murah Per Orangnyaa🥰🥰
___________________________________
Meeting point dermaga 4 ketapang
___________________________________
Info lebih lengkap bisa langsung
hubungi :📱:0819-2861-4064
___________________________________
Fasilitas :
 ⛵Kapal Eksplore Pulau dan Spot Snorkling.
🍛Makan 1x 
🥛Air Mineral.
🏊Alat Snorkling (Mask & Snorkel) 
👕Life Jacket (Pelampung).
🏷️Tiket Masuk Pulau Maupun Spot  Snorkling.
📷Camera Underwater.
💉P3K.
🕺Tour Guide
👫Jodoh Bila Beruntung
🖼️Dokumentasi Underwater.
🎞️Dokumentasi Upwater.

-------------------------------------------------
#pahawang #pulaupahawang #pahawangisland 
#pahawangislandlampung 
#tegalmas #pulauwayang
 #telukkiluan #telukhantu
 #opentrip #viral 
#wisatapahawanglampung
 #palembang #pulauwayanglampung
#jakarta #lampung 
#pringsewulampung 
#bandarlampung 
#sumsel #bandung 
#jambi #bengkulu #jaksel 
#tenggerang #lamsel 
#pesawaran
#explorewisatalampung 
#opentrippahawang 
#lampunggeh #fyp 
 #indonesia",pier
https://www.instagram.com/p/C6hz0kmvB8i/,1386.jpg,2024-05-04 01:34:05,"Paket Trip Tanpa Minimal
Peserta🥳🥳🥳🥳

1.Paket Open Trip (Gabung) 
 (khusus weekend) 
 
Jadwal open trip pahawang
Mei :4,5,9,10,11,12,18,19,23,24,25,26
Juni :1,2,8,9,15,16,17,18,22,23,29,30

• open trip pahawang 150k/orang

(Meeting point dermaga 4 ketapang) 

2.Paket Privat Trip (Every Day) 
Paket ini sangat cocok sekali
untuk Family Trip,Gathering,
Honeymoon,dll.
Kamu dapat atur jadwal liburan 
sesuai Keinginan mu. 

• Privat Pahawang 
  Start From 170k/orang

• Privat Tegal Mas
  Start From 245k/orang

(Harga berlaku untuk 16-20 peserta) 

Harga menyesuaikan peserta. 
Semakin banyak peserta harga
semakin Murah🥰🥰
___________________________________
Meeting point dermaga 4 ketapang
___________________________________
Info lebih lengkap bisa langsung
hubungi :📱:0819-2861-4064
___________________________________
Fasilitas :
 ⛵Kapal Eksplore Pulau dan Spot Snorkling.
🍛Makan 1x 
🥛Air Mineral.
🏊Alat Snorkling (Mask & Snorkel) 
👕Life Jacket (Pelampung).
🏷️Tiket Masuk Pulau Maupun Spot  Snorkling.
📷Camera Underwater.
💉P3K.
🕺Tour Guide
🖼️Dokumentasi Underwater.
🎞️Dokumentasi Upwater.

Destinasi :
- Pulau kelagian kecil
- Snorkeling Cuku Bedil
- SnorkelingTaman Nemo
- Pulau Pahawang Besar
- Pulau Pahawang Kecil
- Pulau Kelagian Besar
 -------------------------------------------------
#pahawang #pulaupahawang #pahawangisland 
#pahawangislandlampung 
#pahawangmurah #tegalmas 
 #tegalmasisland 
#liburanlampung 
#viral #wisatapahawanglampung 
#wisatategalmas #palembang 
#jakarta #lampung 
#pringsewulampung 
#bandarlampung 
#sumsel #bandung 
#jambi #bengkulu #jaksel 
#tenggerang #lamsel 
#pesawaran #hiling 
#explorewisatalampung 
#opentrippahawang #wisataindonesia 
#lampunggeh 
 #indonesia",boat deck
https://www.instagram.com/p/DBC2_zczJVy/,1387.jpg,2024-10-13 00:45:08,"Paket Trip Tanpa Minimal
Peserta🥳🥳🥳🥳

1.Paket Open Trip (Gabung) 
 (khusus weekend) 
 • Open Trip Pahawang 150k/orang
 • Open Trip Tegal Mas 230k/orang
(Meeting point dermaga 4 ketapang) 

2.Paket Privat Trip (Every Day) 
Paket ini sangat cocok sekali
untuk Family Trip,Gathering,
Honeymoon,dll.
Kamu dapat atur jadwal liburan 
sesuai Keinginan mu. 

• Privat Pahawang 
  Start From 170k/orang

• Privat Tegal Mas
  Start From 245k/orang

(Harga berlaku untuk 16-20 peserta) 

Harga menyesuaikan peserta. 
Semakin banyak peserta harga
semakin Murah🥰🥰
___________________________________
Meeting point dermaga 4 ketapang
___________________________________
Info lebih lengkap bisa langsung
hubungi :📱:0819-2861-4064
___________________________________
Fasilitas :
 ⛵Kapal Eksplore Pulau dan Spot Snorkling.
🍛Makan 1x 
🥛Air Mineral.
🏊Alat Snorkling (Mask & Snorkel) 
👕Life Jacket (Pelampung).
🏷️Tiket Masuk Pulau Maupun Spot  Snorkling.
📷Camera Underwater.
💉P3K.
🕺Tour Guide
🖼️Dokumentasi Underwater.
🎞️Dokumentasi Upwater.

-------------------------------------------------
#pahawang #pulaupahawang #pahawangisland 
#pahawangislandlampung 
#pahawangmurah #tegalmas 
 #tegalmasisland 
#liburanlampung 
#viral #wisatapahawanglampung 
#wisatategalmas #palembang 
#jakarta #lampung 
#pringsewulampung 
#bandarlampung 
#sumsel #bandung 
#jambi #bengkulu #jaksel 
#tenggerang #lamsel 
#pesawaran
#explorewisatalampung 
#opentrippahawang #wisataindonesia 
#lampunggeh #fyp 
 #indonesia",aquarium
https://www.instagram.com/p/C7rD6Iqy7PC/,1388.jpg,2024-06-01 12:19:13,"Mimin Kasih Info Paket trip libur Lebaran kepulau pahawang hanya dengan 150rb perorangnya loh 😍😍kalian sudah bisa menikmati explore empat pulau yang ada di pahawang dan dua tempat Snorkling lho 😮😮

kapan lagi? bisa nikmati liburan murah dan sudah dapat fasilitas yang lengkap, ayo buruan ajak teman, keluarga atau pasangan mu untuk liburan ke pulau pahawang 😍😍

Catat tanggal liburan kalian 🤩
Mei : 18,19,23,24,25,26
Juni : 1,2,8,9,15,16,17,18,22,23,29,30

untuk Info lebih lengkap bisa langsung hubungi Contact Person :

Whatsapp 
0821-7858-6537

#pahawang
#tegalmas
#tegalmasisland
#liburanlampung 
#viral 
#wisatategalmas
#palembang
#jakarta#lampung
#pringsewulampung
#bandarlampung
#sumsel#bandung
#jambi
#bengkulu#jaksel
#tenggerang#lamsel
#pesawaran
#hiling
#explorewisatalampung
#opentrippahawang #wisataindonesia
#wisatalampung
#indonesia",underwater/ocean deep
https://www.instagram.com/p/DCFBrZYzYFR/,1389.jpg,2024-11-07 17:28:21,"Paket Trip Tanpa Minimal
Peserta🥳🥳🥳🥳

1.Paket Open Trip (Gabung) 
 (khusus weekend) 
 • Open Trip Pahawang 150k/orang
 • Open Trip Tegal Mas 230k/orang
(Meeting point dermaga 4 ketapang) 

2.Paket Privat Trip (Every Day) 
Paket ini sangat cocok sekali
untuk Family Trip,Gathering,
Honeymoon,dll.
Kamu dapat atur jadwal liburan 
sesuai Keinginan mu. 

• Privat Pahawang 
  Start From 170k/orang

• Privat Tegal Mas
  Start From 245k/orang

(Harga berlaku untuk 16-20 peserta) 

Harga menyesuaikan peserta. 
Semakin banyak peserta harga
semakin Murah🥰🥰
___________________________________
Meeting point dermaga 4 ketapang
___________________________________
Info lebih lengkap bisa langsung
hubungi :📱:0819-2861-4064
___________________________________
Fasilitas :
 ⛵Kapal Eksplore Pulau dan Spot Snorkling.
🍛Makan 1x 
🥛Air Mineral.
🏊Alat Snorkling (Mask & Snorkel) 
👕Life Jacket (Pelampung).
🏷️Tiket Masuk Pulau Maupun Spot  Snorkling.
📷Camera Underwater.
💉P3K.
🕺Tour Guide
🖼️Dokumentasi Underwater.
🎞️Dokumentasi Upwater.

-------------------------------------------------
#pahawang #pulaupahawang #pahawangisland 
#pahawangislandlampung 
#pahawangmurah #tegalmas 
 #tegalmasisland 
#liburanlampung 
#viral #wisatapahawanglampung 
#wisatategalmas #palembang 
#jakarta #lampung 
#pringsewulampung 
#bandarlampung 
#sumsel #bandung 
#jambi #bengkulu #jaksel 
#tenggerang #lamsel 
#pesawaran
#explorewisatalampung 
#opentrippahawang #wisataindonesia 
#lampunggeh #fyp 
 #indonesia",underwater/ocean deep
https://www.instagram.com/p/DIWqMxQPx67/,1390.jpg,2025-04-12 16:57:53,"Paket Trip Tanpa Minimal
Peserta🥳🥳🥳🥳

1.Paket Open Trip (Gabung) 
 (khusus weekend) 
 
 • Open Trip Pahawang 150k/orang
 • Open trip wayang 550k/orang

(Meeting point dermaga 4 ketapang) 

2.Paket Privat Trip (Every Day) 
Paket ini sangat cocok sekali
untuk Family Trip,Gathering,
Honeymoon,dll.
Kamu dapat atur jadwal liburan 
sesuai Keinginan mu. 

• Privat Pulau Pahawang 
  Start From 170k/orang

• Privat Pulau Tegal Mas
  Start From 245k/orang

•Privat Pulau Wayang
 Start From 550k/orang

•Privat Teluk Kiluan
 Start from 400k/orang

Harga menyesuaikan peserta. 
Semakin banyak peserta harga
semakin Murah Per Orangnyaa🥰🥰
___________________________________
Meeting point dermaga 4 ketapang
___________________________________
Info lebih lengkap bisa langsung
hubungi :📱:0819-2861-4064
___________________________________
Fasilitas :
 ⛵Kapal Eksplore Pulau dan Spot Snorkling.
🍛Makan 1x 
🥛Air Mineral.
🏊Alat Snorkling (Mask & Snorkel) 
👕Life Jacket (Pelampung).
🏷️Tiket Masuk Pulau Maupun Spot  Snorkling.
📷Camera Underwater.
💉P3K.
🕺Tour Guide
👫Jodoh Bila Beruntung
🖼️Dokumentasi Underwater.
🎞️Dokumentasi Upwater.

-------------------------------------------------
#pahawang #pulaupahawang #pahawangisland 
#pahawangislandlampung 
#tegalmas #pulauwayang
 #telukkiluan #telukhantu
 #opentrip #viral 
#wisatapahawanglampung
 #palembang #pulauwayanglampung
#jakarta #lampung 
#pringsewulampung 
#bandarlampung 
#sumsel #bandung 
#jambi #bengkulu #jaksel 
#tenggerang #lamsel 
#pesawaran
#explorewisatalampung 
#opentrippahawang 
#lampunggeh #fyp 
 #indonesia",islet
https://www.instagram.com/p/Cm8TFcUSJUy/,1391.jpg,2023-01-03 05:59:39,"Selamat tahun baru 2023 👋 

••••••••••••••••••••••••••••••••••••••••••••••••••••••••
Layanan wisata Lampung Selatan

✓ Local guide south Lampung 🔻

🔻 Paket wisata & trip Lampung Selatan DM or wa : 0857-6867-5339

Follow tiktok : Lamselexplore
Facebook : Lampung Selatan explore
YouTube : Lamselexplore

..

Follow @lampungselatanexplore
Hastag #lampungselatanexplore

Tiktok : Lamselexplore 
YouTube : Lamsel explore

Foto by : @w_apriyanii

📍 Pantai guci batu kapal, Kalianda Lampung Selatan

#lampung #lampungeksis #lampungselatanexplore #lampungexplore #ootdhijab #hijabstyle #lfl #lfl💛 #lampunggeh #ootdhijab
#ootdfashion #kalianda #wisatalampung
#fff #lfl❤️ #follow4followback #followforfollowback #fyp #ootdhijabindonesia
#hijabstyle
#ootdstyle
#flowers #lb #flowerstagram #wisatalampung #kalianda #bakauheni",beach
https://www.instagram.com/p/C3G7MNJvocs/,1392.jpg,2024-02-09 01:24:48,"Paket Trip Tanpa Minimal
Peserta🥳🥳🥳🥳

1.Paket Open Trip (Gabung) 
 (khusus weekend) 

• open trip pahawang 150k/orang
• open trip tegal mas 230k/orang

(Meeting point dermaga 4 ketapang) 

2.Paket Privat Trip (Every Day) 
Paket ini sangat cocok sekali
untuk Family Trip,Gathering,
Honeymoon,dll.
Kamu dapat atur jadwal liburan 
sesuai Keinginan mu. 

• Privat Pahawang 
  Start From 170k/orang

• Privat Tegal Mas
  Start From 245k/orang

(Harga berlaku untuk 16-20 peserta) 

Harga menyesuaikan peserta. 
Semakin banyak peserta harga
semakin Murah🥰🥰
___________________________________
Meeting point dermaga 4 ketapang
___________________________________
Info lebih lengkap bisa langsung
hubungi :📱:0819-2861-4064
___________________________________
Fasilitas :
 ⛵Kapal Eksplore Pulau dan Spot Snorkling.
🍛Makan 1x 
🥛Air Mineral.
🏊Alat Snorkling (Mask & Snorkel) 
👕Life Jacket (Pelampung).
🏷️Tiket Masuk Pulau Maupun Spot  Snorkling.
📷Camera Underwater.
💉P3K.
🕺Tour Guide
🖼️Dokumentasi Underwater.
🎞️Dokumentasi Upwater.

Destinasi :
- Pulau kelagian kecil
- Snorkeling Cuku Bedil
- SnorkelingTaman Nemo
- Pulau Pahawang Besar
- Pulau Pahawang Kecil
- Pulau Kelagian Besar
 -------------------------------------------------
#pahawang #pulaupahawang #pahawangisland
#pahawangislandlampung 
#pahawangmurah#tegalmas
#tegalmasisland
#wisatapahawanglampung 
#wisatategalmas#palembang
#jakarta#lampung
#pringsewulampung
#bandarlampung
#sumsel#bandung 
#jambi #bengkulu#jaksel 
#tenggerang#lamsel
#pesawaran#hiling
#explorewisatalampung
#opentrippahawang #wisataindonesia
#lampunggeh#explore#fyp
 #indonesia",beach
https://www.instagram.com/p/C9eGm5eyecY/,1393.jpg,2024-07-16 04:35:28,"Mimin Kasih Info Paket trip libur Lebaran kepulau pahawang hanya dengan 150rb perorangnya loh 😍😍kalian sudah bisa menikmati explore empat pulau yang ada di pahawang dan dua tempat Snorkling lho 😮😮

kapan lagi? bisa nikmati liburan murah dan sudah dapat fasilitas yang lengkap, ayo buruan ajak teman, keluarga atau pasangan mu untuk liburan ke pulau pahawang 😍😍

Catat tanggal liburan kalian 🤩
Juli :6, 7, 13, 14, 20, 21, 27, 28
Agustus :3, 4, 10, 11, 17, 18, 24, 31
September :1, 7, 8, 14, 15, 16, 21, 22, 28, 29

untuk Info lebih lengkap bisa langsung hubungi Contact Person :

Whatsapp 
0821-7858-6537

#pahawang
#tegalmas
#tegalmasisland
#liburanlampung 
#viral 
#wisatategalmas
#palembang
#jakarta#lampung
#pringsewulampung
#bandarlampung
#sumsel#bandung
#jambi
#bengkulu#jaksel
#tenggerang#lamsel
#pesawaran
#hiling
#explorewisatalampung
#opentrippahawang #wisataindonesia
#wisatalampung
#indonesia
#dafiratravelindonesia",raft
https://www.instagram.com/p/C6nfMUtSide/,1394.jpg,2024-05-06 06:29:16,"Mimin Kasih Info Paket trip libur Lebaran kepulau pahawang hanya dengan 150rb perorangnya loh 😍😍kalian sudah bisa menikmati explore empat pulau yang ada di pahawang dan dua tempat Snorkling lho 😮😮

kapan lagi? bisa nikmati liburan murah dan sudah dapat fasilitas yang lengkap, ayo buruan ajak teman, keluarga atau pasangan mu untuk liburan ke pulau pahawang 😍😍

untuk Info lebih lengkap bisa langsung hubungi Contact Person :

Whatsapp 
Admin 1 : 0821-7858-6537
Admin 2 : 0858-3882-2708

#pahawang
#tegalmas
#tegalmasisland
#liburanlampung 
#viral 
#wisatategalmas
#palembang
#jakarta#lampung
#pringsewulampung
#bandarlampung
#sumsel#bandung
#jambi
#bengkulu#jaksel
#tenggerang#lamsel
#pesawaran
#hiling
#explorewisatalampung
#opentrippahawang #wisataindonesia
#wisatalampung
#indonesia",beach
https://www.instagram.com/p/C-z0fr6yGVD/,1395.jpg,2024-08-18 11:31:53,"Paket Trip Tanpa Minimal Peserta 😍🥳🥳

Paket Open Trip (Digabung) Jalan Setiap Weekend dan Hari Libur 🤩🥳🥳

Catat Jadwal Open Trip Pahawang 
Agustus :3, 4, 10, 11, 17, 18, 24, 31
September :1, 7, 8, 14, 15, 16, 21, 22, 28, 29

📍Meeting Point Dermaga Ketapang Lampung

Info Lebih Lanjut Bisa Hubungin
WhatsApp:📱0821-7858-6537

FASILITAS💯💯💯💯💯💯💯💯💯💯💯💯 

⛵Perahu 🚣Pelampung/Life Jacket
🏊Alat Snorkeling Lengkap 
🏥Asuransi Perjalanan Wisata
🚑P3K
📷Kamera Under Water (Bawah Laut) 
📹Kamera Up Water (Darat) 
🎬Dokumentasi Selama Trip
🍴Makan 🍻Air Minum
💸Tiket Masuk Jelajah Pulau
💶Tiket Masuk Spot Snorkeling
👦Tour Guide handal pengambilan foto
🚻Tempat Ganti baju

DESTINASI:
1.Pahawang Besar
2.Pahawang Kecil
3.Kelagian Besar
4.Kelagian kecil
5.Snorkeling Taman Nemo
6.Snorkeling Cukuh Bedil

#pahawang
#tegalmas
#tegalmasisland
#liburanlampung 
#viral 
#wisatategalmas
#palembang
#jakarta#lampung
#pringsewulampung
#bandarlampung
#sumsel#bandung
#jambi
#bengkulu#jaksel
#tenggerang#lamsel
#pesawaran
#hiling
#explorewisatalampung
#opentrippahawang #wisataindonesia
#wisatalampung
#indonesia
#dafiratravelindonesia",ice shelf
https://www.instagram.com/p/C-25UbGyXPb/,1396.jpg,2024-08-19 16:11:45,"Paket Trip Tanpa Minimal Peserta 😍🥳🥳

Paket Open Trip (Digabung) Jalan Setiap Weekend dan Hari Libur 🤩🥳🥳

Catat Jadwal Open Trip Pahawang 
Agustus :3, 4, 10, 11, 17, 18, 24, 31
September :1, 7, 8, 14, 15, 16, 21, 22, 28, 29

📍Meeting Point Dermaga Ketapang Lampung

Info Lebih Lanjut Bisa Hubungin
WhatsApp:📱0821-7858-6537

FASILITAS💯💯💯💯💯💯💯💯💯💯💯💯 

⛵Perahu 🚣Pelampung/Life Jacket
🏊Alat Snorkeling Lengkap 
🏥Asuransi Perjalanan Wisata
🚑P3K
📷Kamera Under Water (Bawah Laut) 
📹Kamera Up Water (Darat) 
🎬Dokumentasi Selama Trip
🍴Makan 🍻Air Minum
💸Tiket Masuk Jelajah Pulau
💶Tiket Masuk Spot Snorkeling
👦Tour Guide handal pengambilan foto
🚻Tempat Ganti baju

DESTINASI:
1.Pahawang Besar
2.Pahawang Kecil
3.Kelagian Besar
4.Kelagian kecil
5.Snorkeling Taman Nemo
6.Snorkeling Cukuh Bedil

#pahawang
#tegalmas
#tegalmasisland
#liburanlampung 
#viral 
#wisatategalmas
#palembang
#jakarta#lampung
#pringsewulampung
#bandarlampung
#sumsel#bandung
#jambi
#bengkulu#jaksel
#tenggerang#lamsel
#pesawaran
#hiling
#explorewisatalampung
#opentrippahawang #wisataindonesia
#wisatalampung
#indonesia
#dafiratravelindonesia",ice skating rink/outdoor
https://www.instagram.com/p/C7EjHUYSRmk/,1397.jpg,2024-05-17 13:21:31,"Pisss adekk 🤪 
Mimin Kasih Info Paket trip libur Lebaran kepulau pahawang hanya dengan 150rb perorangnya loh 😍😍kalian sudah bisa menikmati explore empat pulau yang ada di pahawang dan dua tempat Snorkling lho 😮😮

kapan lagi? bisa nikmati liburan murah dan sudah dapat fasilitas yang lengkap, ayo buruan ajak teman, keluarga atau pasangan mu untuk liburan ke pulau pahawang 😍😍

untuk Info lebih lengkap bisa langsung hubungi Contact Person :

Whatsapp 
0821-7858-6537

#pahawang
#tegalmas
#tegalmasisland
#liburanlampung 
#viral 
#wisatategalmas
#palembang
#jakarta#lampung
#pringsewulampung
#bandarlampung
#sumsel#bandung
#jambi
#bengkulu#jaksel
#tenggerang#lamsel
#pesawaran
#hiling
#explorewisatalampung
#opentrippahawang #wisataindonesia
#wisatalampung
#indonesia",swimming hole
https://www.instagram.com/p/CxgFoc9SMfS/,1398.jpg,2023-09-22 16:48:42,"Paket Trip Tampa Minimal
Peserta🥳🥳🥳🥳

1.Paket Open Trip (Gabung) 
 (khusus weekend) 

• open trip pahawang 150k/orang
• open trip tegal mas 230k/orang

2.Paket Privat Trip (Every Day) 
Paket ini sangat cocok sekali
untuk Family Trip,Gathering,
Honeymoon,dll.
Kamu dapat atur jadwal liburan 
sesuai Keinginan mu. 

• Privat Pahawang 
  Start From 170k/orang

• Privat Tegal Mas
  Start From 245k/orang

Harga menyesuaikan peserta. 
Semakin banyak peserta harga
semakin Murah🥰🥰
___________________________________
Meeting point dermaga 4 ketapang
___________________________________
Info lebih lengkap bisa langsung  hubungi :
📱:081928614064
___________________________________
Fasilitas :
 ⛵Kapal Eksplore Pulau dan Spot Snorkling.
🍛Makan 1x 
🥛Air Mineral.
🏊Alat Snorkling (Mask & Snorkel) 
👕Life Jacket (Pelampung).
🏷️Tiket Masuk Pulau Maupun Spot  Snorkling.
📷Camera Underwater.
💉P3K.
🕺Tour Guide
🖼️Dokumentasi Underwater.
🎞️Dokumentasi Upwater.

Destinasi :
- Pulau kelagian kecil
- Snorkeling Cuku Bedil
- SnorkelingTaman Nemo
- Pulau Pahawang Besar
- Pulau Pahawang Kecil
- Pulau Kelagian Besar
 ------------------------------------------------------------

#pahawang #pulaupahawang #pahawangisland
#pahawangislandlampung 
#tegalmas #tegalmasisland
#liburanlampung
#viral #wisatapahawanglampung 
#wisatategalmas#palembang
#jakarta#lampung
#pringsewulampung
#bandarlampung
#sumsel#bandung 
#jambi #bengkulu#jaksel 
#tenggerang#lamsel
#pesawaran#hiling
#explorewisatalampung
#opentrippahawang #wisataindonesia
#lampunggeh#explore
 #indonesia",lagoon
https://www.instagram.com/p/C_Z4v0NyR1u/,1399.jpg,2024-09-02 06:20:11,"Paket Trip Tanpa Minimal Peserta 😍🥳🥳

Paket Open Trip (Digabung) Jalan Setiap Weekend dan Hari Libur 🤩🥳🥳

Catat Jadwal Open Trip Pahawang 
Agustus :3, 4, 10, 11, 17, 18, 24, 31
September :1, 7, 8, 14, 15, 16, 21, 22, 28, 29

📍Meeting Point Dermaga Ketapang Lampung

Info Lebih Lanjut Bisa Hubungin
WhatsApp:📱0821-7858-6537

FASILITAS💯💯💯💯💯💯💯💯💯💯💯💯 

⛵Perahu 🚣Pelampung/Life Jacket
🏊Alat Snorkeling Lengkap 
🏥Asuransi Perjalanan Wisata
🚑P3K
📷Kamera Under Water (Bawah Laut) 
📹Kamera Up Water (Darat) 
🎬Dokumentasi Selama Trip
🍴Makan 🍻Air Minum
💸Tiket Masuk Jelajah Pulau
💶Tiket Masuk Spot Snorkeling
👦Tour Guide handal pengambilan foto
🚻Tempat Ganti baju

DESTINASI:
1.Pahawang Besar
2.Pahawang Kecil
3.Kelagian Besar
4.Kelagian kecil
5.Snorkeling Taman Nemo
6.Snorkeling Cukuh Bedil

#pahawang
#tegalmas
#tegalmasisland
#liburanlampung 
#viral 
#wisatategalmas
#palembang
#jakarta#lampung
#pringsewulampung
#bandarlampung
#sumsel#bandung
#jambi
#bengkulu#jaksel
#tenggerang#lamsel
#pesawaran
#hiling
#explorewisatalampung
#opentrippahawang #wisataindonesia
#wisatalampung
#indonesia
#dafiratravelindonesia",raft
https://www.instagram.com/p/DMMJ3Ygygri/,1400.jpg,2025-07-17 01:08:31,"Paket Trip Tanpa Minimal
Peserta🥳🥳🥳🥳

1.Paket Open Trip (Gabung) 
 (khusus weekend) 
 
 • Open Trip Pahawang 150k/orang
 • Open trip wayang 550k/orang

(Meeting point dermaga 4 ketapang) 

2.Paket Privat Trip (Every Day) 
Paket ini sangat cocok sekali
untuk Family Trip,Gathering,
Honeymoon,dll.
Kamu dapat atur jadwal liburan 
sesuai Keinginan mu. 

• Privat Pulau Pahawang 
  Start From 170k/orang

• Privat Pulau Tegal Mas
  Start From 245k/orang

•Privat Pulau Wayang
 Start From 550k/orang

•Privat Teluk Kiluan
 Start from 400k/orang

Harga menyesuaikan peserta. 
Semakin banyak peserta harga
semakin Murah Per Orangnyaa🥰🥰
___________________________________
Meeting point dermaga 4 ketapang
___________________________________
Info lebih lengkap bisa langsung
hubungi :📱:0819-2861-4064
___________________________________
Fasilitas :
 ⛵Kapal Eksplore Pulau dan Spot Snorkling.
🍛Makan 1x 
🥛Air Mineral.
🏊Alat Snorkling (Mask & Snorkel) 
👕Life Jacket (Pelampung).
🏷️Tiket Masuk Pulau Maupun Spot  Snorkling.
📷Camera Underwater.
💉P3K.
🕺Tour Guide
👫Jodoh Bila Beruntung
🖼️Dokumentasi Underwater.
🎞️Dokumentasi Upwater.

-------------------------------------------------
#pahawang #pulaupahawang #pahawangisland 
#pahawangislandlampung 
#tegalmas #pulauwayang
 #telukkiluan #telukhantu
 #opentrip #viral 
#wisatapahawanglampung
 #palembang #pulauwayanglampung
#jakarta #lampung 
#pringsewulampung 
#bandarlampung 
#sumsel #bandung 
#jambi #bengkulu #jaksel 
#tenggerang #lamsel 
#pesawaran
#explorewisatalampung 
#opentrippahawang 
#lampunggeh #fyp 
 #indonesia",lagoon
https://www.instagram.com/p/C7EidHwy2Ii/,1401.jpg,2024-05-17 13:15:45,"Mimin Kasih Info Paket trip libur Lebaran kepulau pahawang hanya dengan 150rb perorangnya loh 😍😍kalian sudah bisa menikmati explore empat pulau yang ada di pahawang dan dua tempat Snorkling lho 😮😮

kapan lagi? bisa nikmati liburan murah dan sudah dapat fasilitas yang lengkap, ayo buruan ajak teman, keluarga atau pasangan mu untuk liburan ke pulau pahawang 😍😍

untuk Info lebih lengkap bisa langsung hubungi Contact Person :

Whatsapp 
0821-7858-6537

#pahawang
#tegalmas
#tegalmasisland
#liburanlampung 
#viral 
#wisatategalmas
#palembang
#jakarta#lampung
#pringsewulampung
#bandarlampung
#sumsel#bandung
#jambi
#bengkulu#jaksel
#tenggerang#lamsel
#pesawaran
#hiling
#explorewisatalampung
#opentrippahawang #wisataindonesia
#wisatalampung
#indonesia",raft
https://www.instagram.com/p/C6nelrlSD4q/,1402.jpg,2024-05-06 06:24:00,"Mimin Kasih Info Paket trip libur Lebaran kepulau pahawang hanya dengan 150rb perorangnya loh 😍😍kalian sudah bisa menikmati explore empat pulau yang ada di pahawang dan dua tempat Snorkling lho 😮😮

kapan lagi? bisa nikmati liburan murah dan sudah dapat fasilitas yang lengkap, ayo buruan ajak teman, keluarga atau pasangan mu untuk liburan ke pulau pahawang 😍😍

untuk Info lebih lengkap bisa langsung hubungi Contact Person :

Whatsapp 
Admin 1 : 0821-7858-6537
Admin 2 : 0858-3882-2708

#pahawang
#tegalmas
#tegalmasisland
#liburanlampung 
#viral 
#wisatategalmas
#palembang
#jakarta#lampung
#pringsewulampung
#bandarlampung
#sumsel#bandung
#jambi
#bengkulu#jaksel
#tenggerang#lamsel
#pesawaran
#hiling
#explorewisatalampung
#opentrippahawang #wisataindonesia
#wisatalampung
#indonesia",restaurant patio
https://www.instagram.com/p/DHNvOM3T7TP/,1403.jpg,2025-03-15 09:17:13,"Paket Trip Tanpa Minimal
Peserta🥳🥳🥳🥳

1.Paket Open Trip (Gabung) 
 (khusus weekend) 
 
 • Open Trip Pahawang 150k/orang
 • Open trip wayang 500k/orang

(Meeting point dermaga 4 ketapang) 

2.Paket Privat Trip (Every Day) 
Paket ini sangat cocok sekali
untuk Family Trip,Gathering,
Honeymoon,dll.
Kamu dapat atur jadwal liburan 
sesuai Keinginan mu. 

• Privat Pulau Pahawang 
  Start From 170k/orang

• Privat Pulau Tegal Mas
  Start From 245k/orang

•Privat Pulau Wayang
 Start From 550k/orang

•Privat Teluk Kiluan
 Start from 400k/orang

Harga menyesuaikan peserta. 
Semakin banyak peserta harga
semakin Murah Per Orangnyaa🥰🥰
___________________________________
Meeting point dermaga 4 ketapang
___________________________________
Info lebih lengkap bisa langsung
hubungi :📱:0819-2861-4064
___________________________________
Fasilitas :
 ⛵Kapal Eksplore Pulau dan Spot Snorkling.
🍛Makan 1x 
🥛Air Mineral.
🏊Alat Snorkling (Mask & Snorkel) 
👕Life Jacket (Pelampung).
🏷️Tiket Masuk Pulau Maupun Spot  Snorkling.
📷Camera Underwater.
💉P3K.
🕺Tour Guide
👫Jodoh Bila Beruntung
🖼️Dokumentasi Underwater.
🎞️Dokumentasi Upwater.

-------------------------------------------------
#pahawang #pulaupahawang #pahawangisland 
#pahawangislandlampung 
#tegalmas #pulauwayang
 #telukkiluan #telukhantu
 #opentrip #viral 
#wisatapahawanglampung
 #palembang #pulauwayanglampung
#jakarta #lampung 
#pringsewulampung 
#bandarlampung 
#sumsel #bandung 
#jambi #bengkulu #jaksel 
#tenggerang #lamsel 
#pesawaran
#explorewisatalampung 
#opentrippahawang 
#lampunggeh #fyp 
 #indonesia",raft
https://www.instagram.com/p/C7Ei5MVyHpc/,1404.jpg,2024-05-17 13:19:35,"Mimin Kasih Info Paket trip libur Lebaran kepulau pahawang hanya dengan 150rb perorangnya loh 😍😍kalian sudah bisa menikmati explore empat pulau yang ada di pahawang dan dua tempat Snorkling lho 😮😮

kapan lagi? bisa nikmati liburan murah dan sudah dapat fasilitas yang lengkap, ayo buruan ajak teman, keluarga atau pasangan mu untuk liburan ke pulau pahawang 😍😍

untuk Info lebih lengkap bisa langsung hubungi Contact Person :

Whatsapp 
0821-7858-6537

#pahawang
#tegalmas
#tegalmasisland
#liburanlampung 
#viral 
#wisatategalmas
#palembang
#jakarta#lampung
#pringsewulampung
#bandarlampung
#sumsel#bandung
#jambi
#bengkulu#jaksel
#tenggerang#lamsel
#pesawaran
#hiling
#explorewisatalampung
#opentrippahawang #wisataindonesia
#wisatalampung
#indonesia",park
https://www.instagram.com/p/C9Xlvy3y3Qk/,1405.jpg,2024-07-13 15:52:53,"Mimin Kasih Info Paket trip libur Lebaran kepulau pahawang hanya dengan 150rb perorangnya loh 😍😍kalian sudah bisa menikmati explore empat pulau yang ada di pahawang dan dua tempat Snorkling lho 😮😮

kapan lagi? bisa nikmati liburan murah dan sudah dapat fasilitas yang lengkap, ayo buruan ajak teman, keluarga atau pasangan mu untuk liburan ke pulau pahawang 😍😍

Catat tanggal liburan kalian 🤩
Juli :6, 7, 13, 14, 20, 21, 27, 28
Agustus :3, 4, 10, 11, 17, 18, 24, 31
September :1, 7, 8, 14, 15, 16, 21, 22, 28, 29

untuk Info lebih lengkap bisa langsung hubungi Contact Person :

Whatsapp 
0821-7858-6537

#pahawang
#tegalmas
#tegalmasisland
#liburanlampung 
#viral 
#wisatategalmas
#palembang
#jakarta#lampung
#pringsewulampung
#bandarlampung
#sumsel#bandung
#jambi
#bengkulu#jaksel
#tenggerang#lamsel
#pesawaran
#hiling
#explorewisatalampung
#opentrippahawang #wisataindonesia
#wisatalampung
#indonesia
#dafiratravelindonesia",desert/vegetation
https://www.instagram.com/p/C9ixb-cypSy/,1406.jpg,2024-07-18 00:06:41,"Mimin Kasih Info Paket trip libur Lebaran kepulau pahawang hanya dengan 150rb perorangnya loh 😍😍kalian sudah bisa menikmati explore empat pulau yang ada di pahawang dan dua tempat Snorkling lho 😮😮

kapan lagi? bisa nikmati liburan murah dan sudah dapat fasilitas yang lengkap, ayo buruan ajak teman, keluarga atau pasangan mu untuk liburan ke pulau pahawang 😍😍

Catat tanggal liburan kalian 🤩
Juli :6, 7, 13, 14, 20, 21, 27, 28
Agustus :3, 4, 10, 11, 17, 18, 24, 31
September :1, 7, 8, 14, 15, 16, 21, 22, 28, 29

untuk Info lebih lengkap bisa langsung hubungi Contact Person :

Whatsapp 
0821-7858-6537

#pahawang
#tegalmas
#tegalmasisland
#liburanlampung 
#viral 
#wisatategalmas
#palembang
#jakarta#lampung
#pringsewulampung
#bandarlampung
#sumsel#bandung
#jambi
#bengkulu#jaksel
#tenggerang#lamsel
#pesawaran
#hiling
#explorewisatalampung
#opentrippahawang #wisataindonesia
#wisatalampung
#indonesia
#dafiratravelindonesia",swimming hole
https://www.instagram.com/p/C8mV6k9yfue/,1407.jpg,2024-06-24 12:51:45,"Mimin Kasih Info Paket trip libur Lebaran kepulau pahawang hanya dengan 150rb perorangnya loh 😍😍kalian sudah bisa menikmati explore empat pulau yang ada di pahawang dan dua tempat Snorkling lho 😮😮

kapan lagi? bisa nikmati liburan murah dan sudah dapat fasilitas yang lengkap, ayo buruan ajak teman, keluarga atau pasangan mu untuk liburan ke pulau pahawang 😍😍

Catat tanggal liburan kalian 🤩
Juni :15, 16 , 17, 18, 22, 23, 29, 30
Juli :6, 7, 13, 14, 20, 21, 27, 28
Agustus :3, 4, 10, 11, 17, 18, 24, 31

untuk Info lebih lengkap bisa langsung hubungi Contact Person :

Whatsapp 
0821-7858-6537

#pahawang
#tegalmas
#tegalmasisland
#liburanlampung 
#viral 
#wisatategalmas
#palembang
#jakarta#lampung
#pringsewulampung
#bandarlampung
#sumsel#bandung
#jambi
#bengkulu#jaksel
#tenggerang#lamsel
#pesawaran
#hiling
#explorewisatalampung
#opentrippahawang #wisataindonesia
#wisatalampung
#indonesia",underwater/ocean deep
https://www.instagram.com/p/C8Rf-g3SGJQ/,1408.jpg,2024-06-16 10:35:37,"Mimin Kasih Info Paket trip libur Lebaran kepulau pahawang hanya dengan 150rb perorangnya loh 😍😍kalian sudah bisa menikmati explore empat pulau yang ada di pahawang dan dua tempat Snorkling lho 😮😮

kapan lagi? bisa nikmati liburan murah dan sudah dapat fasilitas yang lengkap, ayo buruan ajak teman, keluarga atau pasangan mu untuk liburan ke pulau pahawang 😍😍

Catat tanggal liburan kalian 🤩
Juni :15, 16 , 17, 18, 22, 23, 29, 30
Juli :6, 7, 13, 14, 20, 21, 27, 28
Agustus :3, 4, 10, 11, 17, 18, 24, 31

untuk Info lebih lengkap bisa langsung hubungi Contact Person :

Whatsapp 
0821-7858-6537

#pahawang
#tegalmas
#tegalmasisland
#liburanlampung 
#viral 
#wisatategalmas
#palembang
#jakarta#lampung
#pringsewulampung
#bandarlampung
#sumsel#bandung
#jambi
#bengkulu#jaksel
#tenggerang#lamsel
#pesawaran
#hiling
#explorewisatalampung
#opentrippahawang #wisataindonesia
#wisatalampung
#indonesia",lagoon
https://www.instagram.com/p/C8Cp6bcP6J-/,1409.jpg,2024-06-10 16:13:50,"Paket Trip Tampa Minimal
Peserta🥳🥳🥳🥳

1.Paket Open Trip (Gabung) 
 (khusus weekend) 

• open trip pahawang 150k/orang
• open trip tegal mas 230k/orang

2.Paket Privat Trip (Every Day) 
Paket ini sangat cocok sekali
untuk Family Trip,Gathering,
Honeymoon,dll.
Kamu dapat atur jadwal liburan 
sesuai Keinginan mu. 

• Privat Pahawang 
  Start From 170k/orang

• Privat Tegal Mas
  Start From 245k/orang

Harga menyesuaikan peserta. 
Semakin banyak peserta harga
semakin Murah🥰🥰
___________________________________
Meeting point dermaga 4 ketapang
___________________________________
Info lebih lengkap bisa langsung  hubungi :
📱:081928614064
___________________________________
Fasilitas :
 ⛵Kapal Eksplore Pulau dan Spot Snorkling.
🍛Makan 1x 
🥛Air Mineral.
🏊Alat Snorkling (Mask & Snorkel) 
👕Life Jacket (Pelampung).
🏷️Tiket Masuk Pulau Maupun Spot  Snorkling.
📷Camera Underwater.
💉P3K.
🕺Tour Guide
🖼️Dokumentasi Underwater.
🎞️Dokumentasi Upwater.

Destinasi :
- Pulau kelagian kecil
- Snorkeling Cuku Bedil
- SnorkelingTaman Nemo
- Pulau Pahawang Besar
- Pulau Pahawang Kecil
- Pulau Kelagian Besar
 ------------------------------------------------------------

#pahawang #pulaupahawang #pahawangisland
#pahawangislandlampung 
#tegalmas #tegalmasisland
#liburanlampung #wisatapahawanglampung 
#wisatategalmas#palembang
#jakarta#lampung
#pringsewulampung
#bandarlampung
#sumsel#bandung 
#jambi #bengkulu#jaksel 
#tenggerang#lamsel
#pesawaran#hiling
#explorewisatalampung
#opentrippahawang #wisatalampung
#lff #lb#lfl
#indonesia",beach
https://www.instagram.com/p/C4xPuDDvicH/,1410.jpg,2024-03-21 08:23:41,"Paket Trip Tanpa Minimal
Peserta🥳🥳🥳🥳

1.Paket Open Trip (Gabung) 
 (khusus weekend) 
 
Jadwal open trip pahawang
April :11,12,13,14,15,20,21,27,28 
Mei :4,5,9,10,11,12,18,19,23,24,25,26
Juni :1,2,8,9,15,16,17,18,22,23,29,30

• open trip pahawang 150k/orang

(Meeting point dermaga 4 ketapang) 

2.Paket Privat Trip (Every Day) 
Paket ini sangat cocok sekali
untuk Family Trip,Gathering,
Honeymoon,dll.
Kamu dapat atur jadwal liburan 
sesuai Keinginan mu. 

• Privat Pahawang 
  Start From 170k/orang

• Privat Tegal Mas
  Start From 245k/orang

(Harga berlaku untuk 16-20 peserta) 

Harga menyesuaikan peserta. 
Semakin banyak peserta harga
semakin Murah🥰🥰
___________________________________
Meeting point dermaga 4 ketapang
___________________________________
Info lebih lengkap bisa langsung
hubungi :📱:0819-2861-4064
___________________________________
Fasilitas :
 ⛵Kapal Eksplore Pulau dan Spot Snorkling.
🍛Makan 1x 
🥛Air Mineral.
🏊Alat Snorkling (Mask & Snorkel) 
👕Life Jacket (Pelampung).
🏷️Tiket Masuk Pulau Maupun Spot  Snorkling.
📷Camera Underwater.
💉P3K.
🕺Tour Guide
🖼️Dokumentasi Underwater.
🎞️Dokumentasi Upwater.

Destinasi :
- Pulau kelagian kecil
- Snorkeling Cuku Bedil
- SnorkelingTaman Nemo
- Pulau Pahawang Besar
- Pulau Pahawang Kecil
- Pulau Kelagian Besar
 -------------------------------------------------
#pahawang #pulaupahawang #pahawangisland 
#pahawangislandlampung 
#pahawangmurah #tegalmas 
 #tegalmasisland 
#liburanlampung 
#viral #wisatapahawanglampung 
#wisatategalmas #palembang 
#jakarta #lampung 
#pringsewulampung 
#bandarlampung 
#sumsel #bandung 
#jambi #bengkulu #jaksel 
#tenggerang #lamsel 
#pesawaran #hiling 
#explorewisatalampung 
#opentrippahawang #wisataindonesia 
#lampunggeh 
 #indonesia",beach
https://www.instagram.com/p/C9SJcVuSMDZ/,1411.jpg,2024-07-11 13:09:21,"Mimin Kasih Info Paket trip libur Lebaran kepulau pahawang hanya dengan 150rb perorangnya loh 😍😍kalian sudah bisa menikmati explore empat pulau yang ada di pahawang dan dua tempat Snorkling lho 😮😮

kapan lagi? bisa nikmati liburan murah dan sudah dapat fasilitas yang lengkap, ayo buruan ajak teman, keluarga atau pasangan mu untuk liburan ke pulau pahawang 😍😍

Catat tanggal liburan kalian 🤩
Juli :6, 7, 13, 14, 20, 21, 27, 28
Agustus :3, 4, 10, 11, 17, 18, 24, 31
September :1, 7, 8, 14, 15, 16, 21, 22, 28, 29

untuk Info lebih lengkap bisa langsung hubungi Contact Person :

Whatsapp 
0821-7858-6537

#pahawang
#tegalmas
#tegalmasisland
#liburanlampung 
#viral 
#wisatategalmas
#palembang
#jakarta#lampung
#pringsewulampung
#bandarlampung
#sumsel#bandung
#jambi
#bengkulu#jaksel
#tenggerang#lamsel
#pesawaran
#hiling
#explorewisatalampung
#opentrippahawang #wisataindonesia
#wisatalampung
#indonesia
#dafiratravelindonesia",iceberg
https://www.instagram.com/p/C7yEvkJSZZu/,1412.jpg,2024-06-04 05:41:12,"Mimin Kasih Info Paket trip libur Lebaran kepulau pahawang hanya dengan 150rb perorangnya loh 😍😍kalian sudah bisa menikmati explore empat pulau yang ada di pahawang dan dua tempat Snorkling lho 😮😮

kapan lagi? bisa nikmati liburan murah dan sudah dapat fasilitas yang lengkap, ayo buruan ajak teman, keluarga atau pasangan mu untuk liburan ke pulau pahawang 😍😍

Catat tanggal liburan kalian 🤩
Mei : 18,19,23,24,25,26
Juni : 1,2,8,9,15,16,17,18,22,23,29,30

untuk Info lebih lengkap bisa langsung hubungi Contact Person :

Whatsapp 
0821-7858-6537

#pahawang
#tegalmas
#tegalmasisland
#liburanlampung 
#viral 
#wisatategalmas
#palembang
#jakarta#lampung
#pringsewulampung
#bandarlampung
#sumsel#bandung
#jambi
#bengkulu#jaksel
#tenggerang#lamsel
#pesawaran
#hiling
#explorewisatalampung
#opentrippahawang #wisataindonesia
#wisatalampung
#indonesia",underwater/ocean deep
https://www.instagram.com/p/C_ExCuXyvnW/,1413.jpg,2024-08-25 01:28:48,"Paket Trip Tampa Minimal
Peserta🥳🥳🥳🥳

1.Paket Open Trip (Gabung) 
 (khusus weekend) 

• open trip pahawang 150k/orang
• open trip tegal mas 230k/orang

2.Paket Privat Trip (Every Day) 
Paket ini sangat cocok sekali
untuk Family Trip,Gathering,
Honeymoon,dll.
Kamu dapat atur jadwal liburan 
sesuai Keinginan mu. 

• Privat Pahawang 
  Start From 170k/orang

• Privat Tegal Mas
  Start From 245k/orang

Harga menyesuaikan peserta. 
Semakin banyak peserta harga
semakin Murah🥰🥰
___________________________________
Meeting point dermaga 4 ketapang
___________________________________
Info lebih lengkap bisa langsung  hubungi :
📱:081928614064
___________________________________
Fasilitas :
 ⛵Kapal Eksplore Pulau dan Spot Snorkling.
🍛Makan 1x 
🥛Air Mineral.
🏊Alat Snorkling (Mask & Snorkel) 
👕Life Jacket (Pelampung).
🏷️Tiket Masuk Pulau Maupun Spot  Snorkling.
📷Camera Underwater.
💉P3K.
🕺Tour Guide
🖼️Dokumentasi Underwater.
🎞️Dokumentasi Upwater.

Destinasi :
- Pulau kelagian kecil
- Snorkeling Cuku Bedil
- SnorkelingTaman Nemo
- Pulau Pahawang Besar
- Pulau Pahawang Kecil
- Pulau Kelagian Besar
 ------------------------------------------------------------

#pahawang #pulaupahawang #pahawangisland
#pahawangislandlampung 
#tegalmas #tegalmasisland
#liburanlampung #wisatapahawanglampung 
#wisatategalmas#palembang
#jakarta#lampung
#pringsewulampung
#bandarlampung
#sumsel#bandung 
#jambi #bengkulu#jaksel 
#tenggerang#lamsel
#pesawaran#hiling
#explorewisatalampung
#opentrippahawang #wisatalampung
#lff #lb#lfl
#indonesia",lagoon
https://www.instagram.com/p/C7yFoTwybs2/,1414.jpg,2024-06-04 05:48:57,"Mimin Kasih Info Paket trip libur Lebaran kepulau pahawang hanya dengan 150rb perorangnya loh 😍😍kalian sudah bisa menikmati explore empat pulau yang ada di pahawang dan dua tempat Snorkling lho 😮😮

kapan lagi? bisa nikmati liburan murah dan sudah dapat fasilitas yang lengkap, ayo buruan ajak teman, keluarga atau pasangan mu untuk liburan ke pulau pahawang 😍😍

Catat tanggal liburan kalian 🤩
Mei : 18,19,23,24,25,26
Juni : 1,2,8,9,15,16,17,18,22,23,29,30

untuk Info lebih lengkap bisa langsung hubungi Contact Person :

Whatsapp 
0821-7858-6537

#pahawang
#tegalmas
#tegalmasisland
#liburanlampung 
#viral 
#wisatategalmas
#palembang
#jakarta#lampung
#pringsewulampung
#bandarlampung
#sumsel#bandung
#jambi
#bengkulu#jaksel
#tenggerang#lamsel
#pesawaran
#hiling
#explorewisatalampung
#opentrippahawang #wisataindonesia
#wisatalampung
#indonesia",park
https://www.instagram.com/p/DGif3JKJUG4/,1415.jpg,2025-02-26 14:15:39,"Paket Trip Tanpa Minimal
Peserta🥳🥳🥳🥳

1.Paket Open Trip (Gabung) 
 (khusus weekend) 
 
 • Open Trip Pahawang 150k/orang
 • Open trip wayang 500k/orang

(Meeting point dermaga 4 ketapang) 

2.Paket Privat Trip (Every Day) 
Paket ini sangat cocok sekali
untuk Family Trip,Gathering,
Honeymoon,dll.
Kamu dapat atur jadwal liburan 
sesuai Keinginan mu. 

• Privat Pulau Pahawang 
  Start From 170k/orang

• Privat Pulau Tegal Mas
  Start From 245k/orang

•Privat Pulau Wayang
 Start From 550k/orang

•Privat Teluk Kiluan
 Start from 400k/orang

Harga menyesuaikan peserta. 
Semakin banyak peserta harga
semakin Murah Per Orangnyaa🥰🥰
___________________________________
Meeting point dermaga 4 ketapang
___________________________________
Info lebih lengkap bisa langsung
hubungi :📱:0819-2861-4064
___________________________________
Fasilitas :
 ⛵Kapal Eksplore Pulau dan Spot Snorkling.
🍛Makan 1x 
🥛Air Mineral.
🏊Alat Snorkling (Mask & Snorkel) 
👕Life Jacket (Pelampung).
🏷️Tiket Masuk Pulau Maupun Spot  Snorkling.
📷Camera Underwater.
💉P3K.
🕺Tour Guide
👫Jodoh Bila Beruntung
🖼️Dokumentasi Underwater.
🎞️Dokumentasi Upwater.

-------------------------------------------------
#pahawang #pulaupahawang #pahawangisland 
#pahawangislandlampung 
#tegalmas #pulauwayang
 #telukkiluan #telukhantu
 #opentrip #viral 
#wisatapahawanglampung
 #palembang #pulauwayanglampung
#jakarta #lampung 
#pringsewulampung 
#bandarlampung 
#sumsel #bandung 
#jambi #bengkulu #jaksel 
#tenggerang #lamsel 
#pesawaran
#explorewisatalampung 
#opentrippahawang 
#lampunggeh #fyp 
 #indonesia",lagoon
https://www.instagram.com/p/C6KJ582yV_k/,1416.jpg,2024-04-24 21:05:17,"Mimin Kasih Info Paket trip libur Lebaran kepulau pahawang hanya dengan 150rb perorangnya loh 😍😍kalian sudah bisa menikmati explore empat pulau yang ada di pahawang dan dua tempat Snorkling lho 😮😮

kapan lagi? bisa nikmati liburan murah dan sudah dapat fasilitas yang lengkap, ayo buruan ajak teman, keluarga atau pasangan mu untuk liburan ke pulau pahawang 😍😍

untuk Info lebih lengkap bisa langsung hubungi Contact Person :

Whatsapp 
Admin 1 : 0821-7858-6537
Admin 2 : 0858-3882-2708

#pahawang
#tegalmas
#tegalmasisland
#liburanlampung 
#viral 
#wisatategalmas
#palembang
#jakarta#lampung
#pringsewulampung
#bandarlampung
#sumsel#bandung
#jambi
#bengkulu#jaksel
#tenggerang#lamsel
#pesawaran
#hiling
#explorewisatalampung
#opentrippahawang #wisataindonesia
#wisatalampung
#indonesia",boat deck
https://www.instagram.com/p/C-u3IRMPA7H/,1417.jpg,2024-08-16 13:18:42,"Paket Trip Tanpa Minimal
Peserta🥳🥳🥳🥳

1.Paket Open Trip (Gabung) 
 (khusus weekend) 
 • Open Trip Pahawang 150k/orang
 • Open Trip Tegal Mas 230k/orang
(Meeting point dermaga 4 ketapang) 

2.Paket Privat Trip (Every Day) 
Paket ini sangat cocok sekali
untuk Family Trip,Gathering,
Honeymoon,dll.
Kamu dapat atur jadwal liburan 
sesuai Keinginan mu. 

• Privat Pahawang 
  Start From 170k/orang

• Privat Tegal Mas
  Start From 245k/orang

(Harga berlaku untuk 16-20 peserta) 

Harga menyesuaikan peserta. 
Semakin banyak peserta harga
semakin Murah🥰🥰
___________________________________
Meeting point dermaga 4 ketapang
___________________________________
Info lebih lengkap bisa langsung
hubungi :📱:0819-2861-4064
___________________________________
Fasilitas :
 ⛵Kapal Eksplore Pulau dan Spot Snorkling.
🍛Makan 1x 
🥛Air Mineral.
🏊Alat Snorkling (Mask & Snorkel) 
👕Life Jacket (Pelampung).
🏷️Tiket Masuk Pulau Maupun Spot  Snorkling.
📷Camera Underwater.
💉P3K.
🕺Tour Guide
🖼️Dokumentasi Underwater.
🎞️Dokumentasi Upwater.

Destinasi :
- Pulau kelagian kecil
- Snorkeling Cuku Bedil
- SnorkelingTaman Nemo
- Pulau Pahawang Besar
- Pulau Pahawang Kecil
- Pulau Kelagian Besar
 -------------------------------------------------
#pahawang #pulaupahawang #pahawangisland 
#pahawangislandlampung 
#pahawangmurah #tegalmas 
 #tegalmasisland 
#liburanlampung 
#viral #wisatapahawanglampung 
#wisatategalmas #palembang 
#jakarta #lampung 
#pringsewulampung 
#bandarlampung 
#sumsel #bandung 
#jambi #bengkulu #jaksel 
#tenggerang #lamsel 
#pesawaran
#explorewisatalampung 
#opentrippahawang #wisataindonesia 
#lampunggeh #fyp 
 #indonesia",water park
https://www.instagram.com/p/C9Z6fe4yKSW/,1418.jpg,2024-07-14 13:32:38,"Mimin Kasih Info Paket trip libur Lebaran kepulau pahawang hanya dengan 150rb perorangnya loh 😍😍kalian sudah bisa menikmati explore empat pulau yang ada di pahawang dan dua tempat Snorkling lho 😮😮

kapan lagi? bisa nikmati liburan murah dan sudah dapat fasilitas yang lengkap, ayo buruan ajak teman, keluarga atau pasangan mu untuk liburan ke pulau pahawang 😍😍

Catat tanggal liburan kalian 🤩
Juli :6, 7, 13, 14, 20, 21, 27, 28
Agustus :3, 4, 10, 11, 17, 18, 24, 31
September :1, 7, 8, 14, 15, 16, 21, 22, 28, 29

untuk Info lebih lengkap bisa langsung hubungi Contact Person :

Whatsapp 
0821-7858-6537

#pahawang
#tegalmas
#tegalmasisland
#liburanlampung 
#viral 
#wisatategalmas
#palembang
#jakarta#lampung
#pringsewulampung
#bandarlampung
#sumsel#bandung
#jambi
#bengkulu#jaksel
#tenggerang#lamsel
#pesawaran
#hiling
#explorewisatalampung
#opentrippahawang #wisataindonesia
#wisatalampung
#indonesia
#dafiratravelindonesia",ice shelf
https://www.instagram.com/p/DOyh2sWj4oI/,1419.jpg,2025-09-19 15:52:04,"Paket Trip Tanpa Minimal
Peserta🥳🥳🥳🥳

1.Paket Open Trip (Gabung) 
 (khusus weekend) 
 
 • Open Trip Pahawang 150k/orang
 • Open trip wayang 550k/orang

(Meeting point dermaga 4 ketapang) 

2.Paket Privat Trip (Every Day) 
Paket ini sangat cocok sekali
untuk Family Trip,Gathering,
Honeymoon,dll.
Kamu dapat atur jadwal liburan 
sesuai Keinginan mu. 

• Privat Pulau Pahawang 
  Start From 170k/orang

• Privat Pulau Tegal Mas
  Start From 245k/orang

•Privat Pulau Wayang
 Start From 550k/orang

•Privat Teluk Kiluan
 Start from 400k/orang

Harga menyesuaikan peserta. 
Semakin banyak peserta harga
semakin Murah Per Orangnyaa🥰🥰
___________________________________
Meeting point dermaga 4 ketapang
___________________________________
Info lebih lengkap bisa langsung
hubungi :📱:0819-2861-4064
___________________________________
Fasilitas :
 ⛵Kapal Eksplore Pulau dan Spot Snorkling.
🍛Makan 1x 
🥛Air Mineral.
🏊Alat Snorkling (Mask & Snorkel) 
👕Life Jacket (Pelampung).
🏷️Tiket Masuk Pulau Maupun Spot  Snorkling.
📷Camera Underwater.
💉P3K.
🕺Tour Guide
👫Jodoh Bila Beruntung
🖼️Dokumentasi Underwater.
🎞️Dokumentasi Upwater.

-------------------------------------------------
#pahawang #pulaupahawang #pahawangisland 
#pahawangislandlampung 
#tegalmas #pulauwayang
 #telukkiluan #telukhantu
 #opentrip #viral 
#wisatapahawanglampung
 #palembang #pulauwayanglampung
#jakarta #lampung 
#pringsewulampung 
#bandarlampung 
#sumsel #bandung 
#jambi #bengkulu #jaksel 
#tenggerang #lamsel 
#pesawaran
#explorewisatalampung 
#opentrippahawang 
#lampunggeh #fyp 
 #indonesia",boat deck
https://www.instagram.com/p/C8-60rKSRg_/,1420.jpg,2024-07-04 01:56:02,"Mimin Kasih Info Paket trip libur Lebaran kepulau pahawang hanya dengan 150rb perorangnya loh 😍😍kalian sudah bisa menikmati explore empat pulau yang ada di pahawang dan dua tempat Snorkling lho 😮😮

kapan lagi? bisa nikmati liburan murah dan sudah dapat fasilitas yang lengkap, ayo buruan ajak teman, keluarga atau pasangan mu untuk liburan ke pulau pahawang 😍😍

Catat tanggal liburan kalian 🤩
Juli :6, 7, 13, 14, 20, 21, 27, 28
Agustus :3, 4, 10, 11, 17, 18, 24, 31
September :1, 7, 8, 14, 15, 16, 21, 22, 28, 29

untuk Info lebih lengkap bisa langsung hubungi Contact Person :

Whatsapp 
0821-7858-6537

#pahawang
#tegalmas
#tegalmasisland
#liburanlampung 
#viral 
#wisatategalmas
#palembang
#jakarta#lampung
#pringsewulampung
#bandarlampung
#sumsel#bandung
#jambi
#bengkulu#jaksel
#tenggerang#lamsel
#pesawaran
#hiling
#explorewisatalampung
#opentrippahawang #wisataindonesia
#wisatalampung
#indonesia
#dafiratravelindonesia",bullring
https://www.instagram.com/p/C6WofFRSw7R/,1421.jpg,2024-04-29 17:23:23,"Mimin Kasih Info Paket trip libur Lebaran kepulau pahawang hanya dengan 150rb perorangnya loh 😍😍kalian sudah bisa menikmati explore empat pulau yang ada di pahawang dan dua tempat Snorkling lho 😮😮

kapan lagi? bisa nikmati liburan murah dan sudah dapat fasilitas yang lengkap, ayo buruan ajak teman, keluarga atau pasangan mu untuk liburan ke pulau pahawang 😍😍

untuk Info lebih lengkap bisa langsung hubungi Contact Person :

Whatsapp 
Admin 1 : 0821-7858-6537
Admin 2 : 0858-3882-2708

#pahawang
#tegalmas
#tegalmasisland
#liburanlampung 
#viral 
#wisatategalmas
#palembang
#jakarta#lampung
#pringsewulampung
#bandarlampung
#sumsel#bandung
#jambi
#bengkulu#jaksel
#tenggerang#lamsel
#pesawaran
#hiling
#explorewisatalampung
#opentrippahawang #wisataindonesia
#wisatalampung
#indonesia",lagoon
https://www.instagram.com/p/DJpwlmXTIyH/,1422.jpg,2025-05-14 23:30:40,"Paket Trip Tanpa Minimal
Peserta🥳🥳🥳🥳

1.Paket Open Trip (Gabung) 
 (khusus weekend) 
 
 • Open Trip Pahawang 150k/orang
 • Open trip wayang 550k/orang

(Meeting point dermaga 4 ketapang) 

2.Paket Privat Trip (Every Day) 
Paket ini sangat cocok sekali
untuk Family Trip,Gathering,
Honeymoon,dll.
Kamu dapat atur jadwal liburan 
sesuai Keinginan mu. 

• Privat Pulau Pahawang 
  Start From 170k/orang

• Privat Pulau Tegal Mas
  Start From 245k/orang

•Privat Pulau Wayang
 Start From 550k/orang

•Privat Teluk Kiluan
 Start from 400k/orang

Harga menyesuaikan peserta. 
Semakin banyak peserta harga
semakin Murah Per Orangnyaa🥰🥰
___________________________________
Meeting point dermaga 4 ketapang
___________________________________
Info lebih lengkap bisa langsung
hubungi :📱:0819-2861-4064
___________________________________
Fasilitas :
 ⛵Kapal Eksplore Pulau dan Spot Snorkling.
🍛Makan 1x 
🥛Air Mineral.
🏊Alat Snorkling (Mask & Snorkel) 
👕Life Jacket (Pelampung).
🏷️Tiket Masuk Pulau Maupun Spot  Snorkling.
📷Camera Underwater.
💉P3K.
🕺Tour Guide
👫Jodoh Bila Beruntung
🖼️Dokumentasi Underwater.
🎞️Dokumentasi Upwater.

-------------------------------------------------
#pahawang #pulaupahawang #pahawangisland 
#pahawangislandlampung 
#tegalmas #pulauwayang
 #telukkiluan #telukhantu
 #opentrip #viral 
#wisatapahawanglampung
 #palembang #pulauwayanglampung
#jakarta #lampung 
#pringsewulampung 
#bandarlampung 
#sumsel #bandung 
#jambi #bengkulu #jaksel 
#tenggerang #lamsel 
#pesawaran
#explorewisatalampung 
#opentrippahawang 
#lampunggeh #fyp 
 #indonesia",lagoon
https://www.instagram.com/p/C8RlJJ3y35B/,1423.jpg,2024-06-16 11:20:46,"Mimin Kasih Info Paket trip libur Lebaran kepulau pahawang hanya dengan 150rb perorangnya loh 😍😍kalian sudah bisa menikmati explore empat pulau yang ada di pahawang dan dua tempat Snorkling lho 😮😮

kapan lagi? bisa nikmati liburan murah dan sudah dapat fasilitas yang lengkap, ayo buruan ajak teman, keluarga atau pasangan mu untuk liburan ke pulau pahawang 😍😍

Catat tanggal liburan kalian 🤩
Juni :15, 16 , 17, 18, 22, 23, 29, 30
Juli :6, 7, 13, 14, 20, 21, 27, 28
Agustus :3, 4, 10, 11, 17, 18, 24, 31

untuk Info lebih lengkap bisa langsung hubungi Contact Person :

Whatsapp 
0821-7858-6537

#pahawang
#tegalmas
#tegalmasisland
#liburanlampung 
#viral 
#wisatategalmas
#palembang
#jakarta#lampung
#pringsewulampung
#bandarlampung
#sumsel#bandung
#jambi
#bengkulu#jaksel
#tenggerang#lamsel
#pesawaran
#hiling
#explorewisatalampung
#opentrippahawang #wisataindonesia
#wisatalampung
#indonesia",pier
https://www.instagram.com/p/C8smRveylHX/,1424.jpg,2024-06-26 23:10:10,"Mimin Kasih Info Paket trip libur Lebaran kepulau pahawang hanya dengan 150rb perorangnya loh 😍😍kalian sudah bisa menikmati explore empat pulau yang ada di pahawang dan dua tempat Snorkling lho 😮😮

kapan lagi? bisa nikmati liburan murah dan sudah dapat fasilitas yang lengkap, ayo buruan ajak teman, keluarga atau pasangan mu untuk liburan ke pulau pahawang 😍😍

Catat tanggal liburan kalian 🤩
Juni :15, 16 , 17, 18, 22, 23, 29, 30
Juli :6, 7, 13, 14, 20, 21, 27, 28
Agustus :3, 4, 10, 11, 17, 18, 24, 31

untuk Info lebih lengkap bisa langsung hubungi Contact Person :

Whatsapp 
0821-7858-6537

#pahawang
#tegalmas
#tegalmasisland
#liburanlampung 
#viral 
#wisatategalmas
#palembang
#jakarta#lampung
#pringsewulampung
#bandarlampung
#sumsel#bandung
#jambi
#bengkulu#jaksel
#tenggerang#lamsel
#pesawaran
#hiling
#explorewisatalampung
#opentrippahawang #wisataindonesia
#wisatalampung
#indonesia",underwater/ocean deep
https://www.instagram.com/p/DKwZWvEvXak/,1425.jpg,2025-06-11 09:53:44,"Paket Trip Tanpa Minimal
Peserta🥳🥳🥳🥳

1.Paket Open Trip (Gabung) 
 (khusus weekend) 
 
 • Open Trip Pahawang 150k/orang
 • Open trip wayang 550k/orang

(Meeting point dermaga 4 ketapang) 

2.Paket Privat Trip (Every Day) 
Paket ini sangat cocok sekali
untuk Family Trip,Gathering,
Honeymoon,dll.
Kamu dapat atur jadwal liburan 
sesuai Keinginan mu. 

• Privat Pulau Pahawang 
  Start From 170k/orang

• Privat Pulau Tegal Mas
  Start From 245k/orang

•Privat Pulau Wayang
 Start From 550k/orang

•Privat Teluk Kiluan
 Start from 400k/orang

Harga menyesuaikan peserta. 
Semakin banyak peserta harga
semakin Murah Per Orangnyaa🥰🥰
___________________________________
Meeting point dermaga 4 ketapang
___________________________________
Info lebih lengkap bisa langsung
hubungi :📱:0819-2861-4064
___________________________________
Fasilitas :
 ⛵Kapal Eksplore Pulau dan Spot Snorkling.
🍛Makan 1x 
🥛Air Mineral.
🏊Alat Snorkling (Mask & Snorkel) 
👕Life Jacket (Pelampung).
🏷️Tiket Masuk Pulau Maupun Spot  Snorkling.
📷Camera Underwater.
💉P3K.
🕺Tour Guide
👫Jodoh Bila Beruntung
🖼️Dokumentasi Underwater.
🎞️Dokumentasi Upwater.

-------------------------------------------------
#pahawang #pulaupahawang #pahawangisland 
#pahawangislandlampung 
#tegalmas #pulauwayang
 #telukkiluan #telukhantu
 #opentrip #viral 
#wisatapahawanglampung
 #palembang #pulauwayanglampung
#jakarta #lampung 
#pringsewulampung 
#bandarlampung 
#sumsel #bandung 
#jambi #bengkulu #jaksel 
#tenggerang #lamsel 
#pesawaran
#explorewisatalampung 
#opentrippahawang 
#lampunggeh #fyp 
 #indonesia",lagoon
https://www.instagram.com/p/C6TtfAzyYTk/,1426.jpg,2024-04-28 14:09:21,"Mimin Kasih Info Paket trip libur Lebaran kepulau pahawang hanya dengan 150rb perorangnya loh 😍😍kalian sudah bisa menikmati explore empat pulau yang ada di pahawang dan dua tempat Snorkling lho 😮😮

kapan lagi? bisa nikmati liburan murah dan sudah dapat fasilitas yang lengkap, ayo buruan ajak teman, keluarga atau pasangan mu untuk liburan ke pulau pahawang 😍😍

untuk Info lebih lengkap bisa langsung hubungi Contact Person :

Whatsapp 
Admin 1 : 0821-7858-6537
Admin 2 : 0858-3882-2708

#pahawang
#tegalmas
#tegalmasisland
#liburanlampung 
#viral 
#wisatategalmas
#palembang
#jakarta#lampung
#pringsewulampung
#bandarlampung
#sumsel#bandung
#jambi
#bengkulu#jaksel
#tenggerang#lamsel
#pesawaran
#hiling
#explorewisatalampung
#opentrippahawang #wisataindonesia
#wisatalampung
#indonesia",sandbox
https://www.instagram.com/p/C8TwfpPyatz/,1427.jpg,2024-06-17 07:38:26,"Mimin Kasih Info Paket trip libur Lebaran kepulau pahawang hanya dengan 150rb perorangnya loh 😍😍kalian sudah bisa menikmati explore empat pulau yang ada di pahawang dan dua tempat Snorkling lho 😮😮

kapan lagi? bisa nikmati liburan murah dan sudah dapat fasilitas yang lengkap, ayo buruan ajak teman, keluarga atau pasangan mu untuk liburan ke pulau pahawang 😍😍

Catat tanggal liburan kalian 🤩
Juni :15, 16 , 17, 18, 22, 23, 29, 30
Juli :6, 7, 13, 14, 20, 21, 27, 28
Agustus :3, 4, 10, 11, 17, 18, 24, 31

untuk Info lebih lengkap bisa langsung hubungi Contact Person :

Whatsapp 
0821-7858-6537

#pahawang
#tegalmas
#tegalmasisland
#liburanlampung 
#viral 
#wisatategalmas
#palembang
#jakarta#lampung
#pringsewulampung
#bandarlampung
#sumsel#bandung
#jambi
#bengkulu#jaksel
#tenggerang#lamsel
#pesawaran
#hiling
#explorewisatalampung
#opentrippahawang #wisataindonesia
#wisatalampung
#indonesia",ice shelf
https://www.instagram.com/p/C5oGRBivNQJ/,1428.jpg,2024-04-11 15:39:19,"Paket Trip Tanpa Minimal
Peserta🥳🥳🥳🥳

1.Paket Open Trip (Gabung) 
 (khusus weekend) 
 
Jadwal open trip pahawang
April :11,12,13,14,15,20,21,27,28 
Mei :4,5,9,10,11,12,18,19,23,24,25,26
Juni :1,2,8,9,15,16,17,18,22,23,29,30

• open trip pahawang 150k/orang

(Meeting point dermaga 4 ketapang) 

2.Paket Privat Trip (Every Day) 
Paket ini sangat cocok sekali
untuk Family Trip,Gathering,
Honeymoon,dll.
Kamu dapat atur jadwal liburan 
sesuai Keinginan mu. 

• Privat Pahawang 
  Start From 170k/orang

• Privat Tegal Mas
  Start From 245k/orang

(Harga berlaku untuk 16-20 peserta) 

Harga menyesuaikan peserta. 
Semakin banyak peserta harga
semakin Murah🥰🥰
___________________________________
Meeting point dermaga 4 ketapang
___________________________________
Info lebih lengkap bisa langsung
hubungi :📱:0819-2861-4064
___________________________________
Fasilitas :
 ⛵Kapal Eksplore Pulau dan Spot Snorkling.
🍛Makan 1x 
🥛Air Mineral.
🏊Alat Snorkling (Mask & Snorkel) 
👕Life Jacket (Pelampung).
🏷️Tiket Masuk Pulau Maupun Spot  Snorkling.
📷Camera Underwater.
💉P3K.
🕺Tour Guide
🖼️Dokumentasi Underwater.
🎞️Dokumentasi Upwater.

Destinasi :
- Pulau kelagian kecil
- Snorkeling Cuku Bedil
- SnorkelingTaman Nemo
- Pulau Pahawang Besar
- Pulau Pahawang Kecil
- Pulau Kelagian Besar
 -------------------------------------------------
#pahawang #pulaupahawang #pahawangisland 
#pahawangislandlampung 
#pahawangmurah #tegalmas 
 #tegalmasisland 
#liburanlampung 
#viral #wisatapahawanglampung 
#wisatategalmas #palembang 
#jakarta #lampung 
#pringsewulampung 
#bandarlampung 
#sumsel #bandung 
#jambi #bengkulu #jaksel 
#tenggerang #lamsel 
#pesawaran #hiling 
#explorewisatalampung 
#opentrippahawang #wisataindonesia 
#fyp 
 #indonesia",beach house
https://www.instagram.com/p/C6RWplSy5N8/,1429.jpg,2024-04-27 16:11:20,"Mimin Kasih Info Paket trip libur Lebaran kepulau pahawang hanya dengan 150rb perorangnya loh 😍😍kalian sudah bisa menikmati explore empat pulau yang ada di pahawang dan dua tempat Snorkling lho 😮😮

kapan lagi? bisa nikmati liburan murah dan sudah dapat fasilitas yang lengkap, ayo buruan ajak teman, keluarga atau pasangan mu untuk liburan ke pulau pahawang 😍😍

untuk Info lebih lengkap bisa langsung hubungi Contact Person :

Whatsapp 
Admin 1 : 0821-7858-6537
Admin 2 : 0858-3882-2708

#pahawang
#tegalmas
#tegalmasisland
#liburanlampung 
#viral 
#wisatategalmas
#palembang
#jakarta#lampung
#pringsewulampung
#bandarlampung
#sumsel#bandung
#jambi
#bengkulu#jaksel
#tenggerang#lamsel
#pesawaran
#hiling
#explorewisatalampung
#opentrippahawang #wisataindonesia
#wisatalampung
#indonesia",lake/natural
https://www.instagram.com/p/C75oPeSSLMh/,1430.jpg,2024-06-07 04:06:04,"Mimin Kasih Info Paket trip libur Lebaran kepulau pahawang hanya dengan 150rb perorangnya loh 😍😍kalian sudah bisa menikmati explore empat pulau yang ada di pahawang dan dua tempat Snorkling lho 😮😮

kapan lagi? bisa nikmati liburan murah dan sudah dapat fasilitas yang lengkap, ayo buruan ajak teman, keluarga atau pasangan mu untuk liburan ke pulau pahawang 😍😍

Catat tanggal liburan kalian 🤩
Mei : 18,19,23,24,25,26
Juni : 1,2,8,9,15,16,17,18,22,23,29,30

untuk Info lebih lengkap bisa langsung hubungi Contact Person :

Whatsapp 
0821-7858-6537

#pahawang
#tegalmas
#tegalmasisland
#liburanlampung 
#viral 
#wisatategalmas
#palembang
#jakarta#lampung
#pringsewulampung
#bandarlampung
#sumsel#bandung
#jambi
#bengkulu#jaksel
#tenggerang#lamsel
#pesawaran
#hiling
#explorewisatalampung
#opentrippahawang #wisataindonesia
#wisatalampung
#indonesia",promenade
https://www.instagram.com/p/CQ0-isZLMA0/,1431.jpg,2021-07-02 14:14:47,"𝘠𝘢𝘯𝘨 𝘵𝘪𝘥𝘢𝘬 𝘣𝘪𝘴𝘢 𝘸𝘢𝘯𝘪𝘵𝘢 𝘵𝘢𝘩𝘢𝘯 𝘪𝘵𝘶 𝘢𝘪𝘳 𝘮𝘢𝘵𝘢, 𝘤𝘦𝘮𝘣𝘶𝘳𝘶 𝘥𝘢𝘯 𝘳𝘢𝘴𝘢 𝘪𝘯𝘨𝘪𝘯 𝘵𝘢𝘩𝘶... 
(𝘓𝘢𝘯𝘫𝘶𝘵 𝘚𝘦𝘯𝘥𝘪𝘳𝘪²😂)🌸💙
.
.
#apalampung
#Allahmahabaik 
#Alhamdulillahsyukur
#explorelampungselatan
#Lampungselatanexplore 
#Lampungselatanamazing",church/indoor
https://www.instagram.com/p/CwNa0UsvQcI/,1432.jpg,2023-08-21 14:16:51,"Ga usah banyak gaya n pose.... 🤣
.
.
Cukup duduk2 santuy saja sambil mainan pasir di pantai ..🤗
.
.
Sudah enak dilihat kok beneran 🤗🤣😍🌴🏝️🗻🌊
.
.
#3rdtouring2023 #familyadventure #familytouring #touringlintaspulau #touringlintasprovinsi #lampung #lampungselatan #explorelampung #explorelampungselatan #bakauhenilampung #travel #pelabuhancanti #kalianda #pulausebuku #pulausebesi #pulauumang #pulauumangumang #perahu #gelombang #wave #waves #ombak #laut #sea #sealife #beach #pantai #tejang #tejangpulausebesi",lagoon
https://www.instagram.com/p/CNRET6MsVuG/,1433.jpg,2021-04-05 01:58:21,"guide dan Balawista pantai minangrua
.
.
.
.
.
.
.
@pantai_minangrua 
@dinaspariwisata.lampungselatan 
@yoexplore 
.
.
.
.
.
.
.
.
#pantaiminangrua#pokdaarwisMinangruaBahari 
#potretlampung #wisatapantai#pantailampung🌴 
#informasilpg #cooking #jalanjalanlampung #jelajahwisatalampung #lampungjuara #lampunghits #explorelampung #explorelampungselatan #indonesiaku#indonesiahebat
#pokdarwisindonesia #pokdarwisnasional",islet
https://www.instagram.com/p/Cjb46o8vDQk/,1434.jpg,2022-10-08 02:21:06,"Make sure your vacation is a good and fun moment, trust us !!!
Liburan di pantai, tapi bukan sekedar pantai.
Pantai minangrua menyajikan rekreasi alam yg berbeda.
Selain pantai, di Minangrua juga ada destinasi wisata lain.
Seperti, Air Terjun Dan Green Canyon.

Your family story must be happy!!
 ________________________
This is👉. Pantai Minangrua - Desa Kelawi - Bakauheni - Lampung Selatan.
________________________
Hurry up, follow us, because we are processing something amazing!!!
NOTE!!!
(Lodging on this beach is very limited)

More info & Reservasi: HP/WA: 081272250665
________________________
Don't miss out on information!!

Tag dan follow 👇👇

@minangruabeach_inn
@minangruabeach_inn
@minangruabeach_inn 

Sertakan #minangruabeach
❎ Vacation is a necessity too
________________________
•Don't focus too much on money•
________________________
#minangruabeachinn #minangruabeach #pantaiminangrua #bakauheni #lampungselatan #lampung #sebalang #pahawang #tegalmas #pahawanglampung #selebriti #viral #jakarta #bandung #palembang #travel #explore #tourism #trip #lfl #beach #sunset #photography #likeforlikes #explore",beach
https://www.instagram.com/p/CW67wmPPTxo/,1435.jpg,2021-12-01 00:54:17,"Sudah ada agenda dan rencana mau liburan kemana??
Sudah atau belum, bisa hubungi kami di @junatrip 
Anda bisa memilih tempat tujuan liburan anda di sini!!!
__
Kami akan mempermudah rencana liburan anda!!!
Dan estimasi biaya akan kami sesuaikan!!!
Destinasi tujuan wisata kami sesuaikan.
__
Adapun Destinasi:
Pantai Minangrua
Pulau Pahawang
Pulau Tegal Mas
Pulau Mengkudu
Pantai Gigi Hiu
Krakatau
Dan seluruh destinasi wisata di Lampung!!!
__
More info: 081278582021
________________________
Easy way to repost?
Tag dan follow akun @junatrip
________________________
•Don't focus too much on money•
________________________
#junatrip #pantaiminangrua #bakauheni #lampungselatan #lampung #sebalang #pahawang #tegalmas #pahawanglampung #selebriti #viral #jakarta #bandung #palembang #travel #explore #tourism #trip #lfl #beach #sunset #sunrise #photography #likeforlikes #song #explore",sandbox
https://www.instagram.com/p/CZDsmEVP_Kz/,1436.jpg,2022-01-23 03:37:43,"Salah satu pulau yang harus kalian kunjungi yang letaknya tidak jauh dari pulau mengkudu. 
➖➖➖➖➖➖➖➖➖➖

Lokasi: Pulau Sekepel, Desa Totoharjo, Kec Bakauheni, Kab Lampung Selatan 
➖➖➖➖➖➖➖➖➖➖

Fg: @ardiwijay04
➖➖➖➖➖➖➖➖➖➖

#lampuung #lampuunggeh #lampunginsta #ilovelampung #kaliandaig #lampungeksis #inilampungyay #alamlampung #explorelampung #wajahlampung #explorelampungselatan #pulausekepel",islet
https://www.instagram.com/p/Cd7AMh9v4wL/,1437.jpg,2022-05-24 01:12:48,"Perjalanan masih panjang, jauh dan berliku, persiapkanlah bekal yang cukup  untuk menjalaninya.
.
.
.
.
.
#RamahTamahJelajah
#KhaduSantaiMakkung 
#Pantai_Minangrua
#PokdarwisMinangrua
#Selamatkhatong
#Explorelampungselatan
#Dinaspariwisatalampungselatan 
#sahabattravelerlampung
#wajahlampung
#lampungselatanAmazing
#lampungselatanexplore
#lampungexist
#informasilpg",beach
https://www.instagram.com/p/CMqLpTEhk_0/,1438.jpg,2021-03-20 23:32:04,"Tabik Pun...!!!

Selamat berlibur... 
Jangan lupa mandi gengs .... 

Dok by @misrivlog 

#travelerkece #explorealamindonesia #pecintaalam #dutawisata #exploreindonesia #pendakiindonesia #airterjun #explorelampung #explorelampungselatan #lampung #lampungfun #lampungeksis #kalianda #kaliandaig #wisatalampung #lampung #selebgramindonesia #selebgramjakarta #selebgramlampung #selebgramaceh #vidgram #travelvlog #fff💋 #fff #fff😊ff💋ff👌ff💕4f❤️🔝🔫💣44follow４followforfollow４f4frs4likeforlikeforfollow4likeforlikesback44likes4me4lramahhits #ffxiv #bffs #likesforlike #lb #followforfollowback",waterfall
https://www.instagram.com/p/DKD3bnFTfCq/,1439.jpg,2025-05-25 02:50:43,"Thank you for visiting at minangrua beach🌊☀
— SNORKELING Rp:75.000/pax all fasilitas 

Make sure your vacation is a good and fun moment, trust us !!!

Liburan di pantai, tapi bukan sekedar pantai.
Pantai minangrua menyajikan rekreasi alam yg berbeda.
Selain pantai, di Minangrua juga ada destinasi wisata lain.
Seperti, Air Terjun Dan Green Canyon.

Your family story must be happy!!
 ________________________
This is👉. Pantai Minangrua - Desa Kelawi - Bakauheni - Lampung Selatan.

Rute: 1.5 jam dari kota Bandar lampung. 10 menit dari Pelabuhan Bakauheni. 
________________________
Hurry up, follow us, because we are processing something amazing!!!
NOTE!!!
(Lodging on this beach is very limited)
__
Pos HTM: 10k/orang (non higeseason) 
__
Green Canyon HTM: 15k/orang 
__
Family Gathering Mulai Rp:170.000/orang
__
Snorkeling mulai Rp: 75.000/orang 

More info & Reservasi: HP/WA: 081272250665
________________________
Don’t miss out on information!!

Tag dan follow 👇👇

@minangruabeach_inn
@pantaiminangrua_lampung

Sertakan #minangruabeach 
❎ Vacation is a necessity too
________________________
•Don’t focus too much on money•
________________________
#minangruabeachinn #minangruabeach #pantaiminangrua #bakauheni #lampungselatan #lampung #lampung #bandung #palembang #travel #explore #tourism #trip #explore",underwater/ocean deep
https://www.instagram.com/p/CPpudbwL0cg/,1440.jpg,2021-06-03 08:51:13,"Good sore ...

Jangan lupa mantai lah sob ...
..
..

Subscribe bYouTube channel MISRI VLOG, klik link in bio 👉
..
..

#lampungselatanexplore  #semukuk #pantaisemukuk #kaliandaig #wajahlampung #kelampunggeh #travel2lampung #lampungeksis #lampung #selampung #pariwisatalampung #selebgramindonesia #selebgramjakarta #selebgramlampung #selampung #pesonalampung #pariwisataindonesia #pariwisatalampung #explorelampungselatan #exploreindonesia #jelajahindonesia #lampungfun #lampungeksis #explorealam #adbenture #mtma #jejakpetualang #beach",beach
https://www.instagram.com/p/CidD0zBpVqR/,1441.jpg,2022-09-13 16:44:16,"Cium aroma laut, rasakan langit, biarkan jiwa²mu pergi

#masyaallahtabarakallah #like4likes #instatravel #morningvibes #grandeltykrakatoa #kaliandaresort #lampungwisata #lampung#explorelampungselatan",ocean
https://www.instagram.com/p/CLlBoBMnMQn/,1442.jpg,2021-02-22 02:56:54,"#blueseaview 
#bluesea🌊 
#jumping 
#kapalferry 
#holidaytrip #travelphotography #travelingindonesia #potography📷 #jalanjalanmen #pelariindonesia #pelarikece #freeletictangerang #indonesiaberlari #runbib#yeuah #explorelampungselatan #selatsunda 
Kesempatan kadang tak datang dua kali .maka nikmatilah kesempatan itu selagi kamu bisa ,walau hanya sebentar tpi kita tak bisa mengulang kembali waktu itu , walaupun tujuan utamanya wedding party tpi bisa d manfaatkan demi hobby traveling ,jgn d pikir seberapa deketny tpi seberapa kamu bisa menikmati keindahan nya , liburan itu penting wat rilexasi d tengah rutinitas yg tiada henti foto by @yusuf_swd @freeleticstgr",boat deck
https://www.instagram.com/p/DOTb4c_k_LD/,1443.jpg,2025-09-07 14:03:25,"Vitamin sea ☀️🌊
.
.
.
📍Rio The Beach , Lampung
#pantailampungselatan #explorelampungselatan #pantailampung #kaliandalampungselatan #pesonaindonesia_id #wonderful #riothebeachlampung",volleyball court/outdoor
https://www.instagram.com/p/DJtyFtuBYC1/,1444.jpg,2025-05-16 13:00:45,"Working

#pulaumahitam 
#island 
#explorelampungselatan",ice floe
https://www.instagram.com/p/DJrR4SAPf1b/,1445.jpg,2025-05-15 13:40:49,"Team Orang Senang
Jawa Barat Lintas Sumatra 🤟😎
Next Kemana Lagi Kita🔥

#lampung #bandarlampung #sumatra #singerlampung #travelinglampung #explorelampungselatan",arch
https://www.instagram.com/p/DNzjUwz4vjf/,1446.jpg,2025-08-26 04:52:45,"Ga ada kalimat yang bisa deskripsiin secantik apa tempat ini 💖

#explorelampungselatan #exploreindonesia #indonesia_traveler #girl #beach #pulausebesi #tripotocommunity #pulau #beachvibes #pulausebesi #exploreeverything #ootd #beachtime",lagoon
https://www.instagram.com/p/DO_IWiFk0MI/,1447.jpg,2025-09-24 13:19:21,"Referensi trip yang gak perlu cuti:
"" Open Trip Pulau Sebesi ""

Katanya mau liburan? 
Jangan cuma scroll doang cong!
Buruan booking slotnya! Di @explorepulausebesi 
Kapan lagi opentrip destinasinya dapet pantai dan gunung sekaligus?
Harganya start 400rban aja udah bisa nyebrang ke pulau Sumatera.
Bener2 worth it!

#exploreindonesia #explorelampungselatan #anakgunungkrakatau #explorepulausebesi #bandaneiralampung #wisatalampung #opentripanakgunungkrakatau #pulauumangumang",volcano
https://www.instagram.com/p/Ctom7gpJP_l/,1448.jpg,2023-06-18 14:08:00,"[2 6 23]
Rekomend ni yg mau nangis tapi gk mau ketauan nangis ngecamp dipantai aja prenddd suara ombak nya keras bangett sambil teriakk juga amann sii ini🌊🌴
.
.
.📍Pantai Sanggar🏝Kalianda, Lampung
#sanggarbeach_lpg #explorelampungselatan #lampunggeh",campsite
https://www.instagram.com/p/CwczWVZrqJF/,1449.jpg,2023-08-27 13:39:49,"Manfaatkan liburan kamu untuk melepaskan semua beban agar pikiran dan tubuh menjadi sehat kembali.

#liburan #lfl #beach #island #explorelampungselatan #lampung #visitindonesia #exploreindonesia #kemenparekraf #pariwisatalampung #wonderfulindonesia #jelajahlampung #jelajahindonesia #lfl❤️ #lfl💛 #fffffffffffffffffffffffffffffffffffffffffffffffffffffffffffffffffffffffffffffffffffffffffffffffffffffffffffffffffffffffffffffffffffffffffffffffffffff #likesforlike",lagoon
https://www.instagram.com/p/CrzjXefPU7x/,1450.jpg,2023-05-04 03:05:43,"ㅤ
𝑃𝑒𝑟𝑜𝑚𝑝𝑎𝑘 𝑆𝑜𝑚𝑎𝑙𝑖𝑎 🤣😂
•
•
•
#pulaupahawang#pulaupahawanglampung#pahawangisland#pahawangtrip#explorelampung#explorelampungselatan#lampunggeh#lampunghits#lampungselatan#lampungkece",boat deck
https://www.instagram.com/p/CwMRRyrL1ei/,1451.jpg,2023-08-21 03:34:15,"Senikmat inikah rasanya liburan .... 🌊🌴🌴
..
..

Kaos keren dari : @lampungselatanexplore

#liburan #lfl #beach #island #explorelampungselatan #lampung #visitindonesia #exploreindonesia #kemenparekraf #pariwisatalampung #wonderfulindonesia #jelajahlampung #jelajahindonesia #lfl❤️ #lfl💛 #fffffffffffffffffffffffffffffffffffffffffffffffffffffffffffffffffffffffffffffffffffffffffffffffffffffffffffffffffffffffffffffffffffffffffffffffffffff #likesforlike",lagoon
https://www.instagram.com/p/Cd299S_htiu/,1452.jpg,2022-05-22 11:36:17,"LAMPUNG : “Lamunan rindu yang tak tertampung”
.
.
.
.
.
#explorelampungselatan 
#selampung 
@selampung",vineyard
https://www.instagram.com/p/C0-6fyNyJKp/,1453.jpg,2023-12-18 05:42:02,".
.
Kalo ada orang ngiri, ga usah pusing sebaiknya kita nganan aja biar ga nabrak 😌
.
.
.
📍MBeach, Starlight Cabin, Kalianda
Lampung Selatan
.
#explorelampung #explorelampungselatan #pantaipasirputih #whitesandbeach #travelphotography #traveling #traveler #travelblogger #starlightcabin #holiday #staycation",beach
https://www.instagram.com/p/ColU_r_y1zC/,1454.jpg,2023-02-13 00:56:36,"🏝🏝
#pantaimarina #pantaimarinakalianda #explorelampung #explorelampungselatan #wisatakalianda #fyp #fypシ",picnic area
https://www.instagram.com/p/DB5ILfFTWKs/,1455.jpg,2024-11-03 02:34:16,"Sunmori NXR Tangerang.
Rio By The Beach Kalianda Lampung Selatan
#explorelampung 
#explorelampungselatan 
#pantairiobythebeach",stadium/football
https://www.instagram.com/p/CrpWEDkSyHS/,1456.jpg,2023-04-30 03:57:04,"Enjoy moment ....

📍Bukit Slimpuyang, Sidomulyo Lampung selatan

#bukitslimpuyang #lampungselatan #kalianda #lampung #lampungexplore #explorelampungselatan #potretlampung #pikniklampung #sigerlampung #trendinglampung #tempatwisatalampung #berandalampung #indonesia #instagram",campsite
https://www.instagram.com/p/DN5JDKbk370/,1457.jpg,2025-08-28 08:58:36,"Pernah baca quotes ini : “Worrying gets you nowhere” dan makin kesini makin sadar, diam di tempat nggak akan bawa kita kemana-mana. Lebih baik mulai jalan, walau pelan🫶🏽🧡.

#exploresebesi #explorelampungselatan #anakkrakatau #opentrip #sebesiisland",volcano
https://www.instagram.com/p/CgmDnbIvxXX/,1458.jpg,2022-07-29 11:32:49,"I ❤️ U

#kahaibeachlampung#pantaikahaibeach#wisatakaliandalampungselatan#explorelampungselatan#gunungkrakatau#kahaibeachhotel#desabatubalakkahai#lampunghits#wisatalampungselatankekinian",ocean
https://www.instagram.com/p/DOV6gh0Ez1H/,1459.jpg,2025-09-08 13:09:31,"✈️ September S-nya Siap Kabur!
Siapa nih yang lagi nyari slot opentrip dadakan buat healing sebelum quarter life crisis menyerang? 😂

Tag temen travel kamu biar makin rame jalan-jalannya! 🌍🧡.

#septemberchallenge #septembervibes #explorelampungselatan #liburanasik #anakgunungkrakatau #sebesiisland",lagoon
https://www.instagram.com/p/DMpSxd7xW6X/,1460.jpg,2025-07-28 08:44:20,"Banda Neira Lampung 
#pulausebesi #pulausebesilampung #bandaneira #lampung #explorelampungselatan",lagoon
https://www.instagram.com/p/CwQTA_wP_UN/,1461.jpg,2023-08-22 17:06:24,"Ini pulau indahnya itu beda banget 😍🗻
.
.
.
#3rdtouring2023 #familyadventure #familytouring #touringlintaspulau #touringlintasprovinsi #lampung #lampungselatan #explorelampung #explorelampungselatan #bakauhenilampung #travel #pelabuhancanti #kalianda #pulausebuku #pulausebesi #pulauumang #pulauumangumang #perahu #gelombang #wave #waves #ombak #laut #sea #sealife #beach #pantai #tejang #tejangpulausebesi",lagoon
https://www.instagram.com/p/CwQRXKgPqXk/,1462.jpg,2023-08-22 16:51:57,"Hijau dan biru membuat mata & hatiku tertuju padamu 🗻
.
.
.
#3rdtouring2023 #familyadventure #familytouring #touringlintaspulau #touringlintasprovinsi #lampung #lampungselatan #explorelampung #explorelampungselatan #bakauhenilampung #travel #pelabuhancanti #kalianda #pulausebuku #pulausebesi #pulauumang #pulauumangumang #perahu #gelombang #wave #waves #ombak #laut #sea #sealife #beach #pantai #tejang #tejangpulausebesi",lagoon
https://www.instagram.com/p/CwiOTKzvPV-/,1463.jpg,2023-08-29 16:11:31,"Kita kembali lagi ke Pulau Sebesi 🗻🏝️😍❤️🌴🌴🌴🌴
.
.
#familytouring2023 #familyadventure #3rdtouring2023 #touringlintaspulau #touringlintasprovinsi #lampung #lampungselatan #explorelampung #explorelampungselatan #bakauhenilampung #travel #terumbukarang #kalianda #pulausebuku #pulausebesi #pulauumang #pulauumangumang #perahu #gelombang #wave #waves #ombak #laut #sea #sealife #beach #pantai #pulaumenggunang #tejangpulausebesi",rice paddy
https://www.instagram.com/p/CvO_6Y7qFcT/,1464.jpg,2023-07-28 08:28:50,#اللهم_صل_وسلم_وبارك_على_نبينا_محمد #اللهم_صل_وسلم_وبارك_على_نبينا_محمد #اكتب_شي_تؤجر_عليه #اسلاميات#اسلام #أذكروا_الله_يذكركم_فيمن_عنده #اذكر_الله #اذكروا_الله_سبحانه #اللهم_صل_وسلم_وبارك_على_نبينا_محمد #الاسلام #الاستغفار #الحمدالله #الحمد_لله #الله_اكبر #الله_أكبر #المسلمين #الاستقامه_طريق_للجنه #الجنه #القرآن #ا#explor #exploremalang #exploringaustralia #exo #explorejogja #exercisemotivation #طارق_محمد #طارق_محمد #الاستقامه_طريق_للجنه #الجنه #القرآن #ا#explor #exploremalang #exploringaustralia #exo #explorejogja #exercisemotivation #explorationgram #explorelampungselatan #explorationgram ##المسلمين #الاستقامه_طريق_للجنه #الجنه #القرآن #ا#explor #exploremalang #exploringaustralia #exo #explorejogja #exercisemotivation #طارق_محمد #طارق_محمد #الاستقامه_طريق_للجنه #الجنه #القرآن #ا#explor #exploremalang #exploringaustralia #exo #explorejogja #exercisemotivation #explorationgram,chalet
https://www.instagram.com/p/CkiLRfYvSjX/,1465.jpg,2022-11-04 09:28:21,"Handover ceremony Area pantai kahai beach hotel dan wahana-wahana lainnya dari kahai beach hotel ke pelangi hotel internasional.

#kahaibeachlampung#pantaikahaibeach#wisatakaliandalampungselatan#explorelampungselatan#gunungkrakatau#kahaibeachhotel#desabatubalakkahai#lampunghits#wisatalampungselatankekinian",booth/indoor
https://www.instagram.com/p/CcN2I0XPU6q/,1466.jpg,2022-04-11 15:47:42,"Jagalah hatiku ini .agar tak pergi kelain hati
#explorelampungselatan
#wisatalampungselatan",waterfall
https://www.instagram.com/p/Cm7xr6hsXju/,1467.jpg,2023-01-03 01:07:48,"Sumur Putri Bandar Lampung

#lampungeksis #lampungsemakineksis #koncodolanlampung #explorelampung #lampunginsta #wajahlampung #ilovelampung #pantaisanggar #sanggarbeachlampung #explorelampungselatan #lampungtourid #LampungGeh #lampungkece #wisata_lampungme #lampungindonesia #lampungselataninfo #kelampunggeh #lampungselatan #backpakerindonesia #lampungkece #trendinglampung #nyapalampung #menyapalampung #lampuung #inilampungyay #potretwisataindonesia #hellolampung #kelilingindonesia #travellingnusantara #likesforlike # follow4followback",dam
https://www.instagram.com/p/CwNfGIyvj5m/,1468.jpg,2023-08-21 14:54:14,"Hidupku dulu tak begini ....
.
.
Kini happy n indah sekali 🤗🤣🤣🏝️🌊🏊🗻
.
.
#3rdtouring2023 #familyadventure #familytouring #touringlintaspulau #touringlintasprovinsi #lampung #lampungselatan #explorelampung #explorelampungselatan #bakauhenilampung #travel #pelabuhancanti #kalianda #pulausebuku #pulausebesi #pulauumang #pulauumangumang #perahu #gelombang #wave #waves #ombak #laut #sea #sealife #beach #pantai #tejang #tejangpulausebesi",lagoon
https://www.instagram.com/p/CgEF9mdJ2Jv/,1469.jpg,2022-07-16 06:59:09,"Cottage Minakha Khua adalah penginapan yang memiliki konsep bangunan rumah panggung sederhana dengan suasana pedesaan pesisir pantai dengan halaman yang luas

- 𝐊𝐚𝐩𝐚𝐬𝐢𝐭𝐚𝐬 𝐌𝐚𝐤𝐬𝐢𝐦𝐚𝐥 𝟏𝟖 𝐎𝐫𝐚𝐧𝐠
- 𝟐 𝐊𝐚𝐦𝐚𝐫 𝐓𝐢𝐝𝐮𝐫
- 𝐑𝐮𝐚𝐧𝐠 𝐒𝐚𝐧𝐭𝐚𝐢 & 𝐁𝐞𝐫𝐤𝐮𝐦𝐩𝐮𝐥 𝐊𝐞𝐥𝐮𝐚𝐫𝐠𝐚
- 𝐊𝐚𝐦𝐚𝐫 𝐌𝐚𝐧𝐝𝐢 (Bangunan Terpisah)

𝘊𝘰𝘵𝘵𝘢𝘨𝘦 𝘔𝘪𝘯𝘢𝘬𝘩𝘢 𝘒𝘩𝘶𝘢 𝘥𝘪𝘭𝘦𝘯𝘨𝘬𝘢𝘱𝘪 𝘥𝘦𝘯𝘨𝘢𝘯 𝘧𝘢𝘴𝘪𝘭𝘪𝘵𝘢𝘴 𝘴𝘦𝘣𝘢𝘨𝘢𝘪 𝘣𝘦𝘳𝘪𝘬𝘶𝘵:
𝟏. 𝐒𝐢𝐧𝐠𝐥𝐞 𝐁𝐞𝐝 (Double Size)
𝟐. 𝐊𝐢𝐩𝐚𝐬 𝐀𝐧𝐠𝐢𝐧
𝟑. 𝐃𝐢𝐬𝐩𝐞𝐧𝐬𝐞𝐫

𝘗𝘳𝘪𝘤𝘦:
𝐑𝐩.𝟏.𝟎𝟎𝟎.𝟎𝟎𝟎.-/𝐧𝐢𝐠𝐡𝐭 (Weekday & Weekend)
_________________________

UNTUK RESERVASI PENGINAPAN DAN INFO KETERSEDIAAN KAMAR, SERTA INFO DETAIL LAINNYA SILAHKAN HUBUNGI KONTAK YANG TERTERA DI KOLOM KONTAK PROFILE ATAU KUNJUNGI WEBSITE RESMI KAMI: 𝐦𝐢𝐧𝐚𝐧𝐠𝐫𝐮𝐚.𝐜𝐨𝐦

'𝐀𝐉𝐀𝐊 𝐊𝐄𝐂𝐀𝐌𝐔 𝐊𝐇𝐀𝐌 𝐍𝐘𝐀𝐍𝐈𝐊 𝐂𝐄𝐊𝐇𝐈𝐓𝐀 𝐃𝐈 𝐃𝐈𝐉𝐀'

#minangrua #pantaiminangrua #ramahtamahjelajah #lampung #explorelampungselatan #explorelampung #visitlampung #lampunggeh #letsgosomewhere #summer #summertime #summervibes #holiday #holidayseason #goodvibes #beach #beachlife #beachday #beachvibes #travel #travelphotography #vacation",porch
https://www.instagram.com/p/CJlmHXUjI5N/,1470.jpg,2021-01-03 15:12:58,"Menikmati indahnya alam semesta..
#pantaikunjirkalianda #explorelampungselatan #explorelampung",islet
https://www.instagram.com/p/CZalyXHv56v/,1471.jpg,2022-02-01 01:00:46,"Sudah ada agenda dan rencana mau liburan kemana??
Sudah atau belum, bisa hubungi kami di @junatrip 
Anda bisa memilih tempat tujuan liburan anda di sini!!!
__
Kami akan mempermudah rencana liburan anda!!!
Dan estimasi biaya akan kami sesuaikan!!!
Destinasi tujuan wisata kami sesuaikan.
__
Adapun Destinasi:
Pantai Minangrua
Pulau Pahawang
Pulau Tegal Mas
Pulau Mengkudu
Pantai Gigi Hiu
Krakatau
Dan seluruh destinasi wisata di Lampung!!!
__
More info: 081278582021
________________________
Easy way to repost?
👇Tag dan follow akun 👇
@junatrip / @tripinlampung
________________________
•Don't focus too much on money•
________________________
#junatrip #pantaiminangrua #bakauheni #lampungselatan #lampung #sebalang #pahawang #tegalmas #pahawanglampung #selebriti #viral #jakarta #bandung #palembang #travel #explore #tourism #trip #lfl #beach #sunset #sunrise #photography #likeforlikes #song #explore",elevator lobby
https://www.instagram.com/p/COpa5t4n_OZ/,1472.jpg,2021-05-09 09:28:55,"-
-
Air terjun way kalam saat ini sedang berbenah diri Demi kenyamanan para pengunjung nya..mulai dari akses jalan yg dulu berbatu menjadi cor betoon kyak tol..membuat post loket 1pintu untk masuk area karena mengingat way kalam sekrng mempunyai 2 air terjun berikut anakkan way kalam .dri pihak Pokdarwis jg membuat jembatan coor beton...jdi dlu jembatan bambu nya sudah tidak ada lagi .jdi skrng untuk nyebrang ke air terjun sudah enak Krn ada jembatan..nah untuk masalh tiket buat pengunjung permotor nya di kenakan 15ribu..gpp ya ...itung2  cara kita suport Pokdarwis untuk kemajuan mengelola wisata berkelanjutan..siap kan stamina krna untk smpai air terjun kita akan menuri anak tangga...beda hal nya dengan anakkan way kalam yg jlnnya bnyk datar...
Yg belum kemari wajib coba yg udah coba yuuk dtng lgi....
. . . .
. . .
. . 
.
🌍Air terjun way kalam.desa way kalam kec penengahan kab Lampung selatan
📷 @kutaheriawan 
. . . .
#Repost - @syah_herwan 
. . .
. .
.
#gengkwaci _explore
#jelajahsumatera 
#wajahlampuung
#wilayahlampung 
#ilovelampung
#pesona_lampungkita 
#lampungeksis 
#lampunggeh
#gerbangsumateraa 
#lampungholiday_ 
#curugmanialampung 
#jejaklampung 
#jejakwisatalampung
#pikniklampung 
#kelampung_geh 
#kelampungaja 
#lampungdong 
#lampungme 
#airterjunwaykalam
#explorelampungselatan",mountain
https://www.instagram.com/p/CNOzgzmAQOI/,1473.jpg,2021-04-04 04:53:05,"Yg mengaudit dan yg diaudit... Disatukan dalam satu kamar, jadi rasa temen main... 🤭 see you ibu @sukmayunani_ 🥰
.
#auditbpkp2021 #pusrilampung #staycationlampung #staycationlampungselatan #explorelampungselatan #explorelampung #kahaibeach #kahaibeachlampung #kahaibeachresort",coast
https://www.instagram.com/p/CNXZ7p2MDpG/,1474.jpg,2021-04-07 13:02:43,"Sunset
.
.
.
.
.
.
.
.
#sunsets #sunsetpantaiminangrua 
#yoexplore #explorelampungselatan 
#explorewisatalampungselatan 
#pesonapantailampung #lampungindonesia❤️ 
#informasilpg #Amazinglampungselatan",ocean
https://www.instagram.com/p/CvmcqaNS967/,1475.jpg,2023-08-06 00:00:00,"Justru karena masih ada mimpi, kita jadi punya alasan untuk terus hidup, terus maju, terus berjalan, terus mengejar. Tanpa mimpi sama sekali, apa pula arti hidup ini?\n— Agustinus Wibowo\n.\n.\n.\n#visitlampungselatan\n#pesawarangeh\n#pulaupahawang\n#pulaukelegian",boat deck
https://www.instagram.com/p/Ca1S_dfheg4/,1476.jpg,2022-03-08 00:00:00,"Loc. Pantai Marina Kalianda Lampung Selatan

Repost. @cc.dxwyy

Visit 👉 www.ayokelampung.com

#ayokelampung #travel #tour #wisata #holiday #pesonaindonesia #travelphotography #visitindonesia #jalanjalan #wonderfulindonesia #like4like #wisataindonesia #lfl #wisatalampung #lampunggeh #lampung #genpilampung #bandarlampung #lampunginsta #lampungselatan #lampungbarat #lampunghits #lampungtengah #lampungtimur #lampungwisata #lampungkece #lampungyay #lampungeksis #lampungkeren #lampunggham",ocean
https://www.instagram.com/p/CeuUj3iP0zR/,1477.jpg,2022-06-13 00:00:00,"Female Surfer in Krui

Photo By 📷: @nadiaredel

Lets Go! Visit Pesisir Barat, Lampung

✅ Daerah Sangat Aman dan Kondusif
✅ Masyarakat Ramah-Ramah
✅ Menjunjung Tinggi Adat Istiadat & Kebudayaan
✅ Banyak Wisatawan International
✅ Ombak Surfing Yang Sudah Mendunia
✅ Cootage & Hotel Tersedia Lengkap

Dapatkan informasi foto terkini di Kabupaten Pesisir Barat, Go follow 👉 @pesisirbaratupdate @pesisirbaratupdate @pesisirbaratupdate

#pesisirbaratupdate #pesisirbarat #krui #pringsewu #lampung #pringsewulampung #bandarlampung #pesawaran #tanggamus #tulangbawangbarat #tulangbawang #lampungbarat #lampungselatan #lampungutara #travelingindonesia #lampungtengah #ijamitkrui #beach #traveling #holiday #wonderfulindonesia #wisata #pariwisata #explorelampung #pantai #pariwisataindonesia #surfer #diindonesiaaja #surf #surfing",wave
https://www.instagram.com/p/Cgq_RJHuKlo/,1478.jpg,2022-07-31 00:00:00,"Pantai Ilahan, Pesisir Barat, Lampung ☀️🌴

Lets Go! Visit Krui, Pesisir Barat

✅ Daerah Sangat Aman dan Kondusif
✅ Masyarakat Ramah-Ramah
✅ Menjunjung Tinggi Adat Istiadat & Kebudayaan
✅ Banyak Wisatawan International
✅ Ombak Surfing Yang Sudah Mendunia
✅ Cootage & Hotel Tersedia Lengkap

Dapatkan informasi foto terkini di Kabupaten Pesisir Barat, Go follow 👉 @pesisirbaratupdate @pesisirbaratupdate @pesisirbaratupdate

#pesisirbaratupdate #pesisirbarat #krui #pringsewu #lampung #pringsewulampung #bandarlampung #pesawaran #tanggamus #tulangbawangbarat #tulangbawang #lampungbarat #lampungselatan #lampungutara #travelingindonesia #lampungtengah #ijamitkrui #beach #traveling #holiday #wonderfulindonesia #wisata #pariwisata #explorelampung #pantai #pariwisataindonesia #sunset #jakarta #sunsetbeach #surfing",beach
https://www.instagram.com/p/CJzw3Run81O/,1479.jpg,2021-01-09 00:00:00,"Karena di setiap perjalanan terdapat hikmah dan cerita yang berbeda
#visitindonesia 
#indonesiakeren 
#visitlampung
#visitlampungselatan 
#visitkalianda 
#lestarialamku
#purna1261-1262
#saudaratunaskelapa",temple/asia
https://www.instagram.com/p/Cd-Ozg1hdK8/,1480.jpg,2022-05-25 00:00:00,"Ketika masalah tidak ada jalan kluar, maka kita yang keluar jalan jalan\nPict @hallo_agstn19\n📍Gisting, Tanggamus, Lampung\nVisit 👉 www.ayokelampung.com\n#ayokelampung #travel #tour #wisata #holiday #pesonaindonesia #travelphotography #visitindonesia #jalanjalan #wonderfulindonesia #like4like #wisataindonesia #lfl #wisatalampung #lampunggeh #lampung #genpilampung #bandarlampung #lampunginsta #lampungselatan #lampungbarat #lampunghits #lampungtengah #lampungtimur #lampungwisata #lampungkece #lampungyay #lampungeksis #lampungkeren #lampunggham",rope bridge
https://www.instagram.com/p/C7cPbnCyJ5n/,1481.jpg,2024-05-27 00:00:00,"Weekend Getaway, naik motor cuma 3 jam dari jakarta sudah dapat experience selengkap ini…\nSebagai Mekhanai lampung Selatan 2006 , I highly recommend to Visit Lampung Selatan .\nYang mau di spill budget, dan objek wisata apa aja yang menarik di lampung selatan bisa comment dibawah !\n#lampung #shortgetaway #touringwisata",parking lot
https://www.instagram.com/p/C7sslk7yE2V/,1482.jpg,2024-06-02 00:00:00,"Tabik pun… 🙏
.
.
.
.
.
#visitlampung #visitlampungselatan #beach #riobythebeach",sandbox
https://www.instagram.com/p/DSeSGqcj5mm/,1483.jpg,2024-12-20 00:00:00,"Make your day sweeter with a scoop of happiness 🍦\nVisit Setigi Sundae at Setigi Heni Lampung!\nBooking and Reservation:\nWhatsapp +62 821 2200 2098\n—\nPantai Setigi Heni\nCanggung, Lampung Selatan\n#SetigiHeni #HarmonyWithNature #BatokKelapaBeachCafe #ShellOfFlavor #HiddenGem #Canggung #LampungSelatan",park
https://www.instagram.com/p/C3ZLjxnvTOc/,1484.jpg,2024-02-16 00:00:00,What a dreamy island to visit! #lampungselatan,mountain path
https://www.instagram.com/p/C4ko8R8PzNz/,1485.jpg,2024-03-16 00:00:00,"Downsize tapi tetap nyaman untuk harian 👌👍

#rasabarugantiban #gantibanmotor #banmotortubeless #tokobanmotor #nandoban #sidomulyo #wayhalim #bandarlampung #lampung 

Visit Our Workshop:

NANDO BAN Way Halim
Jl. Ki Maja No 23E, Sepang Raya, Labuhan Ratu, Bandar Lampung. 

NANDO BAN Sidomulyo
Jln Jenderal Sudirman, Sidodadi, Kec. Sidomulyo, Kabupaten Lampung Selatan, Lampung 35353

NANDO BAN Suka Banjar
Lintas Sumatera, Sandaran II, Sukabanjar, Sidomulyo, Lampung Selatan, Lampung 35353 

Website: 
www.nandoban.com

Katalog/order online:
nandoban.majooshop.id

Narahubung Telp/WA:

NANDO BAN Way Halim
+62 895-2506-4050

NANDO BAN Sidomulyo
+62 821-8417-9832
__________________________________

Terima kasih 

Salam,
NANDO BAN
__________________________________
#maxxis #michelin #corsa #fdr #honda #swallow #irc #kingland #pirelli #nandobansquad #moto #motorcycle #umkm #umkmindonesia #nandobanwayhalim",junkyard
https://www.instagram.com/p/Cjh1IJAhM5o/,1486.jpg,2022-10-10 00:00:00,"today and beyond, don’t for get to be grateful. 

#visitlampungselatan #visitpahawangisland #pahawangisland #whatputriweartoday",sandbox
https://www.instagram.com/p/DXYOPIuAV-i/,1487.jpg,2026-04-21 00:00:00,"​🍵 PERTAMA DI LAMPUNG! Dubai Chewy Matcha is Here! ☁️🔥

​Matcha lovers, merapat! 🍵✨ Akhirnya yang kalian tunggu tiba: perpaduan tekstur chewy yang unik ala Dubai dengan rasa premium matcha yang otentik. Rasakan sensasi kenyal di luar dan lumer di dalam, semuanya dalam satu gigitan sultan! 👑🍫

​🛒 Order & Visit Us:
📲 WhatsApp: 0896-2310-1888
📩 Instagram: @cravencloud.id
🔗 Link on Bio: Klik untuk pesanan instan! 
​📍 Our Stores:
🏠 Main Store: Jl. KH Mas Mansur No. 22, Rawa Laut, Bandar Lampung.
✈️ Bandara Raden Intan II: Gate G2 (Choco Latte).
🌴 Sai Rupa Jungle Sea: Lampung Selatan. 
​
#CraveNCloud #DubaiChewyMatcha #PertamaDiLampung #matchalover",candy store
https://www.instagram.com/p/C6x6E29vT2l/,1488.jpg,2024-05-10 00:00:00,"NOT Santorini, but Lampung! 🥰🌟👍🏼
Must visit Pantai Marina. 
.
#lampung #lampungselatan #indonesia #santorini #beach #sumatera @yennyhs",courtyard
https://www.instagram.com/p/CaxC8ZKvVfi/,1489.jpg,2022-03-06 00:00:00,"Menunggu yang akan berlalu.
Menanti yang akan pergi
Walaupun cuma sesaat ku nikmati .
Esok pagi akan menyapa kembali  dgn penuh berseri
#lampung
#visitlampungselatan
@explorewisatalampung
@pulaumengkudu
@wisatalampungselatan",islet
https://www.instagram.com/p/DVPtMAAD_63/,1490.jpg,2026-02-27 00:00:00,"Lampung Selatan (25/02/2026) – Dalam rangka melaksanakan bimbingan kepatuhan dan memberikan asistensi kepada pengguna jasa, khususnya perusahaan penerima fasilitas Kawasan Berikat, Bea Cukai Lampung melaksanakan kegiatan Customs Visit Customer (CVC) ke PT Natura Perisa Aroma pada 25 Februari 2026. Kegiatan ini juga menjadi sarana untuk menghimpun feedback atas pelayanan kepabeanan yang telah diberikan selama ini.

PT Natura Perisa Aroma merupakan perusahaan Kawasan Berikat yang bergerak di bidang ekspor produk pertanian seperti rempah-rempah dan bahan aromatik hasil pertanian Lampung. Dalam sambutannya, Kepala Kantor Bea Cukai Lampung, Asep Ridwan Ruswandi, menyampaikan harapan agar fasilitas yang diberikan dapat memberikan manfaat besar tidak hanya bagi perusahaan, tetapi juga bagi masyarakat Lampung, terutama para petani. Kegiatan dilanjutkan dengan pemaparan proses bisnis oleh Head of Plant Operation PT Natura Perisa Aroma, Muhamad Fauzi, serta sesi dialog terkait pelayanan di bidang kepabeanan. Bea Cukai Lampung juga melaksanakan factory tour untuk melihat secara langsung proses produksi dan pengemasan barang hingga siap ekspor.

Kegiatan ini diharapkan menjadi wadah bagi Bea Cukai Lampung untuk lebih mengenal pengguna jasa, memahami proses bisnis, melihat manfaat pemberian fasilitas, serta memastikan bahwa pelayanan yang diberikan telah sesuai dengan ketentuan dan kualitas terbaik. Fasilitas yang diberikan diharapkan semakin meningkatkan performa ekspor, menggerakkan roda perekonomian daerah, serta menyerap lebih banyak hasil pertanian lokal dan tenaga kerja demi mewujudkan Lampung yang lebih sejahtera.",martial arts gym
https://www.instagram.com/p/CfTl7xMBhCY/,1491.jpg,2022-06-27 00:00:00,"Ketukan nada kehidupan yang slalu membangunkan mimpi panjang ku

Pict @nurrhasanah237

📍Pantai Sebalang, Tarahan, Katibung, Lampung Selatan.

Visit 👉 www.ayokelampung.com

#ayokelampung #travel #tour #wisata #holiday #pesonaindonesia #travelphotography #visitindonesia #jalanjalan #wonderfulindonesia #like4like #wisataindonesia #lfl #wisatalampung #lampunggeh #lampung #genpilampung #bandarlampung #lampunginsta #lampungselatan #lampungbarat #lampunghits #lampungtengah #lampungtimur #lampungwisata #lampungkece #lampungyay #lampungeksis #lampungkeren #lampunggham",ice floe
https://www.instagram.com/p/C678SiRSfqG/,1492.jpg,2024-05-14 00:00:00,"Suasana Liburan di Krui, Pesisir Barat ☀️🌴

Photo By 📷: @angelaputritresna

Lets Go! Visit Krui, Pesisir Barat, Lampung 🇮🇩

✅ Daerah Sangat Aman dan Kondusif
✅ Masyarakatnya Ramah-Ramah
✅ Menjunjung Tinggi Adat Istiadat & Kebudayaan
✅ Banyak Wisatawan International
✅ Ombak Surfing Yang Sudah Mendunia
✅ Keindahan Pantai Yang Sudah Mendunia
✅ Cootage & Hotel Tersedia Lengkap

#lampungupdate #krui #pesisirbarat #pesisirbaratupdate #pringsewu #lampung #pringsewulampung #bandarlampung #pesawaran #tanggamus #tulangbawangbarat #tulangbawang #lampungbarat #lampungselatan #lampungutara #mesuji #waykanan #lampungtengah #surf #lampungtimur #lampungutara #wonderfulindonesia  #pariwisataindonesia #explorelampung #surfing #viral #pariwisataviral #wisataviral",swimming pool/outdoor
https://www.instagram.com/p/Ctg0xogSnQQ/,1493.jpg,2023-06-15 00:00:00,"Our New Location (Home visit) 

Hallo sahabat syariah course kelas ngaji home visit ada di Bandar Lampung dan Lampung selatan :) 

Yuk, daftarkan diri anda sekarang juga! 

#ngajihomevisit #ngajakngaji #ngajiyuk #ngajiprivat #ngajiprivat",drugstore
https://www.instagram.com/p/C57DTnJPTaW/,1494.jpg,2024-04-19 00:00:00,"Lets Go, Visit Krui, Pesisir Barat, Lampung, Indonesia. Paradise in Sumatera ☀️🌴 🇮🇩

✅ Daerah Sangat Aman dan Kondusif
✅ Masyarakatnya Ramah-Ramah
✅ Menjunjung Tinggi Adat Istiadat & Kebudayaan
✅ Banyak Wisatawan International
✅ Ombak Surfing Yang Sudah Mendunia
✅ Keindahan Pantai Yang Sudah Mendunia
✅ Cootage & Hotel Tersedia Lengkap
✅ Ada Event Liga Surfing Dunia

Video Reels By 📽️: @beocean

Dapatkan informasi terkini tentang Lampung, Go follow 👉 @lampuungupdate @lampuungupdate @lampuungupdate

#lampungupdate #pringsewu #lampung #pringsewulampung #bandarlampung #pesawaran #tanggamus #tulangbawangbarat #tulangbawang #lampungbarat #pesisirbarat #krui #lampungselatan #lampungutara #mesuji #waykanan #lampungtengah #mudiklebaran #pringsewuupdate #lampungtimur #lampungutara #wonderfulindonesia  #pariwisataindonesia #explorelampung #pringsewuhits #viral #pariwisataviral #wisataviral",beach house
https://www.instagram.com/p/CsJZSDYyFu6/,1495.jpg,2023-05-12 00:00:00,"masjidbsi_bakauheni 
#visitlampung #visitlampungselatan",arch
https://www.instagram.com/p/DXoIAPigYwf/,1496.jpg,2026-04-27 00:00:00,"🐘 Local Pride: Perjalanan ke Lampung Nggak Lengkap Tanpa Ini! ✨

​Crave N Cloud Chocolate adalah ""A Perfect Souvenir from Here."" Berikan hantaran manis yang berkelas sebagai kenang-kenangan spesial untuk orang-orang tercinta. 

​🛒 Order & Visit Us:
📲 WhatsApp: 0896-2310-1888
📩 Instagram: @cravencloud.id
🔗 Link on Bio: Klik untuk pesanan instan!

​📍 Our Stores:
🏠 Official Store: Jl. KH Mas Mansur No. 22, Rawa Laut, Engal, Bandar Lampung.
✈️ Bandara Raden Intan II: Gate G2 (Choco Latte).
🌴 Sai Rupa Jungle Sea: Lampung Selatan.
​
#CraveNCloud #SouvenirLampung #OlehOlehLampung",hospital room
https://www.instagram.com/p/Cu0WrmFr2T9/,1497.jpg,2023-07-18 00:00:00,"Bismillah.!!
Home Visit 😉
Perum. Puskud, Sukabumi, Bandar Lampung
.
.
☎️ 081232011995
🏡 Menerima Home Visit 
📌 Perum. Ragom Mufakat 1 blok C no 16, Way Urang, Kalianda, Lampung Selatan 
.
Follow
@fdi_klinik 
@fadhli_1795 
.
.
#medicalindonesia #dokter #tenagakesehatan #tenagamedis #timkesehatan #timmedis #medikalakupunktur #kesehatan #komplamenter #sanitarian #kesehatan #bekam #akupuntur #penyuluhkesehatan #bekamsunnah #herbal #akupunktur #fisioterapi #jarumakupuntur #yinyang #meridian #tcm #fdiklinik #terapi #reels",repair shop
https://www.instagram.com/p/CUHYfsIBX1k/,1498.jpg,2021-09-22 00:00:00,"📍 Dangau ibung nov, Lampung barat

Repostd from @putriseptimelinia

Visit 👉 www.ayokelampung.com

@jokowi @kemensetneg.ri  @sandiuno @kemenparekraf.ri  @arinal_djunaidi @mbak_nunik @edarwan1962
@pariwisata_lampung @ekraf.lampung @rianasariarinal @ardito_wijaya @dharmasetyawan.com_ @payungiuniversity  @genpiindonesia @genpi_lampung 
.
#ayokelampung #travel #tour #wisata #holiday #pesonaindonesia #travelphotography #visitindonesia #jalanjalan #wonderfulindonesia #like4like #wisataindonesia #lfl #wisatalampung #lampunggeh #lampung #genpilampung #bandarlampung #lampunginsta #lampungselatan #lampungbarat #lampunghits #lampungtengah #lampungtimur #lampungwisata #lampungkece #lampungyay #lampungeksis #lampungkeren #lampunggham",lake/natural
https://www.instagram.com/p/CU2tkqAhrsW/,1499.jpg,2021-10-10 00:00:00,"#Repost @muhammadizmirully
...
📸 : @andhika_nm

📍 Puncak Danau Souh, Lampun barat.

Visit 👉 www.ayokelampung.com

@jokowi @kemensetneg.ri  @sandiuno @kemenparekraf.ri  @arinal_djunaidi @mbak_nunik @edarwan1962
@pariwisata_lampung @ekraf.lampung @rianasariarinal @ardito_wijaya @dharmasetyawan.com_ @payungiuniversity  @genpiindonesia @genpi_lampung 
.
#ayokelampung #travel #tour #wisata #holiday #pesonaindonesia #travelphotography #visitindonesia  #wonderfulindonesia #like4like #wisataindonesia #lfl #wisatalampung #lampunggeh #lampung #genpilampung #bandarlampung #lampunginsta #lampungselatan #lampungbarat #lampunghits #lampungtengah #lampungtimur #lampungwisata #lampungkece #lampungyay #lampungeksis #lampungkeren #lampunggham",hot spring
https://www.instagram.com/p/CcdXP47P8QO/,1500.jpg,2022-04-17 00:00:00,"Pantai Tanjung Setia, Pesisir Barat, Lampung

Photo By 📷: @nauvalmega

Lets Go! Visit Pesisir Barat, Lampung

✅ Daerah Sangat Aman dan Kondusif
✅ Masyarakat Ramah dengan Wisatawan
✅ Menjunjung Tinggi Adat Istiadat & Kebudayaan
✅ Tersedia Perjalanan Akses Darat dan Udara
✅ Banyak Wisatawan International
✅ Ombak Surfing Yang Sudah Mendunia
✅ Cootage & Hotel Tersedia Lengkap

Dapatkan informasi foto terkini di Kabupaten Pesisir Barat, Go follow 👉 @pesisirbaratupdate @pesisirbaratupdate @pesisirbaratupdate

#pesisirbaratupdate #pesisirbarat #krui #pringsewu #lampung #pringsewulampung #bandarlampung #pesawaran #tanggamus #tulangbawangbarat #tulangbawang #lampungbarat #lampungselatan #lampungutara #travelingindonesia #lampungtengah #wonderfullindonesia #beach #traveling #holiday #wonderfulindonesia #wisata #pariwisata #explorelampung #pantai #pariwisataindonesia #beachphotography #ramadhan #sunset #beachvibes",lagoon
https://www.instagram.com/p/C36p03yPzCm/,1501.jpg,2024-02-29 00:00:00,"Pesisir Barat Lampung, Hidden Paradise in Sumatera ☀️🌴

Video Reels By 📽️: @harpian.hamzah

Lets Go! Visit Krui, Pesisir Barat, Lampung 🇮🇩

✅ Daerah Sangat Aman dan Kondusif
✅ Masyarakatnya Ramah-Ramah
✅ Menjunjung Tinggi Adat Istiadat & Kebudayaan
✅ Banyak Wisatawan International
✅ Ombak Surfing Yang Sudah Mendunia
✅ Keindahan Pantai Yang Sudah Mendunia
✅ Cootage & Hotel Tersedia Lengkap

#pesisirbaratupdate #kruilampung #kruipesisirbarat #pesisirbarat #krui #pringsewu #lampung #pringsewulampung #bandarlampung #pesawaran #tanggamus #tulangbawangbarat #lampungbarat #lampungselatan #lampungutara #travelingindonesia #surf #ijamitkrui #beach #traveling #holiday #wonderfulindonesia #wisata #pariwisata #explorelampung #pantai #pariwisataindonesia #surfing #tourism",promenade
https://www.instagram.com/p/CfgnpWppmmC/,1502.jpg,2022-07-02 00:00:00,Mengawali bulan Juli bersama rekan kerja visit ke Kota Bandar Lampung tepatnya Pantai Sebalang - Lampung Selatan #beatifulindonesia,parking lot
https://www.instagram.com/p/CmdtUR9opB0/,1503.jpg,2022-12-22 00:00:00,"Liburan Nataru kemana besok gaes? Ikut mimin aja yuk liburan ke Krui, Pesisir Barat, Lampung ☀️🌴

Lets Go! Visit Krui, Pesisir Barat, Lampung

✅ Daerah Sangat Aman dan Kondusif
✅ Masyarakatnya Ramah-Ramah
✅ Menjunjung Tinggi Adat Istiadat & Kebudayaan
✅ Banyak Wisatawan International
✅ Ombak Surfing Yang Sudah Mendunia
✅ Keindahan Pantai Yang Sudah Mendunia
✅ Cootage & Hotel Tersedia Lengkap

Dapatkan informasi foto terkini di Kabupaten Pesisir Barat, Go follow 👉 @pesisirbaratupdate @pesisirbaratupdate @pesisirbaratupdate

#pesisirbaratupdate #pesisirbarat #krui #pringsewu #lampung #pringsewulampung #bandarlampung #pesawaran #tanggamus #tulangbawangbarat #lampungbarat #lampungselatan #lampungutara #travelingindonesia #surf #ijamitkrui #beach #traveling #holiday #wonderfulindonesia #wisata #pariwisata #explorelampung #pantai #pariwisataindonesia #sunsetbeach #surfing #tourism",beach
https://www.instagram.com/p/DFCVICzzuOE/,1504.jpg,2025-01-20 00:00:00,"Cluster Premium Terbaru dari Dzikra, Yuk yang udah penasaran detail nya segera site visit & booking sebelum kehabisan 😊
Lokasi tengah kota bandar lampung, sekitar Ridwan Rais, 3 menit ke Antasari - Kedamaian. Dengan Akad Syariah, Tanpa Bank, Tanpa Riba & Sita

Lokasi Perumahan:
 Jl. Ridwan Rais Antasari Kedamaian Kota Bandar Lampung

👉Rumah 1 Lantai, type 63/113
 - 2 Kamar Tidur
 - 1 Kamar Mandi
 - Harga 650 Juta
👉Rumah 2 Lantai, Type 84/98
 - 3 Kamar Tidur
 - 2 Kamar Mandi
 - Harga 860 Juta
👉Rumah 2 Lantai, Type 110/112
 - Design terbaru modern tropis
 - 4 Kamar tidur
 - 3 Kamar mandi
 - Harga 1.050 M

Spesifikasi Umum:
- Lantai granit
- Pintu utama baja
- listrik 4400w & 2200w
- Closet duduk american standard
- Sliding door kaca & alumunium
- Carport 2 mobil

Skema Pembayaran Syariah:
~ Cash Keras
~ Cash Tempo 5 Tahun, DP 50% Sisa dicicil selama 5 Tahun
~ TANPA BANK, TANPA DENDA, TANPA BUNGA, TANPA SITA.

Fasum:
- Tersedia Lahan Masjid
- Taman
- Jalan Utama 8 meter paving
- akses jalan masuk 6 meter
- hanya 100 meter dari jalan utama Kedamaian - Antasari
- Lokasi strategis & nyaman untuk mobilitas.

Tersedia juga unit kavling siap bangun..!!
Yuk Segera berinvestasi di lokasi strategis ini, Unit terbatas..!!

Segera Hubungi :
Bobby 0821 8152 6804

#lampung
#lampungbarat 
#lampungutara 
#lampungtimur 
#lampungselatan 
#bandarlampung 
#rumahmewah
#rumahidaman 
#fyp 
#instagood 
#goodlife 
#goodtype 
#explorelampung",balcony/exterior
https://www.instagram.com/p/Ciq9QVSvSFG/,1505.jpg,2022-09-19 00:00:00,"Visit kandang tetap melakukan protokol kesehatan demi menjaga hewan tetap sehat. Dilakukannya penyemprotan disinfektan kepada pengunjung dan kendaraan ketika visit ke EB FARM✨
-
Google Maps : EB Farm
Alamat : Terusan Jalan Untung Suropati, Gapura Jl. Gemilang, Gg. Anumerta (ikuti jalan beton ke kanan sampai ketemu kandang besar ditengah sawah) Desa Fajar Baru, Kec. Jati Agung, Kab. Lampung Selatan, Lampung, 35141
-
☎️ WhatsApp : 0812-7249-9557 (Admin 1) / 0812-7486-7144 (Admin 2)
-
1000+ Ekor Kambing Berbagai Jenis (Fullblood Boer, Cross Boer & Boer F1-F5, PE, Jawarandu, Domba Merino & Dorper, Dsb)
-
#ebfarmlampung
#jualkambinglampung
#jualhewanqurban
#jualkambingaqiqahlampung 
#jualkambingboerlampung
#peternakboerlampung",mezzanine
https://www.instagram.com/p/Cd8QJO7hF6B/,1506.jpg,2022-05-24 00:00:00,"Yakinlah setiap perbuatan akan kembali ke diri kita sendiri, maka fokuslah untuk berfikir baik, berkata baik, dan berhati baik:)

Pict @rikahdyni

📍Pantai Marina, Kalianda Lampung Selatan

Visit 👉 www.ayokelampung.com

#ayokelampung #travel #tour #wisata #holiday #pesonaindonesia #travelphotography #visitindonesia #jalanjalan #wonderfulindonesia #like4like #wisataindonesia #lfl #wisatalampung #lampunggeh #lampung #genpilampung #bandarlampung #lampunginsta #lampungselatan #lampungbarat #lampunghits #lampungtengah #lampungtimur #lampungwisata #lampungkece #lampungyay #lampungeksis #lampungkeren #lampunggham",lagoon
https://www.instagram.com/p/Cigv8Lpt4Yy/,1507.jpg,2022-09-15 00:00:00,"Jangan jadi pelangi untuk orang yang buta warna🙂

Repost @andriansyah19_04

📌Air terjun way lalaan, Tanggamus, Lampung

Visit 👉 www.ayokelampung.com

#ayokelampung #travel #tour #wisata #holiday #pesonaindonesia #travelphotography #visitindonesia #jalanjalan #wonderfulindonesia #like4like #wisataindonesia #lfl #wisatalampung #lampunggeh #lampung #genpilampung #bandarlampung #lampunginsta #lampungselatan #lampungbarat #lampunghits #lampungtengah #lampungtimur #lampungwisata #lampungkece #lampungyay #lampungeksis #lampungkeren #lampunggham",orchard
https://www.instagram.com/p/CaUgNaoPy0W/,1508.jpg,2022-02-23 00:00:00,"Pantai Batu Mirau Malaya, Pesisir Barat, Lampung

Photo By 📷: @yugoverd9517 

Lets Go! Visit Pesisir Barat, Lampung

✅ Daerah Sangat Aman dan Kondusif
✅ Masyarakatnya Ramah-Ramah
✅ Menjunjung Tinggi Adat Istiadat & Kebudayaan
✅ Banyak Wisatawan International
✅ Ombak Surfing Yang Sudah Mendunia
✅ Cootage & Hotel Tersedia Lengkap
✅ Kulinernya Mantap dan Sedap Banget!

Dapatkan informasi foto terkini di Kabupaten Pesisir Barat, Go follow 👉 @pesisirbaratupdate @pesisirbaratupdate @pesisirbaratupdate

#pesisirbaratupdate #pesisirbarat #krui #pringsewu #lampung #pringsewulampung #bandarlampung #pesawaran #tanggamus #tulangbawangbarat #tulangbawang #lampungbarat #lampungselatan #lampungutara #travelingindonesia #lampungtengah #wonderfullindonesia #beach #traveling #holiday #wonderfulindonesia #wisata #pariwisata #explorelampung #pantai #pariwisataindonesia #beachphotography #beachday #sunset #beachvibes",islet
https://www.instagram.com/p/C52C_puS_gZ/,1509.jpg,2024-04-17 00:00:00,"Pantai Melasti, Kabupaten Pesisir Barat ☀️🌴

Video Reels By 📽️: @iniobay

Lets Go! Visit Krui, Pesisir Barat, Lampung 🇮🇩

✅ Daerah Sangat Aman dan Kondusif
✅ Masyarakatnya Ramah-Ramah
✅ Menjunjung Tinggi Adat Istiadat & Kebudayaan
✅ Banyak Wisatawan International
✅ Ombak Surfing Yang Sudah Mendunia
✅ Keindahan Pantai Yang Sudah Mendunia
✅ Cootage & Hotel Tersedia Lengkap

#lebarancore #lebarancore2024 #pesisirbaratupdate #kruilampung #kruipesisirbarat #pesisirbarat #krui #pringsewu #lampung #pringsewulampung #bandarlampung #pesawaran #tanggamus #lampungbarat #lampungselatan #lampungutara #travelingindonesia #surf #ijamitkrui #beach #traveling #holiday #wonderfulindonesia #wisata #pariwisata #explorelampung #pantai #pariwisataindonesia #surfing #tourism",coast
https://www.instagram.com/p/DFwGI7uyS2r/,1510.jpg,2025-02-17 00:00:00,"Gua Maria Ngison Nando, Kalianda, Lampung Selatan. Lokasinya di pinggir jalan utama, dan cukup luas untuk rombongan bus. Susteran yang juga bisa digunakan untuk retreat.

Must visit kalau sedang di area Lampung 🤗",japanese garden
https://www.instagram.com/p/CJTUkW-Mx3l/,1511.jpg,2021-12-27 00:00:00,"Ada rindu mendekam dijiwa
Seperti merindukan senja disudut kota
Ada rindu yang selalu jatuh
Diterik sepi yang lupa berteduh
Semoga hati ini tak kan Rapuh
#pejuangLDR
#rindukamu
#dailyhijabootd#dailyhijabtraveller
#keduwarnakalianda#lampunghits
#lampungeksis#lampunggeh#visitlampung
#visitlampungselatan#lampungselatan
#kelampungyuk#kelampunggeh#keduwarna",beach
https://www.instagram.com/p/DFXbecLShqf/,1512.jpg,2025-01-28 00:00:00,"maaf gengss kita KKN di Mekkah🥲🙂

———————————————————————————
Visit us on :
Instagram : @kkn.tajimalela 
TikTok : @kkn.tajimalela

#kkn #kknunila #tajimalela #kalianda #lampungselatan",legislative chamber
https://www.instagram.com/p/CRINhvNNEsp/,1513.jpg,2021-07-10 00:00:00,"Pandangi walau hanya sesaat...

... Nikmati
... Syukuri

Editing 📷 @akbaraidhil

#pintulangitlampung #lengkunglangitlampung #kampungvietnamlampung #lampungselatan #bandarlampung #eksplorlampungselatan #visitlampungselatan #jalanjalanlampung",sky
https://www.instagram.com/p/DF5CoH1JSzz/,1514.jpg,2025-02-10 00:00:00,"DEPARTURE INDUSTRY VISIT SMK N 1 NATAR LAMPUNG SELATAN Tahun 2025 bersama Puma Tour 
.
.
.
#pumatour #terbaik #bus #travel #kunjunganindustri #tour",discotheque
https://www.instagram.com/p/CPpmWqGJi_Q/,1515.jpg,2021-06-03 00:00:00,"#wonderfullindonesia
#wonderfulllampung
#amongkrui
#pesisirselatan 
#pesisirbaratlampung 
#lampunghits 
#visitlampung
#visitlampungbarat
#visitlampungselatan
#mulilampung",beach
https://www.instagram.com/p/Ciq9Mscv1Z2/,1516.jpg,2022-09-19 00:00:00,"Visit kandang tetap melakukan protokol kesehatan demi menjaga hewan tetap sehat. Dilakukannya penyemprotan disinfektan kepada pengunjung dan kendaraan ketika visit ke EB FARM✨
-
Google Maps : EB Farm
Alamat : Terusan Jalan Untung Suropati, Gapura Jl. Gemilang, Gg. Anumerta (ikuti jalan beton ke kanan sampai ketemu kandang besar ditengah sawah) Desa Fajar Baru, Kec. Jati Agung, Kab. Lampung Selatan, Lampung, 35141
-
☎️ WhatsApp : 0812-7249-9557 (Admin 1) / 0812-7486-7144 (Admin 2)
-
1000+ Ekor Kambing Berbagai Jenis (Fullblood Boer, Cross Boer & Boer F1-F5, PE, Jawarandu, Domba Merino & Dorper, Dsb)
-
#ebfarmlampung
#jualkambinglampung
#jualhewanqurban
#jualkambingaqiqahlampung 
#jualkambingboerlampung
#peternakboerlampung",mezzanine
https://www.instagram.com/p/DRgsJFhki2X/,1517.jpg,2025-11-26 00:00:00,"⏩(Balam) - Wakil Gubernur Lampung, Jihan Nurlela, meninjau site visit feasibility study pengembangan nilai ekonomi karbon di kawasan Perhutanan Sosial Desa Way Kalam, Kecamatan Penengahan, Lampung Selatan, Selasa (25/11/2025).
.
.
Dalam kunjungan itu, Wagub bersama rombongan dari Otoritas Jasa Keuangan (OJK) dan Dinas Kehutanan Provinsi Lampung menyusuri jalur hutan yang rimbun. Suasana alami dengan pepohonan besar, kicauan burung, dan aliran sungai menambah kesejukan perjalanan.
.
.
Jihan menilai, kawasan perhutanan sosial di Way Kalam memiliki potensi besar untuk dikembangkan, baik dari sisi konservasi lingkungan, penguatan ekonomi masyarakat, maupun nilai ekonomi karbon.
.
.
“Pengembangan potensi perhutanan sosial ini sangat luas, terutama jika berbicara tentang ekonomi karbon. Tapi kita juga perlu merapikan manajemen dari hal-hal kecil agar potensi ini benar-benar bisa dioptimalkan,” ujarnya.
.
.
Selama peninjauan, Wagub berhenti di beberapa titik strategis, termasuk area sumber mata air dan jalur menuju Air Terjun Anakan di Hutan Register Way Kalam. 
.
.
Di sana, ia mendapat penjelasan terkait keberadaan satwa dilindungi serta peran masyarakat desa dalam menjaga kawasan konservasi.
.
.
Wagub Jihan juga mengapresiasi keberadaan Peraturan Desa (Perdes) yang mengatur pengelolaan wisata alam di kawasan tersebut, seperti area camping, jalur trekking, dan dua lokasi air terjun.
.
.
“Sekarang kita berada di dekat sumber mata air. Kalau di bawah itu ada Air Terjun Way Kalam yang besar. Tempat ini cocok sekali untuk aktivitas seperti yoga. Ke depan, mungkin bisa diukur pH airnya agar diketahui kandungan oksigennya, ini bisa jadi nilai tambah untuk promosi wisata,” tambahnya.
.
.
Pemerintah Provinsi Lampung berharap hasil kajian ini dapat memperkuat pengelolaan perhutanan sosial secara berkelanjutan. Selain menjaga kelestarian alam, program ini juga diharapkan mampu meningkatkan kesejahteraan masyarakat sekitar.
.
.
Ikuti update terus via www.beritalampung.id
.
.
#BeritaLampungid #TrendingLampung #Lampungid",aquarium
https://www.instagram.com/p/CbxJDeMrJYt/,1518.jpg,2022-03-31 00:00:00,"Kerja, Nabung, Traveling.
Lalu ulangi 😂
.
📍Pantai klara 1, Lampung

Pict @yyuni_08

Visit 👉 www.ayokelampung.com

#ayokelampung #travel #tour #wisata #holiday #pesonaindonesia #travelphotography #visitindonesia #jalanjalan #wonderfulindonesia #like4like #wisataindonesia #lfl #wisatalampung #lampunggeh #lampung #genpilampung #bandarlampung #lampunginsta #lampungselatan #lampungbarat #lampunghits #lampungtengah #lampungtimur #lampungwisata #lampungkece #lampungyay #lampungeksis #lampungkeren #lampunggham",gazebo/exterior
https://www.instagram.com/p/Cd8MABiBbbh/,1519.jpg,2022-03-24 00:00:00,"Sesampainya di pulau ini, pengunjung akan disuguhkan dengan pesona pantai yang indah dengan hamparan pasir putih yang memanjakan mata.

Pict @arhanalbadar01

📍Pulau Kelagian besar, kelagian, pesawaran

Visit 👉 www.ayokelampung.com

#ayokelampung #travel #tour #wisata #holiday #pesonaindonesia #travelphotography #visitindonesia #jalanjalan #wonderfulindonesia #like4like #wisataindonesia #lfl #wisatalampung #lampunggeh #lampung #genpilampung #bandarlampung #lampunginsta #lampungselatan #lampungbarat #lampunghits #lampungtengah #lampungtimur #lampungwisata #lampungkece #lampungyay #lampungeksis #lampungkeren #lampunggham",beach
https://www.instagram.com/p/CYTm7GjPfT2/,1520.jpg,2022-01-04 00:00:00,"Pantai Mandiri, Pesisir Barat, Provinsi Lampung. 

Lets Go! Visit Pesisir Barat Guys!

Photo By 📷: @beverlynandrea

Dapatkan informasi foto terkini di Kabupaten Pesisir Barat, Go follow 👉 @pesisirbaratupdate @pesisirbaratupdate @pesisirbaratupdate

#pesisirbaratupdate #pesisirbarat #krui #pringsewu #lampung #pringsewulampung #bandarlampung #pesawaran #tanggamus #tulangbawangbarat #tulangbawang #lampungbarat #lampungselatan #lampungutara #mesuji #waykanan #lampungtengah #wonderfullindonesia #beach #lampungtimur #lampungutara #wonderfulindonesia #wisata #pariwisata #explorelampung #pantai #pariwisataindonesia #surfing #sunrise #sunset #beach",picnic area
https://www.instagram.com/p/CgELqRpvagt/,1521.jpg,2022-07-16 00:00:00,"Krui, Lampung, Sumatera ☀️🌴

Photo By 📷: @ripcurl_women 

Lets Go! Visit Krui, Pesisir Barat

✅ Daerah Sangat Aman dan Kondusif
✅ Masyarakat Ramah-Ramah
✅ Menjunjung Tinggi Adat Istiadat & Kebudayaan
✅ Banyak Wisatawan International
✅ Ombak Surfing Yang Sudah Mendunia
✅ Cootage & Hotel Tersedia Lengkap

Dapatkan informasi foto terkini di Kabupaten Pesisir Barat, Go follow 👉 @pesisirbaratupdate @pesisirbaratupdate @pesisirbaratupdate

#pesisirbaratupdate #pesisirbarat #krui #pringsewu #lampung #pringsewulampung #bandarlampung #pesawaran #tanggamus #tulangbawangbarat #tulangbawang #lampungbarat #lampungselatan #lampungutara #travelingindonesia #lampungtengah #ijamitkrui #beach #traveling #holiday #wonderfulindonesia #wisata #pariwisata #explorelampung #pantai #pariwisataindonesia #sunset #jakarta #sunsetbeach #surfing",beach house
https://www.instagram.com/p/CbTzsJgJGB_/,1522.jpg,2022-03-20 00:00:00,"Continue…
Karena sudah malam setelah nengok saudara jadilah makan di nasi uduk toha karena dia buka sampe lewat tengah malam
Nasi uduk toha 3/5
Besok pagi habis papa acara keluarga besar mama di hotel jam 12 kita makan di baso sony dan pempek tenda biru kemudian beli oleh2x…
Baso sony  3/5
Pempek tenda biru 4.25/5

Sambil menunggu kapal fery jam 18:45
Kita ke @aranglampung dari bandar lampung 1,5jam via tol tetapi jika sudah masuk jalanan desa jlananya aga berlubang, klo sudah masuk kawasan wisatanya jalanya berbatu…

Tiket masuk dewasa 3 orang (anak anak dibawah 5thn free) total 150k 
Tetapi sudah termasuk mobil HLUX antar jemput pantai dan free voucher makan @100k total voucher 300k ( makananya bisa di bilang overpriced) menu makanan yg dipesan :
Sirloin meltic,french fries 300gr, beef slice 250gr, nasi goreng ayam,lecy tea, kelapa batok 2, free sauce/bumbu grill dan alat bakar+arang…total mkan sktr 400an tetapi krn tiket masuk sdh termasuk voucher makan maka kami membayar sisanya 130k
Total makan, tiket masuk dan sewa hilux ke pantai = 150k+130k=280k worth it sh karena pantai bersih bisa renang ada tempat untuk rebahan free, adem tetapi hati hati krn ombaknya lumayan tinggi..

Tips bawa anak : 
1. Download video yutub di hp/tab anak
2. Bawa cemilan, susu, dll
3. Bawa buku favorit anak
4. Bed cover dan bantal buat rebahan
5. Bawa vitamin anak

Sayang banget mendadak tidak prepare apapun next insyAllah explore pantai lampung lagi pantainya bagus pake kamera hp udah bagus, dari arang beach ke pelabuhan 1.5jam lumayan liburan tipis2 btw kita di sini cuma 2jam krn cuma nunggu jadwal kapal fery..jgn lupa reservasi dulu nomornya ada di ig @aranglampung 

#arangbeach #visitlampungselatan #familytime #masyaallahtabarakallah #33weekspregnant",beach
https://www.instagram.com/p/CQFKodfMFpw/,1523.jpg,2021-06-14 00:00:00,""" Kau tunduk kepada alam selama belum melihat Penciptanya. Jika kau telah menyaksikan-Nya maka alam akan tunduk kepadamu."" 

 ~  Ibnu Athaillah ~

Running and Swimming Time 

#running 
#swimming 
#runforhumanity 
#runforibadah 
#justicerunners 
#bugarsepanjangusia 
#keepstrong 
#staystrong 
#visitlampung 
#visitlampungselatan 
#silahturahmi
#ayolebihbaik",lagoon
https://www.instagram.com/p/CVO8oMMJw9B/,1524.jpg,2021-10-20 00:00:00,".
Pantai Marina Lampung Selatan 🌊

📸Repost @riinaa23_ 

Salam Generasi Pesona Indonesia
Lapah Gham Jamo-Jamo Ngelestareiken Bumi Lampung

Visit www.genpilampung.com

@jokowi @kemensetneg.ri 
@sandiuno @kemenparekraf.ri 
@dwita_ria @ellanuryamah 
@dr.muhammad.kadafi.sh.mh @dpr_ri
@ustadzabdulhakim @jihanchalim
@bustami_zainudin32 @dpdri
@arinal_djunaidi @pemprov.lampung
@mbak_nunik @pemprovlampung_
@rianasariarinal @pkk_provinsi_lampung
@edarwan1962 @pariwisata_lampung
@vera_moz76 @ekraf.lampun @lyanda_melly
@elhannidjafar @heliana.dewi @perindaglampung
@ellywahyuni.s @ade_ui @vittorio_dwison @lestyputriii @wahrulfauzisilalahi @agiriakbar @dprdlampung 
@dharmasetyawan.com_ @payungiuniversity
@mustika_edi23 @ayokelampung.com_ @lampung.media
@mbakjhe @genpiindonesia @wonderful.indonesiaku
@abdulrohmanwahidone @genpi_lampung @infogeh

#genpi #genpilampung #genpilampung2021 #generasipesonaindonesia #pesonaindonesia #wonderfulindonesia #salamgenpigasgasgas #AyokeLampung #kelampungkeren #dilampungaja #diindonesiaaja #lampung #bandarlampung #kotametro #lampungbarat #lampungutara #lampungtimur #lampungtengah #lampungselatan #tanggamus #pringsewu #pesawaran #pesisirbarat #mesuji #waykanan #tulangbawang #tulangbawangbarat #love #lampungberjaya #pesonalampung",lagoon
https://www.instagram.com/p/DRHkCFOk0bf/,1525.jpg,2025-11-16 00:00:00,"What a majestic place to visit 🥹✨
📍Anak Gunung Krakatau, Selat Sunda, Lampung
Selatan

Saksi bisu letusan dahsyat yang pernah mengguncang dunia pada tahun 1883. Semoga tidurmu masih panjang ya anak baik..
Note: Kesana harus sama guide atau ikut Open Trip ya!

Jun ‘25",volcano
https://www.instagram.com/p/DEBi4CYzoFz/,1526.jpg,2024-12-26 00:00:00,"
drh_m.munawaroh
 
70w
I am and @farooqehtishamahmad  at @suak.sumatera  visit at PT Juang Jaya Abdi Alam Lampung Selatan..26.12.24",beer garden
https://www.instagram.com/p/DDj4gJzyN7x/,1527.jpg,2025-12-14 00:00:00,"our first meet looks like👀

———————————————————————————
Visit us on :
Instagram : @kkn.tajimalela 
TikTok : @kkn.tajimalela 

#kkn #kknunila #tajimalela #kalianda #lampungselatan
#tajimalela #tajimalela’s team",volleyball court/outdoor
https://www.instagram.com/p/C5lJBxVyKXk/,1528.jpg,2024-04-10 00:00:00,"lampuungupdatenews's profile picture
lampuungupdatenews
 
Edited
•
107w",forest road
https://www.instagram.com/p/CdPlX_Pv2uQ/,1529.jpg,2022-05-07 00:00:00,"The sunset sky speaks of a thousand of colors 

📍 one of the tours that you can visit in the Lampung Province “Arang Lampung” 

📸 @beryds 

#swissbelhotel 
#swissbelhotellampung 
#tourism 
#beachvibes 
#lampungselatan 
#aranglampung",sky
https://www.instagram.com/p/DXlWFRrgbsM/,1530.jpg,2026-04-26 00:00:00,"Kenapa harus pilih satu kalau bisa borong keduanya? 🤩
​Siapkan lidahmu buat duel rasa paling mantap: Dark Choco yang intense & elegan, beradu sama Dubai Chewy Original yang kenyal-kenyal nagih ala Sultan! 👑🍫 Dua-duanya siap lumer selembut awan dan bikin mood kamu langsung naik level!

​🛒 Order & Visit Us:
📲 WhatsApp: 0896-2310-1888
📩 Instagram: @cravencloud.id
🔗 Link on Bio: Klik untuk pesanan instan!

​📍 Our Stores:
🏠 Main Store: Jl. KH Mas Mansur No. 22, Rawa Laut, Bandar Lampung.
✈️ Bandara Raden Intan II: Gate G2 (Choco Latte).
🌴 Sai Rupa Jungle Sea: Lampung Selatan.",playroom
https://www.instagram.com/p/DWxt471CDKO/,1531.jpg,2026-04-06 00:00:00,"Excited to gain valuable insights about studying in Australia, plus a special visit from Griffith University! 🇦🇺🎓

From choosing the right major, experiencing life overseas, to exploring career opportunities after graduation—everything was covered!

Who’s dreaming of studying in Australia too? 🙌
Let’s start preparing for your future now! 🚀

-——
More information :

Facebook | Tiktok | X : @eibos_school
YouTube : @EmerlslamicBoardingSchool
Website : eibos.sch.id

JI. Branti Raya, Candi Mas, Natar, Lampung Selatan
35362
Email : eiboslampung@gmail.com
Whatsapp : 0811-7973-006

EIBOS
Religious - Innovative - Modern",hospital room
https://www.instagram.com/p/C6s-RocLbpx/,1532.jpg,2024-05-08 00:00:00,"moment keseruan VISIT SITE ke daerah lampung selatan✨
konsumen nya bule asal australia yg ingin di desainkan oleh team hennyfurniturinterior01🥰
terimakasih sudah memberi kepercayan kepada kami untuk mendesainkan full satu rumah‼️🫶",construction site
https://www.instagram.com/p/Cb08__yvwfE/,1533.jpg,2022-04-02 00:00:00,"Kukira kamu adalah mimpi yang dapat kukejar, tapi nyatanya kamu adalah bulan yang hanya dapat kupandang. Eaa 😂

Pict @gitafarera99

Loc Pantai Dewi Mandapa, Desa Gebang, Kecamatan Padang Cermin, Kabupaten Pesawaran, Lampung.

Visit 👉 www.ayokelampung.com

#ayokelampung #travel #tour #wisata #holiday #pesonaindonesia #travelphotography #visitindonesia #jalanjalan #wonderfulindonesia #like4like #wisataindonesia #lfl #wisatalampung #lampunggeh #lampung #genpilampung #bandarlampung #lampunginsta #lampungselatan #lampungbarat #lampunghits #lampungtengah #lampungtimur #lampungwisata #lampungkece #lampungyay #lampungeksis #lampungkeren #lampunggham",boardwalk
https://www.instagram.com/p/CTyHLJyBDQz/,1534.jpg,2021-09-14 00:00:00,"📍way lalaan Kota Agung Tanggamus

Repost from : @chillsdy

Visit 👉 www.ayokelampung.com

@jokowi @kemensetneg.ri  @sandiuno @kemenparekraf.ri  @arinal_djunaidi @mbak_nunik @edarwan1962
@pariwisata_lampung @ekraf.lampung @rianasariarinal @ardito_wijaya @dharmasetyawan.com_ @payungiuniversity  @genpiindonesia @genpi_lampung 
.
#ayokelampung #travel #tour #wisata #holiday #pesonaindonesia #travelphotography #visitindonesia #jalanjalan #wonderfulindonesia #like4like #wisataindonesia #lfl #wisatalampung #lampunggeh #lampung #genpilampung #bandarlampung #lampunginsta #lampungselatan #lampungbarat #lampunghits #lampungtengah #lampungtimur #lampungwisata #lampungkece #lampungyay #lampungeksis #lampungkeren #lampunggham",waterfall
https://www.instagram.com/p/CZsyQ-gPYtY/,1535.jpg,2022-02-08 00:00:00,"Pantai Kaur Manula, Perbatasan Lampung - Bengkulu di Kabupaten Pesisir Barat, Lampung

Photo By 📷: @vobipranata

Lets Go! Visit Pesisir Barat, Lampung

✅ Daerah Sangat Aman dan Kondusif
✅ Masyarakat Ramah dengan Wisatawan
✅ Menjunjung Tinggi Adat Istiadat & Kebudayaan
✅ Banyak Wisatawan International
✅ Ombak Surfing Yang Sudah Mendunia
✅ Cootage & Hotel Tersedia Lengkap
✅ Kulinernya Mantap dan Sedap Banget!

Dapatkan informasi foto terkini di Kabupaten Pesisir Barat, Go follow 👉 @pesisirbaratupdate @pesisirbaratupdate @pesisirbaratupdate

#pesisirbaratupdate #pesisirbarat #krui #pringsewu #lampung #pringsewulampung #bandarlampung #pesawaran #tanggamus #tulangbawangbarat #tulangbawang #lampungbarat #lampungselatan #lampungutara #travelingindonesia #lampungtengah #wonderfullindonesia #beach #traveling #holiday #wonderfulindonesia #wisata #pariwisata #explorelampung #pantai #pariwisataindonesia #beachphotography #beachday #sunset #beachvibes",islet
https://www.instagram.com/p/CvjiRBtyXQN/,1536.jpg,2023-08-05 00:00:00,"Late post 
#krakataupark #lampung #lampungselatan #bakauheni #visitlampung #visitlampungselatan",beauty salon
https://www.instagram.com/p/CdUR4ZPPpoC/,1537.jpg,2022-05-09 00:00:00,"Pantai Tebing Tanjung Jati, Lemong, Pesisir Barat, Lampung

Photo By 📷: @riamstka_

Lets Go! Visit Pesisir Barat, Lampung

✅ Daerah Sangat Aman dan Kondusif
✅ Masyarakat Ramah-Ramah
✅ Menjunjung Tinggi Adat Istiadat & Kebudayaan
✅ Banyak Wisatawan International
✅ Ombak Surfing Yang Sudah Mendunia
✅ Cootage & Hotel Tersedia Lengkap

Dapatkan informasi foto terkini di Kabupaten Pesisir Barat, Go follow 👉 @pesisirbaratupdate @pesisirbaratupdate @pesisirbaratupdate

#pesisirbaratupdate #pesisirbarat #krui #pringsewu #lampung #pringsewulampung #bandarlampung #pesawaran #tanggamus #tulangbawangbarat #tulangbawang #lampungbarat #lampungselatan #lampungutara #travelingindonesia #lampungtengah #ijamitkrui #beach #traveling #holiday #wonderfulindonesia #wisata #pariwisata #explorelampung #pantai #pariwisataindonesia #beachphotography #diindonesiaaja #sunset #beachvibes",cliff
https://www.instagram.com/p/DDj49WryXSV/,1538.jpg,2024-12-14 00:00:00,"wait for another content from us🌟

———————————————————————————
Visit us on :
Instagram : @kkn.tajimalela 
TikTok : @kkn.tajimalela 

#kkn #kknunila #tajimalela #kalianda #lampungselatan",stadium/baseball
https://www.instagram.com/p/DXoQDG4kakh/,1539.jpg,2026-04-28 00:00:00,"Visit ke Tanjung Bintang, Lampung Selatan 🏡✨
Modern House milik Pak @aanbotakk dan keluarga 😁
.
#kontraktor #kontraktorlampung #rumahmewah #modernhouse #rumahimpian",slum
https://www.instagram.com/p/DO8CneLEiVB/,1540.jpg,2025-09-23 00:00:00,"Our teachers are on the road! 🚗 
We're thrilled to begin our Parents Visit program, where we meet with parents and guardians right in their homes. This is a valuable opportunity to strengthen our partnership, share insights on each student's development at school and in the dormitory, and collaborate for their holistic growth. Thank you to all the parents for the warm welcome!

-------
More information :

Facebook | Tiktok | X : @eibos_school
YouTube : @EmerlslamicBoardingSchool
Website : eibos.sch.id

JI. Branti Raya, Candi Mas, Natar, Lampung Selatan
35362
Email : eiboslampung@gmail.com
Whatsapp : 0811-7973-006

EIBOS
Religious - Innovative - Modern",candy store
https://www.instagram.com/p/C3uU-uxRUBY/,1541.jpg,2024-02-24 00:00:00,"Lampung Selatan— Kementerian Pertanian terus mendorong peningkatan kapasitas SDM dan layanan. Seperti yang dilakukan Pusat Perlindungan Varietas Tanaman dan Perizinan Pertanian (PPVTPP) melalui kegiatan study visit smart farming dan integrated farming syatem ke Balai Pelatihan Lampung (Bapeltan Lampung. 
Studi visit  bertujuan untuk mendapatkan pengetahuan tentang Implementasi Teknologi Smart Farming, Sistem Pemetaan Laham dan Integrated Farming Sistem (Biogas) yang telah diimplemantasikan di Bapeltan Lampung. 
Kepala Pusat PVTPP, Dr. Leli Nuryati mengatakan, pihaknya kini telah melakukan berbagai upaya guna peningkatan kualitas layanan. Salah satunya dilakukan melalui peningkatan kualitas pengelolaan kebun Pemeriksaan Substantif PVT. Leli mengungkapkan, saat ini Pusat PVTPP mengelola tiga kebun Pemeriksaan Substantif (KPS) PVT di Lembang, Mojosari dan Bogor. Ketiga kebun ini nantinya diarahkan menggunakan teknologi modern seperti smart irigation yang telah diterapkan di Mojosari. Untuk itu melalui kegiatan studi visit ini diharapkan dapat diperoleh informasi dan pengetahuan untuk kebutuhan memenuhi tersebut. 
Peningkatan kualitas SDM pelayanan dilakukan untuk mewujudkan visi PPVTPP sebagai institusi Pelayanan yang Profesional,Responsif,berIntegritas,Maksimal dan Ansipatif (PRIMA). Kegiatan studi ini merupakan bagian dalam memberikan penghargaan atau reward kepada pegawai berprestasi dengan berkesempatan dalam peningkatan kapasitas. 
Verifikator Pendaftaran Varietas Tanaman K.A.F Zakki, Sp.,MP yang memimpin rombongan studi banding di Lampung, Rabu (21/2) mengakui, Bapeltan Lampung menjadi salah satu unit pelaksana teknis di BBPPSDMP yang mendorong penerapan teknologi
 Smart Farming dalam menghadapi tantangan perubahan lingkungan global yang tidak terprediksi, terutama ancaman perubahan iklim. 

#sobatPVTPP untuk berita selengkapnya kunjungi webiste kami di https://ppvtpp.setjen.pertanian.go.id 

#PusatPVTPP #pelayananpublik #bapeltanlampung #KementerianPertanian #Kementan #sobatPVTPP",assembly line
https://www.instagram.com/p/DBfqu9xvpXV/,1542.jpg,2024-10-21 00:00:00,"Holla! We are now serving grilled fresh seafood. 
Visit us at our booth “Setigi BBQ” 🦐🦑🐟

Booking and Reservation:
Whatsapp +62 821 2200 2098

—
Pantai Setigi Heni
Canggung, Lampung Selatan

#SetigiHeni #HarmonyWithNature #BatokKelapaBeachCafe #ShellOfFlavor #HiddenGem #Canggung #LampungSelatan",general store/outdoor
https://www.instagram.com/p/DKgVuB3Jsu_/,1543.jpg,2025-06-05 00:00:00,"🔥🔥 PENGUMUMAN HASIL TES PPDB GELOMBANG III 🔥🔥
___________________________
.
Silahkan cek di link : https://bit.ly/TICgel3
.
.
⬇Visit & Follow Us On⬇ :
wa.me/+6281274892847
.
Ig : @smpittic_boardingschool
Fb : SMPIT TIC T Bintang
________________________
#TunasInsanCendekia
#besmartandfriendly
#prestasihebat #smpit #jsit #lampungselatan #sekolahmenengah",booth/indoor
https://www.instagram.com/p/CJ5k_foAHit/,1544.jpg,2021-01-11 00:00:00,"visit lampung yuuk , ada yg tau ga aku lagi piknik dimanaa ??! g kalah cantik kan sama pemandangan gunung fuji hheee 😀 , aku kemaren piknik dan berenang di laut kalianda lampung selatan, tepatnya di @elty_krakatoa , lautnya jernih bgt dan ombaknya relatif tenang kalian bs berenang, bs main floatis juga disana sambil nikmatin indahnya gunung rajabasa 😍, liburan dan tetap patuhi protokol kesehatan ya  #grandeltykrakatoa #pariwisatalampung #pantaikalianda",park
https://www.instagram.com/p/CUqzZgHhcwi/,1545.jpg,2021-10-06 00:00:00,"Hari rabu yg cerah 
Semoga hari ini allah memudah kan urusan kita semua
#samba #visitlampungselatan #cabe #sambelkecombrang #sambelado",beauty salon
https://www.instagram.com/p/DUm0fCRmM7Z/,1546.jpg,2026-02-11 00:00:00,"Persoalan kebersihan tidak lagi bisa dipandang sebagai isu sepele. Bupati Lampung Selatan, Radityo Egi Pratama menegaskan, bahwa masa depan pariwisata dan geliat ekonomi daerah sangat ditentukan oleh kesadaran masyarakat dalam menjaga lingkungan.

Penegasan itu disampaikan Bupati Egi saat menghadiri Grand Opening Cik Tien Oleh-oleh Lampung di Kalianda, Rabu (11/2/2025).

Dalam suasana peresmian yang sarat semangat pengembangan ekonomi lokal, Bupati Egi mengajak masyarakat melihat kebersihan sebagai investasi jangka panjang bagi kemajuan daerah.

Baca selengkapnya di www.lampung.tigapena.com

#LampungSelatan #BupatiEgi #Pariwisata #KebersihanPenting #VisitLampungSelatan #LingkunganBersih",booth/indoor
https://www.instagram.com/p/CYZNvlpPgdb/,1547.jpg,2022-01-06 00:00:00,"Mau berwisata ke Pesisir Barat Kini Menjadi Lebih Mudah, Cepat, Aman, Nyaman, dan Murah Guys!

Lets Go! Visit Pesisir Barat, Lampung

Photo By 📷: @diskominfopb

#iklan #pesisirbaratupdate #pesisirbarat #krui #pringsewu #lampung #pringsewulampung #bandarlampung #pesawaran #tanggamus #tulangbawangbarat #tulangbawang #lampungbarat #lampungselatan #lampungutara #mesuji #waykanan #lampungtengah #wonderfullindonesia #beach #lampungtimur #lampungutara #wonderfulindonesia #wisata #pariwisata #explorelampung #pantai #pariwisataindonesia #susiair #surf #sunset #beach",ticket booth
https://www.instagram.com/p/DSC6JTJDRBL/,1548.jpg,2025-12-09 00:00:00,"Wagub Lampung Tinjau Potensi Ekonomi Karbon Way Kalam

LAMSEL- Wakil Gubernur Lampung Jihan Nurlela mengunjungi Studi Kelayakan Kunjungan Lapangan (Site Visit Feasibility Study) Pengembangan Nilai Ekonomi Karbon di kawasan Perhutanan Sosial Desa Way Kalam, Kecamatan Penengahan, Lampung Selatan, Selasa (25/11/2025). Kunjungan dilakukan dengan menyusuri jalur hutan yang rimbun. Wagub didampingi tim dari OJK dan Dinas Kehutanan Provinsi Lampung. Rombongan disambut suasana alami yang sejuk, dengan pepohonan besar, suara satwa, dan aliran sungai....

https://inspiratif.co.id/wagub-lampung-tinjau-potensi-ekonomi-karbon-way-kalam/",waterfall
https://www.instagram.com/p/C7qw29KSL7x/,1549.jpg,2024-06-01 00:00:00,"Lanjutan video sebelumnya, karena banyak yang tanya di platform sebelah ? Klo menurut kalian apakah termasuk traveling low budget ? 
.
.
.
.
@kedasresort_hotel @minangruaofficial @minangrua_undersea 

#visitlampungselatan #beachvibes #watersport #riding #overland #roadtrip #healing #budgetfriendly #budgettravel #komunitasmotor #gasajadulubarucurhat",harbor
https://www.instagram.com/p/CTzR2qKhtad/,1550.jpg,2021-09-14 00:00:00,"📍Bukit Pematang Sunrise, Bakauheni Lampung Selatan. 

📸 @putrikintann

 Visit 👉 www.ayokelampung.com

@jokowi @kemensetneg.ri  @sandiuno @kemenparekraf.ri  @arinal_djunaidi @mbak_nunik @edarwan1962
@pariwisata_lampung @ekraf.lampung @rianasariarinal @ardito_wijaya @dharmasetyawan.com_ @payungiuniversity  @genpiindonesia @genpi_lampung 
.
#ayokelampung #travel #tour #wisata #holiday #pesonaindonesia #travelphotography #visitindonesia #jalanjalan #wonderfulindonesia #like4like #wisataindonesia #lfl #wisatalampung #lampunggeh #lampung #genpilampung #bandarlampung #lampunginsta #lampungselatan #lampungbarat #lampunghits #lampungtengah #lampungtimur #lampungwisata #lampungkece #lampungyay #lampungeksis #lampungkeren #lampunggham",lagoon
https://www.instagram.com/p/CTylCr-hlmo/,1551.jpg,2021-09-14 00:00:00,"Waktu dimana sebelum semuanya berubah :)

📍 Pantai Marina, Kalianda, Lampung Selatan
Visit 👉 www.ayokelampung.com

Repost from : @gadisfrh_19

@jokowi @kemensetneg.ri  @sandiuno @kemenparekraf.ri  @arinal_djunaidi @mbak_nunik @edarwan1962
@pariwisata_lampung @ekraf.lampung @rianasariarinal @ardito_wijaya @dharmasetyawan.com_ @payungiuniversity  @genpiindonesia @genpi_lampung 
.
#ayokelampung #travel #tour #wisata #holiday #pesonaindonesia #travelphotography #visitindonesia #jalanjalan #wonderfulindonesia #like4like #wisataindonesia #lfl #wisatalampung #lampunggeh #lampung #genpilampung #bandarlampung #lampunginsta #lampungselatan #lampungbarat #lampunghits #lampungtengah #lampungtimur #lampungwisata #lampungkece #lampungyay #lampungeksis #lampungkeren #lampunggham",hot spring
https://www.instagram.com/p/C7_f-TLSNeL/,1552.jpg,2024-06-09 00:00:00,"The most beautiful beach in Krui🌴

📍Mandiri Beach at 06:12 am

Video By 📽️: @aalunissage

Lets Go! Visit Krui, Pesisir Barat, Lampung 🇮🇩

✅ Daerah Sangat Aman dan Kondusif
✅ Masyarakatnya Ramah-Ramah
✅ Menjunjung Tinggi Adat Istiadat & Kebudayaan
✅ Banyak Wisatawan International
✅ Ombak Surfing Yang Sudah Mendunia
✅ Keindahan Pantai Yang Sudah Mendunia
✅ Cootage & Hotel Tersedia Lengkap

#lampungupdate #krui #pesisirbarat #pesisirbaratupdate #pringsewu #lampung #pringsewulampung #bandarlampung #pesawaran #tanggamus #tulangbawangbarat #tulangbawang #lampungbarat #lampungselatan #lampungutara #mesuji #waykanan #lampungtengah #surf #lampungtimur #lampungutara #wonderfulindonesia  #pariwisataindonesia #explorelampung #surfing #viral #pariwisataviral #wisataviral",ocean
https://www.instagram.com/p/CaQutyNvZBA/,1553.jpg,2022-02-02 00:00:00,"Pantai Walur, Pesisir Barat, Lampung

Photo By 📷: @sumi.habibah02 

Lets Go! Visit Pesisir Barat, Lampung

✅ Daerah Sangat Aman dan Kondusif
✅ Masyarakat Ramah-Ramah
✅ Menjunjung Tinggi Adat Istiadat & Kebudayaan
✅ Banyak Wisatawan International
✅ Ombak Surfing Yang Sudah Mendunia
✅ Cootage & Hotel Tersedia Lengkap
✅ Kulinernya Mantap dan Sedap Banget!

Dapatkan informasi foto terkini di Kabupaten Pesisir Barat, Go follow 👉 @pesisirbaratupdate @pesisirbaratupdate @pesisirbaratupdate

#pesisirbaratupdate #pesisirbarat #krui #pringsewu #lampung #pringsewulampung #bandarlampung #pesawaran #tanggamus #tulangbawangbarat #tulangbawang #lampungbarat #lampungselatan #lampungutara #travelingindonesia #lampungtengah #wonderfullindonesia #beach #traveling #holiday #wonderfulindonesia #wisata #pariwisata #explorelampung #pantai #pariwisataindonesia #beachphotography #beachday #sunset #beachvibes",lake/natural
https://www.instagram.com/p/CROq7ApgR0H/,1554.jpg,2021-07-12 00:00:00,"Apa pun situasi nya kalau mau holiday mh lanjut....
:
📌 Umang Umang island
  Pulau Sebesi Lampung
  Selatan
🔭🏝️🏝️🏝️🏝️
#lampungselatanindonesia #holiday #trevelerindonesia #treveling #ilovelampung #iloveindonesia #jelajahlampung #visitlampung #visitlampungselatan #wonderfullindonesia #wonderfullampung",lagoon
https://www.instagram.com/p/CeS7OGZBz0P/,1555.jpg,2022-06-02 00:00:00,"Kapan terakhir kalian mantai🤔

Pict @awan_1810

📍Pantai Mbeach, Kalianda, Lampung Selatan.

Visit 👉 www.ayokelampung.com

#ayokelampung #travel #tour #wisata #holiday #pesonaindonesia #travelphotography #visitindonesia #jalanjalan #wonderfulindonesia #like4like #wisataindonesia #lfl #wisatalampung #lampunggeh #lampung #genpilampung #bandarlampung #lampunginsta #lampungselatan #lampungbarat #lampunghits #lampungtengah #lampungtimur #lampungwisata #lampungkece #lampungyay #lampungeksis #lampungkeren #lampunggham",promenade
https://www.instagram.com/p/Cd05JLvBFUC/,1556.jpg,2022-05-21 00:00:00,"Selamat pagi🙌

Pict @odi_mudirul

📍Spot Green Canyon, Pantai Minang Rua,  Lampung Selatan

Visit 👉 www.ayokelampung.com

#ayokelampung #travel #tour #wisata #holiday #pesonaindonesia #travelphotography #visitindonesia #jalanjalan #wonderfulindonesia #like4like #wisataindonesia #lfl #wisatalampung #lampunggeh #lampung #genpilampung #bandarlampung #lampunginsta #lampungselatan #lampungbarat #lampunghits #lampungtengah #lampungtimur #lampungwisata #lampungkece #lampungyay #lampungeksis #lampungkeren #lampunggham",swimming hole
https://www.instagram.com/p/C5UiFyLyV-e/,1557.jpg,2024-04-04 00:00:00,"Ngabuburide Pakai Kuda di Pantai Mandiri, bagi kamu yang mau berkuda di Pantai Mandiri sekarang sudah tersedia lho tempat penyewaan kuda beserta pelatihnya 

Video Reels By 📽️: @othinpariis

Lets Go! Visit Krui, Pesisir Barat, Lampung 🇮🇩

✅ Daerah Sangat Aman dan Kondusif
✅ Masyarakatnya Ramah-Ramah
✅ Menjunjung Tinggi Adat Istiadat & Kebudayaan
✅ Banyak Wisatawan International
✅ Ombak Surfing Yang Sudah Mendunia
✅ Keindahan Pantai Yang Sudah Mendunia
✅ Cootage & Hotel Tersedia Lengkap

#pesisirbaratupdate #kruilampung #kruipesisirbarat #pesisirbarat #krui #pringsewu #lampung #pringsewulampung #bandarlampung #pesawaran #tanggamus #tulangbawangbarat #lampungbarat #lampungselatan #lampungutara #travelingindonesia #surf #ijamitkrui #beach #traveling #holiday #wonderfulindonesia #wisata #pariwisata #explorelampung #pantai #pariwisataindonesia #surfing #tourism",ocean
https://www.instagram.com/p/CgYlv18PuAT/,1558.jpg,2022-07-24 00:00:00,"Pengalaman pertama @sorayarasyid12 memanjat pohon damar berusia 300 tahun di Kabupaten Pesisir Barat, Lampung

Lets Go! Visit Krui, Pesisir Barat

✅ Daerah Sangat Aman dan Kondusif
✅ Masyarakat Ramah-Ramah
✅ Menjunjung Tinggi Adat Istiadat & Kebudayaan
✅ Banyak Wisatawan International
✅ Ombak Surfing Yang Sudah Mendunia
✅ Cootage & Hotel Tersedia Lengkap

Dapatkan informasi foto terkini di Kabupaten Pesisir Barat, Go follow 👉 @pesisirbaratupdate @pesisirbaratupdate @pesisirbaratupdate

#pesisirbaratupdate #pesisirbarat #krui #pringsewu #lampung #pringsewulampung #bandarlampung #pesawaran #tanggamus #tulangbawangbarat #tulangbawang #lampungbarat #lampungselatan #lampungutara #travelingindonesia #lampungtengah #ijamitkrui #beach #traveling #holiday #wonderfulindonesia #wisata #pariwisata #explorelampung #pantai #pariwisataindonesia #sunset #jakarta #sunsetbeach #surfing",rope bridge
https://www.instagram.com/p/Co9HWP7P1PO/,1559.jpg,2023-02-22 00:00:00,"Momen Pembukaan Krui Fair 2022 lalu.

Photo By 📷: @pemkabpesisirbarat

Bela dan Beli UMKM Pesisir Barat | Mari Kita Ramaikan Hastag #BangkitUMKM #BelaDanBeliUMKMPesisirBarat

Lets Go! Visit Krui, Pesisir Barat, Lampung

✅ Daerah Sangat Aman dan Kondusif
✅ Masyarakatnya Ramah-Ramah
✅ Menjunjung Tinggi Adat Istiadat & Kebudayaan
✅ Banyak Wisatawan International
✅ Ombak Surfing Yang Sudah Mendunia
✅ Keindahan Pantai Yang Sudah Mendunia
✅ Cootage & Hotel Tersedia Lengkap

#kruifair #kruifair2023 #beladanbeliprodukumkmpesisirbarat #kruipro #pesisirbarat #krui #pringsewu #lampung #pringsewulampung #bandarlampung #pesawaran #tanggamus #tulangbawangbarat #lampungbarat #lampungselatan #lampungutara #travelingindonesia #surf #ijamitkrui #beach #traveling  #wonderfulindonesia #pariwisata #explorelampung #pantai #pariwisataindonesia #surfing #tourism",bazaar/indoor
https://www.instagram.com/p/CaL4rQ-v2z7/,1560.jpg,2022-02-20 00:00:00,"Pantai Mandiri, Pesisir Barat, Lampung

Photo By 📷: @arsln_ghz

Lets Go! Visit Pesisir Barat, Lampung

✅ Daerah Sangat Aman dan Kondusif
✅ Masyarakat Ramah-Ramah
✅ Menjunjung Tinggi Adat Istiadat & Kebudayaan
✅ Banyak Wisatawan International
✅ Ombak Surfing Yang Sudah Mendunia
✅ Cootage & Hotel Tersedia Lengkap
✅ Kulinernya Mantap dan Sedap Banget!

Dapatkan informasi foto terkini di Kabupaten Pesisir Barat, Go follow 👉 @pesisirbaratupdate @pesisirbaratupdate @pesisirbaratupdate

#pesisirbaratupdate #pesisirbarat #krui #pringsewu #lampung #pringsewulampung #bandarlampung #pesawaran #tanggamus #tulangbawangbarat #tulangbawang #lampungbarat #lampungselatan #lampungutara #travelingindonesia #lampungtengah #wonderfullindonesia #beach #traveling #holiday #wonderfulindonesia #wisata #pariwisata #explorelampung #pantai #pariwisataindonesia #beachphotography #beachday #sunset #beachvibes",lawn
https://www.instagram.com/p/CZg1_3TpoF3/,1561.jpg,2022-02-03 00:00:00,"Halo horse lover! Weekend ini udah punya rencana mau kemana? Mending ke princhsto aja, banyak wahana yg bisa kalian pilih loh. Mulai dari wahana berkuda, mini train, kereta kuda dll 😍

Loc. PRINCHSTO, Pringsewu Ranch and Resto

Repost @princhsto 

Visit 👉 www.ayokelampung.com

@jokowi @kemensetneg.ri @sandiuno @kemenparekraf.ri @arinal_djunaidi @mbak_nunik @edarwan1962
@pariwisata_lampung @ekraf.lampung @rianasariarinal @ardito_wijaya @dharmasetyawan.com_ @payungiuniversity @genpiindonesia @genpi_lampung
.
#ayokelampung #travel #tour #wisata #holiday #pesonaindonesia #travelphotography #visitindonesia #jalanjalan #wonderfulindonesia #like4like #wisataindonesia #lfl #wisatalampung #lampunggeh #lampung #genpilampung #bandarlampung #lampunginsta #lampungselatan #lampungbarat #lampunghits #lampungtengah #lampungtimur #lampungwisata #lampungkece #lampungyay #lampungeksis #lampungkeren #lampunggham",stable
https://www.instagram.com/p/CVu9LrVJC7v/,1562.jpg,2021-11-01 00:00:00,".
📍bukit Pematang sunrise,Bakauheni,Lampung Selatan

Reposted from @hallooo.lilis_ Draf..

Salam Generasi Pesona Indonesia
Lapah Gham Jamo-Jamo Ngelestareiken Bumi Lampung

Visit www.genpilampung.com

@jokowi @kemensetneg.ri 
@sandiuno @kemenparekraf.ri 
@dwita_ria @ellanuryamah @dpr_ri
@ustadzabdulhakim @jihanchalim @dpdri
@arinal_djunaidi @pemprov.lampung
@mbak_nunik @pemprovlampung_
@rianasariarinal @pkk_provinsi_lampung
@edarwan1962 @ulidarebeca_ @pariwisata_lampung
@vera_moz76 @ekraf.lampun @lyanda_melly
@elhannidjafar @heliana.dewi @perindaglampung
@ellywahyuni.s @ade_ui @vittorio_dwison @lestyputriii @wahrulfauzisilalahi @garinca.reza.pahlevi
@agiriakbar @mirzano @dprdlampung 
@dharmasetyawan.com_ @payungiuniversity
@mustika_edi23 @ayokelampung.com_ @lampung.media
@mbakjhe @genpiindonesia @wonderful.indonesiaku
@abdulrohmanwahidone @genpi_lampung @infogeh
@akhyarmusthafa @myls.kotametro @payungikampungbahasa

#genpi #genpilampung #genpilampung2021 #generasipesonaindonesia #pesonaindonesia #wonderfulindonesia #salamgenpigasgasgas #AyokeLampung #kelampungkeren #dilampungaja #diindonesiaaja #lampung #bandarlampung #kotametro #lampungbarat #lampungutara #lampungtimur #lampungtengah #lampungselatan #tanggamus #pringsewu #pesawaran #pesisirbarat #mesuji #waykanan #tulangbawang #tulangbawangbarat #lampungberjaya #pesonalampung #myls.kotametro",picnic area
https://www.instagram.com/p/ChZ58T_P0NU/,1563.jpg,2022-08-18 00:00:00,"Masyaallah tabarakallah 🤍
Allhamdulillah pacaran setelah halal lebih indah 
#coplegoals #halalcople #taarufnikah #muslimah #islam #coplemuslim #travelers #astetic  #visitindonesia #visitlampung #visitlampungselatan #alexanderchristie #hijabchic #adidassneakers #cordydailyinspiration #ondaindonesia",beach
https://www.instagram.com/p/CZ3NDCxvF_j/,1564.jpg,2022-02-12 00:00:00,"Bang @marcmarquez93 udah sampe Labuhan Jukung aja. Ayo berlibur ke Pesisir Barat! 😁👍

Photo Edited By 📷: @ayokekrui

Lets Go! Visit Pesisir Barat, Lampung

✅ Daerah Sangat Aman dan Kondusif
✅ Masyarakat Ramah dengan Wisatawan
✅ Menjunjung Tinggi Adat Istiadat & Kebudayaan
✅ Banyak Wisatawan International
✅ Ombak Surfing Yang Sudah Mendunia
✅ Cootage & Hotel Tersedia Lengkap
✅ Kulinernya Mantap dan Sedap Banget!

Dapatkan informasi foto terkini di Kabupaten Pesisir Barat, Go follow 👉 @pesisirbaratupdate @pesisirbaratupdate @pesisirbaratupdate

#pesisirbaratupdate #pesisirbarat #krui #pringsewu #lampung #pringsewulampung #bandarlampung #pesawaran #tanggamus #tulangbawangbarat #tulangbawang #lampungbarat #lampungselatan #lampungutara #travelingindonesia #lampungtengah #wonderfullindonesia #beach #traveling #holiday #wonderfulindonesia #wisata #pariwisata #explorelampung #pantai #pariwisataindonesia #beachphotography #surfing #sunset #beachvibes",beach
https://www.instagram.com/p/C_Hy6V7Sok6/,1565.jpg,2024-08-26 00:00:00,"BARAKALLAH
SMPIT TUNAS INSAN CENDEKIA BOARDING SCHOOL 
Juara II Lomba Karnaval Kategori SMP/SMA HUT RI ke - 79 Kecamatan Tanjung Bintang Lampung Selatan
.
⬇️Visit & Follow Us On⬇️ :
WA : 0812-7489-2847

Web : smp.sittunasinsancendekia.sch.id/
Ig : @smpittic_boardingschool
Fb : SMPIT TIC T Bintang
YT : SMPIT TUNAS INSAN CENDEKIA 
________________________
#TunasInsanCendekia
#besmartandfriendly
#prestasihebat",stage/outdoor
https://www.instagram.com/p/CTwWDwKB9lb/,1566.jpg,2021-09-13 00:00:00,"#Repost @resky_mertaregasaputri 

Ada yang baru nih di @travelesia_id 
Kamorang yakin gak mau eksplore bareng kita🍃
.
.
📍Pulau Mahitam, Lampung

Visit 👉 www.ayokelampung.com

@jokowi @kemensetneg.ri  @sandiuno @kemenparekraf.ri  @arinal_djunaidi @mbak_nunik @edarwan1962
@pariwisata_lampung @ekraf.lampung @rianasariarinal @ardito_wijaya @dharmasetyawan.com_ @payungiuniversity  @genpiindonesia @genpi_lampung 
.
#ayokelampung #travel #tour #wisata #holiday #pesonaindonesia #travelphotography #visitindonesia  #wonderfulindonesia #like4like #wisataindonesia #lfl #wisatalampung #lampunggeh #lampung #genpilampung #bandarlampung #lampunginsta #lampungselatan #lampungbarat #lampunghits #lampungtengah #lampungtimur #lampungwisata #lampungkece #lampungyay #lampungeksis #lampungkeren #làmpunggham",lagoon
https://www.instagram.com/p/CV7DzM1hNkg/,1567.jpg,2021-11-06 00:00:00,"Memandangmu saja tak cukup apa lagi mengagumimu🌊
.
📍 Pantai Kedu Kalianda Lampung Selatan
.
Reposted from @rimachasanah25

Visit 👉 www.ayokelampung.com

@jokowi @kemensetneg.ri  @sandiuno @kemenparekraf.ri  @arinal_djunaidi @mbak_nunik @edarwan1962
@pariwisata_lampung @ekraf.lampung @rianasariarinal @ardito_wijaya @dharmasetyawan.com_ @payungiuniversity  @genpiindonesia @genpi_lampung 
.
#ayokelampung #travel #tour #wisata #holiday #pesonaindonesia #travelphotography #visitindonesia #jalanjalan #wonderfulindonesia #like4like #wisataindonesia #lfl #wisatalampung #lampunggeh #lampung #genpilampung #bandarlampung #lampunginsta #lampungselatan #lampungbarat #lampunghits #lampungtengah #lampungtimur #lampungwisata #lampungkece #lampungyay #lampungeksis #lampungkeren #lampunggham",ocean
https://www.instagram.com/p/DQLK2Q9Eovi/,1568.jpg,2025-10-24 00:00:00,"Pantai Marina, Pantai cantik di Lampung Selatan yang hanya berjarak 50km dari pusat kota Bandar Lampung. 
Meski tidak dapat berenang tapi pantai ini terkenal memilki berbagai spot foto estetik dan keindahan alam.
HTM : 30K/person
Bakalan masuk ke bucket list places to visit kamu ga nih?

Sets @noaeveryday 

#shintatraveldiaries #wheninlampung #travelwithnoa #iwearnoaeveryday #placetogo #pantaimarina #pantaimarinalampung",lagoon
https://www.instagram.com/p/CaB1ndbr11i/,1569.jpg,2022-02-16 00:00:00,"this place:)

Loc. Pantai Tanjung Setia, Pesisir Barat Lampung

Repost @sfraokt_

Visit 👉 www.ayokelampung.com

#ayokelampung #travel #tour #wisata #holiday #pesonaindonesia #travelphotography #visitindonesia #jalanjalan #wonderfulindonesia #like4like #wisataindonesia #lfl #wisatalampung #lampunggeh #lampung #genpilampung #bandarlampung #lampunginsta #lampungselatan #lampungbarat #lampunghits #lampungtengah #lampungtimur #lampungwisata #lampungkece #lampungyay #lampungeksis #lampungkeren #lampunggham",ocean
https://www.instagram.com/p/DVxHGe4E4aX/,1570.jpg,2026-03-12 00:00:00,"
disparbud_lampungselatan
 
7w
Meninjau Potensi Wisata Way Tebing Ceppa

Kunjungan ke destinasi wisata Way Tebing Ceppa bersama Kepala Dinas Pariwisata dan Kebudayaan Kabupaten Lampung Selatan Dr. I Nyoman Setiawan, S.E., M.M., didampingi oleh Camat Penengahan, Sekretaris Dinas Pariwisata dan Kebudayaan, serta Kepala Bidang Kebudayaan.

Kegiatan ini dilakukan sebagai bagian dari upaya melihat langsung potensi wisata alam yang dimiliki daerah, sekaligus mendorong pengembangan dan pengelolaan destinasi agar dapat menjadi daya tarik wisata yang semakin dikenal luas serta memberikan manfaat bagi masyarakat sekitar.

Semoga keindahan alam Way Tebing Ceppa dapat terus dijaga dan dikembangkan sebagai salah satu destinasi wisata unggulan di Kabupaten Lampung Selatan. 🌿✨

#PariwisataLampungSelatan #WayTebingCeppa #PesonaLampungSelatan #VisitLampungSelatan",lagoon
https://www.instagram.com/p/CUyNWDBBCh0/,1571.jpg,2021-10-09 00:00:00,"Otw mana kita hari ini ??

📍Tanjung Setia Beach
Repost from @balqistalitha

Visit 👉🏻 www.ayokelampung.com_

@jokowi @kemensetneg.ri  @sandiuno @kemenparekraf.ri  @arinal_djunaidi @mbak_nunik @edarwan1962
@pariwisata_lampung @ekraf.lampung @rianasariarinal @ardito_wijaya @dharmasetyawan.com_ @payungiuniversity  @genpiindonesia @genpi_lampung 
.
#ayokelampung #travel #tour #wisata #holiday #pesonaindonesia #travelphotography #visitindonesia #jalanjalan #wonderfulindonesia #like4like #wisataindonesia #lfl #wisatalampung #lampunggeh #lampung #genpilampung #bandarlampung #lampunginsta #lampungselatan #lampungbarat #lampunghits #lampungtengah #lampungtimur #lampungwisata #lampungkece #lampungyay #lampungeksis #lampungkeren #lampunggham",desert/vegetation
https://www.instagram.com/p/CfWRaY4vUrB/,1572.jpg,2022-06-28 00:00:00,"Keindahan Bukit Selalaw, Krui, Pesisir Barat ☀️🌴

Photo By 📷: @ummuhanii89 

Lets Go! Visit Krui, Pesisir Barat

✅ Daerah Sangat Aman dan Kondusif
✅ Masyarakat Ramah-Ramah
✅ Menjunjung Tinggi Adat Istiadat & Kebudayaan
✅ Banyak Wisatawan International
✅ Ombak Surfing Yang Sudah Mendunia
✅ Cootage & Hotel Tersedia Lengkap

Dapatkan informasi foto terkini di Kabupaten Pesisir Barat, Go follow 👉 @pesisirbaratupdate @pesisirbaratupdate @pesisirbaratupdate

#pesisirbaratupdate #pesisirbarat #krui #pringsewu #lampung #pringsewulampung #bandarlampung #pesawaran #tanggamus #tulangbawangbarat #tulangbawang #lampungbarat #lampungselatan #lampungutara #travelingindonesia #lampungtengah #ijamitkrui #beach #traveling #holiday #wonderfulindonesia #wisata #pariwisata #explorelampung #pantai #pariwisataindonesia #sunset #diindonesiaaja #sunsetbeach #surfing",cliff
https://www.instagram.com/p/DRjuVZggsOw/,1573.jpg,2025-11-27 00:00:00,"Wagub Lampung Tinjau Way Kalam: Ekonomi Karbon & Wisata Alam Jadi Prioritas!

Wakil Gubernur Lampung, Jihan Nurlela, melakukan site visit Perhutanan Sosial Way Kalam, Lampung Selatan, untuk mengkaji potensi ekonomi karbon, konservasi lingkungan, dan pengembangan wisata kesehatan. Ia mengapresiasi Perdes manajemen wisata masyarakat yang mengatur trekking, camping, dan pengelolaan air terjun secara mandiri.

#WayKalam #PerhutananSosial #EkonomiKarbon #WisataAlam #LampungLestari #WellnessTourism #KonservasiHutan #WagubLampung #PemberdayaanMasyarakat #LingkunganHijau",beer garden
https://www.instagram.com/p/DRZf0jHE5ne/,1574.jpg,2025-11-23 00:00:00,"singkat, padat, berangkat 🤙🏻

#pulauumangumang #pulauumang #pulausebesi 

Pulau Umang Umang | Pulau Sebesi | Explore Lampung | Visit Lampung Selatan |",islet
https://www.instagram.com/p/DSoO9_7k7wX/,1575.jpg,2025-12-24 00:00:00,"New Spot Alert in Bandar Lampung! 🎡✨

Guys, kalian wajib banget visit Navara City Park! Luasnya 14 hektar dan punya 30+ wahana yang seru abis. Bener-bener worth it buat quality time bareng bestie atau family.

Gak usah kelamaan overthinking, langsung gas aja ke sini sekarang! 🚀

📍 Navara City Park, Bandar Lampung.

#lampungarea #navaracitypark",park
https://www.instagram.com/p/DVXsDsBgph4/,1576.jpg,2026-03-02 00:00:00,"Nikmati pengalaman menginap dengan panorama laut yang menenangkan di Benteng On The Beach, Kalianda – Lampung Selatan 🌊✨

Suasana nyaman, angin sepoi-sepoi, dan pemandangan pantai yang memukau siap menyambut momen liburan Anda bersama keluarga maupun sahabat. Tempat yang tepat untuk melepas penat dan menikmati keindahan pesisir Kalianda.

Reservasi sekarang juga 📞 0821-6421-9212
Yuk, rasakan sensasi menginap tepat di tepi pantai! 🌅🏖️

#BentengOnTheBeach #PariwisataKalianda #WisataLampungSelatan #VisitLampungSelatan",chalet
https://www.instagram.com/p/CfoGFP9vZBx/,1577.jpg,2022-07-05 00:00:00,"Enjoy Ride at Krui, Pesisir Barat, Lampung

Photo By 📷: @noenky_fotofotomoto

Lets Go! Visit Krui, Pesisir Barat

✅ Daerah Sangat Aman dan Kondusif
✅ Masyarakat Ramah-Ramah
✅ Menjunjung Tinggi Adat Istiadat & Kebudayaan
✅ Banyak Wisatawan International
✅ Ombak Surfing Yang Sudah Mendunia
✅ Cootage & Hotel Tersedia Lengkap

Dapatkan informasi foto terkini di Kabupaten Pesisir Barat, Go follow 👉 @pesisirbaratupdate @pesisirbaratupdate @pesisirbaratupdate

#pesisirbaratupdate #pesisirbarat #krui #pringsewu #lampung #pringsewulampung #bandarlampung #pesawaran #tanggamus #tulangbawangbarat #tulangbawang #lampungbarat #lampungselatan #lampungutara #travelingindonesia #lampungtengah #ijamitkrui #beach #traveling #holiday #wonderfulindonesia #wisata #pariwisata #explorelampung #pantai #pariwisataindonesia #sunset #diindonesiaaja #sunsetbeach #surfing",promenade
https://www.instagram.com/p/DMwZzcTPnih/,1578.jpg,2025-07-31 00:00:00,"Visit ke proyek rumah bergaya Scandinavian, Natar Lampung Selatan 🏡
Hatur Nuhun🙏
 .
#kangheriyadi #kangheri #personalbranding #kontraktorlampung #kontraktorprofesional #enterpreneur #fyp #kontraktor #scandinavianhouse #natar #metro #tubaguskencanacorp #kencanaresidence #trendingvideo",orchard
https://www.instagram.com/p/Cwxbw2wpXsK/,1579.jpg,2023-09-04 00:00:00,"CC 204 10 01 (18) - PLB Limeks Sriwijaya Menerjang Kabut Pagi (Gapeka 2017).

Versi Videonya silahkan Visit di Bio IG saya

#rfdivre4 #bukansepurbiasa #landscape #indonesiatransportation #keretaapiindonesia #keretaapikita #kai121 #limeks #sriwijaya #lampungselatan #lampunggeh #selampung #lampungpedi #generalelectric #wabtec #GE #c20emp #cc204 #trb_express #railway #railways #railroad #railfans #indonesianrailways #railways_of_our_world",railroad track
https://www.instagram.com/p/CdNY6pSPANn/,1580.jpg,2022-05-06 00:00:00,"Pantai Labuhan Jukung
4 Syawal 1443H.
.
Foto by @hagasha_aga
LoVe KrUi.
.

@pbsa.id
@pariwisata_lampung
@pesisirbaratupdate
@pesisirbarat
@kruitourism
@kruiku
@krui_surfmatra
@lampung.eksis
@pesonalampunng
@ilovelampung
@pringsewuupdate
@lampuung

Lets Go! Visit Pesisir Barat, Lampung

✅ Daerah Sangat Aman dan Kondusif
✅ Masyarakat Ramah-Ramah
✅ Menjunjung Tinggi Adat Istiadat & Kebudayaan
✅ Banyak Wisatawan International
✅ Ombak Surfing Yang Sudah Mendunia
✅ Cootage & Hotel Tersedia Lengkap

Dapatkan informasi foto terkini di Kabupaten Pesisir Barat, Go follow 👉 @pesisirbaratupdate @pesisirbaratupdate @pesisirbaratupdate

#pesisirbaratupdate #pesisirbarat #krui #pringsewu #lampung #pringsewulampung #bandarlampung #pesawaran #tanggamus #tulangbawangbarat #tulangbawang #lampungbarat #lampungselatan #lampungutara #travelingindonesia #lampungtengah #ijamitkrui #beach #traveling #holiday #wonderfulindonesia #wisata #pariwisata #explorelampung #pantai #pariwisataindonesia #beachphotography #diindonesiaaja #sunset #beachvibes",water park
https://www.instagram.com/p/Ci6apoWLa6c/,1581.jpg,2022-09-25 00:00:00,"😮😮😍

repost @gitafarera99 

Visit 👉 www.ayokelampung.com

#ayokelampung #travel #tour #wisata #holiday #pesonaindonesia #travelphotography #visitindonesia #jalanjalan #wonderfulindonesia #like4like #wisataindonesia #lfl #wisatalampung #lampunggeh #lampung #genpilampung #bandarlampung #lampunginsta #lampungselatan #lampungbarat #lampunghits #lampungtengah #lampungtimur #lampungwisata #lampungkece #lampungyay #lampungeksis #lampungkeren #lampunggham",sandbox
https://www.instagram.com/p/CepqWKVB8j3/,1582.jpg,2022-06-11 00:00:00,"Gabisa cantik, tapi  Jadi cantiknya kamu, bisa kali🤭

Pict @asipatasa

📍Pulau Pahawang, Pesawaran, Lampung

Visit 👉 www.ayokelampung.com

#ayokelampung #travel #tour #wisata #holiday #pesonaindonesia #travelphotography #visitindonesia #jalanjalan #wonderfulindonesia #like4like #wisataindonesia #lfl #wisatalampung #lampunggeh #lampung #genpilampung #bandarlampung #lampunginsta #lampungselatan #lampungbarat #lampunghits #lampungtengah #lampungtimur #lampungwisata #lampungkece #lampungyay #lampungeksis #lampungkeren #lampunggham",lagoon
https://www.instagram.com/p/CdIJzuLvErW/,1583.jpg,2022-05-04 00:00:00,"Senja di Labuhan Jukung, Krui, Pesisir Barat

Photo By 📷: @akadika123

Lets Go! Visit Pesisir Barat, Lampung

✅ Daerah Sangat Aman dan Kondusif
✅ Masyarakat Ramah-Ramah
✅ Menjunjung Tinggi Adat Istiadat & Kebudayaan
✅ Banyak Wisatawan International
✅ Ombak Surfing Yang Sudah Mendunia
✅ Cootage & Hotel Tersedia Lengkap

Dapatkan informasi foto terkini di Kabupaten Pesisir Barat, Go follow 👉 @pesisirbaratupdate @pesisirbaratupdate @pesisirbaratupdate

#pesisirbaratupdate #pesisirbarat #krui #pringsewu #lampung #pringsewulampung #bandarlampung #pesawaran #tanggamus #tulangbawangbarat #tulangbawang #lampungbarat #lampungselatan #lampungutara #travelingindonesia #lampungtengah #ijamitkrui #beach #traveling #holiday #wonderfulindonesia #wisata #pariwisata #explorelampung #pantai #pariwisataindonesia #beachphotography #diindonesiaaja #sunset #beachvibes",coast
https://www.instagram.com/p/CTWe3xAvNP3/,1584.jpg,2021-09-03 00:00:00,"Sering ngantuk di jam-jam penting?sering melewatkan kesempatan besar karena ketiduran? Cobain ni coffee V60 ala D'sas yang siap buat kamu melek seharian.

Yuk,ajak keluarga,teman dan juga pasangan kamu ngopi bareng di Cafe kami😍

#dsascafeandresto #kopienak #coffeehot #indonesiafood #kulinerlampungenak2 #kopilampung #kaliandaig #lampungkeren #lampungselatan #lfl❤️ #followforfollowback ",science museum
https://www.instagram.com/p/Cb1r7ihP75L/,1585.jpg,2022-04-02 00:00:00,"Pantai Tanjung Jati, Lemong, Pesisir Barat, Lampung

Photo By 📷: @senta_ameliaa

Lets Go! Visit Pesisir Barat, Lampung

✅ Daerah Sangat Aman dan Kondusif
✅ Masyarakatnya Ramah-ramah
✅ Menjunjung Tinggi Adat Istiadat & Kebudayaan
✅ Banyak Wisatawan International
✅ Ombak Surfing Yang Sudah Mendunia
✅ Cootage & Hotel Tersedia Lengkap
✅ Kulinernya Mantap dan Sedap Banget!

Dapatkan informasi foto terkini di Kabupaten Pesisir Barat, Go follow 👉 @pesisirbaratupdate @pesisirbaratupdate @pesisirbaratupdate

#pesisirbaratupdate #pesisirbarat #krui #pringsewu #lampung #pringsewulampung #bandarlampung #pesawaran #tanggamus #tulangbawangbarat #tulangbawang #lampungbarat #lampungselatan #lampungutara #travelingindonesia #lampungtengah #wonderfullindonesia #beach #traveling #holiday #wonderfulindonesia #wisata #pariwisata #explorelampung #pantai #pariwisataindonesia #ramadhan #surfing #viral #beachvibes",coast
https://www.instagram.com/p/C5r8Kkyyj2S/,1586.jpg,2024-04-13 00:00:00,"Yakin nggak mau liburan lebaran kesini? Sunset seindah ini cuma ada di Krui, Pesisir Barat, Lampung ☀️🌴

Video Reels By 📽️: @iniobay

Lets Go! Visit Krui, Pesisir Barat, Lampung 🇮🇩

✅ Daerah Sangat Aman dan Kondusif
✅ Masyarakatnya Ramah-Ramah
✅ Menjunjung Tinggi Adat Istiadat & Kebudayaan
✅ Banyak Wisatawan International
✅ Ombak Surfing Yang Sudah Mendunia
✅ Keindahan Pantai Yang Sudah Mendunia
✅ Cootage & Hotel Tersedia Lengkap

#pesisirbaratupdate #kruilampung #kruipesisirbarat #pesisirbarat #krui #pringsewu #lampung #pringsewulampung #bandarlampung #pesawaran #tanggamus #tulangbawangbarat #lampungbarat #lampungselatan #lampungutara #travelingindonesia #surf #ijamitkrui #beach #traveling #holiday #wonderfulindonesia #wisata #pariwisata #explorelampung #pantai #pariwisataindonesia #surfing #tourism",ice shelf
https://www.instagram.com/p/CTeX0zShAfj/,1587.jpg,2021-09-06 00:00:00,"📍Kampung Laut Pulau Mahitam, Pesawaran, Lampung

Reposted from @kutaheriawan

Visit 👉 www.ayokelampung.com

@jokowi @kemensetneg.ri  @sandiuno @kemenparekraf.ri  @arinal_djunaidi @mbak_nunik @edarwan1962
@pariwisata_lampung @ekraf.lampung @rianasariarinal @ardito_wijaya @dharmasetyawan.com_ @payungiuniversity  @genpiindonesia @genpi_lampung 
.
#ayokelampung #travel #tour #wisata #holiday #pesonaindonesia #travelphotography #visitindonesia #jalanjalan #wonderfulindonesia #like4like #wisataindonesia #lfl #wisatalampung #lampunggeh #lampung #genpilampung #bandarlampung #lampunginsta #lampungselatan #lampungbarat #lampunghits #lampungtengah #lampungtimur #lampungwisata #lampungkece #lampungyay #lampungeksis #lampungkeren #lampunggham",hunting lodge/outdoor
https://www.instagram.com/p/C29VVW4qoka/,1588.jpg,2024-02-05 00:00:00,"Berkunjung ke Lampung, tentu tidak boleh melewatkan pergi ke Bakauheni Harbour City. Selain menyajikan pemandangan sekitar bakauheni yang menawan. Wisatawan dapat berkunjung ke objek wisata menarik yang ada di lokasi. Yuk lihat infonya di http://tinyurl.com/jnkd33xh
#travelspromo #bakauheniharbourcity #wisatalampungselatan #wisatalampung #tamanrekreasi #tamanrekreasilampungselatan #tamanrekreasilampung #informasiwisata #infowisata #infowisatalampungselatan #infowisatalampung #hargatiket #tiketmasuk #tiketmasukbakauheniharbourcity #visitlampungselatan #explorelampungselatan",amphitheater
https://www.instagram.com/p/CYa4cwrPQwU/,1589.jpg,2022-01-07 00:00:00,"Reposted from @ayokelampung.com_ 📍 Tebing Vietnam
Reposted from @ifaassyifa06

Bismillah
MasyaAllah.. Tabarakallah 😍

Visit 👉 www.ayokelampung.com

@jokowi @kemensetneg.ri  @sandiuno @kemenparekraf.ri  @arinal_djunaidi @mbak_nunik @edarwan1962
@pariwisata_lampung @ekraf.lampung @rianasariarinal @ardito_wijaya @dharmasetyawan.com_ @payungiuniversity  @genpiindonesia @genpi_lampung 
.
#ayokelampung #travel #tour #wisata #holiday #pesonaindonesia #travelphotography #visitindonesia #jalanjalan #wonderfulindonesia #like4like #wisataindonesia #lfl #wisatalampung #lampunggeh #lampung #genpilampung #bandarlampung #lampunginsta #lampungselatan #lampungbarat #lampunghits #lampungtengah #lampungtimur #lampungwisata #lampungkece #lampungyay #lampungeksis #lampungkeren #lampunggham",highway
https://www.instagram.com/p/CTv_MCThmGs/,1590.jpg,2021-09-13 00:00:00,"📍Pantai batu mandi

Repostd from @rinikumaladewi30

Visit 👉 www.ayokelampung.com

@jokowi @kemensetneg.ri  @sandiuno @kemenparekraf.ri  @arinal_djunaidi @mbak_nunik @edarwan1962
@pariwisata_lampung @ekraf.lampung @rianasariarinal @ardito_wijaya @dharmasetyawan.com_ @payungiuniversity  @genpiindonesia @genpi_lampung 
.
#ayokelampung #travel #tour #wisata #holiday #pesonaindonesia #travelphotography #visitindonesia #jalanjalan #wonderfulindonesia #like4like #wisataindonesia #lfl #wisatalampung #lampunggeh #lampung #genpilampung #bandarlampung #lampunginsta #lampungselatan #lampungbarat #lampunghits #lampungtengah #lampungtimur #lampungwisata #lampungkece #lampungyay #lampungeksis #lampungkeren #lampunggham",field/wild
https://www.instagram.com/p/CUcBa7kpTye/,1591.jpg,2021-09-30 00:00:00,".
Sampai Jumpa lagi Mas Menteri Pariwisata dan Ekonomi Kreatif @sandiuno di Provinsi Lampung.

Salam Generasi Pesona Indonesia
Lapah Gham Jamo-Jamo Ngelestareiken Bumi Lampung

Visit www.genpilampung.com

@jokowi @kemensetneg.ri 
@sandiuno @kemenparekraf.ri 
@dwita_ria @dpr_ri @ustadzabdulhakim @dpdri
@arinal_djunaidi @mbak_nunik 
@parosilmabsusb@info_pm
@rianasariarinal @pkk_provinsi_lampung
@edarwan1962 @pariwisata_lampung
@vera_moz76 @ekraf.lampun @lyanda_melly
@heliana.dewi @perindaglampung
@ade_ui @wahrulfauzisilalahi @dprdlampung 
@dharmasetyawan.com_ @payungiuniversity
@infogeh @ayokelampung.com_ @lampung.media
@mbakjhe @genpiindonesia @wonderful.indonesiaku
@abdulrohmanwahidone @genpi_lampung
@nald.i_srvnt @syamsudin_syam12 @genpi_lampungbarat
@selampung @pariwisata_lampungbarat @mary_trium

#genpi #genpilampung #genpilampung2021 #generasipesonaindonesia #pesonaindonesia #wonderfulindonesia #salamgenpigasgasgas #AyokeLampung #kelampungkeren #dilampungaja #diindonesiaaja #lampung #bandarlampung #kotametro #lampungbarat #lampungutara #lampungtimur #lampungtengah #lampungselatan #tanggamus #pringsewu #pesawaran #pesisirbarat #mesuji #waykanan #tulangbawang #tulangbawangbarat #pariwisata_lampungbarat #lampungbarathebat #kampoengkopirigisjaya",bazaar/outdoor
https://www.instagram.com/p/CUtos5_pYtZ/,1592.jpg,2021-10-07 00:00:00,"Laut nya di bungkus bolee ga sii?🙏

📍Lokasi Pantai Marina Kalianda Lampung Selatan
📸Repost @sfrausss 

Salam Generasi Pesona Indonesia
Lapah Gham Jamo-Jamo Ngelestareiken Bumi Lampung

Visit www.genpilampung.com

@jokowi @kemensetneg.ri 
@sandiuno @kemenparekraf.ri 
@dwita_ria @ellanuryamah @dpr_ri
@ustadzabdulhakim @jihanchalim @dpdri
@arinal_djunaidi @pemprov.lampung
@mbak_nunik @pemprovlampung_
@rianasariarinal @pkk_provinsi_lampung
@edarwan1962 @pariwisata_lampung
@vera_moz76 @ekraf.lampun @lyanda_melly
@elhannidjafar @heliana.dewi @perindaglampung
@ellywahyuni.s @ade_ui @vittorio_dwison @lestyputriii @wahrulfauzisilalahi @agiriakbar @dprdlampung 
@dharmasetyawan.com_ @payungiuniversity
@mustika_edi23 @ayokelampung.com_ @lampung.media
@mbakjhe @genpiindonesia @wonderful.indonesiaku
@abdulrohmanwahidone @genpi_lampung @infogeh

#genpi #genpilampung #genpilampung2021 #generasipesonaindonesia #pesonaindonesia #wonderfulindonesia #salamgenpigasgasgas #AyokeLampung #kelampungkeren #dilampungaja #diindonesiaaja #lampung #bandarlampung #kotametro #lampungbarat #lampungutara #lampungtimur #lampungtengah #lampungselatan #tanggamus #pringsewu #pesawaran #pesisirbarat #mesuji #waykanan #tulangbawang #tulangbawangbarat #love #lampungberjaya",beach
https://www.instagram.com/p/Cfq7qo_PTPl/,1593.jpg,2022-07-06 00:00:00,"Pantai Melasti, Pesisir Barat

Photo By 📷: @na.bilah 

Lets Go! Visit Krui, Pesisir Barat

✅ Daerah Sangat Aman dan Kondusif
✅ Masyarakat Ramah-Ramah
✅ Menjunjung Tinggi Adat Istiadat & Kebudayaan
✅ Banyak Wisatawan International
✅ Ombak Surfing Yang Sudah Mendunia
✅ Cootage & Hotel Tersedia Lengkap

Dapatkan informasi foto terkini di Kabupaten Pesisir Barat, Go follow 👉 @pesisirbaratupdate @pesisirbaratupdate @pesisirbaratupdate

#pesisirbaratupdate #pesisirbarat #krui #pringsewu #lampung #pringsewulampung #bandarlampung #pesawaran #tanggamus #tulangbawangbarat #tulangbawang #lampungbarat #lampungselatan #lampungutara #travelingindonesia #lampungtengah #ijamitkrui #beach #traveling #holiday #wonderfulindonesia #wisata #pariwisata #explorelampung #pantai #pariwisataindonesia #sunset #diindonesiaaja #sunsetbeach #surfing",beach
https://www.instagram.com/p/CV9ZkJgh64w/,1594.jpg,2021-11-07 00:00:00,"Kalo ada masalah ga ada jalan keluar, mending keluar jalan-jalan🍃
.
.
.
📸 By :@harpian.hamzah

Reposted from @sarii_ambar

Visit 👉 www.ayokelampung.com

@jokowi @kemensetneg.ri  @sandiuno @kemenparekraf.ri  @arinal_djunaidi @mbak_nunik @edarwan1962
@pariwisata_lampung @ekraf.lampung @rianasariarinal @ardito_wijaya @dharmasetyawan.com_ @payungiuniversity  @genpiindonesia @genpi_lampung 
.
#ayokelampung #travel #tour #wisata #holiday #pesonaindonesia #travelphotography #visitindonesia #jalanjalan #wonderfulindonesia #like4like #wisataindonesia #lfl #wisatalampung #lampunggeh #lampung #genpilampung #bandarlampung #lampunginsta #lampungselatan #lampungbarat #lampunghits #lampungtengah #lampungtimur #lampungwisata #lampungkece #lampungyay #lampungeksis #lampungkeren #lampunggham",beach
https://www.instagram.com/p/CUedKibBtW8/,1595.jpg,2021-10-01 00:00:00,"📍Desa Taman Baru, Kecamatan penengahan, kabupaten Lampung Selatan

Repost From : @hallooo.lilis_ o.is

Visit 👉 www.ayokelampung.com

@jokowi @kemensetneg.ri  @sandiuno @kemenparekraf.ri  @arinal_djunaidi @mbak_nunik @edarwan1962
@pariwisata_lampung @ekraf.lampung @rianasariarinal @ardito_wijaya @dharmasetyawan.com_ @payungiuniversity  @genpiindonesia @genpi_lampung 
.
#ayokelampung #travel #tour #wisata #holiday #pesonaindonesia #travelphotography #visitindonesia #jalanjalan #wonderfulindonesia #like4like #wisataindonesia #lfl #wisatalampung #lampunggeh #lampung #genpilampung #bandarlampung #lampunginsta #lampungselatan #lampungbarat #lampunghits #lampungtengah #lampungtimur #lampungwisata #lampungkece #lampungyay #lampungeksis #lampungkeren #lampunggham",swimming hole
https://www.instagram.com/p/CgVXaFFP2Bd/,1596.jpg,2022-07-23 00:00:00,"Udah pada siap-siap weekend kemana hari ini dan besok? Happy weekend 😊☀️🌴

Photo By 📷: @mtrayuelnaptri

Lets Go! Visit Krui, Pesisir Barat

✅ Daerah Sangat Aman dan Kondusif
✅ Masyarakat Ramah-Ramah
✅ Menjunjung Tinggi Adat Istiadat & Kebudayaan
✅ Banyak Wisatawan International
✅ Ombak Surfing Yang Sudah Mendunia
✅ Cootage & Hotel Tersedia Lengkap

Dapatkan informasi foto terkini di Kabupaten Pesisir Barat, Go follow 👉 @pesisirbaratupdate @pesisirbaratupdate @pesisirbaratupdate

#pesisirbaratupdate #pesisirbarat #krui #pringsewu #lampung #pringsewulampung #bandarlampung #pesawaran #tanggamus #tulangbawangbarat #tulangbawang #lampungbarat #lampungselatan #lampungutara #travelingindonesia #lampungtengah #ijamitkrui #beach #traveling #holiday #wonderfulindonesia #wisata #pariwisata #explorelampung #pantai #pariwisataindonesia #sunset #jakarta #sunsetbeach #surfing",volleyball court/outdoor
https://www.instagram.com/p/CiBo3puhKPs/,1597.jpg,2022-09-03 00:00:00,"EduFun bersama Paud Mandiri Desa Hargo Pancuran, Rajabasa, Lamsel

Belajar sambil bermain untuk pengembangan saraf motorik anak. Seru dan asyik sekali 😊

Yuk ke @inkragarden_lampung 
Buka : setiap hari

#paud#anakbermain#berenang#wisata#edufunwithkids#kidsentertaining#swimmingpool#latepost#visitlampung#visitrajabasa#visitlampungselatan#dikbudlampung#dikbudlampungselatan#happy#pariwisatalamsel#happyfamily#happylearning",water park
https://www.instagram.com/p/Cdwuw-pvX4W/,1598.jpg,2022-05-20 00:00:00,"Pantai Batu Mirau Malaya, Pesisir Barat, Lampung

Photo By 📷: @yyuni_08

Lets Go! Visit Pesisir Barat, Lampung

✅ Daerah Sangat Aman dan Kondusif
✅ Masyarakatnya Ramah-Ramah
✅ Menjunjung Tinggi Adat Istiadat & Kebudayaan
✅ Banyak Wisatawan International
✅ Ombak Surfing Yang Sudah Mendunia
✅ Cootage & Hotel Tersedia Lengkap

Dapatkan informasi foto terkini di Kabupaten Pesisir Barat, Go follow 👉 @pesisirbaratupdate @pesisirbaratupdate @pesisirbaratupdate

#pesisirbaratupdate #pesisirbarat #krui #pringsewu #lampung #pringsewulampung #bandarlampung #pesawaran #tanggamus #tulangbawangbarat #tulangbawang #lampungbarat #lampungselatan #lampungutara #travelingindonesia #lampungtengah #ijamitkrui #beach #traveling #holiday #wonderfulindonesia #wisata #pariwisata #explorelampung #pantai #pariwisataindonesia #beachphotography #diindonesiaaja #sunset #beachvibes",beach
https://www.instagram.com/p/Cd8AAmMh3q2/,1599.jpg,2022-05-24 00:00:00,"🌴 Quiet place in Tanggamus

Pict egasriwahyudi_

📍Pantai Karang Bebai Cukuh Balak, Tanggamus, Lampung.

Visit 👉 www.ayokelampung.com

#ayokelampung #travel #tour #wisata #holiday #pesonaindonesia #travelphotography #visitindonesia #jalanjalan #wonderfulindonesia #like4like #wisataindonesia #lfl #wisatalampung #lampunggeh #lampung #genpilampung #bandarlampung #lampunginsta #lampungselatan #lampungbarat #lampunghits #lampungtengah #lampungtimur #lampungwisata #lampungkece #lampungyay #lampungeksis #lampungkeren #lampunggham",beach
https://www.instagram.com/p/CeC8oG8hZSh/,1600.jpg,2022-05-27 00:00:00,"Beach 🏝️

Pict @exmeda

📍Pantai Sebalang, Tarahan, Kec. Katibung, Kabupaten Lampung Selatan, Lampung.

Visit 👉 www.ayokelampung.com

#ayokelampung #travel #tour #wisata #holiday #pesonaindonesia #travelphotography #visitindonesia #jalanjalan #wonderfulindonesia #like4like #wisataindonesia #lfl #wisatalampung #lampunggeh #lampung #genpilampung #bandarlampung #lampunginsta #lampungselatan #lampungbarat #lampunghits #lampungtengah #lampungtimur #lampungwisata #lampungkece #lampungyay #lampungeksis #lampungkeren #lampunggham",beach
https://www.instagram.com/p/Ca9Em75jzTa/,1601.jpg,2022-03-11 00:00:00,"Pantai Ilahan, Pesisir Barat, Lampung

Video Reels By 📷: @pesisirbaratupdate

Lets Go! Visit Pesisir Barat, Lampung

✅ Daerah Sangat Aman dan Kondusif
✅ Masyarakatnya Ramah-Ramah
✅ Menjunjung Tinggi Adat Istiadat & Kebudayaan
✅ Banyak Wisatawan International
✅ Ombak Surfing Yang Sudah Mendunia
✅ Cootage & Hotel Tersedia Lengkap
✅ Kulinernya Mantap dan Sedap Banget!

Dapatkan informasi foto terkini di Kabupaten Pesisir Barat, Go follow 👉 @pesisirbaratupdate @pesisirbaratupdate @pesisirbaratupdate

#pesisirbaratupdate #pesisirbarat #krui #pringsewu #lampung #pringsewulampung #bandarlampung #pesawaran #tanggamus #tulangbawangbarat #tulangbawang #lampungbarat #lampungselatan #lampungutara #travelingindonesia #lampungtengah #wonderfullindonesia #beach #traveling #holiday #wonderfulindonesia #ijamitkrui #pariwisata #explorelampung #pantai #pariwisataindonesia #beachphotography #beachday #sunset #beachvibes",beach
https://www.instagram.com/p/CNXXn5pgMLL/,1602.jpg,2021-04-07 00:00:00,"Jak iyay @dentaabung 
📍Grand Elty Kalianda Resort - Kalianda - Lampung Selatan.

•
•
➡➡➡➡➡➡➡➡➡➡➡➡➡➡➡➡➡➡➡➡➡
•
•
.
.
Jika ingin Hits atu dan iyay segalow
.
Follow akun @lampungsegalow
.
Tag photo terbaik atu iyay @lampungsegalow
.
Jangan lupa hastag nya #lampungsegalow 
.
.
Info Kerja Sama, Hunting Mimin..
WA : 08111870069 
DM Instagram @lampungsegalow
.
.
Mohon maaf jika mimin ada salah, kepada Tuhan Yg Maha Esa mimin mohon ampun..
Salam Sayang Segalow 🤗
.
.
.
.
.
.
.
.
.
.
.
.
.
#bandarlampung#metrolampung#lampungselatan#pesawaran#pringsewu#tanggamus#pesisirbarat#lampungbarat#waykanan#lampungtimur#lampungtengah#lampungutara#tulangbawangbarat#tulangbawang#mesuji#lfl#fff#jj#igers#love#viral#vscogood#travelrack#liveofadventure#indonesiantraveler#explore#visit",pier
https://www.instagram.com/p/Caa9bJcvWAy/,1603.jpg,2022-02-26 00:00:00,"Pantai Mandiri, Pesisir Barat, Lampung

Photo By 📷: @putrikintann

Lets Go! Visit Pesisir Barat, Lampung

✅ Daerah Sangat Aman dan Kondusif
✅ Masyarakatnya Ramah-Ramah
✅ Menjunjung Tinggi Adat Istiadat & Kebudayaan
✅ Banyak Wisatawan International
✅ Ombak Surfing Yang Sudah Mendunia
✅ Cootage & Hotel Tersedia Lengkap
✅ Kulinernya Mantap dan Sedap Banget!

Dapatkan informasi foto terkini di Kabupaten Pesisir Barat, Go follow 👉 @pesisirbaratupdate @pesisirbaratupdate @pesisirbaratupdate

#pesisirbaratupdate #pesisirbarat #krui #pringsewu #lampung #pringsewulampung #bandarlampung #pesawaran #tanggamus #tulangbawangbarat #tulangbawang #lampungbarat #lampungselatan #lampungutara #travelingindonesia #lampungtengah #wonderfullindonesia #beach #traveling #holiday #wonderfulindonesia #wisata #pariwisata #explorelampung #pantai #pariwisataindonesia #beachphotography #beachday #sunset #beachvibes",beach
https://www.instagram.com/p/CR3WQiKsf9g/,1604.jpg,2021-07-28 00:00:00,"Don't criticize what you can't understand..

📸 from @desna_rn

📌Mangrove Pentengoran, Gebang, Teluk Pandan, Kabupaten Pesawaran

Visit 👉 www.ayokelampung.com

@jokowi @kemensetneg.ri  @sandiuno @kemenparekraf.ri  @arinal_djunaidi @mbak_nunik @edarwan1962
@pariwisata_lampung @ekraf.lampung @rianasariarinal @ardito_wijaya @dharmasetyawan.com_ @payungiuniversity  @genpiindonesia @genpi_lampung 
.
#ayokelampung #travel #tour #wisata #pesonaindonesia #travelphotography #visitindonesia #jalanjalan #wonderfulindonesia #like4like #wisataindonesia #lfl #wisatalampung #lampunggeh #lampung #lampungkeren #genpilampung #bandarlampung #lampunginsta #lampungselatan #lampungbarat #lampunghits #lampungtengah #lampungtimur #lampungwisata #lampungkece #lampungyay #lampungeksis #lampungkeren #lampunggham",lagoon
https://www.instagram.com/p/CbUVgFWLyCE/,1605.jpg,2022-03-20 00:00:00,"Pengen nya sat set sat set
Tapi keuangan seret 😂😂
.
.
📍Taman Merdeka, Metro Lampung

Pict: @yyuni_08

Visit 👉 www.ayokelampung.com

#ayokelampung #travel #tour #wisata #holiday #pesonaindonesia #travelphotography #visitindonesia #jalanjalan #wonderfulindonesia #like4like #wisataindonesia #lfl #wisatalampung #lampunggeh #lampung #genpilampung #bandarlampung #lampunginsta #lampungselatan #lampungbarat #lampunghits #lampungtengah #lampungtimur #lampungwisata #lampungkece #lampungyay #lampungeksis #lampungkeren #lampunggham",park
https://www.instagram.com/p/CZY6Zr_Pso8/,1606.jpg,2022-01-31 00:00:00,"Jika engkau ingin berbahagia, janganlah kau bandingkan kelemahanmu dengan kekuatan orang lain.
.
Yuk mabar
. 
.
.
.
.
.
.
.
.
.
.
.
.
.
.
.
.
.
#motivasiilmu #katabijak #TravelerDadakan #indonesia #lampung #lampungselatan #laut #pantai #pantaikedu #kalianda #awan #sunset #repost #repostindonesian #pesonaindonesia #jelajahindonesia #jelajahlampungselatan #jelajahsumatera #jelajahlampung #visitindonesia #visitlamsel #visitlampung #visitlampungselatan #trip #indonesia #likeforlikes #like4likes #likeforfollow #jalanjalan #travelling",campsite
https://www.instagram.com/p/Cwy6GbJvZJm/,1607.jpg,2023-09-05 00:00:00,"Ayo liburan ke Pulau Pisang, Pesisir Barat, Lampung ☀️🌴

Video Reels By 📽️: @sitihanifaho

Lets Go! Visit Krui, Pesisir Barat, Lampung 🇮🇩

✅ Daerah Sangat Aman dan Kondusif
✅ Masyarakatnya Ramah-Ramah
✅ Menjunjung Tinggi Adat Istiadat & Kebudayaan
✅ Banyak Wisatawan International
✅ Ombak Surfing Yang Sudah Mendunia
✅ Keindahan Pantai Yang Sudah Mendunia
✅ Cootage & Hotel Tersedia Lengkap

#pesisirbaratupdate #kruilampung #kruipesisirbarat #pesisirbarat #krui #pringsewu #lampung #pringsewulampung #bandarlampung #pesawaran #tanggamus #tulangbawangbarat #lampungbarat #lampungselatan #lampungutara #travelingindonesia #surf #ijamitkrui #beach #traveling #holiday #wonderfulindonesia #wisata #pariwisata #explorelampung #pantai #pariwisataindonesia #surfing #tourism",islet
https://www.instagram.com/p/Cfq66JGPW9P/,1608.jpg,2022-07-06 00:00:00,"Pantai Mandiri Krui, Pesisir Barat, Lampung

Photo By 📷: @dinidewiutami 

Lets Go! Visit Krui, Pesisir Barat

✅ Daerah Sangat Aman dan Kondusif
✅ Masyarakat Ramah-Ramah
✅ Menjunjung Tinggi Adat Istiadat & Kebudayaan
✅ Banyak Wisatawan International
✅ Ombak Surfing Yang Sudah Mendunia
✅ Cootage & Hotel Tersedia Lengkap

Dapatkan informasi foto terkini di Kabupaten Pesisir Barat, Go follow 👉 @pesisirbaratupdate @pesisirbaratupdate @pesisirbaratupdate

#pesisirbaratupdate #pesisirbarat #krui #pringsewu #lampung #pringsewulampung #bandarlampung #pesawaran #tanggamus #tulangbawangbarat #tulangbawang #lampungbarat #lampungselatan #lampungutara #travelingindonesia #lampungtengah #ijamitkrui #beach #traveling #holiday #wonderfulindonesia #wisata #pariwisata #explorelampung #pantai #pariwisataindonesia #sunset #diindonesiaaja #sunsetbeach #surfing",ocean
https://www.instagram.com/p/CTzgLLEp3Rd/,1609.jpg,2021-09-14 00:00:00,"Nothing to lose ☁️

📍Lokasi Pantai Tepak Kera Kabupaten Lampung Selatan
📸Repost @allyaps 

Salam Generasi Pesona Indonesia
Lapah Gham Jamo-Jamo Ngelestareiken Bumi Lampung

Visit www.genpilampung.com

@jokowi @kemensetneg.ri 
@sandiuno @kemenparekraf.ri 
@arinal_djunaidi @mbak_nunik 
@rianasariarinal @pkk_provinsi_lampung
@edarwan1962 @pariwisata_lampung
@vera_moz76 @ekraf.lampun @perindaglampung
@ade_ui @wahrulfauzisilalahi @dprdlampung 
@dharmasetyawan.com_ @payungiuniversity
@infogeh @ayokelampung.com_ @lampung.media
@mbakjhe @genpiindonesia @wonderful.indonesiaku
@abdulrohmanwahidone @genpi_lampung
@selampung @pahawang_island_lampung

#genpi #genpilampung #genpilampung2021 #generasipesonaindonesia #pesonaindonesia #wonderfulindonesia #salamgenpigasgasgas #AyokeLampung #kelampungkeren #dilampungaja #diindonesiaaja #lampung #bandarlampung #kotametro #lampungbarat #lampungutara #lampungtimur #lampungtengah #lampungselatan #tanggamus #pringsewu #pesawaran #pesisirbarat #mesuji #waykanan #tulangbawang #tulangbawangbarat #love #pahawangisland #holiday",islet
https://www.instagram.com/p/CunsLBygdeg/,1610.jpg,2023-07-13 00:00:00,"Butuh Healing? Lets Go Visit Krui, Pesisir Barat, Lampung ☀️🌴

Video Reels By 📽️: @themandiribeachclub

#pringsewuupdate #pringsewu #lampung #pringsewulampung #bandarlampung #pesawaran #tanggamus #tulangbawangbarat #tulangbawang #lampungbarat #pesisirbarat #krui #lampungselatan #lampungutara #mesuji #waykanan #lampungtengah #surfing #healing #lampungtimur #lampungutara #wonderfulindonesia  #pariwisataindonesia #pesisirbaratupdate #pringsewuhits #viral #pariwisataviral #wisataviral",beach
https://www.instagram.com/p/CoXKRfmLDhn/,1611.jpg,2023-02-07 00:00:00,"""Bela dan Beli Produk UMKM Pesisir Barat"" | #beladanbeliprodukumkmpesisirbarat

Lets Go! Visit Krui, Pesisir Barat, Lampung

✅ Daerah Sangat Aman dan Kondusif
✅ Masyarakatnya Ramah-Ramah
✅ Menjunjung Tinggi Adat Istiadat & Kebudayaan
✅ Banyak Wisatawan International
✅ Ombak Surfing Yang Sudah Mendunia
✅ Keindahan Pantai Yang Sudah Mendunia
✅ Cootage & Hotel Tersedia Lengkap

#kruifair #kruifair2023 #beladanbeliprodukumkmpesisirbarat #kruipro #pesisirbarat #krui #pringsewu #lampung #pringsewulampung #bandarlampung #pesawaran #tanggamus #tulangbawangbarat #lampungbarat #lampungselatan #lampungutara #travelingindonesia #surf #ijamitkrui #beach #traveling #holiday #wonderfulindonesia #pariwisata #explorelampung #pantai #pariwisataindonesia #surfing #tourism",lecture room
https://www.instagram.com/p/CUmxTUKhSk7/,1612.jpg,2021-10-04 00:00:00,"Luangkan waktu untuk membuat jiwamu bahagia✨

📍Pantai Semungkuk Kalianda Lampung Selatan

Visit 👉 www.ayokelampung.com

@jokowi @kemensetneg.ri  @sandiuno @kemenparekraf.ri  @arinal_djunaidi @mbak_nunik @edarwan1962
@pariwisata_lampung @ekraf.lampung @rianasariarinal @ardito_wijaya @dharmasetyawan.com_ @payungiuniversity  @genpiindonesia @genpi_lampung 
.
#ayokelampung #travel #tour #wisata #holiday #pesonaindonesia #travelphotography #visitindonesia #jalanjalan #wonderfulindonesia #like4like #wisataindonesia  #wisatalampung #lampunggeh #lampung #genpilampung #bandarlampung #lampunginsta #lampungselatan #lampungbarat #lampunghits #lampungtengah #lampungtimur #lampungwisata #lampungkece #lampungyay #lampungeksis #lampungkeren #lampunggham",coast
https://www.instagram.com/p/CUpjm6dhJKy/,1613.jpg,2021-10-05 00:00:00,"📍Batu Putu, Bandar Lampung

Repost from @di.aul

Visit 👉🏻 www.ayokelampung.com_

@jokowi @kemensetneg.ri  @sandiuno @kemenparekraf.ri  @arinal_djunaidi @mbak_nunik @edarwan1962
@pariwisata_lampung @ekraf.lampung @rianasariarinal @ardito_wijaya @dharmasetyawan.com_ @payungiuniversity  @genpiindonesia @genpi_lampung 
.
#ayokelampung #travel #tour #wisata #holiday #pesonaindonesia #travelphotography #visitindonesia #jalanjalan #wonderfulindonesia #like4like #wisataindonesia #lfl #wisatalampung #lampunggeh #lampung #genpilampung #bandarlampung #lampunginsta #lampungselatan #lampungbarat #lampunghits #lampungtengah #lampungtimur #lampungwisata #lampungkece #lampungyay #lampungeksis #lampungkeren #lampunggham",picnic area
https://www.instagram.com/p/CeYRfYbPL47/,1614.jpg,2022-06-04 00:00:00,"Krakatau Beach Fun Run di Pantai Mandiri, Krui, Pesisir Barat, Lampung

Photo By 📷: destariza_

Lets Go! Visit Pesisir Barat, Lampung

✅ Daerah Sangat Aman dan Kondusif
✅ Masyarakat Ramah-Ramah
✅ Menjunjung Tinggi Adat Istiadat & Kebudayaan
✅ Banyak Wisatawan International
✅ Ombak Surfing Yang Sudah Mendunia
✅ Cootage & Hotel Tersedia Lengkap

Dapatkan informasi foto terkini di Kabupaten Pesisir Barat, Go follow 👉 @pesisirbaratupdate @pesisirbaratupdate @pesisirbaratupdate

#pesisirbaratupdate #pesisirbarat #krui #pringsewu #lampung #pringsewulampung #bandarlampung #pesawaran #tanggamus #tulangbawangbarat #tulangbawang #lampungbarat #lampungselatan #lampungutara #travelingindonesia #lampungtengah #ijamitkrui #beach #traveling #holiday #wonderfulindonesia #wisata #pariwisata #explorelampung #surf #pariwisataindonesia #beachphotography #diindonesiaaja #beachfunrun #beachvibes",volleyball court/outdoor
https://www.instagram.com/p/Cd9wVhkhIJI/,1615.jpg,2022-05-25 00:00:00,"Pemandangan alam yang masih alami dan begitu indah, masih belum banyak campur tangan manusia. 

Pict @momo_edp

📍Air Terjun Ciupan, Sumber jaya, way rantai, Pesawaran, Lampung

Visit 👉 www.ayokelampung.com

#ayokelampung #travel #tour #wisata #holiday #pesonaindonesia #travelphotography #visitindonesia #jalanjalan #wonderfulindonesia #like4like #wisataindonesia #lfl #wisatalampung #lampunggeh #lampung #genpilampung #bandarlampung #lampunginsta #lampungselatan #lampungbarat #lampunghits #lampungtengah #lampungtimur #lampungwisata #lampungkece #lampungyay #lampungeksis #lampungkeren #lampunggham",waterfall
https://www.instagram.com/p/CSg9nUgha2I/,1616.jpg,2021-08-13 00:00:00,"Baby shark dududuu🦈
.
Photo by : @odi_mudirul
🚩 Tegal Mas Island, Lampung

Visit 👉 www.ayokelampung.com

@jokowi @kemensetneg.ri  @sandiuno @kemenparekraf.ri  @arinal_djunaidi @mbak_nunik @edarwan1962
@pariwisata_lampung @ekraf.lampung @rianasariarinal @ardito_wijaya @dharmasetyawan.com_ @payungiuniversity  @genpiindonesia @genpi_lampung 
.
#ayokelampung #travel #tour #wisata #holiday #pesonaindonesia #travelphotography #visitindonesia #jalanjalan #wonderfulindonesia #like4like #wisataindonesia #lfl #wisatalampung #lampunggeh #lampung #genpilampung #bandarlampung #lampunginsta #lampungselatan #lampungbarat #lampunghits #lampungtengah #lampungtimur #lampungwisata #lampungkece #lampungyay #lampungeksis #lampungkeren #lampunggham",swimming pool/indoor
https://www.instagram.com/p/CiHSWm6Okkw/,1617.jpg,2022-09-05 00:00:00,"Pantai Krui, Istimewa ☀️🌴

Photo By 📷: @devianggraini199 

Lets Go! Visit Krui, Pesisir Barat

✅ Daerah Sangat Aman dan Kondusif
✅ Masyarakat Ramah-Ramah
✅ Menjunjung Tinggi Adat Istiadat & Kebudayaan
✅ Banyak Wisatawan International
✅ Ombak Surfing Yang Sudah Mendunia
✅ Cootage & Hotel Tersedia Lengkap

Dapatkan informasi foto terkini di Kabupaten Pesisir Barat, Go follow 👉 @pesisirbaratupdate @pesisirbaratupdate @pesisirbaratupdate

#pesisirbaratupdate #pesisirbarat #krui #pringsewu #lampung #pringsewulampung #bandarlampung #pesawaran #tanggamus #tulangbawangbarat #tulangbawang #lampungbarat #lampungselatan #lampungutara #travelingindonesia #lampungtengah #ijamitkrui #beach #traveling #holiday #wonderfulindonesia #wisata #pariwisata #explorelampung #pantai #pariwisataindonesia #sunset #jakarta #sunsetbeach #surfing",promenade
https://www.instagram.com/p/CZjhBDKPc8k/,1618.jpg,2022-02-04 00:00:00,"Terkadang kamu tersenyum, bukan karena ada hal yang menyenangkan hatimu, tapi karena kamu tahu bersedih takkan selesaikan masalah
.
.
.
.
.
.
.
.
.
.
.
.
.
.
.
.
.
.
.
#motivasiilmu #katabijak #TravelerDadakan #indonesia #lampung #lampungselatan #laut #pantai #pantaikedu #kalianda #awan #sunset #repost #repostindonesian #pesonaindonesia #jelajahindonesia #jelajahlampungselatan #jelajahsumatera #jelajahlampung #visitindonesia #visitlamsel #visitlampung #visitlampungselatan #trip #indonesia #likeforlikes #like4likes #likeforfollow #jalanjalan #travelling",sky
https://www.instagram.com/p/CT0vl4ZJdpP/,1619.jpg,2021-09-15 00:00:00,"Keindahan Air Terjun Mandi Angin.
📌 Air terjun mandi angin, Tanjung Raja Lampung Utara

Karya Sahabat @azismuslim18

Salam Generasi Pesona Indonesia
Lapah Gham Jamo-Jamo Ngelestareiken Bumi Lampung

Visit www.genpilampung.com

@jokowi @kemensetneg.ri 
@sandiuno @kemenparekraf.ri 
@arinal_djunaidi @mbak_nunik 
@rianasariarinal @pkk_provinsi_lampung
@edarwan1962 @pariwisata_lampung
@vera_moz76 @ekraf.lampun @perindaglampung
@ade_ui @wahrulfauzisilalahi @dprdlampung 
@dharmasetyawan.com_ @payungiuniversity
@infogeh @ayokelampung.com_ @lampung.media
@mbakjhe @genpiindonesia @wonderful.indonesiaku
@abdulrohmanwahidone @genpi_lampung
@selampung @genpi_lampungutara

#genpi #genpilampung #genpilampung2021 #generasipesonaindonesia #pesonaindonesia #wonderfulindonesia #salamgenpigasgasgas #AyokeLampung #kelampungkeren #dilampungaja #diindonesiaaja #lampung #bandarlampung #kotametro #lampungbarat #lampungutara #lampungtimur #lampungtengah #lampungselatan #tanggamus #pringsewu #pesawaran #pesisirbarat #mesuji #waykanan #tulangbawang #tulangbawangbarat #curug #airterjun  #waterfall",waterfall
https://www.instagram.com/p/CdNX_jZvpMS/,1620.jpg,2022-05-06 00:00:00,"Pantai Labuhan Jukung
4 Syawal 1443H.
.
Foto by @hagasha_aga
LoVe KrUi.
.

@pbsa.id
@pariwisata_lampung
@pesisirbaratupdate
@pesisirbarat
@kruitourism
@kruiku
@krui_surfmatra
@lampung.eksis
@pesonalampunng
@ilovelampung
@pringsewuupdate
@lampuung

Lets Go! Visit Pesisir Barat, Lampung

✅ Daerah Sangat Aman dan Kondusif
✅ Masyarakat Ramah-Ramah
✅ Menjunjung Tinggi Adat Istiadat & Kebudayaan
✅ Banyak Wisatawan International
✅ Ombak Surfing Yang Sudah Mendunia
✅ Cootage & Hotel Tersedia Lengkap

Dapatkan informasi foto terkini di Kabupaten Pesisir Barat, Go follow 👉 @pesisirbaratupdate @pesisirbaratupdate @pesisirbaratupdate

#pesisirbaratupdate #pesisirbarat #krui #pringsewu #lampung #pringsewulampung #bandarlampung #pesawaran #tanggamus #tulangbawangbarat #tulangbawang #lampungbarat #lampungselatan #lampungutara #travelingindonesia #lampungtengah #ijamitkrui #beach #traveling #holiday #wonderfulindonesia #wisata #pariwisata #explorelampung #pantai #pariwisataindonesia #beachphotography #diindonesiaaja #sunset #beachvibes",water park
https://www.instagram.com/p/C9UK1caydDP/,1621.jpg,2024-07-12 00:00:00,"Keduwarna beach, kalianda, lampung selatan, Lampung, Indonesia 🇮🇩.. 
Please visit here. 

#wisatalampung #lampung #capcut #indonesiabeach #keindahanalam #adventure #petualang #hijrahku #keduwarna #fyp #alamindonesia #kalianda #pantai #indonesia",beach
https://www.instagram.com/p/CU9ZHQ8Byaj/,1622.jpg,2021-10-13 00:00:00,"📍Pantai sebalang, Lampung
Repostd from @aisah_embun

Visit 👉 www.ayokelampung.com

@jokowi @kemensetneg.ri  @sandiuno @kemenparekraf.ri  @arinal_djunaidi @mbak_nunik @edarwan1962
@pariwisata_lampung @ekraf.lampung @rianasariarinal @ardito_wijaya @dharmasetyawan.com_ @payungiuniversity  @genpiindonesia @genpi_lampung 
.
#ayokelampung #travel #tour #wisata #holiday #pesonaindonesia #travelphotography #visitindonesia #jalanjalan #wonderfulindonesia #like4like #wisataindonesia #lfl #wisatalampung #lampunggeh #lampung #genpilampung #bandarlampung #lampunginsta #lampungselatan #lampungbarat #lampunghits #lampungtengah #lampungtimur #lampungwisata #lampungkece #lampungyay #lampungeksis #lampungkeren #lampunggham",islet
https://www.instagram.com/p/CeVkWYFBpYg/,1623.jpg,2022-06-03 00:00:00,"sometimes wounds come from people we think are good

Pict @agnesninda

📍Pantai Mutun, Pesawaran, Lampung. 

Visit 👉 www.ayokelampung.com

#ayokelampung #travel #tour #wisata #holiday #pesonaindonesia #travelphotography #visitindonesia #jalanjalan #wonderfulindonesia #like4like #wisataindonesia #lfl #wisatalampung #lampunggeh #lampung #genpilampung #bandarlampung #lampunginsta #lampungselatan #lampungbarat #lampunghits #lampungtengah #lampungtimur #lampungwisata #lampungkece #lampungyay #lampungeksis #lampungkeren #lampunggham",islet
https://www.instagram.com/p/CeQ_yTgherF/,1624.jpg,2022-06-01 00:00:00,"Belajar tentang alam, mencintai alam, dan tetap dekat dengan alam. Hal itu tak akan membuat kamu gagal.

@bungarindiana9

📍gunung betung, Kec. Hutan, Kab. Pesawaran, Lampung. Berada di Kota Lampung

Visit 👉 www.ayokelampung.com

#ayokelampung #travel #tour #wisata #holiday #pesonaindonesia #travelphotography #visitindonesia #jalanjalan #wonderfulindonesia #like4like #wisataindonesia #lfl #wisatalampung #lampunggeh #lampung #genpilampung #bandarlampung #lampunginsta #lampungselatan #lampungbarat #lampunghits #lampungtengah #lampungtimur #lampungwisata #lampungkece #lampungyay #lampungeksis #lampungkeren #lampunggham",campsite
https://www.instagram.com/p/CcU8TFgLEhT/,1625.jpg,2022-04-14 00:00:00,"Gunung pesagi via bahway ini foto diambil dari lokasi calon camp rise....

Pict: pesagi_bahway

Loc. Bahway, Balik Bukit, Lampung Barat

Visit 👉 www.ayokelampung.com

Gunung pesagi via bahway ini foto diambil dari lokasi calon camp rise....

Pict: @pesagi_bahway

Loc. Bahway, Balik Bukit, Lampung Barat

Visit 👉 www.ayokelampung.com

#ayokelampung #travel #tour #wisata #holiday #pesonaindonesia #travelphotography #visitindonesia #jalanjalan #wonderfulindonesia #like4like #wisataindonesia #lfl #wisatalampung #lampunggeh #lampung #genpilampung #bandarlampung #lampunginsta #lampungselatan #lampungbarat #lampunghits #lampungtengah #lampungtimur #lampungwisata #lampungkece #lampungyay #lampungeksis #lampungkeren #lampunggham",rainforest
https://www.instagram.com/p/CRneZ6dgwV4/,1626.jpg,2021-07-22 00:00:00,"Preparation Dive 
--------------
📍 Laut Canti - Kalianda, Lampung Selatan
📸 @sandidwipranata_
.
.
Always dive safely and keep the ocean clean during your visit
.
.
.
.
.
#INDOUNDERWATER #INDONESIAUNDERWATER #goprohero5  #divepics #underwater_world #underwaterlicious #uwphoto #reeflife #marinelife #underwaterphoto #underwaterpics #salvimar #uwphotography #underwaterphotography #diving #scubadiving #underwaterworld #sealife #freediving #cressi #ocean #uwphoto #sea #ocean #divingindonesia #savesharks #photography #coralreef #photographer  #scubadive #coral #nature",raft
https://www.instagram.com/p/CkNm8L8v8C9/,1627.jpg,2022-10-27 00:00:00,"Beauty Of Krui

Photo By 📷: @hagasha_aga

Lets Go! Visit Krui, Pesisir Barat, Lampung

✅ Daerah Sangat Aman dan Kondusif
✅ Masyarakatnya Ramah-Ramah
✅ Menjunjung Tinggi Adat Istiadat & Kebudayaan
✅ Banyak Wisatawan International
✅ Ombak Surfing Yang Sudah Mendunia
✅ Keindahan Pantai Yang Sudah Mendunia
✅ Cootage & Hotel Tersedia Lengkap

Dapatkan informasi foto terkini di Kabupaten Pesisir Barat, Go follow 👉 @pesisirbaratupdate @pesisirbaratupdate @pesisirbaratupdate

#pesisirbaratupdate #pesisirbarat #krui #pringsewu #lampung #pringsewulampung #bandarlampung #pesawaran #tanggamus #tulangbawangbarat #lampungbarat #lampungselatan #lampungutara #travelingindonesia #surf #ijamitkrui #beach #traveling #holiday #wonderfulindonesia #wisata #pariwisata #explorelampung #pantai #pariwisataindonesia #sunsetbeach #surfing #tourism",wave
https://www.instagram.com/p/CTgvJMCFv9Z/,1628.jpg,2021-09-07 00:00:00,"Mengkudu Island is one of the interesting and unique destinations in South Lampung. Its uniqueness and beauty is an attraction that you deserve to visit and enjoy. Invite your family or friends with you.
___
___
📍. Pulau Mengkudu, Totoharjo, Kalianda, Lampung Selatan.

#herijunna #lampung #island #kalianda #explore #travel #indozone #explorelampung #exploreindonesia #beach #instadaily #lampunghits
#lampunginsta #mengkuduisland #pulaumengkudu #lampungable ",lagoon
https://www.instagram.com/p/Ch_J44jPsvw/,1629.jpg,2022-09-02 00:00:00,"Udah pada siap-siap weekend kemana hari besok dan lusa? Ija Mit Krui, Happy weekend 😊☀️🌴

Photo By 📷: @lolaeyp

Lets Go! Visit Krui, Pesisir Barat

✅ Daerah Sangat Aman dan Kondusif
✅ Masyarakat Ramah-Ramah
✅ Menjunjung Tinggi Adat Istiadat & Kebudayaan
✅ Banyak Wisatawan International
✅ Ombak Surfing Yang Sudah Mendunia
✅ Cootage & Hotel Tersedia Lengkap

Dapatkan informasi foto terkini di Kabupaten Pesisir Barat, Go follow 👉 @pesisirbaratupdate @pesisirbaratupdate @pesisirbaratupdate

#pesisirbaratupdate #pesisirbarat #krui #pringsewu #lampung #pringsewulampung #bandarlampung #pesawaran #tanggamus #tulangbawangbarat #tulangbawang #lampungbarat #lampungselatan #lampungutara #travelingindonesia #lampungtengah #ijamitkrui #beach #traveling #holiday #wonderfulindonesia #wisata #pariwisata #explorelampung #pantai #pariwisataindonesia #sunset #jakarta #sunsetbeach #surfing",beach
https://www.instagram.com/p/CTzS6azPf1O/,1630.jpg,2021-09-14 00:00:00,"Satu persatu sesal kini jadi Syukur yang patah tumbuh dan yang hilang pun akan berganti dan perlahan membawaku pada rasa candu 🌿
.
📍 Pantai Semukuk Kalianda Lampung Selatan
.
Cek Google MAPS ya 😊
Reposted from @rimachasanah25

Visit 👉 Facebook PANTAI SEMUKUK INDAH

@jokowi @kemensetneg.ri  @sandiuno @kemenparekraf.ri  @arinal_djunaidi @mbak_nunik @edarwan1962
@pariwisata_lampung @ekraf.lampung @rianasariarinal @ardito_wijaya @dharmasetyawan.com_ @payungiuniversity  @genpiindonesia @genpi_lampung 
.
#ayokelampung #travel #tour #wisata #holiday #pesonaindonesia #travelphotography #visitindonesia #jalanjalan #wonderfulindonesia #like4like #wisataindonesia #lfl #wisatalampung #lampunggeh #lampung #genpilampung #bandarlampung #lampunginsta #lampungselatan #lampungbarat #lampunghits #lampungtengah #lampungtimur #lampungwisataku #lampungyay #lampungeksis #lampungkeren",landfill
https://www.instagram.com/p/CdxfLbwBsFQ/,1631.jpg,2022-05-20 00:00:00,"Pohon terpencil tumbuh dari air di pantai terkenal yang indah dengan pemandangan matahari terbenam ini.

Pict @momo_edp

📍 Pantai Sebalang, Tarahan, Katibung, Lampung Selatan. 

Visit 👉 www.ayokelampung.com

#ayokelampung #travel #tour #wisata #holiday #pesonaindonesia #travelphotography #visitindonesia #jalanjalan #wonderfulindonesia #like4like #wisataindonesia #lfl #wisatalampung #lampunggeh #lampung #genpilampung #bandarlampung #lampunginsta #lampungselatan #lampungbarat #lampunghits #lampungtengah #lampungtimur #lampungwisata #lampungkece #lampungyay #lampungeksis #lampungkeren #lampunggham",pier
https://www.instagram.com/p/CaPiS4Rvfei/,1632.jpg,2022-02-21 00:00:00,"Pantai Kedu merupakan salah satu jenis pantai berpasir putih yang halus dan salah satu pantai yang biasa dijelajahi.
Pantai Kedu populer karena keunikannya yang menghadap ke arah barat. Hal ini menjadikan posisi pantai yang satu ini sangat cocok untuk melihat sunset. Tidak hanya itu, pantai ini dihiasi oleh gugusan Pulau Krakatau dan tampak elok pemandangan gunung Rajabasa yang memang seolah-olah menampakan dirinya di atas air laut
.
.
.
.
.
.
.
.
.
.
.
.
.
.
.
.
.
.
#motivasiilmu #katabijak #TravelerDadakan #indonesia #lampung #lampungselatan #laut #pantai #pantaikedu #kalianda #awan #sunset #repost #repostindonesian #pesonaindonesia #jelajahindonesia #jelajahlampungselatan #jelajahsumatera #jelajahlampung #visitindonesia #visitlamsel #visitlampung #visitlampungselatan #trip #indonesia #likeforlikes #like4likes #likeforfollow #jalanjalan #travelling",sky
https://www.instagram.com/p/CUrqxlWpuYY/,1633.jpg,2021-10-06 00:00:00,"Main dulu ah😂
#Repost @nurhdy.s 

📍 Perengan Anteng, Jati Agung Lampung Selatan
Visit 👉www.ayokelampung.com

Salam Generasi Pesona Indonesia
Lapah Gham Jamo-Jamo Ngelestareiken Bumi Lampung

Visit www.genpilampung.com

@jokowi @kemensetneg.ri 
@sandiuno @kemenparekraf.ri 
@dwita_ria @ellanuryamah @dpr_ri @ustadzabdulhakim @jihanchalim @dpdri
@arinal_djunaidi @pemprov.lampung
@mbak_nunik @pemprovlampung_
@rianasariarinal @pkk_provinsi_lampung
@edarwan1962 @pariwisata_lampung
@vera_moz76 @ekraf.lampun @lyanda_melly
@elhannidjafar @heliana.dewi @perindaglampung
@ellywahyuni.s @ade_ui @vittorio_dwison @lestyputriii
@wahrulfauzisilalahi @dprdlampung 
@dharmasetyawan.com_ @payungiuniversity
@infogeh @ayokelampung.com_ @lampung.media
@mbakjhe @genpiindonesia @wonderful.indonesiaku
@abdulrohmanwahidone @genpi_lampung

#genpi #genpilampung #genpilampung2021 #generasipesonaindonesia #pesonaindonesia #wonderfulindonesia #salamgenpigasgasgas #AyokeLampung #kelampungkeren #dilampungaja #diindonesiaaja #lampung #bandarlampung #kotametro #lampungbarat #lampungutara #lampungtimur #lampungtengah #lampungselatan #tanggamus #pringsewu #pesawaran #pesisirbarat #mesuji #waykanan #tulangbawang #tulangbawangbarat #love #lampungberjaya",rope bridge
https://www.instagram.com/p/CaG___0rulY/,1634.jpg,2022-02-18 00:00:00,"📌Tidak apa-apa jika kamu tidak menyukaiku. Tidak semua orang memiliki selera yang baik.

📍Arang Lampung Grill & Beach, Kalianda, Lampung Selatan

Pict @siaudhiarga

Visit 👉 www.ayokelampung.com

#ayokelampung #travel #tour #wisata #holiday #pesonaindonesia #travelphotography #visitindonesia #jalanjalan #wonderfulindonesia #like4like #wisataindonesia #lfl #wisatalampung #lampunggeh #lampung #genpilampung #bandarlampung #lampunginsta #lampungselatan #lampungbarat #lampunghits #lampungtengah #lampungtimur #lampungwisata #lampungkece #lampungyay #lampungeksis #lampungkeren #lampunggham",islet
https://www.instagram.com/p/CTa43M5BydP/,1635.jpg,2021-09-05 00:00:00,"Puncak Sumberjaya
. 
📍📍📍 : puncak rest area sumber jaya ( tugu muli batin) 
. 
Reposted from @ekafendiaspara_alliwa 

Visit 👉 www.ayokelampung.com

@jokowi @kemensetneg.ri  @sandiuno @kemenparekraf.ri  @arinal_djunaidi @mbak_nunik @edarwan1962
@pariwisata_lampung @ekraf.lampung @rianasariarinal @ardito_wijaya @dharmasetyawan.com_ @payungiuniversity  @genpiindonesia @genpi_lampung 
.
#ayokelampung #travel #tour #wisata #holiday #pesonaindonesia #travelphotography #visitindonesia #jalanjalan #wonderfulindonesia #like4like #wisataindonesia #lfl #wisatalampung #lampunggeh #lampung #genpilampung #bandarlampung #lampunginsta #lampungselatan #lampungbarat #lampunghits #lampungtengah #lampungtimur #lampungwisata #lampungkece #lampungyay #lampungeksis #lampungkeren #lampunggham",village
https://www.instagram.com/p/CVVT5tjh2oH/,1636.jpg,2021-10-22 00:00:00,"""Nyatanya kita hanya ditakdirkan bertemu,bukan bersatu ""
.
.
⛳ WTC (way tebing cepa) 
Bitting,taman baru penengahan ,lampung selatan. 
.

Reposted from @ritaariyana96

Visit 👉 www.ayokelampung.com

@jokowi @kemensetneg.ri  @sandiuno @kemenparekraf.ri  @arinal_djunaidi @mbak_nunik @edarwan1962
@pariwisata_lampung @ekraf.lampung @rianasariarinal @ardito_wijaya @dharmasetyawan.com_ @payungiuniversity  @genpiindonesia @genpi_lampung 
.
#ayokelampung #travel #tour #wisata #holiday #pesonaindonesia #travelphotography #visitindonesia #jalanjalan #wonderfulindonesia #like4like #wisataindonesia #lfl #wisatalampung #lampunggeh #lampung #genpilampung #bandarlampung #lampunginsta #lampungselatan #lampungbarat #lampunghits #lampungtengah #lampungtimur #lampungwisata #lampungkece #lampungyay #lampungeksis #lampungkeren #lampunggham",swimming hole
https://www.instagram.com/p/CZqx_r0PHmh/,1637.jpg,2022-02-07 00:00:00,"Berbicara dan berlakulah dengan baik kepada orang yang menjahati Anda. Mereka boleh jahat, tapi Anda tetap baik
.
.
.
.
.
.
.
.
.
.
.
.
.
.
.
.
.
.
.
#motivasiilmu #katabijak #TravelerDadakan #indonesia #lampung #lampungselatan #laut #pantai #pantaikedu #kalianda #awan #sunset #repost #repostindonesian #pesonaindonesia #jelajahindonesia #jelajahlampungselatan #jelajahsumatera #jelajahlampung #visitindonesia #visitlamsel #visitlampung #visitlampungselatan #trip #indonesia #likeforlikes #like4likes #likeforfollow #jalanjalan #travelling",sky
https://www.instagram.com/p/CaoCn7gPkM-/,1638.jpg,2022-03-03 00:00:00,"Pantai Mandiri, Pesisir Barat, Lampung

Photo By 📷: @revadeff

Lets Go! Visit Pesisir Barat, Lampung

✅ Daerah Sangat Aman dan Kondusif
✅ Masyarakatnya Ramah-Ramah
✅ Menjunjung Tinggi Adat Istiadat & Kebudayaan
✅ Banyak Wisatawan International
✅ Ombak Surfing Yang Sudah Mendunia
✅ Cootage & Hotel Tersedia Lengkap
✅ Kulinernya Mantap dan Sedap Banget!

Dapatkan informasi foto terkini di Kabupaten Pesisir Barat, Go follow 👉 @pesisirbaratupdate @pesisirbaratupdate @pesisirbaratupdate

#pesisirbaratupdate #pesisirbarat #krui #pringsewu #lampung #pringsewulampung #bandarlampung #pesawaran #tanggamus #tulangbawangbarat #tulangbawang #lampungbarat #lampungselatan #lampungutara #travelingindonesia #lampungtengah #wonderfullindonesia #beach #traveling #holiday #wonderfulindonesia #wisata #pariwisata #explorelampung #pantai #pariwisataindonesia #beachphotography #beachday #sunset #beachvibes",coast
https://www.instagram.com/p/Cfq7XWlvq-V/,1639.jpg,2022-07-06 00:00:00,"Pantai Tanjung Setia, Pesisir Barat, Lampung

Photo By 📷: @septiiani.18

Lets Go! Visit Pesisir Barat

✅ Daerah Sangat Aman dan Kondusif
✅ Masyarakat Ramah-Ramah
✅ Menjunjung Tinggi Adat Istiadat & Kebudayaan
✅ Banyak Wisatawan International
✅ Ombak Surfing Yang Sudah Mendunia
✅ Cootage & Hotel Tersedia Lengkap

Dapatkan informasi foto terkini di Kabupaten Pesisir Barat, Go follow 👉 @pesisirbaratupdate @pesisirbaratupdate @pesisirbaratupdate

#pesisirbaratupdate #pesisirbarat #krui #pringsewu #lampung #pringsewulampung #bandarlampung #pesawaran #tanggamus #tulangbawangbarat #tulangbawang #lampungbarat #lampungselatan #lampungutara #travelingindonesia #lampungtengah #ijamitkrui #beach #traveling #holiday #wonderfulindonesia #wisata #pariwisata #explorelampung #pantai #pariwisataindonesia #sunset #diindonesiaaja #sunsetbeach #surfing",ice floe
https://www.instagram.com/p/Cz3mGiiJcNH/,1640.jpg,2023-11-20 12:57:45,"Paket Trip Tampa Minimal
Peserta🥳🥳🥳🥳

1.Paket Open Trip (Gabung) 
 (khusus weekend) 

• open trip pahawang 150k/orang
• open trip tegal mas 230k/orang

2.Paket Privat Trip (Every Day) 
Paket ini sangat cocok sekali
untuk Family Trip,Gathering,
Honeymoon,dll.
Kamu dapat atur jadwal liburan 
sesuai Keinginan mu. 

• Privat Pahawang 
  Start From 170k/orang

• Privat Tegal Mas
  Start From 245k/orang

Harga menyesuaikan peserta. 
Semakin banyak peserta harga
semakin Murah🥰🥰
___________________________________
Meeting point dermaga 4 ketapang
___________________________________
Info lebih lengkap bisa langsung  hubungi :
📱:081928614064
___________________________________
Fasilitas :
 ⛵Kapal Eksplore Pulau dan Spot Snorkling.
🍛Makan 1x 
🥛Air Mineral.
🏊Alat Snorkling (Mask & Snorkel) 
👕Life Jacket (Pelampung).
🏷️Tiket Masuk Pulau Maupun Spot  Snorkling.
📷Camera Underwater.
💉P3K.
🕺Tour Guide
🖼️Dokumentasi Underwater.
🎞️Dokumentasi Upwater.

Destinasi :
- Pulau kelagian kecil
- Snorkeling Cuku Bedil
- SnorkelingTaman Nemo
- Pulau Pahawang Besar
- Pulau Pahawang Kecil
- Pulau Kelagian Besar
 ------------------------------------------------------------

#pahawang #pulaupahawang #pahawangisland
#pahawangislandlampung 
#tegalmas #tegalmasisland
#liburanlampung #wisatapahawanglampung 
#wisatategalmas#palembang
#jakarta#lampung
#pringsewulampung
#bandarlampung
#sumsel#bandung 
#jambi #bengkulu#jaksel 
#tenggerang#lamsel
#pesawaran#hiling
#explorewisatalampung
#opentrippahawang #wisatalampung
#lff #lb#lfl
#indonesia",water park
https://www.instagram.com/p/C9HxK6FSIn4/,1641.jpg,2024-07-07 12:24:51,"Mimin Kasih Info Paket trip libur Lebaran kepulau pahawang hanya dengan 150rb perorangnya loh 😍😍kalian sudah bisa menikmati explore empat pulau yang ada di pahawang dan dua tempat Snorkling lho 😮😮

kapan lagi? bisa nikmati liburan murah dan sudah dapat fasilitas yang lengkap, ayo buruan ajak teman, keluarga atau pasangan mu untuk liburan ke pulau pahawang 😍😍

Catat tanggal liburan kalian 🤩
Juli :6, 7, 13, 14, 20, 21, 27, 28
Agustus :3, 4, 10, 11, 17, 18, 24, 31
September :1, 7, 8, 14, 15, 16, 21, 22, 28, 29

untuk Info lebih lengkap bisa langsung hubungi Contact Person :

Whatsapp 
0821-7858-6537

#pahawang
#tegalmas
#tegalmasisland
#liburanlampung 
#viral 
#wisatategalmas
#palembang
#jakarta#lampung
#pringsewulampung
#bandarlampung
#sumsel#bandung
#jambi
#bengkulu#jaksel
#tenggerang#lamsel
#pesawaran
#hiling
#explorewisatalampung
#opentrippahawang #wisataindonesia
#wisatalampung
#indonesia
#dafiratravelindonesia",playground
https://www.instagram.com/p/CxLfDOeBlkr/,1642.jpg,2023-09-14 16:46:45,"Paket Trip Tampa Minimal
Peserta🥳🥳🥳🥳

1.Paket Open Trip (Gabung) 
 (khusus weekend) 

• open trip pahawang 150k/orang
• open trip tegal mas 230k/orang

2.Paket Privat Trip (Every Day) 
Paket ini sangat cocok sekali
untuk Family Trip,Gathering,
Honeymoon,dll.
Kamu dapat atur jadwal liburan 
sesuai Keinginan mu. 

• Privat Pahawang 
  Start From 170k/orang

• Privat Tegal Mas
  Start From 245k/orang

Harga menyesuaikan peserta. 
Semakin banyak peserta harga
semakin Murah🥰🥰
___________________________________
Meeting point dermaga 4 ketapang
___________________________________
Info lebih lengkap bisa langsung  hubungi :
📱:081928614064
___________________________________
Fasilitas :
 ⛵Kapal Eksplore Pulau dan Spot Snorkling.
🍛Makan 1x 
🥛Air Mineral.
🏊Alat Snorkling (Mask & Snorkel) 
👕Life Jacket (Pelampung).
🏷️Tiket Masuk Pulau Maupun Spot  Snorkling.
📷Camera Underwater.
💉P3K.
🕺Tour Guide
🖼️Dokumentasi Underwater.
🎞️Dokumentasi Upwater.

Destinasi :
- Pulau kelagian kecil
- Snorkeling Cuku Bedil
- SnorkelingTaman Nemo
- Pulau Pahawang Besar
- Pulau Pahawang Kecil
- Pulau Kelagian Besar
 ------------------------------------------------------------

#pahawang #pulaupahawang #pahawangisland
#pahawangislandlampung 
#tegalmas #tegalmasisland
#liburanlampung
#viral #wisatapahawanglampung 
#wisatategalmas#palembang
#jakarta#lampung
#pringsewulampung
#bandarlampung
#sumsel#bandung 
#jambi #bengkulu#jaksel 
#tenggerang#lamsel
#pesawaran#hiling
#explorewisatalampung
#opentrippahawang #wisataindonesia
#lampunggeh#explore
 #indonesia",lagoon
https://www.instagram.com/p/C8yC9yAvqEN/,1643.jpg,2024-06-29 01:57:03,"Paket Trip Tanpa Minimal
Peserta🥳🥳🥳🥳

1.Paket Open Trip (Gabung) 
 (khusus weekend) 
 
Jadwal open trip pahawang
April :11,12,13,14,15,20,21,27,28 
Mei :4,5,9,10,11,12,18,19,23,24,25,26
Juni :1,2,8,9,15,16,17,18,22,23,29,30

• open trip pahawang 150k/orang

(Meeting point dermaga 4 ketapang) 

2.Paket Privat Trip (Every Day) 
Paket ini sangat cocok sekali
untuk Family Trip,Gathering,
Honeymoon,dll.
Kamu dapat atur jadwal liburan 
sesuai Keinginan mu. 

• Privat Pahawang 
  Start From 170k/orang

• Privat Tegal Mas
  Start From 245k/orang

(Harga berlaku untuk 16-20 peserta) 

Harga menyesuaikan peserta. 
Semakin banyak peserta harga
semakin Murah🥰🥰
___________________________________
Meeting point dermaga 4 ketapang
___________________________________
Info lebih lengkap bisa langsung
hubungi :📱:0819-2861-4064
___________________________________
Fasilitas :
 ⛵Kapal Eksplore Pulau dan Spot Snorkling.
🍛Makan 1x 
🥛Air Mineral.
🏊Alat Snorkling (Mask & Snorkel) 
👕Life Jacket (Pelampung).
🏷️Tiket Masuk Pulau Maupun Spot  Snorkling.
📷Camera Underwater.
💉P3K.
🕺Tour Guide
🖼️Dokumentasi Underwater.
🎞️Dokumentasi Upwater.

Destinasi :
- Pulau kelagian kecil
- Snorkeling Cuku Bedil
- SnorkelingTaman Nemo
- Pulau Pahawang Besar
- Pulau Pahawang Kecil
- Pulau Kelagian Besar
 -------------------------------------------------
#pahawang #pulaupahawang #pahawangisland 
#pahawangislandlampung 
#pahawangmurah #tegalmas 
 #tegalmasisland 
#liburanlampung 
#viral #wisatapahawanglampung 
#wisatategalmas #palembang 
#jakarta #lampung 
#pringsewulampung 
#bandarlampung 
#sumsel #bandung 
#jambi #bengkulu #jaksel 
#tenggerang #lamsel 
#pesawaran #hiling 
#explorewisatalampung 
#opentrippahawang #wisataindonesia 
#fyp
 #indonesia",beach
https://www.instagram.com/p/C63y4jQSds3/,1644.jpg,2024-05-12 14:29:11,"Mimin Kasih Info Paket trip libur Lebaran kepulau pahawang hanya dengan 150rb perorangnya loh 😍😍kalian sudah bisa menikmati explore empat pulau yang ada di pahawang dan dua tempat Snorkling lho 😮😮

kapan lagi? bisa nikmati liburan murah dan sudah dapat fasilitas yang lengkap, ayo buruan ajak teman, keluarga atau pasangan mu untuk liburan ke pulau pahawang 😍😍

untuk Info lebih lengkap bisa langsung hubungi Contact Person :

Whatsapp 
Admin 1 : 0821-7858-6537
Admin 2 : 0858-3882-2708

#pahawang
#tegalmas
#tegalmasisland
#liburanlampung 
#viral 
#wisatategalmas
#palembang
#jakarta#lampung
#pringsewulampung
#bandarlampung
#sumsel#bandung
#jambi
#bengkulu#jaksel
#tenggerang#lamsel
#pesawaran
#hiling
#explorewisatalampung
#opentrippahawang #wisataindonesia
#wisatalampung
#indonesia",orchard
https://www.instagram.com/p/C9z2qD4ySAq/,1645.jpg,2024-07-24 15:19:23,"Paket Trip Tanpa Minimal Peserta 😍🥳🥳

Paket Open Trip (Digabung) Jalan Setiap Weekend dan Hari Libur 🤩🥳🥳

Catat Jadwal Open Trip Pahawang 
Juli :6, 7, 13, 14, 20, 21, 27, 28
Agustus :3, 4, 10, 11, 17, 18, 24, 31
September :1, 7, 8, 14, 15, 16, 21, 22, 28, 29

📍Meeting Point Dermaga Ketapang Lampung

Info Lebih Lanjut Bisa Hubungin
WhatsApp:📱0821-7858-6537

FASILITAS💯💯💯💯💯💯💯💯💯💯💯💯 

⛵Perahu 🚣Pelampung/Life Jacket
🏊Alat Snorkeling Lengkap 
🏥Asuransi Perjalanan Wisata
🚑P3K
📷Kamera Under Water (Bawah Laut) 
📹Kamera Up Water (Darat) 
🎬Dokumentasi Selama Trip
🍴Makan 🍻Air Minum
💸Tiket Masuk Jelajah Pulau
💶Tiket Masuk Spot Snorkeling
👦Tour Guide handal pengambilan foto
🚻Tempat Ganti baju

DESTINASI:
1.Pahawang Besar
2.Pahawang Kecil
3.Kelagian Besar
4.Kelagian kecil
5.Snorkeling Taman Nemo
6.Snorkeling Cukuh Bedil

#pahawang
#tegalmas
#tegalmasisland
#liburanlampung 
#viral 
#wisatategalmas
#palembang
#jakarta#lampung
#pringsewulampung
#bandarlampung
#sumsel#bandung
#jambi
#bengkulu#jaksel
#tenggerang#lamsel
#pesawaran
#hiling
#explorewisatalampung
#opentrippahawang #wisataindonesia
#wisatalampung
#indonesia
#dafiratravelindonesia",ocean
https://www.instagram.com/p/Cd-Ozg1hdK8/,1646.jpg,2022-05-25 07:18:11,"Ketika masalah tidak ada jalan kluar, maka kita yang keluar jalan jalan

Pict @hallo_agstn19

📍Gisting, Tanggamus, Lampung

Visit 👉 www.ayokelampung.com

#ayokelampung #travel #tour #wisata #holiday #pesonaindonesia #travelphotography #visitindonesia #jalanjalan #wonderfulindonesia #like4like #wisataindonesia #lfl #wisatalampung #lampunggeh #lampung #genpilampung #bandarlampung #lampunginsta #lampungselatan #lampungbarat #lampunghits #lampungtengah #lampungtimur #lampungwisata #lampungkece #lampungyay #lampungeksis #lampungkeren #lampunggham",rope bridge
https://www.instagram.com/p/DSeSGqcj5mm/,1647.jpg,2025-12-20 05:15:00,"Make your day sweeter with a scoop of happiness 🍦
Visit Setigi Sundae at Setigi Heni Lampung!

Booking and Reservation:
Whatsapp +62 821 2200 2098

—
Pantai Setigi Heni
Canggung, Lampung Selatan

#SetigiHeni #HarmonyWithNature #BatokKelapaBeachCafe #ShellOfFlavor #HiddenGem #Canggung #LampungSelatan",park
https://www.instagram.com/p/C4mQoyOv-Ql/,1648.jpg,2024-03-17 02:00:04,"Damar Mata Kucing, Komoditas Andalan Masyarakat Krui, Pesisir Barat, Lampung

Lets Go! Visit Krui, Pesisir Barat, Lampung 🇮🇩

✅ Daerah Sangat Aman dan Kondusif
✅ Masyarakatnya Ramah-Ramah
✅ Menjunjung Tinggi Adat Istiadat & Kebudayaan
✅ Banyak Wisatawan International
✅ Ombak Surfing Yang Sudah Mendunia
✅ Keindahan Pantai Yang Sudah Mendunia
✅ Cootage & Hotel Tersedia Lengkap

Dapatkan informasi terkini tentang Lampung, Go follow 👉 @lampuungupdate @lampuungupdate @lampuungupdate

#iklan #lampungupdate #bandarlampung #pringsewu #lampung #pringsewulampung  #pesawaran #tanggamus #tulangbawangbarat #tulangbawang #lampungbarat #pesisirbarat #krui #lampungselatan #lampungutara #mesuji #waykanan #lampungtengah #pringsewuupdate #lampungtimur #lampungutara #wonderfulindonesia #pariwisataindonesia #explorelampung #pringsewuhits #viral #pariwisataviral #wisataviral #jalanjalan",rainforest
https://www.instagram.com/p/C6x6E29vT2l/,1649.jpg,2024-05-10 07:36:35,"NOT Santorini, but Lampung! 🥰🌟👍🏼
Must visit Pantai Marina. 
.
#lampung #lampungselatan #indonesia #santorini #beach #sumatera @yennyhs",courtyard
https://www.instagram.com/p/CdPlX_Pv2uQ/,1650.jpg,2022-05-07 04:31:06,"The sunset sky speaks of a thousand of colors 

📍 one of the tours that you can visit in the Lampung Province “Arang Lampung” 

📸 @beryds 

#swissbelhotel 
#swissbelhotellampung 
#tourism 
#beachvibes 
#lampungselatan 
#aranglampung",sky
https://www.instagram.com/p/CaL4rQ-v2z7/,1651.jpg,2022-02-20 04:28:36,"Pantai Mandiri, Pesisir Barat, Lampung

Photo By 📷: @arsln_ghz

Lets Go! Visit Pesisir Barat, Lampung

✅ Daerah Sangat Aman dan Kondusif
✅ Masyarakat Ramah-Ramah
✅ Menjunjung Tinggi Adat Istiadat & Kebudayaan
✅ Banyak Wisatawan International
✅ Ombak Surfing Yang Sudah Mendunia
✅ Cootage & Hotel Tersedia Lengkap
✅ Kulinernya Mantap dan Sedap Banget!

Dapatkan informasi foto terkini di Kabupaten Pesisir Barat, Go follow 👉 @pesisirbaratupdate @pesisirbaratupdate @pesisirbaratupdate

#pesisirbaratupdate #pesisirbarat #krui #pringsewu #lampung #pringsewulampung #bandarlampung #pesawaran #tanggamus #tulangbawangbarat #tulangbawang #lampungbarat #lampungselatan #lampungutara #travelingindonesia #lampungtengah #wonderfullindonesia #beach #traveling #holiday #wonderfulindonesia #wisata #pariwisata #explorelampung #pantai #pariwisataindonesia #beachphotography #beachday #sunset #beachvibes",lawn
https://www.instagram.com/p/CVO8oMMJw9B/,1652.jpg,2021-10-20 02:23:53,".
Pantai Marina Lampung Selatan 🌊

📸Repost @riinaa23_ 

Salam Generasi Pesona Indonesia
Lapah Gham Jamo-Jamo Ngelestareiken Bumi Lampung

Visit www.genpilampung.com

@jokowi @kemensetneg.ri 
@sandiuno @kemenparekraf.ri 
@dwita_ria @ellanuryamah 
@dr.muhammad.kadafi.sh.mh @dpr_ri
@ustadzabdulhakim @jihanchalim
@bustami_zainudin32 @dpdri
@arinal_djunaidi @pemprov.lampung
@mbak_nunik @pemprovlampung_
@rianasariarinal @pkk_provinsi_lampung
@edarwan1962 @pariwisata_lampung
@vera_moz76 @ekraf.lampun @lyanda_melly
@elhannidjafar @heliana.dewi @perindaglampung
@ellywahyuni.s @ade_ui @vittorio_dwison @lestyputriii @wahrulfauzisilalahi @agiriakbar @dprdlampung 
@dharmasetyawan.com_ @payungiuniversity
@mustika_edi23 @ayokelampung.com_ @lampung.media
@mbakjhe @genpiindonesia @wonderful.indonesiaku
@abdulrohmanwahidone @genpi_lampung @infogeh

#genpi #genpilampung #genpilampung2021 #generasipesonaindonesia #pesonaindonesia #wonderfulindonesia #salamgenpigasgasgas #AyokeLampung #kelampungkeren #dilampungaja #diindonesiaaja #lampung #bandarlampung #kotametro #lampungbarat #lampungutara #lampungtimur #lampungtengah #lampungselatan #tanggamus #pringsewu #pesawaran #pesisirbarat #mesuji #waykanan #tulangbawang #tulangbawangbarat #love #lampungberjaya #pesonalampung",lagoon
https://www.instagram.com/p/CUCcwIGh0Ie/,1653.jpg,2021-09-20 09:23:04,"📍 Danau suoh, Lampung Barat
Visit 👉 www.ayokelampung.com

Repost from : @mukhlisapri

@jokowi @kemensetneg.ri  @sandiuno @kemenparekraf.ri  @arinal_djunaidi @mbak_nunik @edarwan1962
@pariwisata_lampung @ekraf.lampung @rianasariarinal @ardito_wijaya @dharmasetyawan.com_ @payungiuniversity  @genpiindonesia @genpi_lampung 
.
#ayokelampung #travel #tour #wisata #holiday #pesonaindonesia #travelphotography #visitindonesia #jalanjalan #wonderfulindonesia #like4like #wisataindonesia #lfl #wisatalampung #lampunggeh #lampung #genpilampung #bandarlampung #lampunginsta #lampungselatan #lampungbarat #lampunghits #lampungtengah #lampungtimur #lampungwisata #lampungkece #lampungyay #lampungeksis #lampungkeren #lampunggham",mountain path
https://www.instagram.com/p/CvjiRBtyXQN/,1654.jpg,2023-08-05 07:53:50,"مَاشَاءَ اللهُ تَبَارَكَ اللهُ

Late post 
#krakataupark #lampung #lampungselatan #bakauheni #visitlampung #visitlampungselatan",beauty salon
https://www.instagram.com/p/CSmAJa2JRX0/,1655.jpg,2021-08-15 11:42:59,"Dinas Perdana 

PR EMD GT38AC - CC 205 21 06 DTMU CC 205 21 02 - KA 3029A BBR isian Tujuan Akhir Tarahan Ls Stasiun Branti. 

Versi Video silahkan Visit Bio IG ane 

#rfdivre4 #bukansepurbiasa #railwayphotography #indonesiatransportation #keretaapiindonesia #keretaapiinside #keretaapikita #kai #progressrail #indorailwaypicture #lampungselatan #lampunggeh #EMD #gt38ac #cc205 #trb_express #railway #railroad #trainnerds #railfans #indonesianrailways #railways_of_our_world",railroad track
https://www.instagram.com/p/DM4ZwpsyUDC/,1656.jpg,2025-08-03 05:33:59,"must visit place every year: kalianda beach🏝️🫧
📍Senaya Beach, Kalianda, Lampung Selatan",ice floe
https://www.instagram.com/p/Cd7-yn2BS3k/,1657.jpg,2022-05-24 10:19:46,"Kayak nya mulai sekarang suka pantai aja deh, kalo suka kamu pasang surut langsung berubah

Pict @a_dhienda

📍Pantai Kedu Warna, Jalan Sinar Laut No.54, RT/RW 01/01, Kelurahan Way Urang, Kalianda, Lampung.

Visit 👉 www.ayokelampung.com

#ayokelampung #travel #tour #wisata #holiday #pesonaindonesia #travelphotography #visitindonesia #jalanjalan #wonderfulindonesia #like4like #wisataindonesia #lfl #wisatalampung #lampunggeh #lampung #genpilampung #bandarlampung #lampunginsta #lampungselatan #lampungbarat #lampunghits #lampungtengah #lampungtimur #lampungwisata #lampungkece #lampungyay #lampungeksis #lampungkeren #lampunggham",beach
https://www.instagram.com/p/Ciq9QVSvSFG/,1658.jpg,2022-09-19 02:16:14,"Visit kandang tetap melakukan protokol kesehatan demi menjaga hewan tetap sehat. Dilakukannya penyemprotan disinfektan kepada pengunjung dan kendaraan ketika visit ke EB FARM✨
-
Google Maps : EB Farm
Alamat : Terusan Jalan Untung Suropati, Gapura Jl. Gemilang, Gg. Anumerta (ikuti jalan beton ke kanan sampai ketemu kandang besar ditengah sawah) Desa Fajar Baru, Kec. Jati Agung, Kab. Lampung Selatan, Lampung, 35141
-
☎️ WhatsApp : 0812-7249-9557 (Admin 1) / 0812-7486-7144 (Admin 2)
-
1000+ Ekor Kambing Berbagai Jenis (Fullblood Boer, Cross Boer & Boer F1-F5, PE, Jawarandu, Domba Merino & Dorper, Dsb)
-
#ebfarmlampung
#jualkambinglampung
#jualhewanqurban
#jualkambingaqiqahlampung 
#jualkambingboerlampung
#peternakboerlampung",mezzanine
https://www.instagram.com/p/CfbR2TCPjZy/,1659.jpg,2022-06-30 10:34:09,"Pusat Keramaian di Pasar Krui, atau biasa disebut Pusat Kota Krui, Pesisir Barat ☀️🌴

Lets Go! Visit Krui, Pesisir Barat

✅ Daerah Sangat Aman dan Kondusif
✅ Masyarakat Ramah-Ramah
✅ Menjunjung Tinggi Adat Istiadat & Kebudayaan
✅ Banyak Wisatawan International
✅ Ombak Surfing Yang Sudah Mendunia
✅ Cootage & Hotel Tersedia Lengkap

Dapatkan informasi foto terkini di Kabupaten Pesisir Barat, Go follow 👉 @pesisirbaratupdate @pesisirbaratupdate @pesisirbaratupdate

#pesisirbaratupdate #pesisirbarat #krui #pringsewu #lampung #pringsewulampung #bandarlampung #pesawaran #tanggamus #tulangbawangbarat #tulangbawang #lampungbarat #lampungselatan #lampungutara #travelingindonesia #lampungtengah #ijamitkrui #beach #traveling #holiday #wonderfulindonesia #wisata #pariwisata #explorelampung #pantai #pariwisataindonesia #sunset #diindonesiaaja #sunsetbeach #surfing",street
https://www.instagram.com/p/CfTl7xMBhCY/,1660.jpg,2022-06-27 10:55:44,"Ketukan nada kehidupan yang slalu membangunkan mimpi panjang ku

Pict @nurrhasanah237

📍Pantai Sebalang, Tarahan, Katibung, Lampung Selatan.

Visit 👉 www.ayokelampung.com

#ayokelampung #travel #tour #wisata #holiday #pesonaindonesia #travelphotography #visitindonesia #jalanjalan #wonderfulindonesia #like4like #wisataindonesia #lfl #wisatalampung #lampunggeh #lampung #genpilampung #bandarlampung #lampunginsta #lampungselatan #lampungbarat #lampunghits #lampungtengah #lampungtimur #lampungwisata #lampungkece #lampungyay #lampungeksis #lampungkeren #lampunggham",ice floe
https://www.instagram.com/p/CU_x_ijhb_6/,1661.jpg,2021-10-14 05:02:21,"Visit 👉 www.ayokelampung.com

Repost from : @ardan_zaky_alghozali

@jokowi @kemensetneg.ri  @sandiuno @kemenparekraf.ri  @arinal_djunaidi @mbak_nunik @edarwan1962
@pariwisata_lampung @ekraf.lampung @rianasariarinal @ardito_wijaya @dharmasetyawan.com_ @payungiuniversity  @genpiindonesia @genpi_lampung 
.
#ayokelampung #travel #tour #wisata #holiday #pesonaindonesia #travelphotography #visitindonesia #jalanjalan #wonderfulindonesia #like4like #wisataindonesia #lfl #wisatalampung #lampunggeh #lampung #genpilampung #bandarlampung #lampunginsta #lampungselatan #lampungbarat #lampunghits #lampungtengah #lampungtimur #lampungwisata #lampungkece #lampungyay #lampungeksis #lampungkeren #lampunggham",water park
https://www.instagram.com/p/Cjt3R4RvrgC/,1662.jpg,2022-10-15 01:53:08,"Halo Warga Pesisir Barat! Yuk ke @pekanfest hari ini di Gedung Sentra Tapis, Krui Pesisir Barat (Samping Samsat Krui) ada banyak jajanan lezat dan kegiatan-kegiatan seru di acara ini. Ramaikan!

Photo By 📷: @dpmptsp.psb

Lets Go! Visit Krui, Pesisir Barat, Lampung

✅ Daerah Sangat Aman dan Kondusif
✅ Masyarakatnya Ramah-Ramah
✅ Menjunjung Tinggi Adat Istiadat & Kebudayaan
✅ Banyak Wisatawan International
✅ Ombak Surfing Yang Sudah Mendunia
✅ Keindahan Pantai Yang Sudah Mendunia
✅ Cootage & Hotel Tersedia Lengkap

Dapatkan informasi foto terkini di Kabupaten Pesisir Barat, Go follow 👉 @pesisirbaratupdate @pesisirbaratupdate @pesisirbaratupdate

#pesisirbaratupdate #pesisirbarat #krui #pringsewu #lampung #pringsewulampung #bandarlampung #pesawaran #tanggamus #tulangbawangbarat #lampungbarat #lampungselatan #lampungutara #travelingindonesia #surf #ijamitkrui #beach #traveling #holiday #wonderfulindonesia #wisatakuliner #pariwisata #explorelampung #pantai #pariwisataindonesia #sunsetbeach #surfing #festivalkuliner",bullring
https://www.instagram.com/p/CZg1_3TpoF3/,1663.jpg,2022-02-03 11:17:52,"Halo horse lover! Weekend ini udah punya rencana mau kemana? Mending ke princhsto aja, banyak wahana yg bisa kalian pilih loh. Mulai dari wahana berkuda, mini train, kereta kuda dll 😍

Loc. PRINCHSTO, Pringsewu Ranch and Resto

Repost @princhsto 

Visit 👉 www.ayokelampung.com

@jokowi @kemensetneg.ri @sandiuno @kemenparekraf.ri @arinal_djunaidi @mbak_nunik @edarwan1962
@pariwisata_lampung @ekraf.lampung @rianasariarinal @ardito_wijaya @dharmasetyawan.com_ @payungiuniversity @genpiindonesia @genpi_lampung
.
#ayokelampung #travel #tour #wisata #holiday #pesonaindonesia #travelphotography #visitindonesia #jalanjalan #wonderfulindonesia #like4like #wisataindonesia #lfl #wisatalampung #lampunggeh #lampung #genpilampung #bandarlampung #lampunginsta #lampungselatan #lampungbarat #lampunghits #lampungtengah #lampungtimur #lampungwisata #lampungkece #lampungyay #lampungeksis #lampungkeren #lampunggham",stable
https://www.instagram.com/p/Cn-siY-S1mq/,1664.jpg,2023-01-29 00:51:56,"Selamat Datang di Pesisir Barat, Lampung, selamat liburan. Happy healing ☀️🌴

Photo By 📷: @indhmeilia 

Lets Go! Visit Krui, Pesisir Barat, Lampung

✅ Daerah Sangat Aman dan Kondusif
✅ Masyarakatnya Ramah-Ramah
✅ Menjunjung Tinggi Adat Istiadat & Kebudayaan
✅ Banyak Wisatawan International
✅ Ombak Surfing Yang Sudah Mendunia
✅ Keindahan Pantai Yang Sudah Mendunia
✅ Cootage & Hotel Tersedia Lengkap

Dapatkan informasi foto terkini di Kabupaten Pesisir Barat, Go follow 👉 @pesisirbaratupdate @pesisirbaratupdate @pesisirbaratupdate

#pesisirbaratupdate #pesisirbarat #krui #pringsewu #lampung #pringsewulampung #bandarlampung #pesawaran #tanggamus #tulangbawangbarat #lampungbarat #lampungselatan #lampungutara #travelingindonesia #surf #ijamitkrui #beach #traveling #holiday #wonderfulindonesia #wisata #pariwisata #explorelampung #pantai #pariwisataindonesia #sunsetbeach #surfing #tourism",forest road
https://www.instagram.com/p/DRHkCFOk0bf/,1665.jpg,2025-11-16 12:57:56,"What a majestic place to visit 🥹✨
📍Anak Gunung Krakatau, Selat Sunda, Lampung
Selatan

Saksi bisu letusan dahsyat yang pernah mengguncang dunia pada tahun 1883. Semoga tidurmu masih panjang ya anak baik..
Note: Kesana harus sama guide atau ikut Open Trip ya!

Jun ‘25",volcano
https://www.instagram.com/p/CdhqPEePFxp/,1666.jpg,2022-05-14 04:59:54,"Batu Mirau Malaya, Pesisir Barat, Lampung

Photo By 📷: @flower_ngel

Lets Go! Visit Pesisir Barat, Lampung

✅ Daerah Sangat Aman dan Kondusif
✅ Masyarakat Ramah-Ramah
✅ Menjunjung Tinggi Adat Istiadat & Kebudayaan
✅ Banyak Wisatawan International
✅ Ombak Surfing Yang Sudah Mendunia
✅ Cootage & Hotel Tersedia Lengkap

Dapatkan informasi foto terkini di Kabupaten Pesisir Barat, Go follow 👉 @pesisirbaratupdate @pesisirbaratupdate @pesisirbaratupdate

#pesisirbaratupdate #pesisirbarat #krui #pringsewu #lampung #pringsewulampung #bandarlampung #pesawaran #tanggamus #tulangbawangbarat #tulangbawang #lampungbarat #lampungselatan #lampungutara #travelingindonesia #lampungtengah #ijamitkrui #beach #traveling #holiday #wonderfulindonesia #wisata #pariwisata #explorelampung #pantai #pariwisataindonesia #beachphotography #diindonesiaaja #sunset #beachvibes",islet
https://www.instagram.com/p/Cd51wtihkOA/,1667.jpg,2022-05-23 14:22:23,"Tak masalah jika pada akhirnya terbuang. Setidaknya dengan itu, kamu mampu memilih, siapa siapa yang pantas kau ajak berjuang

Pict @agramdhn

📍Merak Belantung, Lampung Selatan

Visit 👉 www.ayokelampung.com

#ayokelampung #travel #tour #wisata #holiday #pesonaindonesia #travelphotography #visitindonesia #jalanjalan #wonderfulindonesia #like4like #wisataindonesia #lfl #wisatalampung #lampunggeh #lampung #genpilampung #bandarlampung #lampunginsta #lampungselatan #lampungbarat #lampunghits #lampungtengah #lampungtimur #lampungwisata #lampungkece #lampungyay #lampungeksis #lampungkeren #lampunggham",lagoon
https://www.instagram.com/p/CMU2tKurqoY/,1668.jpg,2021-03-12 16:45:02,""" Bersama Mentari 🌞 di Pagi Hari 🥰 🌊 ""

#mutunbeach #pantaimutunbandarlampung #mytrip_myadvtr #mtma_lampung #lampungwisata #traveloka #gymidols #mensfahion #ootdmen #menfashionpost #asianguy #traveltheworld #indotravellersco #pesonaindonesia #travelandleisureasia #travelandleisure #bestvacation #repostpic #photofoliomy #pesonalampung #mentaripagi #seaboat #kapallaut #beachboys #beachside #visitlampungselatan #explorelampung #lampungtrip #traveladdicts #sunrisesky",harbor
https://www.instagram.com/p/CTwWDwKB9lb/,1669.jpg,2021-09-13 08:38:15,"#Repost @resky_mertaregasaputri 

Ada yang baru nih di @travelesia_id 
Kamorang yakin gak mau eksplore bareng kita🍃
.
.
📍Pulau Mahitam, Lampung

Visit 👉 www.ayokelampung.com

@jokowi @kemensetneg.ri  @sandiuno @kemenparekraf.ri  @arinal_djunaidi @mbak_nunik @edarwan1962
@pariwisata_lampung @ekraf.lampung @rianasariarinal @ardito_wijaya @dharmasetyawan.com_ @payungiuniversity  @genpiindonesia @genpi_lampung 
.
#ayokelampung #travel #tour #wisata #holiday #pesonaindonesia #travelphotography #visitindonesia  #wonderfulindonesia #like4like #wisataindonesia #lfl #wisatalampung #lampunggeh #lampung #genpilampung #bandarlampung #lampunginsta #lampungselatan #lampungbarat #lampunghits #lampungtengah #lampungtimur #lampungwisata #lampungkece #lampungyay #lampungeksis #lampungkeren #làmpunggham",lagoon
https://www.instagram.com/p/CSg9nUgha2I/,1670.jpg,2021-08-13 12:44:39,"Baby shark dududuu🦈
.
Photo by : @odi_mudirul
🚩 Tegal Mas Island, Lampung

Visit 👉 www.ayokelampung.com

@jokowi @kemensetneg.ri  @sandiuno @kemenparekraf.ri  @arinal_djunaidi @mbak_nunik @edarwan1962
@pariwisata_lampung @ekraf.lampung @rianasariarinal @ardito_wijaya @dharmasetyawan.com_ @payungiuniversity  @genpiindonesia @genpi_lampung 
.
#ayokelampung #travel #tour #wisata #holiday #pesonaindonesia #travelphotography #visitindonesia #jalanjalan #wonderfulindonesia #like4like #wisataindonesia #lfl #wisatalampung #lampunggeh #lampung #genpilampung #bandarlampung #lampunginsta #lampungselatan #lampungbarat #lampunghits #lampungtengah #lampungtimur #lampungwisata #lampungkece #lampungyay #lampungeksis #lampungkeren #lampunggham",swimming pool/indoor
https://www.instagram.com/p/Cal6YvNrimf/,1671.jpg,2022-03-02 07:03:48,"Sebenernya kehidupan itu sederhana. Hanya saja kitalah yang selalu mempersulitnya, tidak bersyukur adalah salah satunya.

📍Pantai Batu Lapis, Ds Totoharjo, Kec.Bakauheni, Kab Lampung Selatan

Foto: @siaudhiarga

Visit 👉 www.ayokelampung.com

#ayokelampung #travel #tour #wisata #holiday #pesonaindonesia #travelphotography #visitindonesia #jalanjalan #wonderfulindonesia #like4like #wisataindonesia #lfl #wisatalampung #lampunggeh #lampung #genpilampung #bandarlampung #lampunginsta #lampungselatan #lampungbarat #lampunghits #lampungtengah #lampungtimur #lampungwisata #lampungkece #lampungyay #lampungeksis #lampungkeren #lampunggham",cliff
https://www.instagram.com/p/CU0H1B6JVPZ/,1672.jpg,2021-10-09 16:22:16,".
Gelaran @brata.kuliner buka setiap Malam Minggu dan Alhamdulillah semakin rame dan penuh keberkahan... Panjang Umur Pemberdayaan ❤️ Penggerak @dani_mustofa Ketua @genpi_waykanan 

Salam Generasi Pesona Indonesia
Lapah Gham Jamo-Jamo Ngelestareiken Bumi Lampung

Visit www.genpilampung.com

@jokowi @kemensetneg.ri 
@sandiuno @kemenparekraf.ri 
@dwita_ria @ellanuryamah @dpr_ri
@ustadzabdulhakim @jihanchalim @dpdri
@arinal_djunaidi @pemprov.lampung
@mbak_nunik @pemprovlampung_
@rianasariarinal @pkk_provinsi_lampung
@edarwan1962 @pariwisata_lampung
@vera_moz76 @ekraf.lampun @lyanda_melly
@elhannidjafar @heliana.dewi @perindaglampung
@ellywahyuni.s @ade_ui @vittorio_dwison @lestyputriii @wahrulfauzisilalahi @agiriakbar @dprdlampung 
@dharmasetyawan.com_ @payungiuniversity
@mustika_edi23 @ayokelampung.com_ @lampung.media
@mbakjhe @genpiindonesia @wonderful.indonesiaku
@abdulrohmanwahidone @genpi_lampung @infogeh
@dani_mustofa @genpi_waykanan @brata.kuliner

#genpi #genpilampung #genpilampung2021 #generasipesonaindonesia #pesonaindonesia #wonderfulindonesia #salamgenpigasgasgas #AyokeLampung #kelampungkeren #dilampungaja #diindonesiaaja #lampung #bandarlampung #kotametro #lampungbarat #lampungutara #lampungtimur #lampungtengah #lampungselatan #tanggamus #pringsewu #pesawaran #pesisirbarat #mesuji #waykanan #tulangbawang #tulangbawangbarat #love #lampungberjaya #pesonalampung",market/outdoor
https://www.instagram.com/p/CbCCT-lv18u/,1673.jpg,2022-03-13 05:11:48,"Siang Panas, Yuk Minum Yang Seger-seger di Pantai Mandiri, Pesisir Barat, Lampung

Photo By 📷: @pesisirbaratupdate

Lets Go! Visit Pesisir Barat, Lampung

✅ Daerah Sangat Aman dan Kondusif
✅ Masyarakatnya Ramah-Ramah
✅ Menjunjung Tinggi Adat Istiadat & Kebudayaan
✅ Banyak Wisatawan International
✅ Ombak Surfing Yang Sudah Mendunia
✅ Cootage & Hotel Tersedia Lengkap
✅ Kulinernya Mantap dan Sedap Banget!

Dapatkan informasi foto terkini di Kabupaten Pesisir Barat, Go follow 👉 @pesisirbaratupdate @pesisirbaratupdate @pesisirbaratupdate

#pesisirbaratupdate #pesisirbarat #krui #pringsewu #lampung #pringsewulampung #bandarlampung #pesawaran #tanggamus #tulangbawangbarat #tulangbawang #lampungbarat #lampungselatan #lampungutara #travelingindonesia #lampungtengah #wonderfullindonesia #beach #traveling #holiday #wonderfulindonesia #ijamitkrui #pariwisata #explorelampung #pantai #pariwisataindonesia #beachphotography #beachday #sunset #beachvibes",coast
https://www.instagram.com/p/CVNn0oFJCT3/,1674.jpg,2021-10-19 14:02:51,".
Sinergi dan Kolaborasi Jadi Kunci Keberhasilan bersama demi membangkit parekraf dan UMKM ditengah Pandemi Covid-19.

Kolaborasi @genpi_lampung , @dprdlampung (Pemerintah), @sigerhub (Komunitas), @payungi_university (Lembaga Penguatan SDM) dan Fajar Sumatera TV (Media).

Salam Generasi Pesona Indonesia
Lapah Gham Jamo-Jamo Ngelestareiken Bumi Lampung

Visit www.genpilampung.com

@jokowi @kemensetneg.ri 
@sandiuno @kemenparekraf.ri 
@dwita_ria @ellanuryamah 
@dr.muhammad.kadafi.sh.mh @dpr_ri
@ustadzabdulhakim @jihanchalim
@bustami_zainudin32 @dpdri
@arinal_djunaidi @pemprov.lampung
@mbak_nunik @pemprovlampung_
@rianasariarinal @pkk_provinsi_lampung
@edarwan1962 @pariwisata_lampung
@vera_moz76 @ekraf.lampun @lyanda_melly
@elhannidjafar @heliana.dewi @perindaglampung
@ellywahyuni.s @ade_ui @vittorio_dwison
@lestyputriii @wahrulfauzisilalahi @agiriakbar
@angga.satriap @garinca.reza.pahlevi @dprdlampung 
@dharmasetyawan.com_ @payungiuniversity
@mustika_edi23 @ayokelampung.com_ @lampung.media
@mbakjhe @genpiindonesia @wonderful.indonesiaku
@abdulrohmanwahidone @genpi_lampung @infogeh

#genpi #genpilampung #genpilampung2021 #generasipesonaindonesia #pesonaindonesia #wonderfulindonesia #salamgenpigasgasgas #AyokeLampung #kelampungkeren #dilampungaja #diindonesiaaja #lampung #bandarlampung #kotametro #lampungbarat #lampungutara #lampungtimur #lampungtengah #lampungselatan #tanggamus #pringsewu #pesawaran #pesisirbarat #mesuji #waykanan #tulangbawang #tulangbawangbarat #love #lampungberjaya #kolaborasiuntuknegeri",museum/indoor
https://www.instagram.com/p/CgDQHM8vUh9/,1675.jpg,2022-07-15 23:08:36,"Paradise in Sumatera ☀️🌴

Photo By 📷: @ripcurl_women

Lets Go! Visit Krui, Pesisir Barat

✅ Daerah Sangat Aman dan Kondusif
✅ Masyarakat Ramah-Ramah
✅ Menjunjung Tinggi Adat Istiadat & Kebudayaan
✅ Banyak Wisatawan International
✅ Ombak Surfing Yang Sudah Mendunia
✅ Cootage & Hotel Tersedia Lengkap

Dapatkan informasi foto terkini di Kabupaten Pesisir Barat, Go follow 👉 @pesisirbaratupdate @pesisirbaratupdate @pesisirbaratupdate

#pesisirbaratupdate #pesisirbarat #krui #pringsewu #lampung #pringsewulampung #bandarlampung #pesawaran #tanggamus #tulangbawangbarat #tulangbawang #lampungbarat #lampungselatan #lampungutara #travelingindonesia #lampungtengah #ijamitkrui #beach #traveling #holiday #wonderfulindonesia #wisata #pariwisata #explorelampung #pantai #pariwisataindonesia #sunset #jakarta #sunsetbeach #surfing",ocean
https://www.instagram.com/p/CbhRpJwvKDq/,1676.jpg,2022-03-25 08:22:13,"Visit PT Altrak 1978 Pemanggilan Natar Lampung Selatan

#altrak1978
#al78
#yourtotalpartner
#powergenset
#alatberatindonesia",reception
https://www.instagram.com/p/CUS6Wv-hR0t/,1677.jpg,2021-09-26 18:49:36,".
""Cintai hidup yang kamu jalani.
Jalani hidup yang kamu cintai""
🌍

📸Repost @nurulvekycahyanii

Visit 👉🏻 www.ayokelampung.com_

@jokowi @kemensetneg.ri  @sandiuno @kemenparekraf.ri  @arinal_djunaidi @mbak_nunik @edarwan1962
@pariwisata_lampung @ekraf.lampung @rianasariarinal @ardito_wijaya @dharmasetyawan.com_ @payungiuniversity  @genpiindonesia @genpi_lampung 
.
#ayokelampung #travel #tour #wisata #holiday #pesonaindonesia #travelphotography #visitindonesia #jalanjalan #wonderfulindonesia #like4like #wisataindonesia #lfl #wisatalampung #lampunggeh #lampung #genpilampung #bandarlampung #lampunginsta #lampungselatan #lampungbarat #lampunghits #lampungtengah #lampungtimur #lampungwisata #lampungkece #lampungyay #lampungeksis #lampungkeren #lampunggham",swimming hole
https://www.instagram.com/p/CTrILYcpOmO/,1678.jpg,2021-09-11 08:00:46,".
Jangan diliat lama-lama ntar ....
ga taulah ya😁 mah numpang pansos di tubaba wkwk

📌Lokasi Islamic Center Tulang Bawang Barat
📸Repost @noviajejee

Salam Generasi Pesona Indonesia
Lapah Gham Jamo-Jamo Ngelestareiken Bumi Lampung

Visit www.genpilampung.com

@jokowi @kemensetneg.ri 
@sandiuno @kemenparekraf.ri 
@arinal_djunaidi @mbak_nunik 
@rianasariarinal @pkk_provinsi_lampung
@edarwan1962 @pariwisata_lampung
@vera_moz76 @ekraf.lampun
@ade_ui @wahrulfauzisilalahi @dprdlampung 
@dharmasetyawan.com_ @payungiuniversity
@infogeh @ayokelampung.com_
@mbakjhe @genpiindonesia @wonderful.indonesiaku
@abdulrohmanwahidone @genpi_lampung
@selampung @menujutubaba @genpi_tubaba

#genpi #genpilampung #genpilampung2021 #generasipesonaindonesia #pesonaindonesia #wonderfulindonesia #salamgenpigasgasgas #AyokeLampung #kelampungkeren #dilampungaja #diindonesiaaja #lampung #bandarlampung #kotametro #lampungbarat #lampungutara #lampungtimur #lampungtengah #lampungselatan #tanggamus #pringsewu #pesawaran #pesisirbarat #mesuji #waykanan #tulangbawang #tulangbawangbarat #love #tubabahits #tubabaislamiccenter",pond
https://www.instagram.com/p/CST82Rhh1wv/,1679.jpg,2021-08-08 11:27:50,"Belum lengkap rasanya kalau ke Lampung belum mampir ke masjid ini. 😍

Masjid Aminatul Jannah puncak rest area Lampung Barat
. 
📸 @ekafendiaspara_alliwa

Visit 👉 www.ayokelampung.com

@jokowi @kemensetneg.ri  @sandiuno @kemenparekraf.ri  @arinal_djunaidi @mbak_nunik @edarwan1962
@pariwisata_lampung @ekraf.lampung @rianasariarinal @ardito_wijaya @dharmasetyawan.com_ @payungiuniversity  @genpiindonesia @genpi_lampung 
.
#ayokelampung #travel #tour #wisata #holiday #pesonaindonesia #travelphotography #visitindonesia #jalanjalan #wonderfulindonesia #like4like #wisataindonesia #lfl #wisatalampung #lampunggeh #lampung #genpilampung #bandarlampung #lampunginsta #lampungselatan #lampungbarat #lampunghits #lampungtengah #lampungtimur #lampungwisata #lampungkece #lampungyay #lampungeksis #lampungkeren #lampunggham",mosque/outdoor
https://www.instagram.com/p/CVAtvVhBIXP/,1680.jpg,2021-10-14 13:44:26,"📍Air terjun Lamuran, Kota Agung-Tanggamus

Repost from : @ndylst_

Visit 👉 www.ayokelampung.com

@jokowi @kemensetneg.ri  @sandiuno @kemenparekraf.ri  @arinal_djunaidi @mbak_nunik @edarwan1962
@pariwisata_lampung @ekraf.lampung @rianasariarinal @ardito_wijaya @dharmasetyawan.com_ @payungiuniversity  @genpiindonesia @genpi_lampung 
.
#ayokelampung #travel #tour #wisata #holiday #pesonaindonesia #travelphotography #visitindonesia #jalanjalan #wonderfulindonesia #like4like #wisataindonesia #lfl #wisatalampung #lampunggeh #lampung #genpilampung #bandarlampung #lampunginsta #lampungselatan #lampungbarat #lampunghits #lampungtengah #lampungtimur #lampungwisata #lampungkece #lampungyay #lampungeksis #lampungkeren #lampunggham",waterfall
https://www.instagram.com/p/CVZcpY9hYEx/,1681.jpg,2021-10-24 04:16:05,"One of the best teachers is travel, walking out of your comfort zone.

Guys, tau ga ? selain kita bisa main2 air disini.
Bisa camping dipinggir arter , jangan hawatir, disediakan sewa tenda juga lho!

From. : @wahyuazienndr_
Lokasi : Air Terjun Batu Susun , Pulau Panggung ,Tanggamus,Lampung
.
Visit 👉 www.ayokelampung.com

@jokowi @kemensetneg.ri  @sandiuno @kemenparekraf.ri  @arinal_djunaidi @mbak_nunik @edarwan1962
@pariwisata_lampung @ekraf.lampung @rianasariarinal @ardito_wijaya @dharmasetyawan.com_ @payungiuniversity  @genpiindonesia @genpi_lampung 
.
#ayokelampung #travel #tour #wisata #holiday #pesonaindonesia #travelphotography #visitindonesia #jalanjalan #wonderfulindonesia #like4like #wisataindonesia #lfl #wisatalampung #lampunggeh #lampung #genpilampung #bandarlampung #lampunginsta #lampungselatan #lampungbarat #lampunghits #lampungtengah #lampungtimur #lampungwisata #lampungkece #lampungyay #lampungeksis #lampungkeren #lampunggham",waterfall
https://www.instagram.com/p/DIf565Hyzs5/,1682.jpg,2025-04-16 07:08:25,"April 10, 2025, before returning to Central Java, I intended to visit the stone monument in the rice fields that I used to pass by after school. I intended to capture it with Google Pixel. But when I got there, everything had changed. The stone monument was gone, buried, replaced by a tourist spot. For a moment I was sad because the most nostalgic place was gone. But when I visited the tourist spot, my sadness disappeared and instead turned into happiness because of the aesthetics offered. I was quite satisfied.

This trip is the closing part of The Beginning of the year (Jan - April 2025).

#TEAMPIXEL #googlepixel #madebygoogle #waterworldlampung #wayhuwi #lampungselatan",swimming pool/outdoor
https://www.instagram.com/p/CYa4cwrPQwU/,1683.jpg,2022-01-07 07:12:27,"Reposted from @ayokelampung.com_ 📍 Tebing Vietnam
Reposted from @ifaassyifa06

Bismillah
MasyaAllah.. Tabarakallah 😍

Visit 👉 www.ayokelampung.com

@jokowi @kemensetneg.ri  @sandiuno @kemenparekraf.ri  @arinal_djunaidi @mbak_nunik @edarwan1962
@pariwisata_lampung @ekraf.lampung @rianasariarinal @ardito_wijaya @dharmasetyawan.com_ @payungiuniversity  @genpiindonesia @genpi_lampung 
.
#ayokelampung #travel #tour #wisata #holiday #pesonaindonesia #travelphotography #visitindonesia #jalanjalan #wonderfulindonesia #like4like #wisataindonesia #lfl #wisatalampung #lampunggeh #lampung #genpilampung #bandarlampung #lampunginsta #lampungselatan #lampungbarat #lampunghits #lampungtengah #lampungtimur #lampungwisata #lampungkece #lampungyay #lampungeksis #lampungkeren #lampunggham",highway
https://www.instagram.com/p/CUtos5_pYtZ/,1684.jpg,2021-10-07 03:54:50,".
Laut nya di bungkus bolee ga sii?🙏

📍Lokasi Pantai Marina Kalianda Lampung Selatan
📸Repost @sfrausss 

Salam Generasi Pesona Indonesia
Lapah Gham Jamo-Jamo Ngelestareiken Bumi Lampung

Visit www.genpilampung.com

@jokowi @kemensetneg.ri 
@sandiuno @kemenparekraf.ri 
@dwita_ria @ellanuryamah @dpr_ri
@ustadzabdulhakim @jihanchalim @dpdri
@arinal_djunaidi @pemprov.lampung
@mbak_nunik @pemprovlampung_
@rianasariarinal @pkk_provinsi_lampung
@edarwan1962 @pariwisata_lampung
@vera_moz76 @ekraf.lampun @lyanda_melly
@elhannidjafar @heliana.dewi @perindaglampung
@ellywahyuni.s @ade_ui @vittorio_dwison @lestyputriii @wahrulfauzisilalahi @agiriakbar @dprdlampung 
@dharmasetyawan.com_ @payungiuniversity
@mustika_edi23 @ayokelampung.com_ @lampung.media
@mbakjhe @genpiindonesia @wonderful.indonesiaku
@abdulrohmanwahidone @genpi_lampung @infogeh

#genpi #genpilampung #genpilampung2021 #generasipesonaindonesia #pesonaindonesia #wonderfulindonesia #salamgenpigasgasgas #AyokeLampung #kelampungkeren #dilampungaja #diindonesiaaja #lampung #bandarlampung #kotametro #lampungbarat #lampungutara #lampungtimur #lampungtengah #lampungselatan #tanggamus #pringsewu #pesawaran #pesisirbarat #mesuji #waykanan #tulangbawang #tulangbawangbarat #love #lampungberjaya",beach
https://www.instagram.com/p/CdNY6pSPANn/,1685.jpg,2022-05-06 08:03:45,"Pantai Labuhan Jukung
4 Syawal 1443H.
.
Foto by @hagasha_aga
LoVe KrUi.
.

@pbsa.id
@pariwisata_lampung
@pesisirbaratupdate
@pesisirbarat
@kruitourism
@kruiku
@krui_surfmatra
@lampung.eksis
@pesonalampunng
@ilovelampung
@pringsewuupdate
@lampuung

Lets Go! Visit Pesisir Barat, Lampung

✅ Daerah Sangat Aman dan Kondusif
✅ Masyarakat Ramah-Ramah
✅ Menjunjung Tinggi Adat Istiadat & Kebudayaan
✅ Banyak Wisatawan International
✅ Ombak Surfing Yang Sudah Mendunia
✅ Cootage & Hotel Tersedia Lengkap

Dapatkan informasi foto terkini di Kabupaten Pesisir Barat, Go follow 👉 @pesisirbaratupdate @pesisirbaratupdate @pesisirbaratupdate

#pesisirbaratupdate #pesisirbarat #krui #pringsewu #lampung #pringsewulampung #bandarlampung #pesawaran #tanggamus #tulangbawangbarat #tulangbawang #lampungbarat #lampungselatan #lampungutara #travelingindonesia #lampungtengah #ijamitkrui #beach #traveling #holiday #wonderfulindonesia #wisata #pariwisata #explorelampung #pantai #pariwisataindonesia #beachphotography #diindonesiaaja #sunset #beachvibes",water park
https://www.instagram.com/p/CUw8JeQvk5B/,1686.jpg,2021-10-08 10:42:29,"Siangnya sibuk, malemnya cape
Mana sempet aku mencintaimu 🥺

Repost from : @yosefstwn_ 

📍Pantai Mutiara Baru,Labuhan Maringgai, Lampung Timur

Visit 👉 www.ayokelampung.com

@jokowi @kemensetneg.ri  @sandiuno @kemenparekraf.ri  @arinal_djunaidi @mbak_nunik @edarwan1962
@pariwisata_lampung @ekraf.lampung @rianasariarinal @ardito_wijaya @dharmasetyawan.com_ @payungiuniversity  @genpiindonesia @genpi_lampung 
.
#ayokelampung #travel #tour #wisata #holiday #pesonaindonesia #travelphotography #visitindonesia #jalanjalan #wonderfulindonesia #like4like #wisataindonesia #lfl #wisatalampung #lampunggeh #lampung #genpilampung #bandarlampung #lampunginsta #lampungselatan #lampungbarat #lampunghits #lampungtengah #lampungtimur #lampungwisata #lampungkece #lampungyay #lampungeksis #lampungkeren #lampunggham",coast
https://www.instagram.com/p/CURava3h_ax/,1687.jpg,2021-09-26 04:54:06,"📍 Pantai arang, Kalianda, Lampung Selatan
Visit 👉 www.ayokelampung.com

Repost from : @repern

@jokowi @kemensetneg.ri  @sandiuno @kemenparekraf.ri  @arinal_djunaidi @mbak_nunik @edarwan1962
@pariwisata_lampung @ekraf.lampung @rianasariarinal @ardito_wijaya @dharmasetyawan.com_ @payungiuniversity  @genpiindonesia @genpi_lampung 
.
#ayokelampung #travel #tour #wisata #holiday #pesonaindonesia #travelphotography #visitindonesia #jalanjalan #wonderfulindonesia #like4like #wisataindonesia #lfl #wisatalampung #lampunggeh #lampung #genpilampung #bandarlampung #lampunginsta #lampungselatan #lampungbarat #lampunghits #lampungtengah #lampungtimur #lampungwisata #lampungkece #lampungyay #lampungeksis #lampungkeren #lampunggham",campsite
https://www.instagram.com/p/CctXFU0vj5D/,1688.jpg,2022-04-23 21:32:02,"Pantai Tebing Tanjung Jati, Lemong, Pesisir Barat, Lampung

Photo By 📷: @ayusntia12

11-17 Juni 2022 Ada Liga Surfing Dunia Krui Pro 2022. Lets Go! Visit Pesisir Barat, Lampung

✅ Daerah Sangat Aman dan Kondusif
✅ Masyarakat Ramah-ramah
✅ Menjunjung Tinggi Adat Istiadat & Kebudayaan
✅ Tersedia Perjalanan Akses Darat dan Udara
✅ Banyak Wisatawan International
✅ Ombak Surfing Yang Sudah Mendunia
✅ Cootage & Hotel Tersedia Lengkap

Dapatkan informasi foto terkini di Kabupaten Pesisir Barat, Go follow 👉 @pesisirbaratupdate @pesisirbaratupdate @pesisirbaratupdate

#pesisirbaratupdate #pesisirbarat #krui #pringsewu #lampung #pringsewulampung #bandarlampung #pesawaran #tanggamus #tulangbawangbarat #tulangbawang #lampungbarat #lampungselatan #lampungutara #travelingindonesia #lampungtengah #wonderfullindonesia #beach #traveling #holiday #wonderfulindonesia #wisata #pariwisata #explorelampung #pantai #pariwisataindonesia #beachphotography #ramadhan #sunset #beachvibes",cliff
https://www.instagram.com/p/CnAw-0gy4Ns/,1689.jpg,2023-01-04 23:37:51,"Pantai Mandiri, Krui, Pesisir Barat, Lampung ☀️🌴

Photo By 📷: @rohmaawt

Lets Go! Visit Krui, Pesisir Barat, Lampung

✅ Daerah Sangat Aman dan Kondusif
✅ Masyarakatnya Ramah-Ramah
✅ Menjunjung Tinggi Adat Istiadat & Kebudayaan
✅ Banyak Wisatawan International
✅ Ombak Surfing Yang Sudah Mendunia
✅ Keindahan Pantai Yang Sudah Mendunia
✅ Cootage & Hotel Tersedia Lengkap

Dapatkan informasi foto terkini di Kabupaten Pesisir Barat, Go follow 👉 @pesisirbaratupdate @pesisirbaratupdate @pesisirbaratupdate

#pesisirbaratupdate #pesisirbarat #krui #pringsewu #lampung #pringsewulampung #bandarlampung #pesawaran #tanggamus #tulangbawangbarat #lampungbarat #lampungselatan #lampungutara #travelingindonesia #surf #ijamitkrui #beach #traveling #holiday #wonderfulindonesia #wisata #pariwisata #explorelampung #pantai #pariwisataindonesia #sunsetbeach #surfing #tourism",beach
https://www.instagram.com/p/CdsYPuchPq1/,1690.jpg,2022-05-18 08:54:21,"Pagi yang cerah

Pict @lisaa_cahya22

📍Pantai Mahitam, Gebang, Kab. Pesawaran

Visit 👉 www.ayokelampung.com

#ayokelampung #travel #tour #wisata #holiday #pesonaindonesia #travelphotography #visitindonesia #jalanjalan #wonderfulindonesia #like4like #wisataindonesia #lfl #wisatalampung #lampunggeh #lampung #genpilampung #bandarlampung #lampunginsta #lampungselatan #lampungbarat #lampunghits #lampungtengah #lampungtimur #lampungwisata #lampungkece #lampungyay #lampungeksis #lampungkeren #lampunggham",beach house
https://www.instagram.com/p/CaQq7u0PG2M/,1691.jpg,2022-02-22 01:04:43,"ejauh mata memandang...hijau 😍

📍 Taman BMJ, Pringsewu - Lampung
Reposted from @odi_mudirul

Visit 👉 www.ayokelampung.com

#ayokelampung #travel #tour #wisata #holiday #pesonaindonesia #travelphotography #visitindonesia #jalanjalan #wonderfulindonesia #like4like #wisataindonesia #lfl #wisatalampung #lampunggeh #lampung #genpilampung #bandarlampung #lampunginsta #lampungselatan #lampungbarat #lampunghits #lampungtengah #lampungtimur #lampungwisata #lampungkece #lampungyay #lampungeksis #lampungkeren #lampunggham",rice paddy
https://www.instagram.com/p/CZoiN24PZX5/,1692.jpg,2022-02-06 10:58:56,"'Iwa Tuhuk' / Marlene Fish From Banana Island (Pulau Pisang), Pesisir Barat, Lampung, Indonesia

Photo By 📷: @jeandasilva

Lets Go! Visit Pesisir Barat, Lampung

✅ Daerah Sangat Aman dan Kondusif
✅ Masyarakat Ramah dengan Wisatawan
✅ Menjunjung Tinggi Adat Istiadat & Kebudayaan
✅ Banyak Wisatawan International
✅ Ombak Surfing Yang Sudah Mendunia
✅ Cootage & Hotel Tersedia Lengkap
✅ Kulinernya Mantap dan Sedap Banget!

Dapatkan informasi foto terkini di Kabupaten Pesisir Barat, Go follow 👉 @pesisirbaratupdate @pesisirbaratupdate @pesisirbaratupdate

#pesisirbaratupdate #pesisirbarat #krui #pringsewu #lampung #pringsewulampung #bandarlampung #pesawaran #tanggamus #tulangbawangbarat #tulangbawang #lampungbarat #lampungselatan #lampungutara #travelingindonesia #lampungtengah #wonderfullindonesia #beach #traveling #holiday #wonderfulindonesia #wisata #pariwisata #explorelampung #pantai #pariwisataindonesia #beachphotography #beachday #sunset #beachvibes",beach
https://www.instagram.com/p/Cj_ubDYSA5i/,1693.jpg,2022-10-22 00:22:04,"Pantai Labuhan Jukung, selamat merayakan akhir pekan ☀️🌴

Photo By 📷: @jojo_hutagalung

Lets Go! Visit Krui, Pesisir Barat, Lampung

✅ Daerah Sangat Aman dan Kondusif
✅ Masyarakatnya Ramah-Ramah
✅ Menjunjung Tinggi Adat Istiadat & Kebudayaan
✅ Banyak Wisatawan International
✅ Ombak Surfing Yang Sudah Mendunia
✅ Keindahan Pantai Yang Sudah Mendunia
✅ Cootage & Hotel Tersedia Lengkap

Dapatkan informasi foto terkini di Kabupaten Pesisir Barat, Go follow 👉 @pesisirbaratupdate @pesisirbaratupdate @pesisirbaratupdate

#pesisirbaratupdate #pesisirbarat #krui #pringsewu #lampung #pringsewulampung #bandarlampung #pesawaran #tanggamus #tulangbawangbarat #lampungbarat #lampungselatan #lampungutara #travelingindonesia #surf #ijamitkrui #beach #traveling #holiday #wonderfulindonesia #wisata #pariwisata #explorelampung #pantai #pariwisataindonesia #sunsetbeach #surfing #tourism",coast
https://www.instagram.com/p/CdyBIFvvToP/,1694.jpg,2022-05-20 13:27:46,"Reposted from @ayokelampung.com_ 🌴

Pict @lisaa_cahya22

📍Tebing Vietnam Jl. Teuku Cik Ditiro No.89, Sumber Agung, Kec. Kemiling, Kota Bandar Lampung, Lampung 35156

Visit 👉 www.ayokelampung.com

#ayokelampung #travel #tour #wisata #holiday #pesonaindonesia #travelphotography #visitindonesia #jalanjalan #wonderfulindonesia #like4like #wisataindonesia #lfl #wisatalampung #lampunggeh #lampung #genpilampung #bandarlampung #lampunginsta #lampungselatan #lampungbarat #lampunghits #lampungtengah #lampungtimur #lampungwisata #lampungkece #lampungyay #lampungeksis #lampungkeren #lampunggham",valley
https://www.instagram.com/p/C086_XKviP2/,1695.jpg,2023-12-17 11:07:52,"Sunset di Krui yang selalu ditunggu setiap sore ☀️🌴

Lets Go! Visit Krui, Pesisir Barat, Lampung 🇮🇩

✅ Daerah Sangat Aman dan Kondusif
✅ Masyarakatnya Ramah-Ramah
✅ Menjunjung Tinggi Adat Istiadat & Kebudayaan
✅ Banyak Wisatawan International
✅ Ombak Surfing Yang Sudah Mendunia
✅ Keindahan Pantai Yang Sudah Mendunia
✅ Cootage & Hotel Tersedia Lengkap

#pesisirbaratupdate #kruilampung #kruipesisirbarat #pesisirbarat #krui #pringsewu #lampung #pringsewulampung #bandarlampung #pesawaran #tanggamus #tulangbawangbarat #lampungbarat #lampungselatan #lampungutara #travelingindonesia #surf #ijamitkrui #beach #traveling #holiday #wonderfulindonesia #wisata #pariwisata #explorelampung #pantai #pariwisataindonesia #surfing #tourism",beach
https://www.instagram.com/p/CeSDRvVv48P/,1696.jpg,2022-06-02 00:02:16,"Pantai Labuhan Jukung Pagi Hari. Selamat pagi, selamat beraktivitas!

Lets Go! Visit Pesisir Barat, Lampung

✅ Daerah Sangat Aman dan Kondusif
✅ Masyarakat Ramah-Ramah
✅ Menjunjung Tinggi Adat Istiadat & Kebudayaan
✅ Banyak Wisatawan International
✅ Ombak Surfing Yang Sudah Mendunia
✅ Cootage & Hotel Tersedia Lengkap

Dapatkan informasi foto terkini di Kabupaten Pesisir Barat, Go follow 👉 @pesisirbaratupdate @pesisirbaratupdate @pesisirbaratupdate

#pesisirbaratupdate #pesisirbarat #krui #pringsewu #lampung #pringsewulampung #bandarlampung #pesawaran #tanggamus #tulangbawangbarat #tulangbawang #lampungbarat #lampungselatan #lampungutara #travelingindonesia #lampungtengah #ijamitkrui #beach #traveling #holiday #wonderfulindonesia #wisata #pariwisata #explorelampung #pantai #pariwisataindonesia #beachphotography #diindonesiaaja #sunrise #beachvibes",coast
https://www.instagram.com/p/CaVsu07P5nC/,1697.jpg,2022-02-23 23:56:38,"Suasana Yang Selalu Indah dan Bikin Rindu di Pantai Pesisir Barat, Lampung

Photo By 📷: @astianitha

Lets Go! Visit Pesisir Barat, Lampung

✅ Daerah Sangat Aman dan Kondusif
✅ Masyarakatnya Ramah-Ramah
✅ Menjunjung Tinggi Adat Istiadat & Kebudayaan
✅ Banyak Wisatawan International
✅ Ombak Surfing Yang Sudah Mendunia
✅ Cootage & Hotel Tersedia Lengkap
✅ Kulinernya Mantap dan Sedap Banget!

Dapatkan informasi foto terkini di Kabupaten Pesisir Barat, Go follow 👉 @pesisirbaratupdate @pesisirbaratupdate @pesisirbaratupdate

#pesisirbaratupdate #pesisirbarat #krui #pringsewu #lampung #pringsewulampung #bandarlampung #pesawaran #tanggamus #tulangbawangbarat #tulangbawang #lampungbarat #lampungselatan #lampungutara #travelingindonesia #lampungtengah #wonderfullindonesia #beach #traveling #holiday #wonderfulindonesia #wisata #pariwisata #explorelampung #pantai #pariwisataindonesia #beachphotography #beachday #sunset #beachvibes",boardwalk
https://www.instagram.com/p/CeXzMg9BNdN/,1698.jpg,2022-06-04 05:37:11,"Kami mungkin hanya golongan santri, namun cinta pada negeri suci tidak ternoda, hubbul waton minal iman 

Pict @fahmy_yla

📍Pantai kerang mas, Muara Gading, Kec Labuhan Maringgai, lampung timur. 

Visit 👉 www.ayokelampung.com

#ayokelampung #travel #tour #wisata #holiday #pesonaindonesia #travelphotography #visitindonesia #jalanjalan #wonderfulindonesia #like4like #wisataindonesia #lfl #wisatalampung #lampunggeh #lampung #genpilampung #bandarlampung #lampunginsta #lampungselatan #lampungbarat #lampunghits #lampungtengah #lampungtimur #lampungwisata #lampungkece #lampungyay #lampungeksis #lampungkeren #lampunggham",desert/vegetation
https://www.instagram.com/p/CU9mi-uBlqp/,1699.jpg,2021-10-13 08:43:51,"Repost @trippaker 

.
.
.

Visit 👉 www.ayokelampung.com

@jokowi @kemensetneg.ri  @sandiuno @kemenparekraf.ri  @arinal_djunaidi @mbak_nunik @edarwan1962
@pariwisata_lampung @ekraf.lampung @rianasariarinal @ardito_wijaya @dharmasetyawan.com_ @payungiuniversity  @genpiindonesia @genpi_lampung 
.
#ayokelampung #travel #tour #wisata #holiday #pesonaindonesia #travelphotography #visitindonesia #jalanjalan #wonderfulindonesia #like4like #wisataindonesia #lfl #wisatalampung #lampunggeh #lampung #genpilampung #bandarlampung #lampunginsta #lampungselatan #lampungbarat #lampunghits #lampungtengah #lampungtimur #lampungwisata #lampungkece #lampungyay #lampungeksis #lampungkeren #lampunggham",islet
https://www.instagram.com/p/CsifHCDO0LM/,1700.jpg,2023-05-22 08:32:50,"Pulau Pisang, Pesisir Barat, Lampung ☀️🌴

Video Reels By 📽️: @aariskadesti

Lets Go! Visit Pulau Pisang, Pesisir Barat, Lampung

✅ Daerah Sangat Aman dan Kondusif
✅ Masyarakatnya Ramah-Ramah
✅ Menjunjung Tinggi Adat Istiadat & Kebudayaan
✅ Banyak Wisatawan International
✅ Ombak Surfing Yang Sudah Mendunia
✅ Keindahan Pantai Yang Sudah Mendunia
✅ Cootage & Hotel Tersedia Lengkap

#pesisirbaratupdate #kruilampung #kruipesisirbarat #pesisirbarat #krui #pringsewu #lampung #pringsewulampung #bandarlampung #pesawaran #tanggamus #tulangbawangbarat #lampungbarat #lampungselatan #lampungutara #travelingindonesia #surf #ijamitkrui #beach #traveling #holiday #wonderfulindonesia #wisata #pariwisata #explorelampung #pantai #pariwisataindonesia #surfing #tourism",lagoon
https://www.instagram.com/p/CT7JA6HByWN/,1701.jpg,2021-09-17 13:15:55,"📍Pantai Kedu, Kalianda

📸 @asranii_d

 Visit 👉 www.ayokelampung.com

@jokowi @kemensetneg.ri  @sandiuno @kemenparekraf.ri  @arinal_djunaidi @mbak_nunik @edarwan1962
@pariwisata_lampung @ekraf.lampung @rianasariarinal @ardito_wijaya @dharmasetyawan.com_ @payungiuniversity  @genpiindonesia @genpi_lampung 
.
#ayokelampung #travel #tour #wisata #holiday #pesonaindonesia #travelphotography #visitindonesia #jalanjalan #wonderfulindonesia #like4like #wisataindonesia #lfl #wisatalampung #lampunggeh #lampung #genpilampung #bandarlampung #lampunginsta #lampungselatan #lampungbarat #lampunghits #lampungtengah #lampungtimur #lampungwisata #lampungkece #lampungyay #lampungeksis #lampungkeren #lampunggham",beach
https://www.instagram.com/p/CTePuINhWyx/,1702.jpg,2021-09-06 07:56:33,"Bawa Santai aja kawan... Panas panas gini enak nya emang berjemur dipantai ya😅

Reposted from @agilswd_

Visit 👉 www.ayokelampung.com

@jokowi @kemensetneg.ri  @sandiuno @kemenparekraf.ri  @arinal_djunaidi @mbak_nunik @edarwan1962
@pariwisata_lampung @ekraf.lampung @rianasariarinal @ardito_wijaya @dharmasetyawan.com_ @payungiuniversity  @genpiindonesia @genpi_lampung 
.
#ayokelampung #travel #tour #wisata #holiday #pesonaindonesia #travelphotography #visitindonesia #jalanjalan #wonderfulindonesia #like4like #wisataindonesia #lfl #wisatalampung #lampunggeh #lampung #genpilampung #bandarlampung #lampunginsta #lampungselatan #lampungbarat #lampunghits #lampungtengah #lampungtimur #lampungwisata #lampungkece #lampungyay #lampungeksis #lampungkeren #lampunggham",beach
https://www.instagram.com/p/CaMLXbarM5c/,1703.jpg,2022-02-20 07:11:55,"Selamat berakhir pekan 🙌

🍁 Air Terjun Cijuwet, Rajabasa, Lampung Selatan.

Foto @deniikristianto

Visit 👉 www.ayokelampung.com

#ayokelampung #travel #tour #wisata #holiday #pesonaindonesia #travelphotography #visitindonesia #jalanjalan #wonderfulindonesia #like4like #wisataindonesia #lfl #wisatalampung #lampunggeh #lampung #genpilampung #bandarlampung #lampunginsta #lampungselatan #lampungbarat #lampunghits #lampungtengah #lampungtimur #lampungwisata #lampungkece #lampungyay #lampungeksis #lampungkeren #lampunggham",waterfall
https://www.instagram.com/p/CTwvM7_Bl3L/,1704.jpg,2021-09-13 12:17:58,"🌊🌊

📍Pantai Gigi Hiu, Tanggamus Lampung

Visit 👉 www.ayokelampung.com

@jokowi @kemensetneg.ri  @sandiuno @kemenparekraf.ri  @arinal_djunaidi @mbak_nunik @edarwan1962
@pariwisata_lampung @ekraf.lampung @rianasariarinal @ardito_wijaya @dharmasetyawan.com_ @payungiuniversity  @genpiindonesia @genpi_lampung 
.
#ayokelampung #travel #tour #wisata #holiday #pesonaindonesia #travelphotography #visitindonesia #jalanjalan #wonderfulindonesia #like4like #wisataindonesia #lfl #wisatalampung #lampunggeh #lampung #genpilampung #bandarlampung #lampunginsta #lampungselatan #lampungbarat #lampunghits #lampungtengah #lampungtimur #lampungwisata #lampungkece #lampungyay #lampungeksis #lampungkeren #lampunggham",islet
https://www.instagram.com/p/CeAeTXyh0DC/,1705.jpg,2022-05-26 04:12:05,"Cintailah sewajarnya 
Bencilah sewajarnya 
Tapi kalo terjebak antara cinta & benci 
Nah itu yang gak wajar

Pict @ardwijaya04

📍Pulau Sekepel, Totoharjo, Bakauheni, Lampung Selatan

Visit 👉 www.ayokelampung.com

#ayokelampung #travel #tour #wisata #holiday #pesonaindonesia #travelphotography #visitindonesia #jalanjalan #wonderfulindonesia #like4like #wisataindonesia #lfl #wisatalampung #lampunggeh #lampung #genpilampung #bandarlampung #lampunginsta #lampungselatan #lampungbarat #lampunghits #lampungtengah #lampungtimur #lampungwisata #lampungkece #lampungyay #lampungeksis #lampungkeren #lampunggham",islet
https://www.instagram.com/p/CZbeqh8rJ0a/,1706.jpg,2022-02-01 09:17:46,"Kurangi Stres Dan Nikmati Yang Terbaik.

📍 Bendungan UmbulSelawe U25, Sidomukti Tanjung Bintang, Lampung Selatan

Repost @siaudhiarga

Visit 👉 www.ayokelampung.com

@jokowi @kemensetneg.ri @sandiuno @kemenparekraf.ri @arinal_djunaidi @mbak_nunik @edarwan1962
@pariwisata_lampung @ekraf.lampung @rianasariarinal @ardito_wijaya @dharmasetyawan.com_ @payungiuniversity @genpiindonesia @genpi_lampung
.
#ayokelampung #travel #tour #wisata #holiday #pesonaindonesia #travelphotography #visitindonesia #jalanjalan #wonderfulindonesia #like4like #wisataindonesia #lfl #wisatalampung #lampunggeh #lampung #genpilampung #bandarlampung #lampunginsta #lampungselatan #lampungbarat #lampunghits #lampungtengah #lampungtimur #lampungwisata #lampungkece #lampungyay #lampungeksis #lampungkeren #lampunggham",lagoon
https://www.instagram.com/p/CcITI3Jr5iy/,1707.jpg,2022-04-09 12:05:40,"Kalau bukan kamu yang menguatkan diri kamu sendiri untuk berjuang lalu siapa lagi yang bisa diandalkan?

Loc. : Pantai Minang rua Bakauheni

Pict. @bagas.geh

Visit 👉 www.ayokelampung.com

#ayokelampung #travel #tour #wisata #holiday #pesonaindonesia #travelphotography #visitindonesia #jalanjalan #wonderfulindonesia #like4like #wisataindonesia #lfl #wisatalampung #lampunggeh #lampung #genpilampung #bandarlampung #lampunginsta #lampungselatan #lampungbarat #lampunghits #lampungtengah #lampungtimur #lampungwisata #lampungkece #lampungyay #lampungeksis #lampungkeren #lampunggham",swimming hole
https://www.instagram.com/p/CgdbE4mLPuq/,1708.jpg,2022-07-26 03:04:39,"Enjoy life✨
.
Loct : Pantai Puri Gading, TBB, Bandar Lampung
.

Pict @odi_mudirul

Visit 👉 www.ayokelampung.com

#ayokelampung #travel #tour #wisata #holiday #pesonaindonesia #travelphotography #visitindonesia #jalanjalan #wonderfulindonesia #like4like #wisataindonesia #lfl #wisatalampung #lampunggeh #lampung #genpilampung #bandarlampung #lampunginsta #lampungselatan #lampungbarat #lampunghits #lampungtengah #lampungtimur #lampungwisata #lampungkece #lampungyay #lampungeksis #lampungkeren #lampunggham",gazebo/exterior
https://www.instagram.com/p/CXZwn3_vH8S/,1709.jpg,2021-12-13 00:13:25,"Tetap nekat jalan jalan, walaupun yang lain sudah sebar undangan 🤭✌️
.
.
📍Kolam Renang Taman Bahagia, Menggala
Repost @chorysefrika

Visit 👉 www.ayokelampung.com

@jokowi @kemensetneg.ri @sandiuno @kemenparekraf.ri @arinal_djunaidi @mbak_nunik @edarwan1962
@pariwisata_lampung @ekraf.lampung @rianasariarinal @ardito_wijaya @dharmasetyawan.com_ @payungiuniversity @genpiindonesia @genpi_lampung
.
#ayokelampung #travel #tour #wisata #holiday #pesonaindonesia #travelphotography #visitindonesia #jalanjalan #wonderfulindonesia #like4like #wisataindonesia #lfl #wisatalampung #lampunggeh #lampung #genpilampung #bandarlampung #lampunginsta #lampungselatan #lampungbarat #lampunghits #lampungtengah #lampungtimur #lampungwisata #lampungkece #lampungyay #lampungeksis #lampungkeren #lampunggham",campsite
https://www.instagram.com/p/CeAQol0BoEH/,1710.jpg,2022-05-26 02:12:39,"Tubuh lelah
Pikiran goyah
Semangat patah

  Terkadang perjalanan semenyebalkan itu, tapi ingin lagi...

Pict @alvinrhmanda

📍Pantai Marina, Kalianda, Lampung Selatan.

Visit 👉 www.ayokelampung.com

#ayokelampung #travel #tour #wisata #holiday #pesonaindonesia #travelphotography #visitindonesia #jalanjalan #wonderfulindonesia #like4like #wisataindonesia #lfl #wisatalampung #lampunggeh #lampung #genpilampung #bandarlampung #lampunginsta #lampungselatan #lampungbarat #lampunghits #lampungtengah #lampungtimur #lampungwisata #lampungkece #lampungyay #lampungeksis #lampungkeren #lampunggham",ocean
https://www.instagram.com/p/CTuTz-cBhBB/,1711.jpg,2021-09-12 13:40:09,"Seandainya yang banyak itu saldo rekening, bukan beban pikiran 😶

🌏Air terjun tirai, datar lebuay, tanggamus Lampung.
Reposted from @ndylst_
.
Visit 👉 www.ayokelampung.com

@jokowi @kemensetneg.ri  @sandiuno @kemenparekraf.ri  @arinal_djunaidi @mbak_nunik @edarwan1962
@pariwisata_lampung @ekraf.lampung @rianasariarinal @ardito_wijaya @dharmasetyawan.com_ @payungiuniversity  @genpiindonesia @genpi_lampung 
.
#ayokelampung #travel #tour #wisata #holiday #pesonaindonesia #travelphotography #visitindonesia #jalanjalan #wonderfulindonesia #like4like #wisataindonesia #lfl #wisatalampung #lampunggeh #lampung #genpilampung #bandarlampung #lampunginsta #lampungselatan #lampungbarat #lampunghits #lampungtengah #lampungtimur #lampungwisata #lampungkece #lampungyay #lampungeksis #lampungkeren #lampunggham",waterfall
https://www.instagram.com/p/Cedk8MMBrfC/,1712.jpg,2022-06-06 11:28:04,"Sendiri dulu..besoknya sama kamu sksk

Pict @amandaputrioktva

📍Puncak Cendana, Pesawaran, Lampung

Visit 👉 www.ayokelampung.com

#ayokelampung #travel #tour #wisata #holiday #pesonaindonesia #travelphotography #visitindonesia #jalanjalan #wonderfulindonesia #like4like #wisataindonesia #lfl #wisatalampung #lampunggeh #lampung #genpilampung #bandarlampung #lampunginsta #lampungselatan #lampungbarat #lampunghits #lampungtengah #lampungtimur #lampungwisata #lampungkece #lampungyay #lampungeksis #lampungkeren #lampunggham",tree house
https://www.instagram.com/p/CJzw3Run81O/,1713.jpg,2021-01-09 03:16:16,"Karena di setiap perjalanan terdapat hikmah dan cerita yang berbeda
#visitindonesia 
#indonesiakeren 
#visitlampung
#visitlampungselatan 
#visitkalianda 
#lestarialamku
#purna1261-1262
#saudaratunaskelapa",temple/asia
https://www.instagram.com/p/CYTm7GjPfT2/,1714.jpg,2022-01-04 11:24:37,"Pantai Mandiri, Pesisir Barat, Provinsi Lampung. 

Lets Go! Visit Pesisir Barat Guys!

Photo By 📷: @beverlynandrea

Dapatkan informasi foto terkini di Kabupaten Pesisir Barat, Go follow 👉 @pesisirbaratupdate @pesisirbaratupdate @pesisirbaratupdate

#pesisirbaratupdate #pesisirbarat #krui #pringsewu #lampung #pringsewulampung #bandarlampung #pesawaran #tanggamus #tulangbawangbarat #tulangbawang #lampungbarat #lampungselatan #lampungutara #mesuji #waykanan #lampungtengah #wonderfullindonesia #beach #lampungtimur #lampungutara #wonderfulindonesia #wisata #pariwisata #explorelampung #pantai #pariwisataindonesia #surfing #sunrise #sunset #beach",picnic area
https://www.instagram.com/p/DIGF61LvtK6/,1715.jpg,2025-04-06 06:33:01,"Visit one of our stalls, Setigi Sundae! Taste the various of ice cream there 🍨
Delight in every frozen bite!

Booking and Reservation:
Whatsapp +62 821 2200 2098

—
Pantai Setigi Heni
Canggung, Lampung Selatan

#SetigiHeni #HarmonyWithNature #BatokKelapaBeachCafe #ShellOfFlavor #HiddenGem #Canggung #LampungSelatan",doorway/outdoor
https://www.instagram.com/p/Cigv8Lpt4Yy/,1716.jpg,2022-09-15 03:07:29,"Jangan jadi pelangi untuk orang yang buta warna🙂

Repost @andriansyah19_04

📌Air terjun way lalaan, Tanggamus, Lampung

Visit 👉 www.ayokelampung.com

#ayokelampung #travel #tour #wisata #holiday #pesonaindonesia #travelphotography #visitindonesia #jalanjalan #wonderfulindonesia #like4like #wisataindonesia #lfl #wisatalampung #lampunggeh #lampung #genpilampung #bandarlampung #lampunginsta #lampungselatan #lampungbarat #lampunghits #lampungtengah #lampungtimur #lampungwisata #lampungkece #lampungyay #lampungeksis #lampungkeren #lampunggham",orchard
https://www.instagram.com/p/Cbev3QlLn4w/,1717.jpg,2022-03-24 08:48:34,"Sedikit healing biar gak pusing🤪
.
📍Persawahan Kalianda - Lampung Selatan
.
Pict. @indhmeilia

Visit 👉 www.ayokelampung.com

#ayokelampung #travel #tour #wisata #holiday #pesonaindonesia #travelphotography #visitindonesia #jalanjalan #wonderfulindonesia #like4like #wisataindonesia #lfl #wisatalampung #lampunggeh #lampung #genpilampung #bandarlampung #lampunginsta #lampungselatan #lampungbarat #lampunghits #lampungtengah #lampungtimur #lampungwisata #lampungkece #lampungyay #lampungeksis #lampungkeren #lampunggham",field/wild
https://www.instagram.com/p/C678SiRSfqG/,1718.jpg,2024-05-14 05:08:20,"Suasana Liburan di Krui, Pesisir Barat ☀️🌴

Photo By 📷: @angelaputritresna

Lets Go! Visit Krui, Pesisir Barat, Lampung 🇮🇩

✅ Daerah Sangat Aman dan Kondusif
✅ Masyarakatnya Ramah-Ramah
✅ Menjunjung Tinggi Adat Istiadat & Kebudayaan
✅ Banyak Wisatawan International
✅ Ombak Surfing Yang Sudah Mendunia
✅ Keindahan Pantai Yang Sudah Mendunia
✅ Cootage & Hotel Tersedia Lengkap

#lampungupdate #krui #pesisirbarat #pesisirbaratupdate #pringsewu #lampung #pringsewulampung #bandarlampung #pesawaran #tanggamus #tulangbawangbarat #tulangbawang #lampungbarat #lampungselatan #lampungutara #mesuji #waykanan #lampungtengah #surf #lampungtimur #lampungutara #wonderfulindonesia  #pariwisataindonesia #explorelampung #surfing #viral #pariwisataviral #wisataviral",swimming pool/outdoor
https://www.instagram.com/p/CeuUj3iP0zR/,1719.jpg,2022-06-12 23:32:01,"Female Surfer in Krui

Photo By 📷: @nadiaredel

Lets Go! Visit Pesisir Barat, Lampung

✅ Daerah Sangat Aman dan Kondusif
✅ Masyarakat Ramah-Ramah
✅ Menjunjung Tinggi Adat Istiadat & Kebudayaan
✅ Banyak Wisatawan International
✅ Ombak Surfing Yang Sudah Mendunia
✅ Cootage & Hotel Tersedia Lengkap

Dapatkan informasi foto terkini di Kabupaten Pesisir Barat, Go follow 👉 @pesisirbaratupdate @pesisirbaratupdate @pesisirbaratupdate

#pesisirbaratupdate #pesisirbarat #krui #pringsewu #lampung #pringsewulampung #bandarlampung #pesawaran #tanggamus #tulangbawangbarat #tulangbawang #lampungbarat #lampungselatan #lampungutara #travelingindonesia #lampungtengah #ijamitkrui #beach #traveling #holiday #wonderfulindonesia #wisata #pariwisata #explorelampung #pantai #pariwisataindonesia #surfer #diindonesiaaja #surf #surfing",wave
https://www.instagram.com/p/CUyNWDBBCh0/,1720.jpg,2021-10-08 22:31:59,"Otw mana kita hari ini ??

📍Tanjung Setia Beach
Repost from @balqistalitha

Visit 👉🏻 www.ayokelampung.com_

@jokowi @kemensetneg.ri  @sandiuno @kemenparekraf.ri  @arinal_djunaidi @mbak_nunik @edarwan1962
@pariwisata_lampung @ekraf.lampung @rianasariarinal @ardito_wijaya @dharmasetyawan.com_ @payungiuniversity  @genpiindonesia @genpi_lampung 
.
#ayokelampung #travel #tour #wisata #holiday #pesonaindonesia #travelphotography #visitindonesia #jalanjalan #wonderfulindonesia #like4like #wisataindonesia #lfl #wisatalampung #lampunggeh #lampung #genpilampung #bandarlampung #lampunginsta #lampungselatan #lampungbarat #lampunghits #lampungtengah #lampungtimur #lampungwisata #lampungkece #lampungyay #lampungeksis #lampungkeren #lampunggham",desert/vegetation
https://www.instagram.com/p/Cb08__yvwfE/,1721.jpg,2022-04-01 23:46:39,"Kukira kamu adalah mimpi yang dapat kukejar, tapi nyatanya kamu adalah bulan yang hanya dapat kupandang. Eaa 😂

Pict @gitafarera99

Loc Pantai Dewi Mandapa, Desa Gebang, Kecamatan Padang Cermin, Kabupaten Pesawaran, Lampung.

Visit 👉 www.ayokelampung.com

#ayokelampung #travel #tour #wisata #holiday #pesonaindonesia #travelphotography #visitindonesia #jalanjalan #wonderfulindonesia #like4like #wisataindonesia #lfl #wisatalampung #lampunggeh #lampung #genpilampung #bandarlampung #lampunginsta #lampungselatan #lampungbarat #lampunghits #lampungtengah #lampungtimur #lampungwisata #lampungkece #lampungyay #lampungeksis #lampungkeren #lampunggham",boardwalk
https://www.instagram.com/p/CZsyQ-gPYtY/,1722.jpg,2022-02-08 02:36:08,"Pantai Kaur Manula, Perbatasan Lampung - Bengkulu di Kabupaten Pesisir Barat, Lampung

Photo By 📷: @vobipranata

Lets Go! Visit Pesisir Barat, Lampung

✅ Daerah Sangat Aman dan Kondusif
✅ Masyarakat Ramah dengan Wisatawan
✅ Menjunjung Tinggi Adat Istiadat & Kebudayaan
✅ Banyak Wisatawan International
✅ Ombak Surfing Yang Sudah Mendunia
✅ Cootage & Hotel Tersedia Lengkap
✅ Kulinernya Mantap dan Sedap Banget!

Dapatkan informasi foto terkini di Kabupaten Pesisir Barat, Go follow 👉 @pesisirbaratupdate @pesisirbaratupdate @pesisirbaratupdate

#pesisirbaratupdate #pesisirbarat #krui #pringsewu #lampung #pringsewulampung #bandarlampung #pesawaran #tanggamus #tulangbawangbarat #tulangbawang #lampungbarat #lampungselatan #lampungutara #travelingindonesia #lampungtengah #wonderfullindonesia #beach #traveling #holiday #wonderfulindonesia #wisata #pariwisata #explorelampung #pantai #pariwisataindonesia #beachphotography #beachday #sunset #beachvibes",islet
https://www.instagram.com/p/CT2FeyNhmzv/,1723.jpg,2021-09-15 14:08:50,"Jangan hanya menikmati keindahan alam saja, tapi juga cintai alam dengan tidak membuang sampah sembarangan, gaboleh ya😋

Repost from : @indhmeilia 

📍Bukit Pematang Sunrise, Bakauheni -Lampung Selatan

Visit 👉 www.ayokelampung.com

@jokowi @kemensetneg.ri  @sandiuno @kemenparekraf.ri  @arinal_djunaidi @mbak_nunik @edarwan1962
@pariwisata_lampung @ekraf.lampung @rianasariarinal @ardito_wijaya @dharmasetyawan.com_ @payungiuniversity  @genpiindonesia @genpi_lampung 
.
#ayokelampung #travel #tour #wisata #holiday #pesonaindonesia #travelphotography #visitindonesia #jalanjalan #wonderfulindonesia #like4like #wisataindonesia #lfl #wisatalampung #lampunggeh #lampung #genpilampung #bandarlampung #lampunginsta #lampungselatan #lampungbarat #lampunghits #lampungtengah #lampungtimur #lampungwisata #lampungkece #lampungyay #lampungeksis #lampungkeren #lampunggham",tundra
https://www.instagram.com/p/CfgnpWppmmC/,1724.jpg,2022-07-02 12:20:49,Mengawali bulan Juli bersama rekan kerja visit ke Kota Bandar Lampung tepatnya Pantai Sebalang - Lampung Selatan #beatifulindonesia,parking lot
https://www.instagram.com/p/CVu9LrVJC7v/,1725.jpg,2021-11-01 12:44:26,".
📍bukit Pematang sunrise,Bakauheni,Lampung Selatan

Reposted from @hallooo.lilis_ Draf..

Salam Generasi Pesona Indonesia
Lapah Gham Jamo-Jamo Ngelestareiken Bumi Lampung

Visit www.genpilampung.com

@jokowi @kemensetneg.ri 
@sandiuno @kemenparekraf.ri 
@dwita_ria @ellanuryamah @dpr_ri
@ustadzabdulhakim @jihanchalim @dpdri
@arinal_djunaidi @pemprov.lampung
@mbak_nunik @pemprovlampung_
@rianasariarinal @pkk_provinsi_lampung
@edarwan1962 @ulidarebeca_ @pariwisata_lampung
@vera_moz76 @ekraf.lampun @lyanda_melly
@elhannidjafar @heliana.dewi @perindaglampung
@ellywahyuni.s @ade_ui @vittorio_dwison @lestyputriii @wahrulfauzisilalahi @garinca.reza.pahlevi
@agiriakbar @mirzano @dprdlampung 
@dharmasetyawan.com_ @payungiuniversity
@mustika_edi23 @ayokelampung.com_ @lampung.media
@mbakjhe @genpiindonesia @wonderful.indonesiaku
@abdulrohmanwahidone @genpi_lampung @infogeh
@akhyarmusthafa @myls.kotametro @payungikampungbahasa

#genpi #genpilampung #genpilampung2021 #generasipesonaindonesia #pesonaindonesia #wonderfulindonesia #salamgenpigasgasgas #AyokeLampung #kelampungkeren #dilampungaja #diindonesiaaja #lampung #bandarlampung #kotametro #lampungbarat #lampungutara #lampungtimur #lampungtengah #lampungselatan #tanggamus #pringsewu #pesawaran #pesisirbarat #mesuji #waykanan #tulangbawang #tulangbawangbarat #lampungberjaya #pesonalampung #myls.kotametro",picnic area
https://www.instagram.com/p/DEBi4CYzoFz/,1726.jpg,2024-12-26 02:04:16,I am and @farooqehtishamahmad  at @suak.sumatera  visit at PT Juang Jaya Abdi Alam Lampung Selatan..26.12.24,lock chamber
https://www.instagram.com/p/CeivUb7Bd5P/,1727.jpg,2022-06-08 11:34:57,"Latepost, tapi gapapa. 

Pict @ernitrstna_

📍lengkung langit lampung

Visit 👉 www.ayokelampung.com

#ayokelampung #travel #tour #wisata #holiday #pesonaindonesia #travelphotography #visitindonesia #jalanjalan #wonderfulindonesia #like4like #wisataindonesia #lfl #wisatalampung #lampunggeh #lampung #genpilampung #bandarlampung #lampunginsta #lampungselatan #lampungbarat #lampunghits #lampungtengah #lampungtimur #lampungwisata #lampungkece #lampungyay #lampungeksis #lampungkeren #lampunggham",mountain path
https://www.instagram.com/p/CUW1HGMBlZf/,1728.jpg,2021-09-28 07:20:44,"Jangan menjelaskan tentang dirimu kepada siapapun, karna yang menyukaimu tidak butuh itu. Dan yang membencimu tidak percaya itu ☺️

📍Pintu Langit 2 , Bandar Lampung 

 Repost From  @rimamelati45 

Visit 👉 www.ayokelampung.com

@jokowi @kemensetneg.ri  @sandiuno @kemenparekraf.ri  @arinal_djunaidi @mbak_nunik @edarwan1962
@pariwisata_lampung @ekraf.lampung @rianasariarinal @ardito_wijaya @dharmasetyawan.com_ @payungiuniversity  @genpiindonesia @genpi_lampung 
.
#ayokelampung #travel #tour #wisata #holiday #pesonaindonesia #travelphotography #visitindonesia #jalanjalan #wonderfulindonesia #like4like #wisataindonesia #lfl #wisatalampung #lampunggeh #lampung #genpilampung #bandarlampung #lampunginsta #lampungselatan #lampungbarat #lampunghits #lampungtengah #lampungtimur #lampungwisata #lampungkece #lampungyay #lampungeksis #lampungkeren #lampunggham",greenhouse/outdoor
https://www.instagram.com/p/CSjkFF4hJ4e/,1729.jpg,2021-08-14 12:59:15,"Panas dikit ngeluh. Hujan dikit ngeluh. Nyaman dikit sayang 🤭🤭

.
.
📍Islamic Center Tulang Bawang Barat
📷 @carpedwproject 
.
.
Reposted from @yyuni_08
.
Visit 👉 www.ayokelampung.com

@jokowi @kemensetneg.ri  @sandiuno @kemenparekraf.ri  @arinal_djunaidi @mbak_nunik @edarwan1962
@pariwisata_lampung @ekraf.lampung @rianasariarinal @ardito_wijaya @dharmasetyawan.com_ @payungiuniversity  @genpiindonesia @genpi_lampung 
.
#ayokelampung #travel #tour #wisata #holiday #pesonaindonesia #travelphotography #visitindonesia #jalanjalan #wonderfulindonesia #like4like #wisataindonesia #lfl #wisatalampung #lampunggeh #lampung #genpilampung #bandarlampung #lampunginsta #lampungselatan #lampungbarat #lampunghits #lampungtengah #lampungtimur #lampungwisata #lampungkece #lampungyay #lampungeksis #lampungkeren #lampunggham",stadium/football
https://www.instagram.com/p/CWsU6UWBKAa/,1730.jpg,2021-11-25 08:45:27,"Paint the sky. Make it yours 🌈

Repost 
📷 @ineskusuma 
.
follow  @pantai.marina.official Official account of Pantai Marina Lampung
.
Visit 👉 www.ayokelampung.com

@jokowi @kemensetneg.ri  @sandiuno @kemenparekraf.ri  @arinal_djunaidi @mbak_nunik @edarwan1962
@pariwisata_lampung @ekraf.lampung @rianasariarinal @ardito_wijaya @dharmasetyawan.com_ @payungiuniversity  @genpiindonesia @genpi_lampung 
.
#ayokelampung #travel #tour #wisata #holiday #pesonaindonesia #travelphotography #visitindonesia #jalanjalan #wonderfulindonesia #like4like #wisataindonesia #lfl #wisatalampung #lampunggeh #lampung #genpilampung #bandarlampung #lampunginsta #lampungselatan #lampungbarat #lampunghits #lampungtengah #lampungtimur #lampungwisata #lampungkece #lampungyay #lampungeksis #lampungkeren #lampunggham",campsite
https://www.instagram.com/p/CfoGFP9vZBx/,1731.jpg,2022-07-05 10:01:27,"Enjoy Ride at Krui, Pesisir Barat, Lampung

Photo By 📷: @noenky_fotofotomoto

Lets Go! Visit Krui, Pesisir Barat

✅ Daerah Sangat Aman dan Kondusif
✅ Masyarakat Ramah-Ramah
✅ Menjunjung Tinggi Adat Istiadat & Kebudayaan
✅ Banyak Wisatawan International
✅ Ombak Surfing Yang Sudah Mendunia
✅ Cootage & Hotel Tersedia Lengkap

Dapatkan informasi foto terkini di Kabupaten Pesisir Barat, Go follow 👉 @pesisirbaratupdate @pesisirbaratupdate @pesisirbaratupdate

#pesisirbaratupdate #pesisirbarat #krui #pringsewu #lampung #pringsewulampung #bandarlampung #pesawaran #tanggamus #tulangbawangbarat #tulangbawang #lampungbarat #lampungselatan #lampungutara #travelingindonesia #lampungtengah #ijamitkrui #beach #traveling #holiday #wonderfulindonesia #wisata #pariwisata #explorelampung #pantai #pariwisataindonesia #sunset #diindonesiaaja #sunsetbeach #surfing",promenade
https://www.instagram.com/p/CTop19GJZjA/,1732.jpg,2021-09-10 08:57:13,".
Gajah aja berdua 😂

Salam Generasi Pesona Indonesia
Lapah Gham Jamo-Jamo Ngelestareiken Bumi Lampung

@jokowi @kemensetneg.ri 
@sandiuno @kemenparekraf.ri 
@arinal_djunaidi @mbak_nunik 
@rianasariarinal @pkk_provinsi_lampung
@edarwan1962 @pariwisata_lampung
@vera_moz76 @ekraf.lampun
@ade_ui @wahrulfauzisilalahi @dprdlampung 
@dharmasetyawan.com_ @payungiuniversity
@infogeh @ayokelampung.com_
@mbakjhe @genpiindonesia @wonderful.indonesiaku
@abdulrohmanwahidone @genpi_lampung
@selampung @lampung.eksis

📸@holidaylampung
Visit www.genpilampung.com

#genpi #genpilampung #genpilampung2021 #generasipesonaindonesia #pesonaindonesia #wonderfulindonesia #salamgenpigasgasgas #AyokeLampung #kelampungkeren #dilampungaja #diindonesiaaja #lampung #bandarlampung #kotametro #lampungbarat #lampungutara #lampungtimur #lampungtengah #lampungselatan #tanggamus #pringsewu #pesawaran #pesisirbarat #mesuji #waykanan #tulangbawang #tulangbawangbarat #love #waykambas #pesonawaykambas",pasture
https://www.instagram.com/p/Cd9sW4RhHz-/,1733.jpg,2022-05-25 02:17:10,"Sungguh indah ciptaan mu 

📍pantai marina

Visit 👉 www.ayokelampung.com

#ayokelampung #travel #tour #wisata #holiday #pesonaindonesia #travelphotography #visitindonesia #jalanjalan #wonderfulindonesia #like4like #wisataindonesia #lfl #wisatalampung #lampunggeh #lampung #genpilampung #bandarlampung #lampunginsta #lampungselatan #lampungbarat #lampunghits #lampungtengah #lampungtimur #lampungwisata #lampungkece #lampungyay #lampungeksis #lampungkeren #lampunggham",wave
https://www.instagram.com/p/Cd3KW89hJS5/,1734.jpg,2022-05-22 13:24:39,"Teruslah berproses tanpa protes

Pict @windaadeliaa

📍 Lengkung Langit, Pinang Jaya, Kec. Kemiling, Bandar Lampung.

Visit 👉 www.ayokelampung.com

#ayokelampung #travel #tour #wisata #holiday #pesonaindonesia #travelphotography #visitindonesia #jalanjalan #wonderfulindonesia #like4like #wisataindonesia #lfl #wisatalampung #lampunggeh #lampung #genpilampung #bandarlampung #lampunginsta #lampungselatan #lampungbarat #lampunghits #lampungtengah #lampungtimur #lampungwisata #lampungkece #lampungyay #lampungeksis #lampungkeren #lampunggham",pagoda
https://www.instagram.com/p/CR8uzM2hVDa/,1735.jpg,2021-07-30 11:02:33,"I come back 💪💪💪

📸@kusnandri 
📍 Sebalang tarahan Lampung Indonesia 🇮🇩

Visit 👉 www.ayokelampung.com

@jokowi @kemensetneg.ri  @sandiuno @kemenparekraf.ri  @arinal_djunaidi @mbak_nunik @edarwan1962
@pariwisata_lampung @ekraf.lampung @rianasariarinal @ardito_wijaya @dharmasetyawan.com_ @payungiuniversity  @genpiindonesia @genpi_lampung 
.
#ayokelampung #travel #tour #wisata #pesonaindonesia #travelphotography #visitindonesia #jalanjalan #wonderfulindonesia #like4like #wisataindonesia #lfl #wisatalampung #lampunggeh #lampung #lampungkeren #genpilampung #bandarlampung #lampunginsta #lampungselatan #lampungbarat #lampunghits #lampungtengah #lampungtimur #lampungwisata #lampungkece #lampungyay #lampungeksis #lampungkeren #lampunggham",sky
https://www.instagram.com/p/CSGjPithtwb/,1736.jpg,2021-08-03 06:33:58,"⛰️ Bukit Idaman, Gisting, Kab. Tanggamus
.
Photo by @kingachmad99
.
Visit 👉 www.ayokelampung.com

@jokowi @kemensetneg.ri  @sandiuno @kemenparekraf.ri  @arinal_djunaidi @mbak_nunik @edarwan1962
@pariwisata_lampung @ekraf.lampung @rianasariarinal @ardito_wijaya @dharmasetyawan.com_ @payungiuniversity  @genpiindonesia @genpi_lampung 
.
#ayokelampung #travel #tour #wisata #holiday #pesonaindonesia #travelphotography #visitindonesia #jalanjalan #wonderfulindonesia #like4like #wisataindonesia #lfl #wisatalampung #lampunggeh #lampung #genpilampung #bandarlampung #lampunginsta #lampungselatan #lampungbarat #lampunghits #lampungtengah #lampungtimur #lampungwisata #lampungkece #lampungyay #lampungeksis #lampungkeren #lampunggham",volcano
https://www.instagram.com/p/C8Gr0OhyPnA/,1737.jpg,2024-06-12 05:47:26,"@PEKANFEST Food Festival Road to Pantai Melasti, Pesisir Barat, Rabu (12/6/2024).

Lets Go! Visit Krui, Pesisir Barat, Lampung 🇮🇩

✅ Daerah Sangat Aman dan Kondusif
✅ Masyarakatnya Ramah-Ramah
✅ Menjunjung Tinggi Adat Istiadat & Kebudayaan
✅ Banyak Wisatawan International
✅ Ombak Surfing Yang Sudah Mendunia
✅ Keindahan Pantai Yang Sudah Mendunia
✅ Cootage & Hotel Tersedia Lengkap

#lampungupdate #krui #pesisirbarat #pesisirbaratupdate #pringsewu #lampung #pringsewulampung #bandarlampung #pesawaran #tanggamus #tulangbawangbarat #tulangbawang #lampungbarat #lampungselatan #lampungutara #mesuji #waykanan #lampungtengah #surf #lampungtimur #lampungutara #wonderfulindonesia  #pariwisataindonesia #explorelampung #surfing #viral #pariwisataviral #wisataviral",stage/outdoor
https://www.instagram.com/p/CUmxTUKhSk7/,1738.jpg,2021-10-04 11:55:18,"#Repost @shellayuanda_
...
Luangkan waktu untuk membuat jiwamu bahagia✨

📍Pantai Semungkuk Kalianda Lampung Selatan

Visit 👉 www.ayokelampung.com

@jokowi @kemensetneg.ri  @sandiuno @kemenparekraf.ri  @arinal_djunaidi @mbak_nunik @edarwan1962
@pariwisata_lampung @ekraf.lampung @rianasariarinal @ardito_wijaya @dharmasetyawan.com_ @payungiuniversity  @genpiindonesia @genpi_lampung 
.
#ayokelampung #travel #tour #wisata #holiday #pesonaindonesia #travelphotography #visitindonesia #jalanjalan #wonderfulindonesia #like4like #wisataindonesia  #wisatalampung #lampunggeh #lampung #genpilampung #bandarlampung #lampunginsta #lampungselatan #lampungbarat #lampunghits #lampungtengah #lampungtimur #lampungwisata #lampungkece #lampungyay #lampungeksis #lampungkeren #lampunggham",coast
https://www.instagram.com/p/CST7tkzhjMl/,1739.jpg,2021-08-08 11:17:54,"Bersikaplah kukuh seperti batu karang yang tidak putus-putus-nya dipukul ombak. Ia tidak saja tetap berdiri kukuh, bahkan ia menenteramkan amarah ombak dan gelombang itu😊😊😊
.
📸 @kusnandri
📍pulau mahitam Lampung ndonesia 🇮🇩
.

 Visit 👉 www.ayokelampung.com

@jokowi @kemensetneg.ri  @sandiuno @kemenparekraf.ri  @arinal_djunaidi @mbak_nunik @edarwan1962
@pariwisata_lampung @ekraf.lampung @rianasariarinal @ardito_wijaya @dharmasetyawan.com_ @payungiuniversity  @genpiindonesia @genpi_lampung 
.
#ayokelampung #travel #tour #wisata #holiday #pesonaindonesia #travelphotography #visitindonesia #jalanjalan #wonderfulindonesia #like4like #wisataindonesia #lfl #wisatalampung #lampunggeh #lampung #genpilampung #bandarlampung #lampunginsta #lampungselatan #lampungbarat #lampunghits #lampungtengah #lampungtimur #lampungwisata #lampungkece #lampungyay #lampungeksis #lampungkeren #lampunggham",beach
https://www.instagram.com/p/CiT7V2nP-ZQ/,1740.jpg,2022-09-10 03:36:58,"Pantai Labuhan Jukung, Krui ☀️🌴

Photo By 📷: @nisasssh

Lets Go! Visit Krui, Pesisir Barat, Lampung

✅ Daerah Sangat Aman dan Kondusif
✅ Masyarakat Ramah-Ramah
✅ Menjunjung Tinggi Adat Istiadat & Kebudayaan
✅ Banyak Wisatawan International
✅ Ombak Surfing Yang Sudah Mendunia
✅ Cootage & Hotel Tersedia Lengkap

Dapatkan informasi foto terkini di Kabupaten Pesisir Barat, Go follow 👉 @pesisirbaratupdate @pesisirbaratupdate @pesisirbaratupdate

#pesisirbaratupdate #pesisirbarat #krui #pringsewu #lampung #pringsewulampung #bandarlampung #pesawaran #tanggamus #tulangbawangbarat #tulangbawang #lampungbarat #lampungselatan #lampungutara #travelingindonesia #lampungtengah #ijamitkrui #beach #traveling #holiday #wonderfulindonesia #wisata #pariwisata #explorelampung #pantai #pariwisataindonesia #sunset #jakarta #sunsetbeach #healing",promenade
https://www.instagram.com/p/CekWnbDBYP-/,1741.jpg,2022-06-09 02:37:34,"Duduk di tempat teduh di hari yang cerah, dan memandangi pemandangan, adalah penyegaran yang paling sempurna. 

Pict @laila.isti.988

📍pantai merak belantung kaliada lampung selatan

Visit 👉 www.ayokelampung.com

#ayokelampung #travel #tour #wisata #holiday #pesonaindonesia #travelphotography #visitindonesia #jalanjalan #wonderfulindonesia #like4like #wisataindonesia #lfl #wisatalampung #lampunggeh #lampung #genpilampung #bandarlampung #lampunginsta #lampungselatan #lampungbarat #lampunghits #lampungtengah #lampungtimur #lampungwisata #lampungkece #lampungyay #lampungeksis #lampungkeren #lampunggham",tree farm
https://www.instagram.com/p/CmjFfSfPDoM/,1742.jpg,2022-12-24 10:59:50,"Sunset Beach Krui, Pesisir Barat, Lampung ☀️🌴

Lets Go! Visit Krui, Pesisir Barat, Lampung

✅ Daerah Sangat Aman dan Kondusif
✅ Masyarakatnya Ramah-Ramah
✅ Menjunjung Tinggi Adat Istiadat & Kebudayaan
✅ Banyak Wisatawan International
✅ Ombak Surfing Yang Sudah Mendunia
✅ Keindahan Pantai Yang Sudah Mendunia
✅ Cootage & Hotel Tersedia Lengkap

Dapatkan informasi foto terkini di Kabupaten Pesisir Barat, Go follow 👉 @pesisirbaratupdate @pesisirbaratupdate @pesisirbaratupdate

#pesisirbaratupdate #pesisirbarat #krui #pringsewu #lampung #pringsewulampung #bandarlampung #pesawaran #tanggamus #tulangbawangbarat #lampungbarat #lampungselatan #lampungutara #travelingindonesia #surf #ijamitkrui #beach #traveling #holiday #wonderfulindonesia #wisata #pariwisata #explorelampung #pantai #pariwisataindonesia #sunsetbeach #surfing #tourism",ocean
https://www.instagram.com/p/CUCxKqbB5Ae/,1743.jpg,2021-09-20 12:21:27,"Lagi orak mikir opo opo, sirahe ijek gringgingan

📷 @kangholiday_

📍Lantana Hill, kab Pesawaran
Visit 👉 www.ayokelampung.com

@jokowi @kemensetneg.ri  @sandiuno @kemenparekraf.ri  @arinal_djunaidi @mbak_nunik @edarwan1962
@pariwisata_lampung @ekraf.lampung @rianasariarinal @ardito_wijaya @dharmasetyawan.com_ @payungiuniversity  @genpiindonesia @genpi_lampung 
.
#ayokelampung #travel #tour #wisata #holiday #pesonaindonesia #travelphotography #visitindonesia #jalanjalan #wonderfulindonesia #like4like #wisataindonesia #lfl #wisatalampung #lampunggeh #lampung #genpilampung #bandarlampung #lampunginsta #lampungselatan #lampungbarat #lampunghits #lampungtengah #lampungtimur #lampungwisata #lampungkece #lampungyay #lampungeksis #lampungkeren #lampunggham",mountain path
https://www.instagram.com/p/CUB8kjThQ9y/,1744.jpg,2021-09-20 04:41:52,"Ngabuburit di pulau yang cukup tenang sambil nunggu berkumandang adzan magrib.

Repost from : @mhmd_ashari30
.
.
.
.
📍Pulau Permata/Pulau Kubur, Lempasing, Bandar Lampung.

Visit 👉 www.ayokelampung.com

@jokowi @kemensetneg.ri  @sandiuno @kemenparekraf.ri  @arinal_djunaidi @mbak_nunik @edarwan1962
@pariwisata_lampung @ekraf.lampung @rianasariarinal @ardito_wijaya @dharmasetyawan.com_ @payungiuniversity  @genpiindonesia @genpi_lampung 
.
#ayokelampung #travel #tour #wisata #holiday #pesonaindonesia #travelphotography #visitindonesia #jalanjalan #wonderfulindonesia #like4like #wisataindonesia #lfl #wisatalampung #lampunggeh #lampung #genpilampung #bandarlampung #lampunginsta #lampungselatan #lampungbarat #lampunghits #lampungtengah #lampungtimur #lampungwisata #lampungkece #lampungyay #lampungeksis #lampungkeren #lampunggham",pier
https://www.instagram.com/p/CUpg2qGhB4E/,1745.jpg,2021-10-05 13:29:18,"📍Pantai Terbaya Kota agung Tanggamus Lampung

-
Sukanya pantai.
Emng kalo suka kamu boleh hmm....?😆

Repost from : @belaanatasia

Visit 👉 www.ayokelampung.com

@jokowi @kemensetneg.ri  @sandiuno @kemenparekraf.ri  @arinal_djunaidi @mbak_nunik @edarwan1962
@pariwisata_lampung @ekraf.lampung @rianasariarinal @ardito_wijaya @dharmasetyawan.com_ @payungiuniversity  @genpiindonesia @genpi_lampung 
.
#ayokelampung #travel #tour #wisata #holiday #pesonaindonesia #travelphotography #visitindonesia #jalanjalan #wonderfulindonesia #like4like #wisataindonesia #lfl #wisatalampung #lampunggeh #lampung #genpilampung #bandarlampung #lampunginsta #lampungselatan #lampungbarat #lampunghits #lampungtengah #lampungtimur #lampungwisata #lampungkece #lampungyay #lampungeksis #lampungkeren #lampunggham",ocean
https://www.instagram.com/p/CUHYZB3hH2r/,1746.jpg,2021-09-22 07:21:10,"Puakhi, Kalo Destinasi Wisata di Tanggamus dah pada buka,kalian mau kemana?! 

📍waylalaan, Kampung Baru, Kota Agung Timur 

#Repost @wahyuazienndr_ 

Visit 👉 www.ayokelampung.com

@jokowi @kemensetneg.ri  @sandiuno @kemenparekraf.ri  @arinal_djunaidi @mbak_nunik @edarwan1962
@pariwisata_lampung @ekraf.lampung @rianasariarinal @ardito_wijaya @dharmasetyawan.com_ @payungiuniversity  @genpiindonesia @genpi_lampung 
.
#ayokelampung #travel #tour #wisata #holiday #pesonaindonesia #travelphotography #visitindonesia #jalanjalan #wonderfulindonesia #wisataindonesia #wisatalampung #lampunggeh #lampung #genpilampung #bandarlampung #lampunginsta #lampungselatan #lampungbarat #lampunghits #lampungtengah #lampungtimur #lampungwisata #lampungkece #lampungyay #lampungeksis #lampungkeren #lampunggham",waterfall
https://www.instagram.com/p/CVkprEyhfak/,1747.jpg,2021-10-28 12:41:33,"Agrowisata BMJ, Wonodadi, Gadingrejo, Pringsewu, Lampung

Photo By 📷: @ciicii_rinoy

Visit 👉 www.ayokelampung.com

@jokowi @kemensetneg.ri  @sandiuno @kemenparekraf.ri  @arinal_djunaidi @mbak_nunik @edarwan1962
@pariwisata_lampung @ekraf.lampung @rianasariarinal @ardito_wijaya @dharmasetyawan.com_ @payungiuniversity  @genpiindonesia @genpi_lampung 
.
#ayokelampung #travel #tour #wisata #holiday #pesonaindonesia #travelphotography #visitindonesia #jalanjalan #wonderfulindonesia #like4like #wisataindonesia #lfl #wisatalampung #lampunggeh #lampung #genpilampung #bandarlampung #lampunginsta #lampungselatan #lampungbarat #lampunghits #lampungtengah #lampungtimur #lampungwisata #lampungkece #lampungyay #lampungeksis #lampungkeren #lampunggham",picnic area
https://www.instagram.com/p/CeXwbsFhlQA/,1748.jpg,2022-06-04 05:13:02,"Ternyata, senjapun enggan membawamu bersamaku 🍂

Pict @cc.dxwyy_

📍Pantai marina

Visit 👉 www.ayokelampung.com

#ayokelampung #travel #tour #wisata #holiday #pesonaindonesia #travelphotography #visitindonesia #jalanjalan #wonderfulindonesia #like4like #wisataindonesia #lfl #wisatalampung #lampunggeh #lampung #genpilampung #bandarlampung #lampunginsta #lampungselatan #lampungbarat #lampunghits #lampungtengah #lampungtimur #lampungwisata #lampungkece #lampungyay #lampungeksis #lampungkeren #lampunggham",ocean
https://www.instagram.com/p/Cd9tn0mha0Y/,1749.jpg,2022-05-25 02:28:13,"💙💙

Pict @savilawardani

📍Yunna Hotel Lampung 

Visit 👉 www.ayokelampung.com

#ayokelampung #tarisigehpengunten #travel #tour #wisata #holiday #pesonaindonesia #travelphotography #visitindonesia #jalanjalan #wonderfulindonesia #like4like #wisataindonesia #wisatalampung #lampunggeh #lampung #genpilampung #bandarlampung #lampunginsta #lampungselatan #lampungbarat #lampunghits #lampungtengah #lampungtimur #lampungwisata #lampungkece #lampungyay #lampungeksis #lampungkeren #lampunggham",fire station
https://www.instagram.com/p/CZW18vvJaVn/,1750.jpg,2022-01-30 14:05:02,"Don't worry
Beach happy 💙
.
.
📍Pantai Setigiheni Kalianda Lampung Selatan
.

Repost from @rimachasanah25

Visit 👉 www.ayokelampung.com

@jokowi @kemensetneg.ri @sandiuno @kemenparekraf.ri @arinal_djunaidi @mbak_nunik @edarwan1962
@pariwisata_lampung @ekraf.lampung @rianasariarinal @ardito_wijaya @dharmasetyawan.com_ @payungiuniversity @genpiindonesia @genpi_lampung
.
#ayokelampung #travel #tour #wisata #holiday #pesonaindonesia #travelphotography #visitindonesia #jalanjalan #wonderfulindonesia #like4like #wisataindonesia #lfl #wisatalampung #lampunggeh #lampung #genpilampung #bandarlampung #lampunginsta #lampungselatan #lampungbarat #lampunghits #lampungtengah #lampungtimur #lampungwisata #lampungkece #lampungyay #lampungeksis #lampungkeren #lampunggham",lagoon
https://www.instagram.com/p/CTqyeEHhEQw/,1751.jpg,2021-09-11 04:51:04,"Harta, Tahta, Wisata🙌

📍Curup Padae, Mutar Alam, Way Tenong, Kabupaten Lampung Barat, Lampung
Visit 👉 www.ayokelampung.com

Repost from : @yosefstwn_

@jokowi @kemensetneg.ri  @sandiuno @kemenparekraf.ri  @arinal_djunaidi @mbak_nunik @edarwan1962
@pariwisata_lampung @ekraf.lampung @rianasariarinal @ardito_wijaya @dharmasetyawan.com_ @payungiuniversity  @genpiindonesia @genpi_lampung 
.
#ayokelampung #travel #tour #wisata #holiday #pesonaindonesia #travelphotography #visitindonesia #jalanjalan #wonderfulindonesia #like4like #wisataindonesia #lfl #wisatalampung #lampunggeh #lampung #genpilampung #bandarlampung #lampunginsta #lampungselatan #lampungbarat #lampunghits #lampungtengah #lampungtimur #lampungwisata #lampungkece #lampungyay #lampungeksis #lampungkeren #lampunggham",waterfall
https://www.instagram.com/p/CeQ6cg6hDtx/,1752.jpg,2022-06-01 13:25:51,"🌊

📍pantai Marina 

Visit 👉 www.ayokelampung.com

#ayokelampung #travel #tour #wisata #holiday #pesonaindonesia #travelphotography #visitindonesia #jalanjalan #wonderfulindonesia #like4like #wisataindonesia #lfl #wisatalampung #lampunggeh #lampung #genpilampung #bandarlampung #lampunginsta #lampungselatan #lampungbarat #lampunghits #lampungtengah #lampungtimur #lampungwisata #lampungkece #lampungyay #lampungeksis #lampungkeren #lampunggham",cliff
https://www.instagram.com/p/Cb9luFUrlAj/,1753.jpg,2022-04-05 08:16:23,"Kata kamu yg melihat gitu,kata saya yg menjalani gini🤘

📍Kaki Gunung Rajabasa,Lampung Selatan.

Pict @nindyzero_

Visit 👉 www.ayokelampung.com

#ayokelampung #travel #tour #wisata #holiday #pesonaindonesia #travelphotography #visitindonesia #jalanjalan #wonderfulindonesia #like4like #wisataindonesia #lfl #wisatalampung #lampunggeh #lampung #genpilampung #bandarlampung #lampunginsta #lampungselatan #lampungbarat #lampunghits #lampungtengah #lampungtimur #lampungwisata #lampungkece #lampungyay #lampungeksis #lampungkeren #lampunggham",pasture
https://www.instagram.com/p/CVulM4tBp08/,1754.jpg,2021-11-01 09:14:53,"Hello November yang sampai hari ini masih Nopartner .... 
. 
. 
Bendungan Batu Tegi, Tanggamus, Lampung
. 
. 
Reposted from @soer.ono

Visit 👉 www.ayokelampung.com

@jokowi @kemensetneg.ri  @sandiuno @kemenparekraf.ri  @arinal_djunaidi @mbak_nunik @edarwan1962
@pariwisata_lampung @ekraf.lampung @rianasariarinal @ardito_wijaya @dharmasetyawan.com_ @payungiuniversity  @genpiindonesia @genpi_lampung 
.
#ayokelampung #travel #tour #wisata #holiday #pesonaindonesia #travelphotography #visitindonesia #jalanjalan #wonderfulindonesia #like4like #wisataindonesia #lfl #wisatalampung #lampunggeh #lampung #genpilampung #bandarlampung #lampunginsta #lampungselatan #lampungbarat #lampunghits #lampungtengah #lampungtimur #lampungwisata #lampungkece #lampungyay #lampungeksis #lampungkeren #lampunggham",islet
https://www.instagram.com/p/CZ8hNNhrAk-/,1755.jpg,2022-02-14 05:14:55,"📌""Bersyukur untuk hari ini, ikhlas untuk apa yang telah berlalu""

📍Pulau Mengkudu, Ds. Totoharjo, Kec. Bakauheni, Kab. Lampung Selatan

Repost @siaudhiarga

.Visit 👉 www.ayokelampung.com

@jokowi @kemensetneg.ri @sandiuno @kemenparekraf.ri @arinal_djunaidi @mbak_nunik @edarwan1962
@pariwisata_lampung @ekraf.lampung @rianasariarinal @ardito_wijaya @dharmasetyawan.com_ @payungiuniversity @genpiindonesia @genpi_lampung
.
#ayokelampung #travel #tour #wisata #holiday #pesonaindonesia #travelphotography #visitindonesia #jalanjalan #wonderfulindonesia #like4like #wisataindonesia #lfl #wisatalampung #lampunggeh #lampung #genpilampung #bandarlampung #lampunginsta #lampungselatan #lampungbarat #lampunghits #lampungtengah #lampungtimur #lampungwisata #lampungkece #lampungyay #lampungeksis #lampungkeren #lampunggham",lagoon
https://www.instagram.com/p/CTeMZFcBM9n/,1756.jpg,2021-09-06 07:27:27,"Tenangkan pikiranmu 😎
 
📍 Pantai batu naga, kelumbayan tanggamus, lampung

Repost from : @fharellgpp14

Visit 👉 www.ayokelampung.com

@jokowi @kemensetneg.ri @sandiuno @kemenparekraf.ri  @arinal_djunaidi @mbak_nunik @edarwan1962
@pariwisata_lampung @ekraf.lampung @rianasariarinal @ardito_wijaya @dharmasetyawan.com_ @payungiuniversity  @genpiindonesia @genpi_lampung 
.
#ayokelampung #travel #tour #wisata #holiday #pesonaindonesia #travelphotography #visitindonesia #jalanjalan #wonderfulindonesia #like4like #wisataindonesia #lfl #wisatalampung #lampunggeh #lampung #genpilampung #bandarlampung #lampunginsta #lampungselatan #lampungbarat #lampunghits #lampungtengah #lampungtimur #lampungwisata #lampungkece #lampungyay #lampungeksis #lampungkeren #lampunggham",cliff
https://www.instagram.com/p/CeDClhahjcC/,1757.jpg,2022-05-27 04:07:37,"Pict @abelli.a

📍lengkung langit.

Visit 👉 www.ayokelampung.com

#ayokelampung #travel #tour #wisata #holiday #pesonaindonesia #travelphotography #visitindonesia #jalanjalan #wonderfulindonesia #like4like #wisataindonesia #lfl #wisatalampung #lampunggeh #lampung #genpilampung #bandarlampung #lampunginsta #lampungselatan #lampungbarat #lampunghits #lampungtengah #lampungtimur #lampungwisata #lampungkece #lampungyay #lampungeksis #lampungkeren #lampunggham",greenhouse/outdoor
https://www.instagram.com/p/CTIoBjOBZXl/,1758.jpg,2021-08-28 22:25:37,"Syukuri selagi bisa, nikmati selagi ada.
.
Loc. Bukit Pematang Sunrise, Lampung Selatan
.
Reposted from @whyuungroho

Visit 👉 www.ayokelampung.com

@jokowi @kemensetneg.ri  @sandiuno @kemenparekraf.ri  @arinal_djunaidi @mbak_nunik @edarwan1962
@pariwisata_lampung @ekraf.lampung @rianasariarinal @ardito_wijaya @dharmasetyawan.com_ @payungiuniversity  @genpiindonesia @genpi_lampung 
.
#ayokelampung #travel #tour #wisata #holiday #pesonaindonesia #travelphotography #visitindonesia #jalanjalan #wonderfulindonesia #like4like #wisataindonesia #lfl #wisatalampung #lampunggeh #lampung #genpilampung #bandarlampung #lampunginsta #lampungselatan #lampungbarat #lampunghits #lampungtengah #lampungtimur #lampungwisata #lampungkece #lampungyay #lampungeksis #lampungkeren #lampunggham",coast
https://www.instagram.com/p/CT97xNdhijt/,1759.jpg,2021-09-18 15:17:54,"Awal september mencari ketenangan 🍃

Info rute menuju lokasi cek di Instagram @inilampungyay
.
🍁 Way Jernih, Teluk Betung Barat, Bandarlampung.
.
Piknik bareng:
@irmanitasari
@diahayuagustiin
@ekanoph_noph
@suhar.li
@masteguh78
@emiilga
@sendy.irawan_
@kukuhkikuk
.

Reposted from @adhyatmika_
.
Visit 👉 www.ayokelampung.com

@jokowi @kemensetneg.ri  @sandiuno @kemenparekraf.ri  @arinal_djunaidi @mbak_nunik @edarwan1962
@pariwisata_lampung @ekraf.lampung @rianasariarinal @ardito_wijaya @dharmasetyawan.com_ @payungiuniversity  @genpiindonesia @genpi_lampung 
.
#ayokelampung #travel #tour #wisata #holiday #pesonaindonesia #travelphotography #visitindonesia #jalanjalan #wonderfulindonesia #like4like #wisataindonesia #lfl #wisatalampung #lampunggeh #lampung #genpilampung #bandarlampung #lampunginsta #lampungselatan #lampungbarat #lampunghits #lampungtengah #lampungtimur #lampungwisata #lampungkece #lampungyay #lampungeksis #lampungkeren #lampunggham",swimming pool/outdoor
https://www.instagram.com/p/CeC7EhYBZJE/,1760.jpg,2022-05-27 03:01:57,"Inpo kata kata simple tapi nyerang ati?

Pict @badutnyasemesta

📍Djarum Waterfall, Datar Lebuay, Kab. Tanggamus.

Visit 👉 www.ayokelampung.com

#ayokelampung #travel #tour #wisata #holiday #pesonaindonesia #travelphotography #visitindonesia #jalanjalan #wonderfulindonesia #like4like #wisataindonesia #lfl #wisatalampung #lampunggeh #lampung #genpilampung #bandarlampung #lampunginsta #lampungselatan #lampungbarat #lampunghits #lampungtengah #lampungtimur #lampungwisata #lampungkece #lampungyay #lampungeksis #lampungkeren #lampunggham",waterfall
https://www.instagram.com/p/CcdXP47P8QO/,1761.jpg,2022-04-17 16:25:38,"Pantai Tanjung Setia, Pesisir Barat, Lampung

Photo By 📷: @nauvalmega

Lets Go! Visit Pesisir Barat, Lampung

✅ Daerah Sangat Aman dan Kondusif
✅ Masyarakat Ramah dengan Wisatawan
✅ Menjunjung Tinggi Adat Istiadat & Kebudayaan
✅ Tersedia Perjalanan Akses Darat dan Udara
✅ Banyak Wisatawan International
✅ Ombak Surfing Yang Sudah Mendunia
✅ Cootage & Hotel Tersedia Lengkap

Dapatkan informasi foto terkini di Kabupaten Pesisir Barat, Go follow 👉 @pesisirbaratupdate @pesisirbaratupdate @pesisirbaratupdate

#pesisirbaratupdate #pesisirbarat #krui #pringsewu #lampung #pringsewulampung #bandarlampung #pesawaran #tanggamus #tulangbawangbarat #tulangbawang #lampungbarat #lampungselatan #lampungutara #travelingindonesia #lampungtengah #wonderfullindonesia #beach #traveling #holiday #wonderfulindonesia #wisata #pariwisata #explorelampung #pantai #pariwisataindonesia #beachphotography #ramadhan #sunset #beachvibes",lagoon
https://www.instagram.com/p/CTyHLJyBDQz/,1762.jpg,2021-09-14 01:06:40,"📍way lalaan Kota Agung Tanggamus

Repost from : @chillsdy

Visit 👉 www.ayokelampung.com

@jokowi @kemensetneg.ri  @sandiuno @kemenparekraf.ri  @arinal_djunaidi @mbak_nunik @edarwan1962
@pariwisata_lampung @ekraf.lampung @rianasariarinal @ardito_wijaya @dharmasetyawan.com_ @payungiuniversity  @genpiindonesia @genpi_lampung 
.
#ayokelampung #travel #tour #wisata #holiday #pesonaindonesia #travelphotography #visitindonesia #jalanjalan #wonderfulindonesia #like4like #wisataindonesia #lfl #wisatalampung #lampunggeh #lampung #genpilampung #bandarlampung #lampunginsta #lampungselatan #lampungbarat #lampunghits #lampungtengah #lampungtimur #lampungwisata #lampungkece #lampungyay #lampungeksis #lampungkeren #lampunggham",waterfall
https://www.instagram.com/p/Cgq_RJHuKlo/,1763.jpg,2022-07-31 09:31:02,"Pantai Ilahan, Pesisir Barat, Lampung ☀️🌴

Lets Go! Visit Krui, Pesisir Barat

✅ Daerah Sangat Aman dan Kondusif
✅ Masyarakat Ramah-Ramah
✅ Menjunjung Tinggi Adat Istiadat & Kebudayaan
✅ Banyak Wisatawan International
✅ Ombak Surfing Yang Sudah Mendunia
✅ Cootage & Hotel Tersedia Lengkap

Dapatkan informasi foto terkini di Kabupaten Pesisir Barat, Go follow 👉 @pesisirbaratupdate @pesisirbaratupdate @pesisirbaratupdate

#pesisirbaratupdate #pesisirbarat #krui #pringsewu #lampung #pringsewulampung #bandarlampung #pesawaran #tanggamus #tulangbawangbarat #tulangbawang #lampungbarat #lampungselatan #lampungutara #travelingindonesia #lampungtengah #ijamitkrui #beach #traveling #holiday #wonderfulindonesia #wisata #pariwisata #explorelampung #pantai #pariwisataindonesia #sunset #jakarta #sunsetbeach #surfing",beach
https://www.instagram.com/p/Cd8MABiBbbh/,1764.jpg,2022-05-24 12:15:12,"Sesampainya di pulau ini, pengunjung akan disuguhkan dengan pesona pantai yang indah dengan hamparan pasir putih yang memanjakan mata.

Pict @arhanalbadar01

📍Pulau Kelagian besar, kelagian, pesawaran

Visit 👉 www.ayokelampung.com

#ayokelampung #travel #tour #wisata #holiday #pesonaindonesia #travelphotography #visitindonesia #jalanjalan #wonderfulindonesia #like4like #wisataindonesia #lfl #wisatalampung #lampunggeh #lampung #genpilampung #bandarlampung #lampunginsta #lampungselatan #lampungbarat #lampunghits #lampungtengah #lampungtimur #lampungwisata #lampungkece #lampungyay #lampungeksis #lampungkeren #lampunggham",beach
https://www.instagram.com/p/CaObD0RJhN1/,1765.jpg,2022-02-21 04:07:32,"Difficult roads lead to beautiful destinations🌊
.
📌 Titian Mutiara Beach, Kalianda Lampung Selatan - Lampung
Reposted from @amelmia

Visit 👉 www.ayokelampung.com

#ayokelampung #travel #tour #wisata #holiday #pesonaindonesia #travelphotography #visitindonesia #jalanjalan #wonderfulindonesia #like4like #wisataindonesia #lfl #wisatalampung #lampunggeh #lampung #genpilampung #bandarlampung #lampunginsta #lampungselatan #lampungbarat #lampunghits #lampungtengah #lampungtimur #lampungwisata #lampungkece #lampungyay #lampungeksis #lampungkeren #lampunggham",picnic area
https://www.instagram.com/p/DSC6JTJDRBL/,1766.jpg,2025-12-09 14:06:34,"Wagub Lampung Tinjau Potensi Ekonomi Karbon Way Kalam

LAMSEL- Wakil Gubernur Lampung Jihan Nurlela mengunjungi Studi Kelayakan Kunjungan Lapangan (Site Visit Feasibility Study) Pengembangan Nilai Ekonomi Karbon di kawasan Perhutanan Sosial Desa Way Kalam, Kecamatan Penengahan, Lampung Selatan, Selasa (25/11/2025). Kunjungan dilakukan dengan menyusuri jalur hutan yang rimbun. Wagub didampingi tim dari OJK dan Dinas Kehutanan Provinsi Lampung. Rombongan disambut suasana alami yang sejuk, dengan pepohonan besar, suara satwa, dan aliran sungai....

https://inspiratif.co.id/wagub-lampung-tinjau-potensi-ekonomi-karbon-way-kalam/",waterfall
https://www.instagram.com/p/DFwGI7uyS2r/,1767.jpg,2025-02-07 00:28:52,"Gua Maria Ngison Nando, Kalianda, Lampung Selatan. Lokasinya di pinggir jalan utama, dan cukup luas untuk rombongan bus. Susteran yang juga bisa digunakan untuk retreat.

Must visit kalau sedang di area Lampung 🤗",japanese garden
https://www.instagram.com/p/CRINhvNNEsp/,1768.jpg,2021-07-10 01:31:18,"Pandangi walau hanya sesaat...

... Nikmati
... Syukuri

Editing 📷 @akbaraidhil

#pintulangitlampung #lengkunglangitlampung #kampungvietnamlampung #lampungselatan #bandarlampung #eksplorlampungselatan #visitlampungselatan #jalanjalanlampung",sky
https://www.instagram.com/p/CgG8HjruKbc/,1769.jpg,2022-07-17 09:30:51,"Pantai Tanjung Setia, Pesisir Barat, Lampung

Photo By 📷: @yayaaaaa_______ 

Lets Go! Visit Krui, Pesisir Barat

✅ Daerah Sangat Aman dan Kondusif
✅ Masyarakat Ramah-Ramah
✅ Menjunjung Tinggi Adat Istiadat & Kebudayaan
✅ Banyak Wisatawan International
✅ Ombak Surfing Yang Sudah Mendunia
✅ Cootage & Hotel Tersedia Lengkap

Dapatkan informasi foto terkini di Kabupaten Pesisir Barat, Go follow 👉 @pesisirbaratupdate @pesisirbaratupdate @pesisirbaratupdate

#pesisirbaratupdate #pesisirbarat #krui #pringsewu #lampung #pringsewulampung #bandarlampung #pesawaran #tanggamus #tulangbawangbarat #tulangbawang #lampungbarat #lampungselatan #lampungutara #travelingindonesia #lampungtengah #ijamitkrui #beach #traveling #holiday #wonderfulindonesia #wisata #pariwisata #explorelampung #pantai #pariwisataindonesia #sunset #jakarta #sunsetbeach #surfing",swamp
https://www.instagram.com/p/CQFKodfMFpw/,1770.jpg,2021-06-14 00:36:53,""" Kau tunduk kepada alam selama belum melihat Penciptanya. Jika kau telah menyaksikan-Nya maka alam akan tunduk kepadamu."" 

 ~  Ibnu Athaillah ~

Running and Swimming Time 

#running 
#swimming 
#runforhumanity 
#runforibadah 
#justicerunners 
#bugarsepanjangusia 
#keepstrong 
#staystrong 
#visitlampung 
#visitlampungselatan 
#silahturahmi
#ayolebihbaik",lagoon
https://www.instagram.com/p/CNOvj-XH77w/,1771.jpg,2021-04-04 04:18:34,"The Amazing lampung selatan
@elty_krakatoa 
#eltykrakatoaresort
#visitlampung 
#visitlampungselatan",lagoon
https://www.instagram.com/p/CdFzHQNvowb/,1772.jpg,2022-05-03 09:18:44,"Pesona Pantai Labuhan Jukung, Krui, Pesisir Barat, Lampung

Photo By 📷: @dwilenpicesa

Lets Go! Visit Pesisir Barat, Lampung

✅ Daerah Sangat Aman dan Kondusif
✅ Masyarakat Ramah-Ramah
✅ Menjunjung Tinggi Adat Istiadat & Kebudayaan
✅ Banyak Wisatawan International
✅ Ombak Surfing Yang Sudah Mendunia
✅ Cootage & Hotel Tersedia Lengkap

Dapatkan informasi foto terkini di Kabupaten Pesisir Barat, Go follow 👉 @pesisirbaratupdate @pesisirbaratupdate @pesisirbaratupdate

#pesisirbaratupdate #pesisirbarat #krui #pringsewu #lampung #pringsewulampung #bandarlampung #pesawaran #tanggamus #tulangbawangbarat #tulangbawang #lampungbarat #lampungselatan #lampungutara #travelingindonesia #lampungtengah #ijamitkrui #beach #traveling #holiday #wonderfulindonesia #wisata #pariwisata #explorelampung #pantai #pariwisataindonesia #beachphotography #diindonesiaaja #sunset #beachvibes",lagoon
https://www.instagram.com/p/CcAkeLhrgkw/,1773.jpg,2022-04-06 12:03:12,"Pict @idho.ha

Loc. Alau Alau Boutique Resort Kalianda

Visit 👉 www.ayokelampung.com

#ayokelampung #travel #tour #wisata #holiday #pesonaindonesia #travelphotography #visitindonesia #jalanjalan #wonderfulindonesia #like4like #wisataindonesia #lfl #wisatalampung #lampunggeh #lampung #genpilampung #bandarlampung #lampunginsta #lampungselatan #lampungbarat #lampunghits #lampungtengah #lampungtimur #lampungwisata #lampungkece #lampungyay #lampungeksis #lampungkeren #lampunggham",beach
https://www.instagram.com/p/Co9HWP7P1PO/,1774.jpg,2023-02-22 06:39:07,"Momen Pembukaan Krui Fair 2022 lalu.

Photo By 📷: @pemkabpesisirbarat

Bela dan Beli UMKM Pesisir Barat | Mari Kita Ramaikan Hastag #BangkitUMKM #BelaDanBeliUMKMPesisirBarat

Lets Go! Visit Krui, Pesisir Barat, Lampung

✅ Daerah Sangat Aman dan Kondusif
✅ Masyarakatnya Ramah-Ramah
✅ Menjunjung Tinggi Adat Istiadat & Kebudayaan
✅ Banyak Wisatawan International
✅ Ombak Surfing Yang Sudah Mendunia
✅ Keindahan Pantai Yang Sudah Mendunia
✅ Cootage & Hotel Tersedia Lengkap

#kruifair #kruifair2023 #beladanbeliprodukumkmpesisirbarat #kruipro #pesisirbarat #krui #pringsewu #lampung #pringsewulampung #bandarlampung #pesawaran #tanggamus #tulangbawangbarat #lampungbarat #lampungselatan #lampungutara #travelingindonesia #surf #ijamitkrui #beach #traveling  #wonderfulindonesia #pariwisata #explorelampung #pantai #pariwisataindonesia #surfing #tourism",bazaar/indoor
https://www.instagram.com/p/Cdwuw-pvX4W/,1775.jpg,2022-05-20 01:28:05,"Pantai Batu Mirau Malaya, Pesisir Barat, Lampung

Photo By 📷: @yyuni_08

Lets Go! Visit Pesisir Barat, Lampung

✅ Daerah Sangat Aman dan Kondusif
✅ Masyarakatnya Ramah-Ramah
✅ Menjunjung Tinggi Adat Istiadat & Kebudayaan
✅ Banyak Wisatawan International
✅ Ombak Surfing Yang Sudah Mendunia
✅ Cootage & Hotel Tersedia Lengkap

Dapatkan informasi foto terkini di Kabupaten Pesisir Barat, Go follow 👉 @pesisirbaratupdate @pesisirbaratupdate @pesisirbaratupdate

#pesisirbaratupdate #pesisirbarat #krui #pringsewu #lampung #pringsewulampung #bandarlampung #pesawaran #tanggamus #tulangbawangbarat #tulangbawang #lampungbarat #lampungselatan #lampungutara #travelingindonesia #lampungtengah #ijamitkrui #beach #traveling #holiday #wonderfulindonesia #wisata #pariwisata #explorelampung #pantai #pariwisataindonesia #beachphotography #diindonesiaaja #sunset #beachvibes",beach
https://www.instagram.com/p/CJ5k_foAHit/,1776.jpg,2021-01-11 09:27:58,"visit lampung yuuk , ada yg tau ga aku lagi piknik dimanaa ??! g kalah cantik kan sama pemandangan gunung fuji hheee 😀 , aku kemaren piknik dan berenang di laut kalianda lampung selatan, tepatnya di @elty_krakatoa , lautnya jernih bgt dan ombaknya relatif tenang kalian bs berenang, bs main floatis juga disana sambil nikmatin indahnya gunung rajabasa 😍, liburan dan tetap patuhi protokol kesehatan ya  #grandeltykrakatoa #pariwisatalampung #pantaikalianda",park
https://www.instagram.com/p/CrkISE7PZ6U/,1777.jpg,2023-04-28 03:20:27,"Pantai Labuhan Jukung, Krui, Pesisir Barat saat Hari Raya Idul Fitri 1444 H

Photo By 📷: @hagasha_aga

Lets Go! Visit Krui, Pesisir Barat, Lampung

✅ Daerah Sangat Aman dan Kondusif
✅ Masyarakatnya Ramah-Ramah
✅ Menjunjung Tinggi Adat Istiadat & Kebudayaan
✅ Banyak Wisatawan International
✅ Ombak Surfing Yang Sudah Mendunia
✅ Keindahan Pantai Yang Sudah Mendunia
✅ Cootage & Hotel Tersedia Lengkap

#pesisirbaratupdate #kruilampung #kruipesisirbarat #pesisirbarat #krui #pringsewu #lampung #pringsewulampung #bandarlampung #pesawaran #tanggamus #tulangbawangbarat #lampungbarat #lampungselatan #lampungutara #travelingindonesia #surf #ijamitkrui #beach #traveling #holiday #wonderfulindonesia #wisata #pariwisata #explorelampung #pantai #pariwisataindonesia #surfing #tourism",water park
https://www.instagram.com/p/CbUVgFWLyCE/,1778.jpg,2022-03-20 07:45:48,"Pengen nya sat set sat set
Tapi keuangan seret 😂😂
.
.
📍Taman Merdeka, Metro Lampung

Pict: @yyuni_08

Visit 👉 www.ayokelampung.com

#ayokelampung #travel #tour #wisata #holiday #pesonaindonesia #travelphotography #visitindonesia #jalanjalan #wonderfulindonesia #like4like #wisataindonesia #lfl #wisatalampung #lampunggeh #lampung #genpilampung #bandarlampung #lampunginsta #lampungselatan #lampungbarat #lampunghits #lampungtengah #lampungtimur #lampungwisata #lampungkece #lampungyay #lampungeksis #lampungkeren #lampunggham",park
https://www.instagram.com/p/Ccjw0_fPM4i/,1779.jpg,2022-04-20 04:04:35,"Sunset yang selalu memanggil, membuat rindu, dan membuat ingin kembali datang ke Krui, Pesisir Barat ❤️

Photo By 📷: @amelsbila_

11-17 Juni 2022 Ada Liga Surfing Dunia Krui Pro 2022. Lets Go! Visit Pesisir Barat, Lampung

✅ Daerah Sangat Aman dan Kondusif
✅ Masyarakatnya Ramah-ramah
✅ Menjunjung Tinggi Adat Istiadat & Kebudayaan
✅ Tersedia Perjalanan Akses Darat dan Udara
✅ Banyak Wisatawan International
✅ Ombak Surfing Yang Sudah Mendunia
✅ Cootage & Hotel Tersedia Lengkap

Dapatkan informasi foto terkini di Kabupaten Pesisir Barat, Go follow 👉 @pesisirbaratupdate @pesisirbaratupdate @pesisirbaratupdate

#pesisirbaratupdate #pesisirbarat #krui #pringsewu #lampung #pringsewulampung #bandarlampung #pesawaran #tanggamus #tulangbawangbarat #tulangbawang #lampungbarat #lampungselatan #lampungutara #ijamitkrui #lampungtengah #sunsetbeach #beach #traveling #holiday #wonderfulindonesia #wisata #pariwisata #explorelampung #pantai #pariwisataindonesia #beachphotography #ramadhan #sunset #beachvibes",ocean
https://www.instagram.com/p/CbxJDeMrJYt/,1780.jpg,2022-03-31 12:15:01,"Kerja, Nabung, Traveling.
Lalu ulangi 😂
.
📍Pantai klara 1, Lampung

Pict @yyuni_08

Visit 👉 www.ayokelampung.com

#ayokelampung #travel #tour #wisata #holiday #pesonaindonesia #travelphotography #visitindonesia #jalanjalan #wonderfulindonesia #like4like #wisataindonesia #lfl #wisatalampung #lampunggeh #lampung #genpilampung #bandarlampung #lampunginsta #lampungselatan #lampungbarat #lampunghits #lampungtengah #lampungtimur #lampungwisata #lampungkece #lampungyay #lampungeksis #lampungkeren #lampunggham",gazebo/exterior
https://www.instagram.com/p/Card8VCBK38/,1781.jpg,2022-03-04 10:50:42,"📍Pulau Kelagian Besar, Lampung

Foto: @yyuni_08

Visit 👉 www.ayokelampung.com

#ayokelampung #travel #tour #wisata #holiday #pesonaindonesia #travelphotography #visitindonesia #jalanjalan #wonderfulindonesia #like4like #wisataindonesia #lfl #wisatalampung #lampunggeh #lampung #genpilampung #bandarlampung #lampunginsta #lampungselatan #lampungbarat #lampunghits #lampungtengah #lampungtimur #lampungwisata #lampungkece #lampungyay #lampungeksis #lampungkeren #lampunggham",islet
https://www.instagram.com/p/CgMMMrOvA45/,1782.jpg,2022-07-19 10:27:33,"Pulau Pisang, Pesisir Barat, Lampung ☀️🌴

Photo By 📷: @mdfhynt 

Lets Go! Visit Krui, Pesisir Barat

✅ Daerah Sangat Aman dan Kondusif
✅ Masyarakat Ramah-Ramah
✅ Menjunjung Tinggi Adat Istiadat & Kebudayaan
✅ Banyak Wisatawan International
✅ Ombak Surfing Yang Sudah Mendunia
✅ Cootage & Hotel Tersedia Lengkap

Dapatkan informasi foto terkini di Kabupaten Pesisir Barat, Go follow 👉 @pesisirbaratupdate @pesisirbaratupdate @pesisirbaratupdate

#pesisirbaratupdate #pesisirbarat #krui #pringsewu #lampung #pringsewulampung #bandarlampung #pesawaran #tanggamus #tulangbawangbarat #tulangbawang #lampungbarat #lampungselatan #lampungutara #travelingindonesia #lampungtengah #ijamitkrui #beach #traveling #holiday #wonderfulindonesia #wisata #pariwisata #explorelampung #pantai #pariwisataindonesia #sunset #jakarta #sunsetbeach #surfing",islet
https://www.instagram.com/p/CgYlv18PuAT/,1783.jpg,2022-07-24 06:01:42,"Pengalaman pertama @sorayarasyid12 memanjat pohon damar berusia 300 tahun di Kabupaten Pesisir Barat, Lampung

Lets Go! Visit Krui, Pesisir Barat

✅ Daerah Sangat Aman dan Kondusif
✅ Masyarakat Ramah-Ramah
✅ Menjunjung Tinggi Adat Istiadat & Kebudayaan
✅ Banyak Wisatawan International
✅ Ombak Surfing Yang Sudah Mendunia
✅ Cootage & Hotel Tersedia Lengkap

Dapatkan informasi foto terkini di Kabupaten Pesisir Barat, Go follow 👉 @pesisirbaratupdate @pesisirbaratupdate @pesisirbaratupdate

#pesisirbaratupdate #pesisirbarat #krui #pringsewu #lampung #pringsewulampung #bandarlampung #pesawaran #tanggamus #tulangbawangbarat #tulangbawang #lampungbarat #lampungselatan #lampungutara #travelingindonesia #lampungtengah #ijamitkrui #beach #traveling #holiday #wonderfulindonesia #wisata #pariwisata #explorelampung #pantai #pariwisataindonesia #sunset #jakarta #sunsetbeach #surfing",rope bridge
https://www.instagram.com/p/CL9TZalg6Rf/,1784.jpg,2021-03-03 13:13:58,"Courtesy visit

Dalam rangka memperkuat kerjasama di bidang kehutanan , khususnya mangrove antara Korea dengan Indonesia (KIFC) hari  ini tim dari KEMENTERIAN LINGKUNGAN HIDUP DAN KEHUTANAN dan KIFC melakukan kunjungan ke Lampung,  dengan maksud untuk mengetahui secara langsung  keberhasilan Program PEN Mangrove di Desa Ketapang, Sumber Nadi dan Pematang Pasir, Lampung Selatan 
#kifc
#mangrove
#bpdashl 
#ditjen_pdashl 
#kemenlhk",attic
https://www.instagram.com/p/Ch_J44jPsvw/,1785.jpg,2022-09-02 02:00:02,"Udah pada siap-siap weekend kemana hari besok dan lusa? Ija Mit Krui, Happy weekend 😊☀️🌴

Photo By 📷: @lolaeyp

Lets Go! Visit Krui, Pesisir Barat

✅ Daerah Sangat Aman dan Kondusif
✅ Masyarakat Ramah-Ramah
✅ Menjunjung Tinggi Adat Istiadat & Kebudayaan
✅ Banyak Wisatawan International
✅ Ombak Surfing Yang Sudah Mendunia
✅ Cootage & Hotel Tersedia Lengkap

Dapatkan informasi foto terkini di Kabupaten Pesisir Barat, Go follow 👉 @pesisirbaratupdate @pesisirbaratupdate @pesisirbaratupdate

#pesisirbaratupdate #pesisirbarat #krui #pringsewu #lampung #pringsewulampung #bandarlampung #pesawaran #tanggamus #tulangbawangbarat #tulangbawang #lampungbarat #lampungselatan #lampungutara #travelingindonesia #lampungtengah #ijamitkrui #beach #traveling #holiday #wonderfulindonesia #wisata #pariwisata #explorelampung #pantai #pariwisataindonesia #sunset #jakarta #sunsetbeach #surfing",beach
https://www.instagram.com/p/CTeX0zShAfj/,1786.jpg,2021-09-06 09:07:22,"📍Kampung Laut Pulau Mahitam, Pesawaran, Lampung

Reposted from @kutaheriawan

Visit 👉 www.ayokelampung.com

@jokowi @kemensetneg.ri  @sandiuno @kemenparekraf.ri  @arinal_djunaidi @mbak_nunik @edarwan1962
@pariwisata_lampung @ekraf.lampung @rianasariarinal @ardito_wijaya @dharmasetyawan.com_ @payungiuniversity  @genpiindonesia @genpi_lampung 
.
#ayokelampung #travel #tour #wisata #holiday #pesonaindonesia #travelphotography #visitindonesia #jalanjalan #wonderfulindonesia #like4like #wisataindonesia #lfl #wisatalampung #lampunggeh #lampung #genpilampung #bandarlampung #lampunginsta #lampungselatan #lampungbarat #lampunghits #lampungtengah #lampungtimur #lampungwisata #lampungkece #lampungyay #lampungeksis #lampungkeren #lampunggham",hunting lodge/outdoor
https://www.instagram.com/p/CeH8ldwvPaA/,1787.jpg,2022-05-29 01:51:23,"Pulau Pisang, Pesisir Barat, Lampung

Photo By 📷: @ferryhu_

Lets Go! Visit Pesisir Barat, Lampung

✅ Daerah Sangat Aman dan Kondusif
✅ Masyarakatnya Ramah-Ramah
✅ Menjunjung Tinggi Adat Istiadat & Kebudayaan
✅ Banyak Wisatawan International
✅ Ombak Surfing Yang Sudah Mendunia
✅ Cootage & Hotel Tersedia Lengkap

Dapatkan informasi foto terkini di Kabupaten Pesisir Barat, Go follow 👉 @pesisirbaratupdate @pesisirbaratupdate @pesisirbaratupdate

#pesisirbaratupdate #pesisirbarat #krui #pringsewu #lampung #pringsewulampung #bandarlampung #pesawaran #tanggamus #tulangbawangbarat #tulangbawang #lampungbarat #lampungselatan #lampungutara #travelingindonesia #lampungtengah #ijamitkrui #beach #traveling #holiday #wonderfulindonesia #wisata #pariwisata #explorelampung #pantai #pariwisataindonesia #beachphotography #diindonesiaaja #sunset #beachvibes",pier
https://www.instagram.com/p/CcC7LM9LnHm/,1788.jpg,2022-04-07 10:00:04,"Lelah karena hobby adalah hal yang menyenangkan

Loc : Titian mutiara beach Kalianda Lampung

Pict: @bagas.geh

Visit 👉 www.ayokelampung.com

#ayokelampung #travel #tour #wisata #holiday #pesonaindonesia #travelphotography #visitindonesia #jalanjalan #wonderfulindonesia #like4like #wisataindonesia #lfl #wisatalampung #lampunggeh #lampung #genpilampung #bandarlampung #lampunginsta #lampungselatan #lampungbarat #lampunghits #lampungtengah #lampungtimur #lampungwisata #lampungkece #lampungyay #lampungeksis #lampungkeren #lampunggham",ocean
https://www.instagram.com/p/CWmRjBpBP_l/,1789.jpg,2021-11-23 00:20:37,"Mulai setiap harimu dengan pikiran positif dan hati yang bersyukur✨
.
Anjakni 📷 : @rezatrinilamsari_
🌎 : Temiangan Lampung Barat

Visit 👉 www.ayokelampung.com

@jokowi @kemensetneg.ri @sandiuno @kemenparekraf.ri @arinal_djunaidi @mbak_nunik @edarwan1962
@pariwisata_lampung @ekraf.lampung @rianasariarinal @ardito_wijaya @dharmasetyawan.com_ @payungiuniversity @genpiindonesia @genpi_lampung
.
#ayokelampung #travel #tour #wisata #holiday #pesonaindonesia #travelphotography #visitindonesia #jalanjalan #wonderfulindonesia #like4like #wisataindonesia #lfl #wisatalampung #lampunggeh #lampung #genpilampung #bandarlampung #lampunginsta #lampungselatan #lampungbarat #lampunghits #lampungtengah #lampungtimur #lampungwisata #lampungkece #lampungyay #lampungeksis #lampungkeren #lampunggham",tundra
https://www.instagram.com/p/CNbbKx8H09_/,1790.jpg,2021-04-09 02:30:29,"Bismillah.
.
Alhamdulillah pertemuan dengan bapak bupati Nanang Ermanto dan ibu Winarni Nanang Ermanto sebagai Ketua Dekranasda Lamsel, berjalan lancar dan sukses.
.
Untuk live instagram bisa ditonton di IGTV.
Semoga pariwisata Lamsel dan UMKM nya bisa semakin berkembang .
.
Thank you for the hospitality during our visit. 
.
#asahkebaikan 
#asahkebaikantrip 
#asahkebaikangoestolampung 
#lampungselatan 
#dekranasdalampungselatan
#kalianda 
#alhamdulillah",arch
https://www.instagram.com/p/CUrqxlWpuYY/,1791.jpg,2021-10-06 09:34:28,".
Main dulu ah😂
#Repost @nurhdy.s 

📍 Perengan Anteng, Jati Agung Lampung Selatan
Visit 👉www.ayokelampung.com

Salam Generasi Pesona Indonesia
Lapah Gham Jamo-Jamo Ngelestareiken Bumi Lampung

Visit www.genpilampung.com

@jokowi @kemensetneg.ri 
@sandiuno @kemenparekraf.ri 
@dwita_ria @ellanuryamah @dpr_ri @ustadzabdulhakim @jihanchalim @dpdri
@arinal_djunaidi @pemprov.lampung
@mbak_nunik @pemprovlampung_
@rianasariarinal @pkk_provinsi_lampung
@edarwan1962 @pariwisata_lampung
@vera_moz76 @ekraf.lampun @lyanda_melly
@elhannidjafar @heliana.dewi @perindaglampung
@ellywahyuni.s @ade_ui @vittorio_dwison @lestyputriii
@wahrulfauzisilalahi @dprdlampung 
@dharmasetyawan.com_ @payungiuniversity
@infogeh @ayokelampung.com_ @lampung.media
@mbakjhe @genpiindonesia @wonderful.indonesiaku
@abdulrohmanwahidone @genpi_lampung

#genpi #genpilampung #genpilampung2021 #generasipesonaindonesia #pesonaindonesia #wonderfulindonesia #salamgenpigasgasgas #AyokeLampung #kelampungkeren #dilampungaja #diindonesiaaja #lampung #bandarlampung #kotametro #lampungbarat #lampungutara #lampungtimur #lampungtengah #lampungselatan #tanggamus #pringsewu #pesawaran #pesisirbarat #mesuji #waykanan #tulangbawang #tulangbawangbarat #love #lampungberjaya",rope bridge
https://www.instagram.com/p/CR-Gsfah-mR/,1792.jpg,2021-07-30 23:50:35,"Carilah yang sepaham, karena yang sejalan belum tentu memahami :) 

📍 Punggung Naga, way ratai, padang cermin, Kab Pesawaran, Lampung

Reposted from @gagitugii

Visit 👉 www.ayokelampung.com

@jokowi @kemensetneg.ri  @sandiuno @kemenparekraf.ri  @arinal_djunaidi @mbak_nunik @edarwan1962
@pariwisata_lampung @ekraf.lampung @rianasariarinal @ardito_wijaya @dharmasetyawan.com_ @payungiuniversity  @genpiindonesia @genpi_lampung 
.
#ayokelampung #travel #tour #wisata #pesonaindonesia #travelphotography #visitindonesia #jalanjalan #wonderfulindonesia #like4like #wisataindonesia #lfl #wisatalampung #lampunggeh #lampung #lampungkeren #genpilampung #bandarlampung #lampunginsta #lampungselatan #lampungbarat #lampunghits #lampungtengah #lampungtimur #lampungwisata #lampungkece #lampungyay #lampungeksis #lampungkeren #lampunggham",rainforest
https://www.instagram.com/p/CcPtvD-LH37/,1793.jpg,2022-04-12 09:12:45,"Cintai ususmu, liat aku tiap hari😋

.Reposted from @indhmeilia
📍Persawahan Rejomulyo - Metro Selatan

📸 : @darwanwanee

Visit 👉 www.ayokelampung.com

#ayokelampung #travel #tour #wisata #holiday #pesonaindonesia #travelphotography #visitindonesia #jalanjalan #wonderfulindonesia #like4like #wisataindonesia #lfl #wisatalampung #lampunggeh #lampung #genpilampung #bandarlampung #lampunginsta #lampungselatan #lampungbarat #lampunghits #lampungtengah #lampungtimur #lampungwisata #lampungkece #lampungyay #lampungeksis #lampungkeren #lampunggham",field/wild
https://www.instagram.com/p/CUmva_QhMfB/,1794.jpg,2021-10-04 11:38:52,"Have a nice day

Repost from : @frd_ansych 
📍: Krui, Pesisir Barat

Visit 👉 www.ayokelampung.com

@jokowi @kemensetneg.ri  @sandiuno @kemenparekraf.ri  @arinal_djunaidi @mbak_nunik @edarwan1962
@pariwisata_lampung @ekraf.lampung @rianasariarinal @ardito_wijaya @dharmasetyawan.com_ @payungiuniversity  @genpiindonesia @genpi_lampung 
.
#ayokelampung #travel #tour #wisata #holiday #pesonaindonesia #travelphotography #visitindonesia #jalanjalan #wonderfulindonesia #like4like #wisataindonesia #lfl #wisatalampung #lampunggeh #lampung #genpilampung #bandarlampung #lampunginsta #lampungselatan #lampungbarat #lampunghits #lampungtengah #lampungtimur #lampungwisata #lampungkece #lampungyay #lampungeksis #lampungkeren #lampunggham",lagoon
https://www.instagram.com/p/CfOuYW5B5_t/,1795.jpg,2022-06-25 13:33:20,"Man-tai di @telukhantuu

Pict @daniellpambudi

📍Teluk Hantu, Pagar Jaya, Pesawaran, Lampung.

Visit 👉 www.ayokelampung.com

#ayokelampung #travel #tour #wisata #holiday #pesonaindonesia #travelphotography #visitindonesia #jalanjalan #wonderfulindonesia #like4like #wisataindonesia #lfl #wisatalampung #lampunggeh #lampung #genpilampung #bandarlampung #lampunginsta #lampungselatan #lampungbarat #lampunghits #lampungtengah #lampungtimur #lampungwisata #lampungkece #lampungyay #lampungeksis #lampungkeren #lampunggham",volleyball court/outdoor
https://www.instagram.com/p/CTuKnUGpWhf/,1796.jpg,2021-09-12 12:19:46,".
Cowok pinter gak suka cewek yang paling cantik sedunia tapi suka cewek yang bikin dunia jadi cantik😜

📍Lokasi Taman Sabin Pringsewu
📸Repost @gandisretnosafitri

Salam Generasi Pesona Indonesia
Lapah Gham Jamo-Jamo Ngelestareiken Bumi Lampung

Visit www.genpilampung.com

@jokowi @kemensetneg.ri 
@sandiuno @kemenparekraf.ri 
@arinal_djunaidi @mbak_nunik 
@rianasariarinal @pkk_provinsi_lampung
@edarwan1962 @pariwisata_lampung
@vera_moz76 @ekraf.lampun @perindaglampung
@ade_ui @wahrulfauzisilalahi @dprdlampung 
@dharmasetyawan.com_ @payungiuniversity
@infogeh @ayokelampung.com_ @lampung.media
@mbakjhe @genpiindonesia @wonderful.indonesiaku
@abdulrohmanwahidone @genpi_lampung
@selampung @pringsewuupdate

#genpi #genpilampung #genpilampung2021 #generasipesonaindonesia #pesonaindonesia #wonderfulindonesia #salamgenpigasgasgas #AyokeLampung #kelampungkeren #dilampungaja #diindonesiaaja #lampung #bandarlampung #kotametro #lampungbarat #lampungutara #lampungtimur #lampungtengah #lampungselatan #tanggamus #pringsewu #pesawaran #pesisirbarat #mesuji #waykanan #tulangbawang #tulangbawangbarat #tamansabin#tamansabinpringsewu #hijabstyle",boardwalk
https://www.instagram.com/p/CSYy8vWBAkk/,1797.jpg,2021-08-10 08:37:32,"Pulau Mengkudu, Desa Totoharjo, Kecamatan Kalianda, Kabupaten Lampung Selatan. 

Repost @indsundarii21

Visit 👉 www.ayokelampung.com

@jokowi @kemensetneg.ri  @sandiuno @kemenparekraf.ri  @arinal_djunaidi @mbak_nunik @edarwan1962
@pariwisata_lampung @ekraf.lampung @rianasariarinal @ardito_wijaya @dharmasetyawan.com_ @payungiuniversity  @genpiindonesia @genpi_lampung 
.
#ayokelampung #travel #tour #wisata #holiday #pesonaindonesia #travelphotography #visitindonesia #jalanjalan #wonderfulindonesia #like4like #wisataindonesia #lfl #wisatalampung #lampunggeh #lampung #genpilampung #bandarlampung #lampunginsta #lampungselatan #lampungbarat #lampunghits #lampungtengah #lampungtimur #lampungwisata #lampungkece #lampungyay #lampungeksis #lampungkeren #lampunggham",lagoon
https://www.instagram.com/p/CeXzHKnBeup/,1798.jpg,2022-06-04 05:36:27,"Terbangun di Surga, Vitaminsea❤️

Pict @_ayuafita

📍Pantai Kedu Warna, Kalianda, Lampung Selatan. 

Visit 👉 www.ayokelampung.com

#ayokelampung #travel #tour #wisata #holiday #pesonaindonesia #travelphotography #visitindonesia #jalanjalan #wonderfulindonesia #like4like #wisataindonesia #lfl #wisatalampung #lampunggeh #lampung #genpilampung #bandarlampung #lampunginsta #lampungselatan #lampungbarat #lampunghits #lampungtengah #lampungtimur #lampungwisata #lampungkece #lampungyay #lampungeksis #lampungkeren #lampunggham",beach
https://www.instagram.com/p/CUFiVsohRj-/,1799.jpg,2021-09-21 14:09:37,"Lampung Selatan juga punya wisata air terjun yang indah loh, namanya adalah air terjun way tayas.
Suasana air terjun ini terbilang sangat alami dan memberi rasa tenang.

Repost from : @samudraikwanul 

📍Air Terjun Way Tayas Kalianda, Lampung Selatan

Visit 👉 www.ayokelampung.com

@jokowi @kemensetneg.ri  @sandiuno @kemenparekraf.ri  @arinal_djunaidi @mbak_nunik @edarwan1962
@pariwisata_lampung @ekraf.lampung @rianasariarinal @ardito_wijaya @dharmasetyawan.com_ @payungiuniversity  @genpiindonesia @genpi_lampung 
.
#ayokelampung #travel #tour #wisata #holiday #pesonaindonesia #travelphotography #visitindonesia #jalanjalan #wonderfulindonesia #like4like #wisataindonesia #lfl #wisatalampung #lampunggeh #lampung #genpilampung #bandarlampung #lampunginsta #lampungselatan #lampungbarat #lampunghits #lampungtengah #lampungtimur #lampungwisata #lampungkece #lampungyay #lampungeksis #lampungkeren #lampunggham",waterfall
https://www.instagram.com/p/CVKW5rBPqY6/,1800.jpg,2021-10-18 07:37:16,"""Gingercoffee""
Nikamat nya aroma kopi berpadu dengan hangat nya jahè murni,bikin ngopi kamu makin nikmat😉

Yuk,ajak keluarga,teman dan juga pasangan kamu ngopi bareng di Cafe kami😍

#dsascafeandresto #kopienak #coffeehot #indonesiafood #kulinerlampungenak2 #kopilampung #kaliandaig #kopinikmat #lampungkeren #lampungselatan #lfl❤️ #followforfollowback 

Buka setiap hari :
Pukul 09.00 s/d 21.00 WIB

Visit us,
📍Jl trans sumatra km,57 kec,kalianda kab,lampung selatan 35513 indonesia (Depan kodim kalianda,lampung selatan)",beer garden
https://www.instagram.com/p/CTHUhgPhvk-/,1801.jpg,2021-08-28 10:15:59,"🌊 Pantai Kedu Warna, Sinar Laut, Kalianda Lampung Selatan

Masih tentang senja.....
.
Reposted from @01_zulkifli 
.
Visit 👉 www.ayokelampung.com

@jokowi @kemensetneg.ri  @sandiuno @kemenparekraf.ri  @arinal_djunaidi @mbak_nunik @edarwan1962
@pariwisata_lampung @ekraf.lampung @rianasariarinal @ardito_wijaya @dharmasetyawan.com_ @payungiuniversity  @genpiindonesia @genpi_lampung 
.
#ayokelampung #travel #tour #wisata #holiday #pesonaindonesia #travelphotography #visitindonesia #jalanjalan #wonderfulindonesia #like4like #wisataindonesia #lfl #wisatalampung #lampunggeh #lampung #genpilampung #bandarlampung #lampunginsta #lampungselatan #lampungbarat #lampunghits #lampungtengah #lampungtimur #lampungwisata #lampungkece #lampungyay #lampungeksis #lampungkeren #lampunggham",beach
https://www.instagram.com/p/Cduq_bPhsw_/,1802.jpg,2022-05-19 06:16:38,"Jika sedang mencari tempat bermain anak di Lampung dengan suasana alam yang masih asri, datanglah ke Wira Garden Bandar Lampung.

Pict @ryonyoga

📍Wira Garden, Jl. Wan Adburahman, Batu Putu, Kec. Teluk Betung Utara, Kota Bandar Lampung, Lampung. 

Visit 👉 www.ayokelampung.com

#ayokelampung #travel #tour #wisata #holiday #pesonaindonesia #travelphotography #visitindonesia #jalanjalan #wonderfulindonesia #like4like #wisataindonesia #lfl #wisatalampung #lampunggeh #lampung #genpilampung #bandarlampung #lampunginsta #lampungselatan #lampungbarat #lampunghits #lampungtengah #lampungtimur #lampungwisata #lampungkece #lampungyay #lampungeksis #lampungkeren #lampunggham",rainforest
https://www.instagram.com/p/CeVmaQ_hdee/,1803.jpg,2022-06-03 09:06:59,"Kebahagiaan yang kita rasakan belum sempurna sebelum kita merasakan kebahagiaan yang timbul karena merasakan keindahan alam.

Pict @rahmazr12

📍Bukit Sakura, Langkapura, Bandar Lampung, Lampung. 

Visit 👉 www.ayokelampung.com

#ayokelampung #travel #tour #wisata #holiday #pesonaindonesia #travelphotography #visitindonesia #jalanjalan #wonderfulindonesia #like4like #wisataindonesia #lfl #wisatalampung #lampunggeh #lampung #genpilampung #bandarlampung #lampunginsta #lampungselatan #lampungbarat #lampunghits #lampungtengah #lampungtimur #lampungwisata #lampungkece #lampungyay #lampungeksis #lampungkeren #lampunggham",greenhouse/indoor
https://www.instagram.com/p/CdsXPKmBjwo/,1804.jpg,2022-05-18 08:45:32,"Metamorfase dari ulat menjadi kupu-kupu

Pict @sitimdwmh

📍Pantai Marina, Kalianda Lampung Selatan

Visit 👉 www.ayokelampung.com

#ayokelampung #travel #tour #wisata #holiday #pesonaindonesia #travelphotography #visitindonesia #jalanjalan #wonderfulindonesia #like4like #wisataindonesia #lfl #wisatalampung #lampunggeh #lampung #genpilampung #bandarlampung #lampunginsta #lampungselatan #lampungbarat #lampunghits #lampungtengah #lampungtimur #lampungwisata #lampungkece #lampungyay #lampungeksis #lampungkeren #lampunggham",beach
https://www.instagram.com/p/CaEVYvrLf7C/,1805.jpg,2022-02-17 06:05:34,"Latih piikiran supaya lebih kuat dari perasaaan 🍃
.
🍁 Air Tejun Way Tayas, Rajabasa, Lampung Selatan.

Pict @aisyhnraini

Visit 👉 www.ayokelampung.com

#ayokelampung #travel #tour #wisata #holiday #pesonaindonesia #travelphotography #visitindonesia #jalanjalan #wonderfulindonesia #like4like #wisataindonesia #lfl #wisatalampung #lampunggeh #lampung #genpilampung #bandarlampung #lampunginsta #lampungselatan #lampungbarat #lampunghits #lampungtengah #lampungtimur #lampungwisata #lampungkece #lampungyay #lampungeksis #lampungkeren #lampunggham",waterfall
https://www.instagram.com/p/CZTvMBFLI2e/,1806.jpg,2022-01-29 09:08:14,"Lokasi 📍 Pantai TISKA (Taman Indah Srengsem Kereta Api)- Srengsem, Panjang, Bandar Lampung.
••
••
Untuk kalian yang belum kesini, Ayok geh otw ke @pantai_tiska
Ditunggu yaa :)..
...
📸@revizenifa

Repost @chorysefrika

Visit 👉 www.ayokelampung.com

@jokowi @kemensetneg.ri @sandiuno @kemenparekraf.ri @arinal_djunaidi @mbak_nunik @edarwan1962
@pariwisata_lampung @ekraf.lampung @rianasariarinal @ardito_wijaya @dharmasetyawan.com_ @payungiuniversity @genpiindonesia @genpi_lampung
.
#ayokelampung #travel #tour #wisata #holiday #pesonaindonesia #travelphotography #visitindonesia #jalanjalan #wonderfulindonesia #like4like #wisataindonesia #lfl #wisatalampung #lampunggeh #lampung #genpilampung #bandarlampung #lampunginsta #lampungselatan #lampungbarat #lampunghits #lampungtengah #lampungtimur #lampungwisata #lampungkece #lampungyay #lampungeksis #lampungkeren #lampunggham",playground
https://www.instagram.com/p/CZ4IYC1v4c-/,1807.jpg,2022-02-12 12:20:59,"Pantai Melasti, Pesisir Barat, Lampung

Photo By 📷: @wan_harp 

Lets Go! Visit Pesisir Barat, Lampung

✅ Daerah Sangat Aman dan Kondusif
✅ Masyarakatnya Ramah-Ramah
✅ Menjunjung Tinggi Adat Istiadat & Kebudayaan
✅ Banyak Wisatawan International
✅ Ombak Surfing Yang Sudah Mendunia
✅ Cootage & Hotel Tersedia Lengkap
✅ Kulinernya Mantap dan Sedap Banget!

Dapatkan informasi foto terkini di Kabupaten Pesisir Barat, Go follow 👉 @pesisirbaratupdate @pesisirbaratupdate @pesisirbaratupdate

#pesisirbaratupdate #pesisirbarat #krui #pringsewu #lampung #pringsewulampung #bandarlampung #pesawaran #tanggamus #tulangbawangbarat #tulangbawang #lampungbarat #lampungselatan #lampungutara #travelingindonesia #lampungtengah #wonderfullindonesia #beach #traveling #holiday #wonderfulindonesia #wisata #pariwisata #explorelampung #pantai #pariwisataindonesia #beachphotography #beachday #sunset #beachvibes",promenade
https://www.instagram.com/p/CUU__eaBVy4/,1808.jpg,2021-09-27 14:17:20,"Yang sudah dibawa naik, jangan lupa dibawa turun :)

Repost from: @ranggamarandanu 

📍: Bukit Punggur, Talang Mangga, Kasuai, Way Kanan, Lampung.

Visit 👉 www.ayokelampung.com

@jokowi @kemensetneg.ri  @sandiuno @kemenparekraf.ri  @arinal_djunaidi @mbak_nunik @edarwan1962
@pariwisata_lampung @ekraf.lampung @rianasariarinal @ardito_wijaya @dharmasetyawan.com_ @payungiuniversity  @genpiindonesia @genpi_lampung 
.
#ayokelampung #travel #tour #wisata #holiday #pesonaindonesia #travelphotography #visitindonesia #jalanjalan #wonderfulindonesia #like4like #wisataindonesia #lfl #wisatalampung #lampunggeh #lampung #genpilampung #bandarlampung #lampunginsta #lampungselatan #lampungbarat #lampunghits #lampungtengah #lampungtimur #lampungwisata #lampungkece #lampungyay #lampungeksis #lampungkeren #lampunggham",sky
https://www.instagram.com/p/CTrDW-4B8_l/,1809.jpg,2021-09-11 07:18:39,"Tidak ada tempat yang lebih baik untuk menemukan dirimu, 
selain duduk di tepi air terjun dan mendengar suaranya 

Shoot by :@ekamaulanaiqbal_18
-
-
-
📍 air terjun jarum ,datar lebuay , air naninggan ,kab tangamus . Lampung
-
-
Visit 👉 www.ayokelampung.com

Repost from : @aldirahman420

@jokowi @kemensetneg.ri  @sandiuno @kemenparekraf.ri  @arinal_djunaidi @mbak_nunik @edarwan1962
@pariwisata_lampung @ekraf.lampung @rianasariarinal @ardito_wijaya @dharmasetyawan.com_ @payungiuniversity  @genpiindonesia @genpi_lampung 
.
#ayokelampung #travel #tour #wisata #holiday #pesonaindonesia #travelphotography #visitindonesia #jalanjalan #wonderfulindonesia #like4like #wisataindonesia #lfl #wisatalampung #lampunggeh #lampung #genpilampung #bandarlampung #lampunginsta #lampungselatan #lampungbarat #lampunghits #lampungtengah #lampungtimur #lampungwisata #lampungkece #lampungyay #lampungeksis #lampungkeren #lampunggham",waterfall
https://www.instagram.com/p/CcKNoBcrvL1/,1810.jpg,2022-04-10 05:55:58,"Jangan tenggelam dengan masa lalu
Hidup itu kedepan bukan ke belakang jadi pikirkan masa depan

Lokasi : air terjun ciupang way ratai pesawaran

Pict. @bagas.geh

Visit 👉 www.ayokelampung.com

#ayokelampung #travel #tour #wisata #holiday #pesonaindonesia #travelphotography #visitindonesia #jalanjalan #wonderfulindonesia #like4like #wisataindonesia #lfl #wisatalampung #lampunggeh #lampung #genpilampung #bandarlampung #lampunginsta #lampungselatan #lampungbarat #lampunghits #lampungtengah #lampungtimur #lampungwisata #lampungkece #lampungyay #lampungeksis #lampungkeren #lampunggham",waterfall
https://www.instagram.com/p/CSMX8FOFh1c/,1811.jpg,2021-08-05 12:50:38,"Selamat pagi, manusia hahahehe

📍MT Seminung 1881 MDPL

Repost @yosefstwn_ 

Visit 👉 www.ayokelampung.com

@jokowi @kemensetneg.ri  @sandiuno @kemenparekraf.ri  @arinal_djunaidi @mbak_nunik @edarwan1962
@pariwisata_lampung @ekraf.lampung @rianasariarinal @ardito_wijaya @dharmasetyawan.com_ @payungiuniversity  @genpiindonesia @genpi_lampung 
.
#ayokelampung #travel #tour #wisata #holiday #pesonaindonesia #travelphotography #visitindonesia #jalanjalan #wonderfulindonesia #like4like #wisataindonesia #lfl #wisatalampung #lampunggeh #lampung #genpilampung #bandarlampung #lampunginsta #lampungselatan #lampungbarat #lampunghits #lampungtengah #lampungtimur #lampungwisata #lampungkece #lampungyay #lampungeksis #lampungkeren #lampunggham",volcano
https://www.instagram.com/p/CWuAa3xhHBV/,1812.jpg,2021-11-26 00:24:52,"Tuhan, kalau dia jodohku tolong dekatkan. Kalau bukan tolong dekatkanlah dengan-MU..😪😌

Jembatan BUnut Lampung TImur 

Reposted from @normaema09

 Visit 👉 www.ayokelampung.com

@jokowi @kemensetneg.ri  @sandiuno @kemenparekraf.ri  @arinal_djunaidi @mbak_nunik @edarwan1962
@pariwisata_lampung @ekraf.lampung @rianasariarinal @ardito_wijaya @dharmasetyawan.com_ @payungiuniversity  @genpiindonesia @genpi_lampung 
.
#ayokelampung #travel #tour #wisata #holiday #pesonaindonesia #travelphotography #visitindonesia #jalanjalan #wonderfulindonesia #like4like #wisataindonesia #lfl #wisatalampung #lampunggeh #lampung #genpilampung #bandarlampung #lampunginsta #lampungselatan #lampungbarat #lampunghits #lampungtengah #lampungtimur #lampungwisata #lampungkece #lampungyay #lampungeksis #lampungkeren #lampunggham",lock chamber
https://www.instagram.com/p/CeVkWYFBpYg/,1813.jpg,2022-06-03 08:48:58,"sometimes wounds come from people we think are good

Pict @agnesninda

📍Pantai Mutun, Pesawaran, Lampung. 

Visit 👉 www.ayokelampung.com

#ayokelampung #travel #tour #wisata #holiday #pesonaindonesia #travelphotography #visitindonesia #jalanjalan #wonderfulindonesia #like4like #wisataindonesia #lfl #wisatalampung #lampunggeh #lampung #genpilampung #bandarlampung #lampunginsta #lampungselatan #lampungbarat #lampunghits #lampungtengah #lampungtimur #lampungwisata #lampungkece #lampungyay #lampungeksis #lampungkeren #lampunggham",islet
https://www.instagram.com/p/CbM30Dgri1-/,1814.jpg,2022-03-17 10:11:42,"Shine ✨
.
Loct : Pulau Sekepal, Bakauheni, Lampung Selatan

Repost @odi_mudirul

Visit 👉 www.ayokelampung.com

#ayokelampung #travel #tour #wisata #holiday #pesonaindonesia #travelphotography #visitindonesia #jalanjalan #wonderfulindonesia #like4like #wisataindonesia #lfl #wisatalampung #lampunggeh #lampung #genpilampung #bandarlampung #lampunginsta #lampungselatan #lampungbarat #lampunghits #lampungtengah #lampungtimur #lampungwisata #lampungkece #lampungyay #lampungeksis #lampungkeren #lampunggham",islet
https://www.instagram.com/p/CcX8PfTJohc/,1815.jpg,2022-04-15 13:53:26,"Enjoy life✨
.
Loct : Pantai Puri Gading, TBB, Bandar Lampung
.
Pict. @odi_mudirul

Visit 👉 www.ayokelampung.com

#ayokelampung #travel #tour #wisata #holiday #pesonaindonesia #travelphotography #visitindonesia #jalanjalan #wonderfulindonesia #like4like #wisataindonesia #lfl #wisatalampung #lampunggeh #lampung #genpilampung #bandarlampung #lampunginsta #lampungselatan #lampungbarat #lampunghits #lampungtengah #lampungtimur #lampungwisata #lampungkece #lampungyay #lampungeksis #lampungkeren #lampunggham",gazebo/exterior
https://www.instagram.com/p/CeivLC6Br4x/,1816.jpg,2022-06-08 11:33:40,"🤍🕊

Pict @marchellaandaniii

📍kalianda

Visit 👉 www.ayokelampung.com

#ayokelampung #travel #tour #wisata #holiday #pesonaindonesia #travelphotography #visitindonesia #jalanjalan #wonderfulindonesia #like4like #wisataindonesia #lfl #wisatalampung #lampunggeh #lampung #genpilampung #bandarlampung #lampunginsta #lampungselatan #lampungbarat #lampunghits #lampungtengah #lampungtimur #lampungwisata #lampungkece #lampungyay #lampungeksis #lampungkeren #lampunggham",lagoon
https://www.instagram.com/p/CeVloMJhgqd/,1817.jpg,2022-06-03 09:00:09,"Selamat pagi pugung penengahan

Pict @frd_ansych

📍Pantai Pugung Penengahan

Visit 👉 www.ayokelampung.com

#ayokelampung #travel #tour #wisata #holiday #pesonaindonesia #travelphotography #visitindonesia #jalanjalan #wonderfulindonesia #like4like #wisataindonesia #lfl #wisatalampung #lampunggeh #lampung #genpilampung #bandarlampung #lampunginsta #lampungselatan #lampungbarat #lampunghits #lampungtengah #lampungtimur #lampungwisata #lampungkece #lampungyay #lampungeksis #lampungkeren #lampunggham",beach
https://www.instagram.com/p/CbmVUTULA-d/,1818.jpg,2022-03-27 07:30:31,"Wisata Keluarga cek 👉
Terletak di Lampung Selatan guys. Dekat sekali dari pusat kota bandar Lampung.
Cocok banget untuk berwisata bersama keluarga sambil mancing bersama.. uhmm 🤤
-

Lokasi. 📍 Villa Pemancingan Raja, Sabah balau, Lampung Selatan.
@villapemancinganraja

Repost: @chorysefrika

Visit 👉 www.ayokelampung.com

#ayokelampung #travel #tour #wisata #holiday #pesonaindonesia #travelphotography #visitindonesia #jalanjalan #wonderfulindonesia #like4like #wisataindonesia #lfl #wisatalampung #lampunggeh #lampung #genpilampung #bandarlampung #lampunginsta #lampungselatan #lampungbarat #lampunghits #lampungtengah #lampungtimur #lampungwisata #lampungkece #lampungyay #lampungeksis #lampungkeren #lampunggham",chalet
https://www.instagram.com/p/CZZW6vcJCM0/,1819.jpg,2022-01-31 13:31:36,"Sudah banyak drama yg telah di lalui brodii..

📍 Air terjun waytayas Kalianda Lampung Selatan

Repost from @jndn169

Visit 👉 www.ayokelampung.com

@jokowi @kemensetneg.ri @sandiuno @kemenparekraf.ri @arinal_djunaidi @mbak_nunik @edarwan1962
@pariwisata_lampung @ekraf.lampung @rianasariarinal @ardito_wijaya @dharmasetyawan.com_ @payungiuniversity @genpiindonesia @genpi_lampung
.
#ayokelampung #travel #tour #wisata #holiday #pesonaindonesia #travelphotography #visitindonesia #jalanjalan #wonderfulindonesia #like4like #wisataindonesia #lfl #wisatalampung #lampunggeh #lampung #genpilampung #bandarlampung #lampunginsta #lampungselatan #lampungbarat #lampunghits #lampungtengah #lampungtimur #lampungwisata #lampungkece #lampungyay #lampungeksis #lampungkeren #lampunggham",waterfall
https://www.instagram.com/p/Cb4UdTiL_qt/,1820.jpg,2022-04-03 07:09:21,"Dan pada akhirnya,sebagai mana yg sudah tertakar,tidak kan pernah tertukar.
➖➖➖➖➖➖➖➖➖➖➖➖

Pict @nindyzero_

📍@titianmutiarabeach
Pantai Titian Mutiara,Lampung Selatan.

Visit 👉 www.ayokelampung.com

#ayokelampung #travel #tour #wisata #holiday #pesonaindonesia #travelphotography #visitindonesia #jalanjalan #wonderfulindonesia #like4like #wisataindonesia #lfl #wisatalampung #lampunggeh #lampung #genpilampung #bandarlampung #lampunginsta #lampungselatan #lampungbarat #lampunghits #lampungtengah #lampungtimur #lampungwisata #lampungkece #lampungyay #lampungeksis #lampungkeren #lampunggham",ocean
https://www.instagram.com/p/DFTsNX_TOd2/,1821.jpg,2025-01-26 23:43:32,"Good Morning, Happy Long Weekend everyone❗️

#liburan #sisaliburan #liburanmurah #liburpanjang #holiday #morning #pagi #love #🤩 #lampunggeh #lamsel #palas #bangunan",gazebo/exterior
https://www.instagram.com/p/CXfT3kILnfo/,1822.jpg,2021-12-15 03:57:36,"Menyukai bukan berarti harus memiliki 
Itulah aku ketika buka shopee 

Shopee cod 
Shopee cod
Bayar - bayar di tempat 

______________________________________

#shoope_id #shoope #liburan #menarasiger #sunset #traveling #lampunggehh #lamsel",desert/vegetation
https://www.instagram.com/p/CUzaCqgvrsz/,1823.jpg,2021-10-09 09:42:10,"Ayo perkuat imun dengan berwisata sehat berprotokol kesehatan di  #Lembahhijau.id
@tamansatwalembahhijaulampung 

Keceriaan dan semangat bisa jadikan imun tubuh kamu lebih kuat  dan nikmati udara segar dengan suasana alam yang hijau.
Tambah pengetahuan tentang satwa dan jangan lewatkan segarnya berwisata air di Waterboom Lembah Hijau
Ambil 2 wahana lebih seru lebih hemat😄

Info lebih lanjut 07218050000
081379788807 yudi
08984197153 eka
www.lembahhijau.id

Taman Wisata Lembah Hijau Lampung
Jl Radin Imba kesuma Ratu No 21.Kel.Sukadanaham.Kec Tanjung karang Barat - Bandar Lampung.

#wisata #liburan #piknik #destinasi#lampung #wisatasehatlembahhijau #tamanwisatalembahhijau #lembahhijau.id #wisataalam #wisataedukasi #oki #oku #baturaja#sumsel #lamsel #lampung #baturajaupdate #palembanginfo #lampunginfo #infolampung #vloger #traveler #wisatasehat  #2021 #lembahhijaulampung",watering hole
https://www.instagram.com/p/CVDD9xpvqep/,1824.jpg,2021-10-15 11:37:07,".
Ayo perkuat imun dengan berwisata sehat berprotokol kesehatan di  #Lembahhijau.id
@tamansatwalembahhijaulampung 

Keceriaan dan semangat bisa jadikan imun tubuh kamu lebih kuat  dan nikmati udara segar dengan suasana alam yang hijau.
Tambah pengetahuan tentang satwa dan jangan lewatkan segarnya berwisata air di Waterboom Lembah Hijau
Ambil 2 wahana lebih seru lebih hemat😄

Info lebih lanjut 07218050000
081379788807 yudi
08984197153 eka
www.lembahhijau.id

Taman Wisata Lembah Hijau Lampung
Jl Radin Imba kesuma Ratu No 21.Kel.Sukadanaham.Kec Tanjung karang Barat - Bandar Lampung.

#wisata #liburan #piknik #destinasi#lampung #wisatasehatlembahhijau #tamanwisatalembahhijau #lembahhijau.id #wisataalam #wisataedukasi #oki #oku #baturaja#sumsel #lamsel #lampung #baturajaupdate #palembanginfo #lampunginfo #infolampung #vloger #traveler #wisatasehat  #2021 #lembahhijaulampung",field road
https://www.instagram.com/p/C7ZLoY1yP5U/,1825.jpg,2024-05-25 13:40:22,"Keseruan libur di Pulau Pahawang 😍

Catat tanggal liburan kalian 🤩
Mei : 18,19,23,24,25,26
Juni : 1,2,8,9,15,16,17,18,22,23,29,30

untuk Info lebih lengkap bisa langsung hubungi Contact Person :

Whatsapp 
0821-7858-6537

#pahawang
#tegalmas
#tegalmasisland
#liburanlampung 
#viral 
#wisatategalmas
#palembang
#jakarta#lampung
#pringsewulampung
#bandarlampung
#sumsel#bandung
#jambi
#bengkulu#jaksel
#tenggerang#lamsel
#pesawaran
#hiling
#explorewisatalampung
#opentrippahawang #wisataindonesia
#wisatalampung
#indonesia",boathouse
https://www.instagram.com/p/DLgfzV5vLgr/,1826.jpg,2025-06-30 02:13:37,"Paket Trip Tanpa Minimal
Peserta🥳🥳🥳🥳

1.Paket Open Trip (Gabung) 
 (khusus weekend) 
 
 • Open Trip Pahawang 150k/orang
 • Open trip wayang 550k/orang

(Meeting point dermaga 4 ketapang) 

2.Paket Privat Trip (Every Day) 
Paket ini sangat cocok sekali
untuk Family Trip,Gathering,
Honeymoon,dll.
Kamu dapat atur jadwal liburan 
sesuai Keinginan mu. 

• Privat Pulau Pahawang 
  Start From 170k/orang

• Privat Pulau Tegal Mas
  Start From 245k/orang

•Privat Pulau Wayang
 Start From 550k/orang

•Privat Teluk Kiluan
 Start from 400k/orang

Harga menyesuaikan peserta. 
Semakin banyak peserta harga
semakin Murah Per Orangnyaa🥰🥰
___________________________________
Meeting point dermaga 4 ketapang
___________________________________
Info lebih lengkap bisa langsung
hubungi :📱:0819-2861-4064
___________________________________
Fasilitas :
 ⛵Kapal Eksplore Pulau dan Spot Snorkling.
🍛Makan 1x 
🥛Air Mineral.
🏊Alat Snorkling (Mask & Snorkel) 
👕Life Jacket (Pelampung).
🏷️Tiket Masuk Pulau Maupun Spot  Snorkling.
📷Camera Underwater.
💉P3K.
🕺Tour Guide
👫Jodoh Bila Beruntung
🖼️Dokumentasi Underwater.
🎞️Dokumentasi Upwater.

-------------------------------------------------
#pahawang #pulaupahawang #pahawangisland 
#pahawangislandlampung 
#tegalmas #pulauwayang
 #telukkiluan #telukhantu
 #opentrip #viral 
#wisatapahawanglampung
 #palembang #pulauwayanglampung
#jakarta #lampung 
#pringsewulampung 
#bandarlampung 
#sumsel #bandung 
#jambi #bengkulu #jaksel 
#tenggerang #lamsel 
#pesawaran
#explorewisatalampung 
#opentrippahawang 
#lampunggeh #fyp 
 #indonesia",pavilion
https://www.instagram.com/p/C8lObuLShdM/,1827.jpg,2024-06-24 02:27:08,"Mimin Kasih Info Paket trip libur Lebaran kepulau pahawang hanya dengan 150rb perorangnya loh 😍😍kalian sudah bisa menikmati explore empat pulau yang ada di pahawang dan dua tempat Snorkling lho 😮😮

kapan lagi? bisa nikmati liburan murah dan sudah dapat fasilitas yang lengkap, ayo buruan ajak teman, keluarga atau pasangan mu untuk liburan ke pulau pahawang 😍😍

Catat tanggal liburan kalian 🤩
Juni :15, 16 , 17, 18, 22, 23, 29, 30
Juli :6, 7, 13, 14, 20, 21, 27, 28
Agustus :3, 4, 10, 11, 17, 18, 24, 31

untuk Info lebih lengkap bisa langsung hubungi Contact Person :

Whatsapp 
0821-7858-6537

#pahawang
#tegalmas
#tegalmasisland
#liburanlampung 
#viral 
#wisatategalmas
#palembang
#jakarta#lampung
#pringsewulampung
#bandarlampung
#sumsel#bandung
#jambi
#bengkulu#jaksel
#tenggerang#lamsel
#pesawaran
#hiling
#explorewisatalampung
#opentrippahawang #wisataindonesia
#wisatalampung
#indonesia",lagoon
https://www.instagram.com/p/DKE9H99v3Bg/,1828.jpg,2025-05-25 12:59:43,"Paket Trip Tanpa Minimal
Peserta🥳🥳🥳🥳

1.Paket Open Trip (Gabung) 
 (khusus weekend) 
 
 • Open Trip Pahawang 150k/orang
 • Open trip wayang 550k/orang

(Meeting point dermaga 4 ketapang) 

2.Paket Privat Trip (Every Day) 
Paket ini sangat cocok sekali
untuk Family Trip,Gathering,
Honeymoon,dll.
Kamu dapat atur jadwal liburan 
sesuai Keinginan mu. 

• Privat Pulau Pahawang 
  Start From 170k/orang

• Privat Pulau Tegal Mas
  Start From 245k/orang

•Privat Pulau Wayang
 Start From 550k/orang

•Privat Teluk Kiluan
 Start from 400k/orang

Harga menyesuaikan peserta. 
Semakin banyak peserta harga
semakin Murah Per Orangnyaa🥰🥰
___________________________________
Meeting point dermaga 4 ketapang
___________________________________
Info lebih lengkap bisa langsung
hubungi :📱:0819-2861-4064
___________________________________
Fasilitas :
 ⛵Kapal Eksplore Pulau dan Spot Snorkling.
🍛Makan 1x 
🥛Air Mineral.
🏊Alat Snorkling (Mask & Snorkel) 
👕Life Jacket (Pelampung).
🏷️Tiket Masuk Pulau Maupun Spot  Snorkling.
📷Camera Underwater.
💉P3K.
🕺Tour Guide
👫Jodoh Bila Beruntung
🖼️Dokumentasi Underwater.
🎞️Dokumentasi Upwater.

-------------------------------------------------
#pahawang #pulaupahawang #pahawangisland 
#pahawangislandlampung 
#tegalmas #pulauwayang
 #telukkiluan #telukhantu
 #opentrip #viral 
#wisatapahawanglampung
 #palembang #pulauwayanglampung
#jakarta #lampung 
#pringsewulampung 
#bandarlampung 
#sumsel #bandung 
#jambi #bengkulu #jaksel 
#tenggerang #lamsel 
#pesawaran
#explorewisatalampung 
#opentrippahawang 
#lampunggeh #fyp 
 #indonesia",raft
https://www.instagram.com/p/C7ZL4bxyXV3/,1829.jpg,2024-05-25 13:42:34,"Mimin Kasih Info Paket trip libur Lebaran kepulau pahawang hanya dengan 150rb perorangnya loh 😍😍kalian sudah bisa menikmati explore empat pulau yang ada di pahawang dan dua tempat Snorkling lho 😮😮

kapan lagi? bisa nikmati liburan murah dan sudah dapat fasilitas yang lengkap, ayo buruan ajak teman, keluarga atau pasangan mu untuk liburan ke pulau pahawang 😍😍

Catat tanggal liburan kalian 🤩
Mei : 18,19,23,24,25,26
Juni : 1,2,8,9,15,16,17,18,22,23,29,30

untuk Info lebih lengkap bisa langsung hubungi Contact Person :

Whatsapp 
0821-7858-6537

#pahawang
#tegalmas
#tegalmasisland
#liburanlampung 
#viral 
#wisatategalmas
#palembang
#jakarta#lampung
#pringsewulampung
#bandarlampung
#sumsel#bandung
#jambi
#bengkulu#jaksel
#tenggerang#lamsel
#pesawaran
#hiling
#explorewisatalampung
#opentrippahawang #wisataindonesia
#wisatalampung
#indonesia",swimming hole
https://www.instagram.com/p/C9Odte7SxfB/,1830.jpg,2024-07-10 02:49:30,"Mimin Kasih Info Paket trip libur Lebaran kepulau pahawang hanya dengan 150rb perorangnya loh 😍😍kalian sudah bisa menikmati explore empat pulau yang ada di pahawang dan dua tempat Snorkling lho 😮😮

kapan lagi? bisa nikmati liburan murah dan sudah dapat fasilitas yang lengkap, ayo buruan ajak teman, keluarga atau pasangan mu untuk liburan ke pulau pahawang 😍😍

Catat tanggal liburan kalian 🤩
Juli :6, 7, 13, 14, 20, 21, 27, 28
Agustus :3, 4, 10, 11, 17, 18, 24, 31
September :1, 7, 8, 14, 15, 16, 21, 22, 28, 29

untuk Info lebih lengkap bisa langsung hubungi Contact Person :

Whatsapp 
0821-7858-6537

#pahawang
#tegalmas
#tegalmasisland
#liburanlampung 
#viral 
#wisatategalmas
#palembang
#jakarta#lampung
#pringsewulampung
#bandarlampung
#sumsel#bandung
#jambi
#bengkulu#jaksel
#tenggerang#lamsel
#pesawaran
#hiling
#explorewisatalampung
#opentrippahawang #wisataindonesia
#wisatalampung
#indonesia
#dafiratravelindonesia",boathouse
https://www.instagram.com/p/C8LoTXByPUR/,1831.jpg,2024-06-14 03:52:56,"Mimin Kasih Info Paket trip libur Lebaran kepulau pahawang hanya dengan 150rb perorangnya loh 😍😍kalian sudah bisa menikmati explore empat pulau yang ada di pahawang dan dua tempat Snorkling lho 😮😮

kapan lagi? bisa nikmati liburan murah dan sudah dapat fasilitas yang lengkap, ayo buruan ajak teman, keluarga atau pasangan mu untuk liburan ke pulau pahawang 😍😍

Catat tanggal liburan kalian 🤩
Juni :15, 16 , 17, 18, 22, 23, 29, 30
Juli :6, 7, 13, 14, 20, 21, 27, 28
Agustus :3, 4, 10, 11, 17, 18, 24, 31

untuk Info lebih lengkap bisa langsung hubungi Contact Person :

Whatsapp 
0821-7858-6537

#pahawang
#tegalmas
#tegalmasisland
#liburanlampung 
#viral 
#wisatategalmas
#palembang
#jakarta#lampung
#pringsewulampung
#bandarlampung
#sumsel#bandung
#jambi
#bengkulu#jaksel
#tenggerang#lamsel
#pesawaran
#hiling
#explorewisatalampung
#opentrippahawang #wisataindonesia
#wisatalampung
#indonesia",raft
https://www.instagram.com/p/C7dDJlYSPt9/,1832.jpg,2024-05-27 01:43:13,"Mimin Kasih Info Paket trip libur Lebaran kepulau pahawang hanya dengan 150rb perorangnya loh 😍😍kalian sudah bisa menikmati explore empat pulau yang ada di pahawang dan dua tempat Snorkling lho 😮😮

kapan lagi? bisa nikmati liburan murah dan sudah dapat fasilitas yang lengkap, ayo buruan ajak teman, keluarga atau pasangan mu untuk liburan ke pulau pahawang 😍😍

Catat tanggal liburan kalian 🤩
Mei : 18,19,23,24,25,26
Juni : 1,2,8,9,15,16,17,18,22,23,29,30

untuk Info lebih lengkap bisa langsung hubungi Contact Person :

Whatsapp 
0821-7858-6537

#pahawang
#tegalmas
#tegalmasisland
#liburanlampung 
#viral 
#wisatategalmas
#palembang
#jakarta#lampung
#pringsewulampung
#bandarlampung
#sumsel#bandung
#jambi
#bengkulu#jaksel
#tenggerang#lamsel
#pesawaran
#hiling
#explorewisatalampung
#opentrippahawang #wisataindonesia
#wisatalampung
#indonesia",boat deck
https://www.instagram.com/p/C6FX4-Jy0z2/,1833.jpg,2024-04-23 00:31:17,"Mimin Kasih Info Paket trip libur Lebaran kepulau pahawang hanya dengan 150rb perorangnya loh 😍😍kalian sudah bisa menikmati explore empat pulau yang ada di pahawang dan dua tempat Snorkling lho 😮😮

kapan lagi? bisa nikmati liburan murah dan sudah dapat fasilitas yang lengkap, ayo buruan ajak teman, keluarga atau pasangan mu untuk liburan ke pulau pahawang 😍😍

untuk Info lebih lengkap bisa langsung hubungi Contact Person :

Whatsapp 
Admin 1 : 0821-7858-6537
Admin 2 : 0858-3882-2708

#pahawang
#tegalmas
#tegalmasisland
#liburanlampung 
#viral 
#wisatategalmas
#palembang
#jakarta#lampung
#pringsewulampung
#bandarlampung
#sumsel#bandung
#jambi
#bengkulu#jaksel
#tenggerang#lamsel
#pesawaran
#hiling
#explorewisatalampung
#opentrippahawang #wisataindonesia
#wisatalampung
#indonesia",beach
https://www.instagram.com/p/CWh4Ubqhiqi/,1834.jpg,2021-11-21 07:23:12,"Hey hey Muli Mekhanai tetap patuhi prokes ya jngan lupa pakai masker
Inget jaga diri kalian dan syangi keluarga kalian
•
•
•
•
Fot by
📷@paltra54
______________________
Info tempat : @sebalangyay 
________________________
#lampungbikinkeren
 #sebalangbeach #sebalangbeachlampung #sebalang #lampungselatan #wisata #kalianda #explorelampung #wisata #pantai #kelilinglampung #pencintaalam #indonesia #sunset #lamsel #lampungexsis #lampung #anakselatan #camp#sebalangcamp
#sebalang #selatan
#bandarlampung #hits #viral #senja #sunset #sebalang #sebalangbeachlampung
#selatan #sunset #viral #hitslampung #hits #holidays #holiday #virallucu #liburan 
#pantailampungselatan""",water park
https://www.instagram.com/p/C3rr0_IPwA1/,1835.jpg,2024-02-23 08:02:28,"Paket Trip Tanpa Minimal
Peserta🥳🥳🥳🥳

1.Paket Open Trip (Gabung) 
 (khusus weekend) 

• open trip pahawang 150k/orang
• open trip tegal mas 230k/orang

(Meeting point dermaga 4 ketapang) 

2.Paket Privat Trip (Every Day) 
Paket ini sangat cocok sekali
untuk Family Trip,Gathering,
Honeymoon,dll.
Kamu dapat atur jadwal liburan 
sesuai Keinginan mu. 

• Privat Pahawang 
  Start From 170k/orang

• Privat Tegal Mas
  Start From 245k/orang

(Harga berlaku untuk 16-20 peserta) 

Harga menyesuaikan peserta. 
Semakin banyak peserta harga
semakin Murah🥰🥰
___________________________________
Meeting point dermaga 4 ketapang
___________________________________
Info lebih lengkap bisa langsung
hubungi :📱:0819-2861-4064
___________________________________
Fasilitas :
 ⛵Kapal Eksplore Pulau dan Spot Snorkling.
🍛Makan 1x 
🥛Air Mineral.
🏊Alat Snorkling (Mask & Snorkel) 
👕Life Jacket (Pelampung).
🏷️Tiket Masuk Pulau Maupun Spot  Snorkling.
📷Camera Underwater.
💉P3K.
🕺Tour Guide
🖼️Dokumentasi Underwater.
🎞️Dokumentasi Upwater.

Destinasi :
- Pulau kelagian kecil
- Snorkeling Cuku Bedil
- SnorkelingTaman Nemo
- Pulau Pahawang Besar
- Pulau Pahawang Kecil
- Pulau Kelagian Besar
 -------------------------------------------------
#pahawang #pulaupahawang #pahawangisland
#pahawangislandlampung 
#pahawangmurah#tegalmas
 #tegalmasisland
#lwisatapahawanglampung 
#wisatategalmas#palembang
#jakarta#lampung
#pringsewulampung
#bandarlampung
#sumsel#bandung 
#jambi #bengkulu#jaksel 
#tenggerang#lamsel
#pesawaran#hiling
#explorewisatalampung
#opentrippahawang #wisataindonesia
#lampunggeh#explore#fyp
 #indonesia",beach
https://www.instagram.com/p/CYL4YBFPT7q/,1836.jpg,2022-01-01 11:23:11,"Mengisi liburan tahun baru merupakan tradisi di masyarakat, ttak terkecuali warga masyarakat yang ada di Lampung Selatan.

Seperti yang terlihat hari ini, Sabtu (01/01/2022), sejumlah warga sekitar Kota Kalianda berduyun-duyun datang dan memadati Kebun Edukasi yang ada dikomplek  Rumah Dinas Bupati Lamsel. Sejak pagi hari hingga petang ini, antusias masyarakat Kalianda dan sekitarnya tampak besar sekali untuk mengunjungi wahana kebanggan Bapak Nanang Ermanto ini. 

Contoh seperti yang dikatakan Ifan (32) warga Way Panji, mulanya mereka bermaksud pergi ke pantai, namun pantai yang ada di seputaran Kota Kalianda sudah ramai ditambah jalan menuju kesana macet, jadi dia memilih ke Kebun Edukasi untuk tempat rekreasi hari ini. 

""Tadinya saya bermaksud  pergi ke pantai bersama keluarga mas, tapi ternyata disana sudah ramai, jadi tadi ada usulan dari keluarga untuk ke Kebun Edukasi ini saja, eh ternyata di Kebun Edukasi ini tempatnya cukup bagus, nyaman dan banyak lokasi untuk foto-foto juga, "" kata Ifan dengan mimik senang.

Ditambahkan Ifan, yang berprofesi sebagai pedagang gabah ini, Kebun Edukasi yang santer selama ini ternyata memang mengasyikkan dikunjungi. 

""Ya walaupun saya dari desa, sudah biasa lihat tanaman, tapi disini lain daripada yang lain mas. Ada tanaman yang sangat subur, karena dirawat dengan baik juga lengkap dengan pondokan segala. Ditambah lagi banyak wahana bermain anak-anak. Pokoknya kami sangat senang mas datang kesini. Ada air mancur pula, banyak sekali spot untuk berfoto disini. Besok-besok kami akan datang lagi kesini bersama keluarga dan tetangga kami,"" ujar Ifan lagi. 

Dari pantauan sore ini , Kebun edukasi, nampak masih dipadati pengunjung, parkiran sampai penuh kendaraan baik roda 2 maupun roda 4, ternyata Kebun Edukasi ini juga bisa di jadikan tempat liburan alternatif di tahun baru, selain gratis, juga sudah di lengkapi juga dengan berbagai fasilitas penunjang, mulai dari Mushola, Wi Fi, kuliner, dan terutama gratis masuknya gaes. (pra/mp)",market/outdoor
https://www.instagram.com/p/C7EiPf8SZw7/,1837.jpg,2024-05-17 13:13:54,"Mimin Kasih Info Paket trip libur Lebaran kepulau pahawang hanya dengan 150rb perorangnya loh 😍😍kalian sudah bisa menikmati explore empat pulau yang ada di pahawang dan dua tempat Snorkling lho 😮😮

kapan lagi? bisa nikmati liburan murah dan sudah dapat fasilitas yang lengkap, ayo buruan ajak teman, keluarga atau pasangan mu untuk liburan ke pulau pahawang 😍😍

untuk Info lebih lengkap bisa langsung hubungi Contact Person :

Whatsapp 
0821-7858-6537

#pahawang
#tegalmas
#tegalmasisland
#liburanlampung 
#viral 
#wisatategalmas
#palembang
#jakarta#lampung
#pringsewulampung
#bandarlampung
#sumsel#bandung
#jambi
#bengkulu#jaksel
#tenggerang#lamsel
#pesawaran
#hiling
#explorewisatalampung
#opentrippahawang #wisataindonesia
#wisatalampung
#indonesia",raft
https://www.instagram.com/p/C8VuYX8SlC1/,1838.jpg,2024-06-18 01:58:27,"Mimin Kasih Info Paket trip libur Lebaran kepulau pahawang hanya dengan 150rb perorangnya loh 😍😍kalian sudah bisa menikmati explore empat pulau yang ada di pahawang dan dua tempat Snorkling lho 😮😮

kapan lagi? bisa nikmati liburan murah dan sudah dapat fasilitas yang lengkap, ayo buruan ajak teman, keluarga atau pasangan mu untuk liburan ke pulau pahawang 😍😍

Catat tanggal liburan kalian 🤩
Juni :15, 16 , 17, 18, 22, 23, 29, 30
Juli :6, 7, 13, 14, 20, 21, 27, 28
Agustus :3, 4, 10, 11, 17, 18, 24, 31

untuk Info lebih lengkap bisa langsung hubungi Contact Person :

Whatsapp 
0821-7858-6537

#pahawang
#tegalmas
#tegalmasisland
#liburanlampung 
#viral 
#wisatategalmas
#palembang
#jakarta#lampung
#pringsewulampung
#bandarlampung
#sumsel#bandung
#jambi
#bengkulu#jaksel
#tenggerang#lamsel
#pesawaran
#hiling
#explorewisatalampung
#opentrippahawang #wisataindonesia
#wisatalampung
#indonesia",raft
https://www.instagram.com/p/C8LjdBeSpv0/,1839.jpg,2024-06-14 03:10:34,"Mimin Kasih Info Paket trip libur Lebaran kepulau pahawang hanya dengan 150rb perorangnya loh 😍😍kalian sudah bisa menikmati explore empat pulau yang ada di pahawang dan dua tempat Snorkling lho 😮😮

kapan lagi? bisa nikmati liburan murah dan sudah dapat fasilitas yang lengkap, ayo buruan ajak teman, keluarga atau pasangan mu untuk liburan ke pulau pahawang 😍😍

Catat tanggal liburan kalian 🤩
Juni :15, 16 , 17, 18, 22, 23, 29, 30
Juli :6, 7, 13, 14, 20, 21, 27, 28
Agustus :3, 4, 10, 11, 17, 18, 24, 31

untuk Info lebih lengkap bisa langsung hubungi Contact Person :

Whatsapp 
0821-7858-6537

#pahawang
#tegalmas
#tegalmasisland
#liburanlampung 
#viral 
#wisatategalmas
#palembang
#jakarta#lampung
#pringsewulampung
#bandarlampung
#sumsel#bandung
#jambi
#bengkulu#jaksel
#tenggerang#lamsel
#pesawaran
#hiling
#explorewisatalampung
#opentrippahawang #wisataindonesia
#wisatalampung
#indonesia",canal/natural
https://www.instagram.com/p/C7iV64kSb65/,1840.jpg,2024-05-29 03:03:27,"Mimin Kasih Info Paket trip libur Lebaran kepulau pahawang hanya dengan 150rb perorangnya loh 😍😍kalian sudah bisa menikmati explore empat pulau yang ada di pahawang dan dua tempat Snorkling lho 😮😮

kapan lagi? bisa nikmati liburan murah dan sudah dapat fasilitas yang lengkap, ayo buruan ajak teman, keluarga atau pasangan mu untuk liburan ke pulau pahawang 😍😍

Catat tanggal liburan kalian 🤩
Mei : 18,19,23,24,25,26
Juni : 1,2,8,9,15,16,17,18,22,23,29,30

untuk Info lebih lengkap bisa langsung hubungi Contact Person :

Whatsapp 
0821-7858-6537

#pahawang
#tegalmas
#tegalmasisland
#liburanlampung 
#viral 
#wisatategalmas
#palembang
#jakarta#lampung
#pringsewulampung
#bandarlampung
#sumsel#bandung
#jambi
#bengkulu#jaksel
#tenggerang#lamsel
#pesawaran
#hiling
#explorewisatalampung
#opentrippahawang #wisataindonesia
#wisatalampung
#indonesia",beach
https://www.instagram.com/p/C9hAAViy4Va/,1841.jpg,2024-07-17 07:35:30,"Mimin Kasih Info Paket trip libur Lebaran kepulau pahawang hanya dengan 150rb perorangnya loh 😍😍kalian sudah bisa menikmati explore empat pulau yang ada di pahawang dan dua tempat Snorkling lho 😮😮

kapan lagi? bisa nikmati liburan murah dan sudah dapat fasilitas yang lengkap, ayo buruan ajak teman, keluarga atau pasangan mu untuk liburan ke pulau pahawang 😍😍

Catat tanggal liburan kalian 🤩
Juli :6, 7, 13, 14, 20, 21, 27, 28
Agustus :3, 4, 10, 11, 17, 18, 24, 31
September :1, 7, 8, 14, 15, 16, 21, 22, 28, 29

untuk Info lebih lengkap bisa langsung hubungi Contact Person :

Whatsapp 
0821-7858-6537

#pahawang
#tegalmas
#tegalmasisland
#liburanlampung 
#viral 
#wisatategalmas
#palembang
#jakarta#lampung
#pringsewulampung
#bandarlampung
#sumsel#bandung
#jambi
#bengkulu#jaksel
#tenggerang#lamsel
#pesawaran
#hiling
#explorewisatalampung
#opentrippahawang #wisataindonesia
#wisatalampung
#indonesia
#dafiratravelindonesia",beach
https://www.instagram.com/p/C9JtQ9oytqp/,1842.jpg,2024-07-08 06:29:13,"Mimin Kasih Info Paket trip libur Lebaran kepulau pahawang hanya dengan 150rb perorangnya loh 😍😍kalian sudah bisa menikmati explore empat pulau yang ada di pahawang dan dua tempat Snorkling lho 😮😮

kapan lagi? bisa nikmati liburan murah dan sudah dapat fasilitas yang lengkap, ayo buruan ajak teman, keluarga atau pasangan mu untuk liburan ke pulau pahawang 😍😍

Catat tanggal liburan kalian 🤩
Juli :6, 7, 13, 14, 20, 21, 27, 28
Agustus :3, 4, 10, 11, 17, 18, 24, 31
September :1, 7, 8, 14, 15, 16, 21, 22, 28, 29

untuk Info lebih lengkap bisa langsung hubungi Contact Person :

Whatsapp 
0821-7858-6537

#pahawang
#tegalmas
#tegalmasisland
#liburanlampung 
#viral 
#wisatategalmas
#palembang
#jakarta#lampung
#pringsewulampung
#bandarlampung
#sumsel#bandung
#jambi
#bengkulu#jaksel
#tenggerang#lamsel
#pesawaran
#hiling
#explorewisatalampung
#opentrippahawang #wisataindonesia
#wisatalampung
#indonesia
#dafiratravelindonesia",barndoor
https://www.instagram.com/p/C6LxFbCSs1_/,1843.jpg,2024-04-25 12:06:53,"Mimin Kasih Info Paket trip libur Lebaran kepulau pahawang hanya dengan 150rb perorangnya loh 😍😍kalian sudah bisa menikmati explore empat pulau yang ada di pahawang dan dua tempat Snorkling lho 😮😮

kapan lagi? bisa nikmati liburan murah dan sudah dapat fasilitas yang lengkap, ayo buruan ajak teman, keluarga atau pasangan mu untuk liburan ke pulau pahawang 😍😍

untuk Info lebih lengkap bisa langsung hubungi Contact Person :

Whatsapp 
Admin 1 : 0821-7858-6537
Admin 2 : 0858-3882-2708

#pahawang
#tegalmas
#tegalmasisland
#liburanlampung 
#viral 
#wisatategalmas
#palembang
#jakarta#lampung
#pringsewulampung
#bandarlampung
#sumsel#bandung
#jambi
#bengkulu#jaksel
#tenggerang#lamsel
#pesawaran
#hiling
#explorewisatalampung
#opentrippahawang #wisataindonesia
#wisatalampung
#indonesia",beach
https://www.instagram.com/p/CMUHtEeghy0/,1844.jpg,2021-03-12 09:54:20,"Wisata sehat berprotokol kesehatan  di #Lembahhijau.id . Ayo Buat dirimu selalu sehat dan bugar dengan disiplin protokol kesehatan saat berwisata. 
Keceriaan dan semangat bisa jadikan imun tubuh kamu lebih kuat loh😃ditambah lagi dengan udara segar dan suasana alam yang hijau.
Tambah pengetahuan tentang satwa dan jangan lewatkan Free flight bird show sarat edukasi. 

Jangan lupa bawa baju renang yaa karna tambah Rp 5.000 saja kalian bisa menikmati sehat nya berjalan mengelilingi Taman satwa mengenal dan berinteraksi dengan satwa sekaligus Merasakan segar nya Wahana Air di Waterboom Lembah Hijau. 

Taman Wisata Lembah Hijau Lampung
Jl Radin Imba kesuma Ratu No 21.Kel.Sukadanaham.Kec Tanjung karang Barat - Bandar Lampung.

#wisata #liburan #piknik #destinasi#lampung #wisatasehatlembahhijau #tamanwisatalembahhijau #lembahhijau.id #wisataalam #wisataedukasi #oki #oku #baturaja#sumsel #lamsel #lampung #baturajaupdate #palembanginfo #lampunginfo #infolampung #vloger #traveler #wisatasehat #tahunbaru2021 #2021 #lembahhijaulampung",swimming hole
https://www.instagram.com/p/CMtVEZcMQUK/,1845.jpg,2021-03-22 04:52:07,"Pantai Sebalang

Tabik pun
Selamat siang muli mekhanai, selamat beraktifitas jangan lupa untuk rehat sejenak,tenangin fikiran 
Gmna? Udah tau mau liburan atau piknik kmana?kalau masih bingung langsung aja ke @sebalangyay , kalian bsa di manjain dengan sunset yang cukup bagua bnget,trus suasana Bean ban ala ala Bali gitu hehehe
•
•
•
•
Foto by
📷@ameliaprs
______________________
Pengen foto/video nya direpost?
Tag dan follow akun @sebalangyay 
Sertakan #sebalangyay 
#Repost @sebalangyay
________________________
________________________
#sebalangyay #sebalangbeach #sebalangbeachlampung #sebalang #lampungselatan #wisata #kalianda #explorelampung #wisata #pantai #kelilinglampung #pencintaalam #indonesia #sunset #lamsel #lampungexsis #lampung #anakselatan #camp#sebalangcamp
#sebalang #selatan
#bandarlampung #hits #viral #senja #sunset #sebalang #sebalangbeachlampung
#selatan #sunset #viral #hitslampung #hits #holidays #holiday 
#pantailampungselatan",water park
https://www.instagram.com/p/CTrTvqrvCK7/,1846.jpg,2021-09-11 09:41:50,"Happy Weekend
Ayo perkuat imun💪 dengan wisata sehat berprotokol kesehatan di Lembah Hijau Lampung. 

Keceriaan dan semangat bisa jadikan imun tubuh kamu lebih kuat loh😃 dan nikmati udara segar dengan suasana alam yang hijau.
Tambah pengetahuan tentang satwa dan jangan lewatkan segarnya berwisata air di Waterboom Lembah Hijau

HTM 
-Tiket Masuk Rp 15.000,-

-Tiket TerusanTaman Satwa 
Rp 50.000,-

-Tiket Terusan Waterboom
  Dewasa Rp 25.000,-
 Anak  Rp 20.000,

PROMO +Rp5000 dapat 2 wahana🙌🙌🙌
-Tiket Terusan Taman Satwa + Waterboom Rp55.000,-/orang

Pandemi belum berakhir tetap disiplin Protokol Kesehatan saat berwisata. 
Selamat Berakhir pekan
Salam Sehat. 

Info lebih lanjut 07218050000
081379788807 yudi
08984197153 eka
www.lembahhijau.id

Taman Wisata Lembah Hijau Lampung
Jl Radin Imba kesuma Ratu No 21.Kel.Sukadanaham.Kec Tanjung karang Barat - Bandar Lampung.

#wisata #liburan #piknik #destinasi#lampung #wisatasehatlembahhijau #tamanwisatalembahhijau #lembahhijau.id #wisataalam #wisataedukasi #oki #oku #baturaja#sumsel #lamsel #lampung #baturajaupdate #palembanginfo #lampunginfo #infolampung #vloger #traveler #wisatasehat  #2021 #lembahhijaulampung",fountain
https://www.instagram.com/p/CUzZwUSPFOZ/,1847.jpg,2021-10-09 09:39:40,"Ayo perkuat imun dengan berwisata sehat berprotokol kesehatan di  #Lembahhijau.id
@tamansatwalembahhijaulampung 

Keceriaan dan semangat bisa jadikan imun tubuh kamu lebih kuat  dan nikmati udara segar dengan suasana alam yang hijau.
Tambah pengetahuan tentang satwa dan jangan lewatkan segarnya berwisata air di Waterboom Lembah Hijau
Ambil 2 wahana lebih seru lebih hemat😄

Info lebih lanjut 07218050000
081379788807 yudi
08984197153 eka
www.lembahhijau.id

Taman Wisata Lembah Hijau Lampung
Jl Radin Imba kesuma Ratu No 21.Kel.Sukadanaham.Kec Tanjung karang Barat - Bandar Lampung.

#wisata #liburan #piknik #destinasi#lampung #wisatasehatlembahhijau #tamanwisatalembahhijau #lembahhijau.id #wisataalam #wisataedukasi #oki #oku #baturaja#sumsel #lamsel #lampung #baturajaupdate #palembanginfo #lampunginfo #infolampung #vloger #traveler #wisatasehat  #2021 #lembahhijaulampung",zen garden
https://www.instagram.com/p/CWe33zPhAfJ/,1848.jpg,2021-11-20 03:21:34,Liburan tipis2 di sela kesibukan yg padat @ kedas resort pantai Minangrua lamsel,swimming hole
https://www.instagram.com/p/CMSHOOCrwFH/,1849.jpg,2021-03-11 15:11:38,"Selamat malam selamat libur panjang semoga hari hari kita menyenangkan , long weekend at  @wartawan_beach 🌴🌊☺️

#pantaiwartawan #pantaiindonesia #oyoindonesia #lampungselatanexplore #pesonaindonesia #pesonaid_travel #wonderfulindonesia #wonderfull_places #liker #likeforlikealways #ijilampung #lampungmoment #potretlampung #potretmalam #lampunghits #ilovelampung #lampungbarat #kelilinglampung #weekend #holiday #liburan #piknik #nuansabali #lamsel #lampungbarat #pariwisatalampung #vitaminsea",construction site
https://www.instagram.com/p/CQiZi-7g5i8/,1850.jpg,2021-06-25 09:05:11,"Ayo perkuat imun💪 dengan wisata sehat berprotokol kesehatan di #Lembahhijau.id #tamansatwalembahhijaulampung 

Keceriaan dan semangat bisa jadikan imun tubuh kamu lebih kuat loh😃 dan nikmati udara segar dengan suasana alam yang hijau.
Tambah pengetahuan tentang satwa dan jangan lewatkan segarnya berwisata air di Waterboom Lembah Hijau

HTM 
-Tiket Masuk Rp 15.000,-

-Tiket TerusanTaman Satwa  Rp 50.000,-

-Tiket Terusan Waterboom
  Dewasa Rp 25.000,-
 Anak  Rp 20.000,

PROMO +Rp5000 dapat 2 wahana🙌🙌🙌
-Tiket Terusan Taman Satwa + Waterboom Rp55.000,-/orang

Info lebih lanjut 07218050000
081379788807 yudi
08984197153 eka
www.lembahhijau.id

Taman Wisata Lembah Hijau Lampung
Jl Radin Imba kesuma Ratu No 21.Kel.Sukadanaham.Kec Tanjung karang Barat - Bandar Lampung.

#wisata #liburan #piknik #destinasi#lampung #wisatasehatlembahhijau #tamanwisatalembahhijau #lembahhijau.id #wisataalam #wisataedukasi #oki #oku #baturaja#sumsel #lamsel #lampung #baturajaupdate #palembanginfo #lampunginfo #infolampung #vloger #traveler #wisatasehat  #2021 #lembahhijaulampung",racecourse
https://www.instagram.com/p/DJseLqnTUPM/,1851.jpg,2025-05-16 00:47:34,"Paket Trip Tanpa Minimal
Peserta🥳🥳🥳🥳

1.Paket Open Trip (Gabung) 
 (khusus weekend) 
 
 • Open Trip Pahawang 150k/orang
 • Open trip wayang 550k/orang

(Meeting point dermaga 4 ketapang) 

2.Paket Privat Trip (Every Day) 
Paket ini sangat cocok sekali
untuk Family Trip,Gathering,
Honeymoon,dll.
Kamu dapat atur jadwal liburan 
sesuai Keinginan mu. 

• Privat Pulau Pahawang 
  Start From 170k/orang

• Privat Pulau Tegal Mas
  Start From 245k/orang

•Privat Pulau Wayang
 Start From 550k/orang

•Privat Teluk Kiluan
 Start from 400k/orang

Harga menyesuaikan peserta. 
Semakin banyak peserta harga
semakin Murah Per Orangnyaa🥰🥰
___________________________________
Meeting point dermaga 4 ketapang
___________________________________
Info lebih lengkap bisa langsung
hubungi :📱:0819-2861-4064
___________________________________
Fasilitas :
 ⛵Kapal Eksplore Pulau dan Spot Snorkling.
🍛Makan 1x 
🥛Air Mineral.
🏊Alat Snorkling (Mask & Snorkel) 
👕Life Jacket (Pelampung).
🏷️Tiket Masuk Pulau Maupun Spot  Snorkling.
📷Camera Underwater.
💉P3K.
🕺Tour Guide
👫Jodoh Bila Beruntung
🖼️Dokumentasi Underwater.
🎞️Dokumentasi Upwater.

-------------------------------------------------
#pahawang #pulaupahawang #pahawangisland 
#pahawangislandlampung 
#tegalmas #pulauwayang
 #telukkiluan #telukhantu
 #opentrip #viral 
#wisatapahawanglampung
 #palembang #pulauwayanglampung
#jakarta #lampung 
#pringsewulampung 
#bandarlampung 
#sumsel #bandung 
#jambi #bengkulu #jaksel 
#tenggerang #lamsel 
#pesawaran
#explorewisatalampung 
#opentrippahawang 
#lampunggeh #fyp 
 #indonesia",swimming hole
https://www.instagram.com/p/C9Yg86MSAsb/,1852.jpg,2024-07-14 00:30:13,"Farmasi Universitas Malahayati 23 Mantabbb 🏝✨

Mimin Kasih Info Paket trip libur Lebaran kepulau pahawang hanya dengan 150rb perorangnya loh 😍😍kalian sudah bisa menikmati explore empat pulau yang ada di pahawang dan dua tempat Snorkling lho 😮😮

kapan lagi? bisa nikmati liburan murah dan sudah dapat fasilitas yang lengkap, ayo buruan ajak teman, keluarga atau pasangan mu untuk liburan ke pulau pahawang 😍😍

Catat tanggal liburan kalian 🤩
Juli :6, 7, 13, 14, 20, 21, 27, 28
Agustus :3, 4, 10, 11, 17, 18, 24, 31
September :1, 7, 8, 14, 15, 16, 21, 22, 28, 29

untuk Info lebih lengkap bisa langsung hubungi Contact Person :

Whatsapp 
0821-7858-6537

#pahawang
#tegalmas
#tegalmasisland
#liburanlampung 
#viral 
#wisatategalmas
#palembang
#jakarta#lampung
#pringsewulampung
#bandarlampung
#sumsel#bandung
#jambi
#bengkulu#jaksel
#tenggerang#lamsel
#pesawaran
#hiling
#explorewisatalampung
#opentrippahawang #wisataindonesia
#wisatalampung
#indonesia
#dafiratravelindonesia",stage/outdoor
https://www.instagram.com/p/C8RoNqzycxg/,1853.jpg,2024-06-16 11:47:36,"Mimin Kasih Info Paket trip libur Lebaran kepulau pahawang hanya dengan 150rb perorangnya loh 😍😍kalian sudah bisa menikmati explore empat pulau yang ada di pahawang dan dua tempat Snorkling lho 😮😮

kapan lagi? bisa nikmati liburan murah dan sudah dapat fasilitas yang lengkap, ayo buruan ajak teman, keluarga atau pasangan mu untuk liburan ke pulau pahawang 😍😍

Catat tanggal liburan kalian 🤩
Juni :15, 16 , 17, 18, 22, 23, 29, 30
Juli :6, 7, 13, 14, 20, 21, 27, 28
Agustus :3, 4, 10, 11, 17, 18, 24, 31

untuk Info lebih lengkap bisa langsung hubungi Contact Person :

Whatsapp 
0821-7858-6537

#pahawang
#tegalmas
#tegalmasisland
#liburanlampung 
#viral 
#wisatategalmas
#palembang
#jakarta#lampung
#pringsewulampung
#bandarlampung
#sumsel#bandung
#jambi
#bengkulu#jaksel
#tenggerang#lamsel
#pesawaran
#hiling
#explorewisatalampung
#opentrippahawang #wisataindonesia
#wisatalampung
#indonesia",underwater/ocean deep
https://www.instagram.com/p/CYBqEf9PrxA/,1854.jpg,2021-12-28 12:05:47,"Cuti dirumah aja?
Pergi liburan donk😁
Foya Foya setitik ya gaes : Menikmati Suasana pantai dan menginap di Grand Elty Krakatoa,Kalianda,Lampung Selatan (Lamsel) bareng adik bungsuku & kedua temannya🥰",beach
https://www.instagram.com/p/DJDjN7VPZ-R/,1855.jpg,2025-04-30 03:22:42,"Paket Trip Tanpa Minimal
Peserta🥳🥳🥳🥳

1.Paket Open Trip (Gabung) 
 (khusus weekend) 
 
 • Open Trip Pahawang 150k/orang
 • Open trip wayang 550k/orang

(Meeting point dermaga 4 ketapang) 

2.Paket Privat Trip (Every Day) 
Paket ini sangat cocok sekali
untuk Family Trip,Gathering,
Honeymoon,dll.
Kamu dapat atur jadwal liburan 
sesuai Keinginan mu. 

• Privat Pulau Pahawang 
  Start From 170k/orang

• Privat Pulau Tegal Mas
  Start From 245k/orang

•Privat Pulau Wayang
 Start From 550k/orang

•Privat Teluk Kiluan
 Start from 400k/orang

Harga menyesuaikan peserta. 
Semakin banyak peserta harga
semakin Murah Per Orangnyaa🥰🥰
___________________________________
Meeting point dermaga 4 ketapang
___________________________________
Info lebih lengkap bisa langsung
hubungi :📱:0819-2861-4064
___________________________________
Fasilitas :
 ⛵Kapal Eksplore Pulau dan Spot Snorkling.
🍛Makan 1x 
🥛Air Mineral.
🏊Alat Snorkling (Mask & Snorkel) 
👕Life Jacket (Pelampung).
🏷️Tiket Masuk Pulau Maupun Spot  Snorkling.
📷Camera Underwater.
💉P3K.
🕺Tour Guide
👫Jodoh Bila Beruntung
🖼️Dokumentasi Underwater.
🎞️Dokumentasi Upwater.

-------------------------------------------------
#pahawang #pulaupahawang #pahawangisland 
#pahawangislandlampung 
#tegalmas #pulauwayang
 #telukkiluan #telukhantu
 #opentrip #viral 
#wisatapahawanglampung
 #palembang #pulauwayanglampung
#jakarta #lampung 
#pringsewulampung 
#bandarlampung 
#sumsel #bandung 
#jambi #bengkulu #jaksel 
#tenggerang #lamsel 
#pesawaran
#explorewisatalampung 
#opentrippahawang 
#lampunggeh #fyp 
 #indonesia",ocean
https://www.instagram.com/p/C_i3RwmydpT/,1856.jpg,2024-09-05 18:00:30,"Paket Trip Tampa Minimal
Peserta🥳🥳🥳🥳

1.Paket Open Trip (Gabung) 
 (khusus weekend) 

• open trip pahawang 150k/orang
• open trip tegal mas 230k/orang

2.Paket Privat Trip (Every Day) 
Paket ini sangat cocok sekali
untuk Family Trip,Gathering,
Honeymoon,dll.
Kamu dapat atur jadwal liburan 
sesuai Keinginan mu. 

• Privat Pahawang 
  Start From 170k/orang

• Privat Tegal Mas
  Start From 245k/orang

Harga menyesuaikan peserta. 
Semakin banyak peserta harga
semakin Murah🥰🥰
___________________________________
Meeting point dermaga 4 ketapang
___________________________________
Info lebih lengkap bisa langsung  hubungi :
📱:081928614064
___________________________________
Fasilitas :
 ⛵Kapal Eksplore Pulau dan Spot Snorkling.
🍛Makan 1x 
🥛Air Mineral.
🏊Alat Snorkling (Mask & Snorkel) 
👕Life Jacket (Pelampung).
🏷️Tiket Masuk Pulau Maupun Spot  Snorkling.
📷Camera Underwater.
💉P3K.
🕺Tour Guide
🖼️Dokumentasi Underwater.
🎞️Dokumentasi Upwater.

Destinasi :
- Pulau kelagian kecil
- Snorkeling Cuku Bedil
- SnorkelingTaman Nemo
- Pulau Pahawang Besar
- Pulau Pahawang Kecil
- Pulau Kelagian Besar
 ------------------------------------------------------------

#pahawang #pulaupahawang #pahawangisland
#pahawangislandlampung 
#tegalmas #tegalmasisland
#liburanlampung #wisatapahawanglampung 
#wisatategalmas#palembang
#jakarta#lampung
#pringsewulampung
#bandarlampung
#sumsel#bandung 
#jambi #bengkulu#jaksel 
#tenggerang#lamsel
#pesawaran#hiling
#explorewisatalampung
#opentrippahawang #wisatalampung
#lff #lb#lfl
#indonesia",lagoon
https://www.instagram.com/p/DDYb7SXvq9f/,1857.jpg,2024-12-10 02:54:40,"Paket Trip Tanpa Minimal
Peserta🥳🥳🥳🥳

1.Paket Open Trip (Gabung) 
 (khusus weekend) 
 • Open Trip Pahawang 150k/orang
 • Open Trip Tegal Mas 230k/orang
(Meeting point dermaga 4 ketapang) 

2.Paket Privat Trip (Every Day) 
Paket ini sangat cocok sekali
untuk Family Trip,Gathering,
Honeymoon,dll.
Kamu dapat atur jadwal liburan 
sesuai Keinginan mu. 

• Privat Pahawang 
  Start From 170k/orang

• Privat Tegal Mas
  Start From 245k/orang

(Harga berlaku untuk 16-20 peserta) 

Harga menyesuaikan peserta. 
Semakin banyak peserta harga
semakin Murah🥰🥰
___________________________________
Meeting point dermaga 4 ketapang
___________________________________
Info lebih lengkap bisa langsung
hubungi :📱:0819-2861-4064
___________________________________
Fasilitas :
 ⛵Kapal Eksplore Pulau dan Spot Snorkling.
🍛Makan 1x 
🥛Air Mineral.
🏊Alat Snorkling (Mask & Snorkel) 
👕Life Jacket (Pelampung).
🏷️Tiket Masuk Pulau Maupun Spot  Snorkling.
📷Camera Underwater.
💉P3K.
🕺Tour Guide
🖼️Dokumentasi Underwater.
🎞️Dokumentasi Upwater.

-------------------------------------------------
#pahawang #pulaupahawang #pahawangisland 
#pahawangislandlampung 
#pahawangmurah #tegalmas 
 #tegalmasisland 
#liburanlampung 
#viral #wisatapahawanglampung 
#wisatategalmas #palembang 
#jakarta #lampung 
#pringsewulampung 
#bandarlampung 
#sumsel #bandung 
#jambi #bengkulu #jaksel 
#tenggerang #lamsel 
#pesawaran
#explorewisatalampung 
#opentrippahawang #wisataindonesia 
#lampunggeh #fyp 
 #indonesia",lagoon
https://www.instagram.com/p/C6YqqvwSi-p/,1858.jpg,2024-04-30 12:20:56,"Mimin Kasih Info Paket trip libur Lebaran kepulau pahawang hanya dengan 150rb perorangnya loh 😍😍kalian sudah bisa menikmati explore empat pulau yang ada di pahawang dan dua tempat Snorkling lho 😮😮

kapan lagi? bisa nikmati liburan murah dan sudah dapat fasilitas yang lengkap, ayo buruan ajak teman, keluarga atau pasangan mu untuk liburan ke pulau pahawang 😍😍

untuk Info lebih lengkap bisa langsung hubungi Contact Person :

Whatsapp 
Admin 1 : 0821-7858-6537
Admin 2 : 0858-3882-2708

#pahawang
#tegalmas
#tegalmasisland
#liburanlampung 
#viral 
#wisatategalmas
#palembang
#jakarta#lampung
#pringsewulampung
#bandarlampung
#sumsel#bandung
#jambi
#bengkulu#jaksel
#tenggerang#lamsel
#pesawaran
#hiling
#explorewisatalampung
#opentrippahawang #wisataindonesia
#wisatalampung
#indonesia",aquarium
https://www.instagram.com/p/C63yssHSM2q/,1859.jpg,2024-05-12 14:27:34,"Mimin Kasih Info Paket trip libur Lebaran kepulau pahawang hanya dengan 150rb perorangnya loh 😍😍kalian sudah bisa menikmati explore empat pulau yang ada di pahawang dan dua tempat Snorkling lho 😮😮

kapan lagi? bisa nikmati liburan murah dan sudah dapat fasilitas yang lengkap, ayo buruan ajak teman, keluarga atau pasangan mu untuk liburan ke pulau pahawang 😍😍

untuk Info lebih lengkap bisa langsung hubungi Contact Person :

Whatsapp 
0821-7858-6537

#pahawang
#tegalmas
#tegalmasisland
#liburanlampung 
#viral 
#wisatategalmas
#palembang
#jakarta#lampung
#pringsewulampung
#bandarlampung
#sumsel#bandung
#jambi
#bengkulu#jaksel
#tenggerang#lamsel
#pesawaran
#hiling
#explorewisatalampung
#opentrippahawang #wisataindonesia
#wisatalampung
#indonesia",lake/natural
https://www.instagram.com/p/C6nfeYOSfmO/,1860.jpg,2024-05-06 06:31:44,"Mimin Kasih Info Paket trip libur Lebaran kepulau pahawang hanya dengan 150rb perorangnya loh 😍😍kalian sudah bisa menikmati explore empat pulau yang ada di pahawang dan dua tempat Snorkling lho 😮😮

kapan lagi? bisa nikmati liburan murah dan sudah dapat fasilitas yang lengkap, ayo buruan ajak teman, keluarga atau pasangan mu untuk liburan ke pulau pahawang 😍😍

untuk Info lebih lengkap bisa langsung hubungi Contact Person :

Whatsapp 
Admin 1 : 0821-7858-6537
Admin 2 : 0858-3882-2708

#pahawang
#tegalmas
#tegalmasisland
#liburanlampung 
#viral 
#wisatategalmas
#palembang
#jakarta#lampung
#pringsewulampung
#bandarlampung
#sumsel#bandung
#jambi
#bengkulu#jaksel
#tenggerang#lamsel
#pesawaran
#hiling
#explorewisatalampung
#opentrippahawang #wisataindonesia
#wisatalampung
#indonesia",lagoon
https://www.instagram.com/p/C5XCWWISIew/,1861.jpg,2024-04-05 00:38:00,"Mimin Kasih Info Paket trip libur Lebaran kepulau pahawang hanya dengan 150rb perorangnya loh 😍😍kalian sudah bisa menikmati explore empat pulau yang ada di pahawang dan dua tempat Snorkling lho 😮😮

kapan lagi? bisa nikmati liburan murah dan sudah dapat fasilitas yang lengkap, ayo buruan ajak teman, keluarga atau pasangan mu untuk liburan ke pulau pahawang 😍😍

untuk Info lebih lengkap bisa langsung hubungi Contact Person :

Whatsapp 
Admin 1 : 0821-7858-6537
Admin 2 : 0858-3882-2708

#pahawang
#tegalmas
#tegalmasisland
#liburanlampung 
#viral 
#wisatategalmas
#palembang
#jakarta#lampung
#pringsewulampung
#bandarlampung
#sumsel#bandung
#jambi
#bengkulu#jaksel
#tenggerang#lamsel
#pesawaran
#hiling
#explorewisatalampung
#opentrippahawang #wisataindonesia
#wisatalampung
#indonesia",underwater/ocean deep
https://www.instagram.com/p/C8BfgGLSdjd/,1862.jpg,2024-06-10 05:23:37,"Mimin Kasih Info Paket trip libur Lebaran kepulau pahawang hanya dengan 150rb perorangnya loh 😍😍kalian sudah bisa menikmati explore empat pulau yang ada di pahawang dan dua tempat Snorkling lho 😮😮

kapan lagi? bisa nikmati liburan murah dan sudah dapat fasilitas yang lengkap, ayo buruan ajak teman, keluarga atau pasangan mu untuk liburan ke pulau pahawang 😍😍

Catat tanggal liburan kalian 🤩
Mei : 18,19,23,24,25,26
Juni : 1,2,8,9,15,16,17,18,22,23,29,30

untuk Info lebih lengkap bisa langsung hubungi Contact Person :

Whatsapp 
0821-7858-6537

#pahawang
#tegalmas
#tegalmasisland
#liburanlampung 
#viral 
#wisatategalmas
#palembang
#jakarta#lampung
#pringsewulampung
#bandarlampung
#sumsel#bandung
#jambi
#bengkulu#jaksel
#tenggerang#lamsel
#pesawaran
#hiling
#explorewisatalampung
#opentrippahawang #wisataindonesia
#wisatalampung
#indonesia",river
https://www.instagram.com/p/C7yDiHmyzZ9/,1863.jpg,2024-06-04 05:30:37,"Panas panas gini enaknya minum es Dugan di pulau pahawang 😍

Mimin Kasih Info Paket trip libur Lebaran kepulau pahawang hanya dengan 150rb perorangnya loh 😍😍kalian sudah bisa menikmati explore empat pulau yang ada di pahawang dan dua tempat Snorkling lho 😮😮

kapan lagi? bisa nikmati liburan murah dan sudah dapat fasilitas yang lengkap, ayo buruan ajak teman, keluarga atau pasangan mu untuk liburan ke pulau pahawang 😍😍

Catat tanggal liburan kalian 🤩
Mei : 18,19,23,24,25,26
Juni : 1,2,8,9,15,16,17,18,22,23,29,30

untuk Info lebih lengkap bisa langsung hubungi Contact Person :

Whatsapp 
0821-7858-6537

#pahawang
#tegalmas
#tegalmasisland
#liburanlampung 
#viral 
#wisatategalmas
#palembang
#jakarta#lampung
#pringsewulampung
#bandarlampung
#sumsel#bandung
#jambi
#bengkulu#jaksel
#tenggerang#lamsel
#pesawaran
#hiling
#explorewisatalampung
#opentrippahawang #wisataindonesia
#wisatalampung
#indonesia",sandbox
https://www.instagram.com/p/CxmxHQYyQXg/,1864.jpg,2023-09-25 07:04:05,"Paket Trip Tampa Minimal
Peserta🥳🥳🥳🥳

1.Paket Open Trip (Gabung) 
 (khusus weekend) 

• open trip pahawang 150k/orang
• open trip tegal mas 230k/orang

2.Paket Privat Trip (Every Day) 
Paket ini sangat cocok sekali
untuk Family Trip,Gathering,
Honeymoon,dll.
Kamu dapat atur jadwal liburan 
sesuai Keinginan mu. 

• Privat Pahawang 
  Start From 170k/orang

• Privat Tegal Mas
  Start From 245k/orang

Harga menyesuaikan peserta. 
Semakin banyak peserta harga
semakin Murah🥰🥰
___________________________________
Meeting point dermaga 4 ketapang
___________________________________
Info lebih lengkap bisa langsung  hubungi :
📱:081928614064
___________________________________
Fasilitas :
 ⛵Kapal Eksplore Pulau dan Spot Snorkling.
🍛Makan 1x 
🥛Air Mineral.
🏊Alat Snorkling (Mask & Snorkel) 
👕Life Jacket (Pelampung).
🏷️Tiket Masuk Pulau Maupun Spot  Snorkling.
📷Camera Underwater.
💉P3K.
🕺Tour Guide
🖼️Dokumentasi Underwater.
🎞️Dokumentasi Upwater.

Destinasi :
- Pulau kelagian kecil
- Snorkeling Cuku Bedil
- SnorkelingTaman Nemo
- Pulau Pahawang Besar
- Pulau Pahawang Kecil
- Pulau Kelagian Besar
 ------------------------------------------------------------

#pahawang #pulaupahawang #pahawangisland
#pahawangislandlampung 
#tegalmas #tegalmasisland
#liburanlampung
#viral #wisatapahawanglampung 
#wisatategalmas#palembang
#jakarta#lampung
#pringsewulampung
#bandarlampung
#sumsel#bandung 
#jambi #bengkulu#jaksel 
#tenggerang#lamsel
#pesawaran#hiling
#explorewisatalampung
#opentrippahawang #wisataindonesia
#lampunggeh#explore
 #indonesia",beach
https://www.instagram.com/p/CKMGvJGMJLm/,1865.jpg,2021-01-18 14:09:10,"Pantai Bahari Sebalang Tarahan Lampung Selatan

Pantai sebalang, banyak orang yang bilang bali nya Lampung,pencetus pertama pantai yang mengusung nuansa bali, dengan mengubah konsep pantai menggunakan bean bag dan payung ala bali
Sehingga banyak pantai atau tempat wisata dilampung yang mengikuti semoga pariwasata dilampung makin terekspos,dan dikenal dinasional atau pun internasional, sehingga membuat UMKM di Lampung berkembang dengan baik,
______________________
Pengen foto/video nya direpost?
Tag dan follow akun @sebalangyay 
Sertakan #sebalangyay 
#Repost @sebalangyay
________________________
________________________
#kaliandaig
#sebalangyay #sebalangbeach #sebalangbeachlampung #sebalang #lampungselatan #wisata #kalianda #explorelampung #wisata #pantai #kelilinglampung #pencintaalam #indonesia #sunset #lamsel #lampungexsis #lampung 
#sebalang #selatan
#bandarlampung #hits #viral #senja #sunset #sebalang #sebalangbeachlampung
#selatan #sunset #viral #hitslampung #hits #holidays #holiday #virallucu #liburan 
#pantailampungselatan2",coast
https://www.instagram.com/p/CVC17hfPOaZ/,1866.jpg,2021-10-15 09:34:29,".
Ayo perkuat imun dengan berwisata sehat berprotokol kesehatan di  #Lembahhijau.id
@tamansatwalembahhijaulampung 

Keceriaan dan semangat bisa jadikan imun tubuh kamu lebih kuat  dan nikmati udara segar dengan suasana alam yang hijau.
Tambah pengetahuan tentang satwa dan jangan lewatkan segarnya berwisata air di Waterboom Lembah Hijau
Ambil 2 wahana lebih seru lebih hemat😄

Info lebih lanjut 07218050000
081379788807 yudi
08984197153 eka
www.lembahhijau.id

Taman Wisata Lembah Hijau Lampung
Jl Radin Imba kesuma Ratu No 21.Kel.Sukadanaham.Kec Tanjung karang Barat - Bandar Lampung.

#wisata #liburan #piknik #destinasi#lampung #wisatasehatlembahhijau #tamanwisatalembahhijau #lembahhijau.id #wisataalam #wisataedukasi #oki #oku #baturaja#sumsel #lamsel #lampung #baturajaupdate #palembanginfo #lampunginfo #infolampung #vloger #traveler #wisatasehat  #2021 #lembahhijaulampung",field road
https://www.instagram.com/p/DTLsBQCk-_U/,1867.jpg,2026-01-06 20:27:29,Way Tebing Ceppa @way_tebing_ceppa di Lamsel merupakan tempat pemandian air yang langsung dari pegunungan tanpa kaporit dan sungguh adem sekali airnya #liburan #wisatawan #waytebingceppa #lampungselatan #fyp MasyaAllah Tabarakallah...,botanical garden
https://www.instagram.com/p/CVCw8ZEPmMd/,1868.jpg,2021-10-15 08:50:54,"Ayo perkuat imun dengan berwisata sehat berprotokol kesehatan di  #Lembahhijau.id
@tamansatwalembahhijaulampung 

Keceriaan dan semangat bisa jadikan imun tubuh kamu lebih kuat  dan nikmati udara segar dengan suasana alam yang hijau.
Tambah pengetahuan tentang satwa dan jangan lewatkan segarnya berwisata air di Waterboom Lembah Hijau
Ambil 2 wahana lebih seru lebih hemat😄

Info lebih lanjut 07218050000
081379788807 yudi
08984197153 eka
www.lembahhijau.id

Taman Wisata Lembah Hijau Lampung
Jl Radin Imba kesuma Ratu No 21.Kel.Sukadanaham.Kec Tanjung karang Barat - Bandar Lampung.

#wisata #liburan #piknik #destinasi#lampung #wisatasehatlembahhijau #tamanwisatalembahhijau #lembahhijau.id #wisataalam #wisataedukasi #oki #oku #baturaja#sumsel #lamsel #lampung #baturajaupdate #palembanginfo #lampunginfo #infolampung #vloger #traveler #wisatasehat  #2021 #lembahhijaulampung",field road
https://www.instagram.com/p/DIa6UASJy-V/,1869.jpg,2025-04-14 08:35:39,"Mimin bingung mau caption apa best 😁
📍Pulau Wayang

#kontour_lampung #kontourlampung #pulauwayang #opentrippulauwayang #candipuro #lamsel #palembang #liburan #sukabumi #metro #fypppppppppppppppppppppppppppppppppppppppppppppppppppppppppppppppppppppp",iceberg
https://www.instagram.com/p/CUPTWcsvH0q/,1870.jpg,2021-09-25 09:11:03,"Ayo perkuat imun dengan berwisata sehat berprotokol kesehatan di  #Lembahhijau.id
@tamansatwalembahhijaulampung 

Keceriaan dan semangat bisa jadikan imun tubuh kamu lebih kuat loh😃 dan nikmati udara segar dengan suasana alam yang hijau.
Tambah pengetahuan tentang satwa dan jangan lewatkan segarnya berwisata air di Waterboom Lembah Hijau

HTM 
📎Tiket Masuk Rp 15.000,-
📎Tiket TerusanTaman Satwa 
Rp 50.000,-
📎Tiket Terusan Waterboom
  Dewasa Rp 25.000,-
 Anak  Rp 20.000,

📎Tiket Terusan Taman Satwa + Waterboom Rp55.000,-/orang
Ambil 2 wahana lebih seru lebih hemat😄

Info lebih lanjut 07218050000
081379788807 yudi
08984197153 eka
www.lembahhijau.id

Taman Wisata Lembah Hijau Lampung
Jl Radin Imba kesuma Ratu No 21.Kel.Sukadanaham.Kec Tanjung karang Barat - Bandar Lampung.

#wisata #liburan #piknik #destinasi#lampung #wisatasehatlembahhijau #tamanwisatalembahhijau #lembahhijau.id #wisataalam #wisataedukasi #oki #oku #baturaja#sumsel #lamsel #lampung #baturajaupdate #palembanginfo #lampunginfo #infolampung #vloger #traveler #wisatasehat  #2021 #lembahhijaulampung",swimming hole
https://www.instagram.com/p/C7gqDUYSyDk/,1871.jpg,2024-05-28 11:20:53,"Mimin Kasih Info Paket trip libur Lebaran kepulau pahawang hanya dengan 150rb perorangnya loh 😍😍kalian sudah bisa menikmati explore empat pulau yang ada di pahawang dan dua tempat Snorkling lho 😮😮

kapan lagi? bisa nikmati liburan murah dan sudah dapat fasilitas yang lengkap, ayo buruan ajak teman, keluarga atau pasangan mu untuk liburan ke pulau pahawang 😍😍

Catat tanggal liburan kalian 🤩
Mei : 18,19,23,24,25,26
Juni : 1,2,8,9,15,16,17,18,22,23,29,30

untuk Info lebih lengkap bisa langsung hubungi Contact Person :

Whatsapp 
0821-7858-6537

#pahawang
#tegalmas
#tegalmasisland
#liburanlampung 
#viral 
#wisatategalmas
#palembang
#jakarta#lampung
#pringsewulampung
#bandarlampung
#sumsel#bandung
#jambi
#bengkulu#jaksel
#tenggerang#lamsel
#pesawaran
#hiling
#explorewisatalampung
#opentrippahawang #wisataindonesia
#wisatalampung
#indonesia",park
https://www.instagram.com/p/DIauZp5pGTV/,1872.jpg,2025-04-14 06:51:33,"For Your Happy Holiday 😍😍😍

#kontour_lampung #kontourlampung #opentrippulaupahawang #pulaupahawang #palembang #metro #pringsewu #tanggamus #lambar #lamtim #lampungutara #baradatu #waykanan #lubuklinggau #martapura #muaraenim #pagaralam #kayuagung #sungaililin #muaradua #lamsel #lamteng #liburan #holiday #fypppppppppppppppppppppppppppppppppppppppppppppppppppppppppppppppppppppp",lagoon
https://www.instagram.com/p/DJHKalePZ9d/,1873.jpg,2025-05-01 13:02:56,"Paket Trip Tanpa Minimal
Peserta🥳🥳🥳🥳

1.Paket Open Trip (Gabung) 
 (khusus weekend) 
 
 • Open Trip Pahawang 150k/orang
 • Open trip wayang 550k/orang

(Meeting point dermaga 4 ketapang) 

2.Paket Privat Trip (Every Day) 
Paket ini sangat cocok sekali
untuk Family Trip,Gathering,
Honeymoon,dll.
Kamu dapat atur jadwal liburan 
sesuai Keinginan mu. 

• Privat Pulau Pahawang 
  Start From 170k/orang

• Privat Pulau Tegal Mas
  Start From 245k/orang

•Privat Pulau Wayang
 Start From 550k/orang

•Privat Teluk Kiluan
 Start from 400k/orang

Harga menyesuaikan peserta. 
Semakin banyak peserta harga
semakin Murah Per Orangnyaa🥰🥰
___________________________________
Meeting point dermaga 4 ketapang
___________________________________
Info lebih lengkap bisa langsung
hubungi :📱:0819-2861-4064
___________________________________
Fasilitas :
 ⛵Kapal Eksplore Pulau dan Spot Snorkling.
🍛Makan 1x 
🥛Air Mineral.
🏊Alat Snorkling (Mask & Snorkel) 
👕Life Jacket (Pelampung).
🏷️Tiket Masuk Pulau Maupun Spot  Snorkling.
📷Camera Underwater.
💉P3K.
🕺Tour Guide
👫Jodoh Bila Beruntung
🖼️Dokumentasi Underwater.
🎞️Dokumentasi Upwater.

-------------------------------------------------
#pahawang #pulaupahawang #pahawangisland 
#pahawangislandlampung 
#tegalmas #pulauwayang
 #telukkiluan #telukhantu
 #opentrip #viral 
#wisatapahawanglampung
 #palembang #pulauwayanglampung
#jakarta #lampung 
#pringsewulampung 
#bandarlampung 
#sumsel #bandung 
#jambi #bengkulu #jaksel 
#tenggerang #lamsel 
#pesawaran
#explorewisatalampung 
#opentrippahawang 
#lampunggeh #fyp 
 #indonesia",lagoon
https://www.instagram.com/p/C4dD3Btve1e/,1874.jpg,2024-03-13 12:15:15,"Paket Trip Tanpa Minimal
Peserta🥳🥳🥳🥳

1.Paket Open Trip (Gabung) 
 (khusus weekend) 

• open trip pahawang 150k/orang
• open trip tegal mas 230k/orang

(Meeting point dermaga 4 ketapang) 

2.Paket Privat Trip (Every Day) 
Paket ini sangat cocok sekali
untuk Family Trip,Gathering,
Honeymoon,dll.
Kamu dapat atur jadwal liburan 
sesuai Keinginan mu. 

• Privat Pahawang 
  Start From 170k/orang

• Privat Tegal Mas
  Start From 245k/orang

(Harga berlaku untuk 16-20 peserta) 

Harga menyesuaikan peserta. 
Semakin banyak peserta harga
semakin Murah🥰🥰
___________________________________
Meeting point dermaga 4 ketapang
___________________________________
Info lebih lengkap bisa langsung
hubungi :📱:0819-2861-4064
___________________________________
Fasilitas :
 ⛵Kapal Eksplore Pulau dan Spot Snorkling.
🍛Makan 1x 
🥛Air Mineral.
🏊Alat Snorkling (Mask & Snorkel) 
👕Life Jacket (Pelampung).
🏷️Tiket Masuk Pulau Maupun Spot  Snorkling.
📷Camera Underwater.
💉P3K.
🕺Tour Guide
🖼️Dokumentasi Underwater.
🎞️Dokumentasi Upwater.

Destinasi :
- Pulau kelagian kecil
- Snorkeling Cuku Bedil
- SnorkelingTaman Nemo
- Pulau Pahawang Besar
- Pulau Pahawang Kecil
- Pulau Kelagian Besar
 -------------------------------------------------
#pahawang #pulaupahawang #pahawangisland
#pahawangislandlampung 
#pahawangmurah#tegalmas
 #tegalmasisland
#liburanlampung
#viral #wisatapahawanglampung 
#wisatategalmas#palembang
#jakarta#lampung
#pringsewulampung
#bandarlampung
#sumsel#bandung 
#jambi #bengkulu#jaksel 
#tenggerang#lamsel
#pesawaran#hiling
#explorewisatalampung
#opentrippahawang #wisataindonesia
#lampunggeh
 #indonesia",beach
https://www.instagram.com/p/C8RoJXzS3Fs/,1875.jpg,2024-06-16 11:47:01,"Mimin Kasih Info Paket trip libur Lebaran kepulau pahawang hanya dengan 150rb perorangnya loh 😍😍kalian sudah bisa menikmati explore empat pulau yang ada di pahawang dan dua tempat Snorkling lho 😮😮

kapan lagi? bisa nikmati liburan murah dan sudah dapat fasilitas yang lengkap, ayo buruan ajak teman, keluarga atau pasangan mu untuk liburan ke pulau pahawang 😍😍

Catat tanggal liburan kalian 🤩
Juni :15, 16 , 17, 18, 22, 23, 29, 30
Juli :6, 7, 13, 14, 20, 21, 27, 28
Agustus :3, 4, 10, 11, 17, 18, 24, 31

untuk Info lebih lengkap bisa langsung hubungi Contact Person :

Whatsapp 
0821-7858-6537

#pahawang
#tegalmas
#tegalmasisland
#liburanlampung 
#viral 
#wisatategalmas
#palembang
#jakarta#lampung
#pringsewulampung
#bandarlampung
#sumsel#bandung
#jambi
#bengkulu#jaksel
#tenggerang#lamsel
#pesawaran
#hiling
#explorewisatalampung
#opentrippahawang #wisataindonesia
#wisatalampung
#indonesia",underwater/ocean deep
https://www.instagram.com/p/DIxvMJ4hKlr/,1876.jpg,2025-04-23 05:20:59,"Paket Trip Tanpa Minimal
Peserta🥳🥳🥳🥳

1.Paket Open Trip (Gabung) 
 (khusus weekend) 
 
 • Open Trip Pahawang 150k/orang
 • Open trip wayang 550k/orang

(Meeting point dermaga 4 ketapang) 

2.Paket Privat Trip (Every Day) 
Paket ini sangat cocok sekali
untuk Family Trip,Gathering,
Honeymoon,dll.
Kamu dapat atur jadwal liburan 
sesuai Keinginan mu. 

• Privat Pulau Pahawang 
  Start From 170k/orang

• Privat Pulau Tegal Mas
  Start From 245k/orang

•Privat Pulau Wayang
 Start From 550k/orang

•Privat Teluk Kiluan
 Start from 400k/orang

Harga menyesuaikan peserta. 
Semakin banyak peserta harga
semakin Murah Per Orangnyaa🥰🥰
___________________________________
Meeting point dermaga 4 ketapang
___________________________________
Info lebih lengkap bisa langsung
hubungi :📱:0819-2861-4064
___________________________________
Fasilitas :
 ⛵Kapal Eksplore Pulau dan Spot Snorkling.
🍛Makan 1x 
🥛Air Mineral.
🏊Alat Snorkling (Mask & Snorkel) 
👕Life Jacket (Pelampung).
🏷️Tiket Masuk Pulau Maupun Spot  Snorkling.
📷Camera Underwater.
💉P3K.
🕺Tour Guide
👫Jodoh Bila Beruntung
🖼️Dokumentasi Underwater.
🎞️Dokumentasi Upwater.

-------------------------------------------------
#pahawang #pulaupahawang #pahawangisland 
#pahawangislandlampung 
#tegalmas #pulauwayang
 #telukkiluan #telukhantu
 #opentrip #viral 
#wisatapahawanglampung
 #palembang #pulauwayanglampung
#jakarta #lampung 
#pringsewulampung 
#bandarlampung 
#sumsel #bandung 
#jambi #bengkulu #jaksel 
#tenggerang #lamsel 
#pesawaran
#explorewisatalampung 
#opentrippahawang 
#lampunggeh #fyp 
 #indonesia",raft
https://www.instagram.com/p/C1FL6WhP-CK/,1877.jpg,2023-12-20 16:09:39,"Paket Trip Tampa Minimal
Peserta🥳🥳🥳🥳

1.Paket Open Trip (Gabung) 
(khusus weekend) 

• open trip pahawang 150k/orang
• open trip tegal mas 230k/orang

2.Paket Privat Trip (Every Day) 
Paket ini sangat cocok sekali
untuk Family Trip,Gathering,
Honeymoon,dll.
Kamu dapat atur jadwal liburan 
sesuai Keinginan mu. 

• Privat Pahawang 
Start From 170k/orang

• Privat Tegal Mas
Start From 245k/orang

Harga menyesuaikan peserta. 
Semakin banyak peserta harga
semakin Murah🥰🥰
___________________________________
Meeting point dermaga 4 ketapang
___________________________________
Info lebih lengkap bisa langsung hubungi :
📱:081928614064
___________________________________
Fasilitas :
⛵Kapal Eksplore Pulau dan Spot Snorkling.
🍛Makan 1x 
🥛Air Mineral.
🏊Alat Snorkling (Mask & Snorkel) 
👕Life Jacket (Pelampung).
🏷️Tiket Masuk Pulau Maupun Spot Snorkling.
📷Camera Underwater.
💉P3K.
🕺Tour Guide
🖼️Dokumentasi Underwater.
🎞️Dokumentasi Upwater.

Destinasi :
- Pulau kelagian kecil
- Snorkeling Cuku Bedil
- SnorkelingTaman Nemo
- Pulau Pahawang Besar
- Pulau Pahawang Kecil
- Pulau Kelagian Besar
------------------------------------------------------------

#pahawang #pulaupahawang #pahawangisland
#pahawangislandlampung 
#pahawangmurah
#pahawanglampung#tegalmas
#tegalmasisland
 #wisatapahawanglampung 
#wisatategalmas#palembang
#jakarta#lampung
#pringsewulampung
#bandarlampung
#sumsel#bandung 
#jambi #bengkulu#jaksel 
#tenggerang#lamsel
#pesawaran#hiling
#pesonapesawaran
#explorewisatalampung
#opentrippahawang #wisataindonesia
#wisatalampung
#indonesia",lagoon
https://www.instagram.com/p/C6nfX74SH2G/,1878.jpg,2024-05-06 06:30:52,"Mimin Kasih Info Paket trip libur Lebaran kepulau pahawang hanya dengan 150rb perorangnya loh 😍😍kalian sudah bisa menikmati explore empat pulau yang ada di pahawang dan dua tempat Snorkling lho 😮😮

kapan lagi? bisa nikmati liburan murah dan sudah dapat fasilitas yang lengkap, ayo buruan ajak teman, keluarga atau pasangan mu untuk liburan ke pulau pahawang 😍😍

untuk Info lebih lengkap bisa langsung hubungi Contact Person :

Whatsapp 
Admin 1 : 0821-7858-6537
Admin 2 : 0858-3882-2708

#pahawang
#tegalmas
#tegalmasisland
#liburanlampung 
#viral 
#wisatategalmas
#palembang
#jakarta#lampung
#pringsewulampung
#bandarlampung
#sumsel#bandung
#jambi
#bengkulu#jaksel
#tenggerang#lamsel
#pesawaran
#hiling
#explorewisatalampung
#opentrippahawang #wisataindonesia
#wisatalampung
#indonesia",beach
https://www.instagram.com/p/C81qwyayzKr/,1879.jpg,2024-06-30 11:42:32,"Mimin Kasih Info Paket trip libur Lebaran kepulau pahawang hanya dengan 150rb perorangnya loh 😍😍kalian sudah bisa menikmati explore empat pulau yang ada di pahawang dan dua tempat Snorkling lho 😮😮

kapan lagi? bisa nikmati liburan murah dan sudah dapat fasilitas yang lengkap, ayo buruan ajak teman, keluarga atau pasangan mu untuk liburan ke pulau pahawang 😍😍

Catat tanggal liburan kalian 🤩
Juni :15, 16 , 17, 18, 22, 23, 29, 30
Juli :6, 7, 13, 14, 20, 21, 27, 28
Agustus :3, 4, 10, 11, 17, 18, 24, 31

untuk Info lebih lengkap bisa langsung hubungi Contact Person :

Whatsapp 
0821-7858-6537

#pahawang
#tegalmas
#tegalmasisland
#liburanlampung 
#viral 
#wisatategalmas
#palembang
#jakarta#lampung
#pringsewulampung
#bandarlampung
#sumsel#bandung
#jambi
#bengkulu#jaksel
#tenggerang#lamsel
#pesawaran
#hiling
#explorewisatalampung
#opentrippahawang #wisataindonesia
#wisatalampung
#indonesia",beer garden
https://www.instagram.com/p/C2bKaGIvevF/,1880.jpg,2024-01-23 01:31:11,"ALHAMDULIAH LIAT KALIAN HAPPY MOOD BGT 
Selau Setia Warga Lampungku 😘😘😘

RYZAR &  @putriyws 💕 CHECK IT OUT ❤️

All Vendor : 
@cocoentertainment_1 
@abieproduction 
@ryaweddinggallery 
@tarawedding_lpg 
@duniaindra 
@moist_id 
@helloworld_co 
____________________________________

OPEN BOOKING ☎️
Jadikan acaramu lebih indah bersama COCOentertaiment untuk resepsi pernikahan, resepsi khinatan,ulangtahun,gathering dll.
Base in BANDARLAMPUNG menerima di GEDUNG/RUMAH
.
PROFESIONAL PILIHAN :
-ORGAN TUNGGAL✅
-NASYID ✅
-ACCOUSTIC✅
-BAND✅
-PAKET ALL IN WEDDING ✅
-MC ✅
-WO ✅
-SOUND SISTEM ✅
-LIGHTING ✅
-SULAP✅
-ARTIS LIPSING ✅
-USHER ✅
-TARI TRADISIONAL & MODERN ✅
-WEDDING PLANNER ✅
-DLL✅

Untuk Fix order / info pemesanan bisa menghubungi :
WA : 082372360932
Line: cocoricoo

#giveaway #giveaway #giveawaywinner #newyork #newyears #jakartabarat #hits #btc #viralvideos #viralindonesia #pesta #tiktokindia #singapore #eropa #tiktokgirls #lampung #weddingchineselampung #bandarlampungkuliner #weddingchinese #wedding #weddingdress #weddinginspiration #cocoentertainmento #sammy #kalianda #lamsel",stage/outdoor
https://www.instagram.com/p/C2YnPUnPSE7/,1881.jpg,2024-01-22 01:45:24,"ADAT MINANG 💕

GESER ▶️▶️▶️▶️
Keseruan Wedding Client Kami 😘😘
Berikut video No edit edit Berlangsung Di acara @irnesamaharani & @khaisar💕 CHECK IT OUT ❤️

All Vendor : 
@cocoentertainment_1 
@abieproduction 
@rias_id 
@moeliadesign 
@dewisadewo 
@emersialampung 
@djava_screen 
@nau_rieel 
____________________________________

OPEN BOOKING ☎️
Jadikan acaramu lebih indah bersama COCOentertaiment untuk resepsi pernikahan, resepsi khinatan,ulangtahun,gathering dll.
Base in BANDARLAMPUNG menerima di GEDUNG/RUMAH
.
PROFESIONAL PILIHAN :
-ORGAN TUNGGAL✅
-NASYID ✅
-ACCOUSTIC✅
-BAND✅
-PAKET ALL IN WEDDING ✅
-MC ✅
-WO ✅
-SOUND SISTEM ✅
-LIGHTING ✅
-SULAP✅
-ARTIS LIPSING ✅
-USHER ✅
-TARI TRADISIONAL & MODERN ✅
-WEDDING PLANNER ✅
-DLL✅

Untuk Fix order / info pemesanan bisa menghubungi :
WA : 082372360932
Line: cocoricoo

#giveaway #giveaway #giveawaywinner #newyork #newyears #jakartabarat #hits #btc #viralvideos #viralindonesia #pesta #tiktokindia #singapore #eropa #tiktokgirls #lampung #weddingchineselampung #bandarlampungkuliner #weddingchinese #wedding #weddingdress #weddinginspiration #cocoentertainmento #sammy #kalianda #lamsel",florist shop/indoor
https://www.instagram.com/p/CTz3T-nhZdD/,1882.jpg,2021-09-14 17:26:33,"Karaoke Night setiap hari senin, selasa, kamis, dan Jumat ya gaeesss.. live music setiap hari Rabu, sabtu, dan minggu.. cuss lahh yukk.. udah lama gak yukk.. @sebalang_space 😁

Tabik pun Muli Mekhanai @sebalang_space Ada promo ni buat kalian yang suka ke pantai @sebalangyay 
Minimal pembelian 300k 
Kalian dapet free Bean bag 5 loh
Kuy buruan jngan sampai ketinggalan
Persyaratan nya:
1.harus boking h-1
2.tag & follow @sebalang_space 
3.tag & follow @sebalangyay 

📷 @adinerik02
Follow 
@sebalang_space @holiday_lampung
Loc
@sebalang_space
______________________
Pengen foto/video nya direpost?
-Pakai makser
-Tag dan follow akun @sebalangyay 
-Sertakan #sebalangyay 
________________________
________________________
#sebalangyay #sebalangbeach #sebalangbeachlampung #sebalang #lampungselatan #wisata #kalianda #explorelampung #wisata #pantai #kelilinglampung #pencintaalam #indonesia #sunset #lamsel #lampungexsis #lampung #anakselatan #camp#sebalangcamp
#sebalang #selatan
#bandarlampung #hits #viral #senja #sunset #sebalang #sebalangbeachlampung
#selatan #sunset #viral #hitslampung #hits #holidays #holiday #viralindonesia",pier
https://www.instagram.com/p/CVSk8Igljh3/,1883.jpg,2021-10-21 12:13:52,"Keindahan disetiap moment
.
IN FRAME:
@windyatk_
@adi_argawijaya
.
Photographer:
@ekiprasetyautama
.
Location: 
📍 Pantai Kunyit
.
TAG:
@pemprov.lampung
@putrihijablampung_ @hijabhitzlampung @lampuung @hijabhitzlampung @lampunginsta @potretlampung @lampung.eksis @lampung.media @pageant.lampung @wajahlampuung @lnews.id
@pesonalampunng @explorelampung @selebgram.lampuung @pariwisata_lampung @gaya.populer
@selebgram.outfit 
.
HASTAG:
#fotolampung  #moment #photography #lampung #ootdfashion #kopy_l #pesonalampung #pantaikedu  #lamselhits  #lampungselatanhits #fff😊 #cantik #lampungcantik #photographylampung #lfl💛 #fff💋 #lampunghits  #lightroom #happy #wisatalampung #fotografi #instapic",martial arts gym
https://www.instagram.com/p/CTVmXQiB2um/,1884.jpg,2021-09-02 23:21:14,".
.
Keindahan disetiap moment
.
IN FRAME:
@indahkurniawati.ikw
.
Photographer:
.
Location: 
📍 Merbau Mataram, Kota Kalianda, Kabupaten Lampung Selatan, Provinsi Lampung
.
TAG:
@pemprov.lampung
@putrihijablampung_ @hijabhitzlampung @lampuung @hijabhitzlampung @lampunginsta @potretlampung @lampung.eksis @lampung.media @pageant.lampung @wajahlampuung @lnews.id
@pesonalampunng @explorelampung @selebgram.lampuung @pariwisata_lampung @gaya.populer
@selebgram.outfit 
.
HASTAG:
#fotolampung  #moment #photography #lampung #ootdfashion #kopy_l #pesonalampung #pantaikedu  #lamselhits  #lampungselatanhits #fff😊 #cantik #lampungcantik #photographylampung #lfl💛 #fff💋 #lampunghits  #lightroom #happy #wisatalampung #fotografi #instapic",beauty salon
https://www.instagram.com/p/CVjtbqyv0wI/,1885.jpg,2021-10-28 03:55:10,"Keindahan disetiap moment
.
IN FRAME:
@bopiekawai16
.
Photographer:
-
.
Location: 
📍 Griya Kebun
.
TAG:
@pemprov.lampung
@putrihijablampung_ @hijabhitzlampung @lampuung @hijabhitzlampung @lampunginsta @potretlampung @lampung.eksis @lampung.media @pageant.lampung @wajahlampuung @lnews.id
@pesonalampunng @explorelampung @selebgram.lampuung @pariwisata_lampung @gaya.populer
@selebgram.outfit 
.
HASTAG:
#fotolampung  #moment #photography #lampung #ootdfashion #kopy_l #pesonalampung #pantaikedu  #lamselhits  #lampungselatanhits #fff😊 #cantik #lampungcantik #photographylampung #lfl💛 #fff💋 #lampunghits  #lightroom #happy #wisatalampung #fotografi #instapic",park
https://www.instagram.com/p/CVUvfr9lCMs/,1886.jpg,2021-10-22 08:24:35,"Keindahan disetiap moment
.
IN FRAME:
@windyatk_
@adi_argawijaya
.
Photographer:
@ekiprasetyautama
.
Location: 
📍 Pantai Kunyit
.
TAG:
@pemprov.lampung
@putrihijablampung_ @hijabhitzlampung @lampuung @hijabhitzlampung @lampunginsta @potretlampung @lampung.eksis @lampung.media @pageant.lampung @wajahlampuung @lnews.id
@pesonalampunng @explorelampung @selebgram.lampuung @pariwisata_lampung @gaya.populer
@selebgram.outfit 
.
HASTAG:
#fotolampung #moment #photography #lampung #ootdfashion #kopy_l #pesonalampung #kunyit #lamselhits  #lampunghits #fff😊 #cantik #lampungcantik #photographylampung #lfl💛 #fff💋 #lampunghits  #lightroom #happy #wisatalampung #fotografi #instapic #jasafotolampung #fotografilampung",golf course
