Post URL,File,Post Date,Caption,Anotasi,Catatan,Sence1,Sence2,Sence3,Sence4,Sence5,Sence6,Sence7,Sence8,Sence9,Sence10
https://www.instagram.com/p/DXyhP25j7o3/,1.jpg,5/1/2026 8:29,"The beach is fun, while the mountains are calming🌊🏝️⛰️
#gunungkratau #pantaisebesi #lampungselatan #pulausebesi",Attraction,,lagoon,islet,beach,swimming hole,coast,ocean,natural,river,cliff,sky
https://www.instagram.com/p/C-Id93hyegu/,2.jpg,8/1/2024 15:27,"Pantai Slimpuyang , Sidomulyo , Lampung selatan.
.
. 
. 
Repost : @anandamdini_ 
. 
. 
#LampungInsta #Lampung #kelilinglampung #ExploreLampung #bandarlampung #indonesia #indonesiaku #alamindonesia #wonderfulindonesia #tamanindonesiakaya #indonesiaindah #kalianda #lampungselatan",Attraction,,ocean,coast,snowfield,ice floe,beach,ice shelf,cliff,iceberg,lagoon,wave
https://www.instagram.com/p/DRY11KTj8nt/,3.jpg,11/23/2025 6:00,"A welcoming spot where groups can find shade, connect, and enjoy a peaceful break!

Booking and Reservation:
Whatsapp +62 821 2200 2098

—
Pantai Setigi Heni
Canggung, Lampung Selatan

#SetigiHeni #HarmonyWithNature #BatokKelapaBeachCafe #ShellOfFlavor #HiddenGem #Canggung #LampungSelatan",Amenities,,exterior,zen garden,pavilion,japanese garden,asia,pagoda,botanical garden,cottage,outdoor,formal garden
https://www.instagram.com/p/DBFjvtxyijQ/,4.jpg,10/14/2024 1:54,"The beach is the answer to relieve fatigue from busy routines
°°°
@nata_ari77
@danangichwandii

°°°

Pantai Aruna Lampung
Jl. H. Muthalib, Desa Merak Belantung, Kec. kalianda
Lampung Selatan
📞 081541398534 (Kania) 

#lampung #lampungselatan #lampungtimur
#lampungtengah #pantai #metime #tulangbawang #tulangbawangbarat #travellerlampung #beachlife #beachvibes #jalanjalan #metime #campervan
#pantai #pantaiindonesia #lampungtimur #bandarlampung #ffff #detik #girl #ceweindonesia #lampungtengah #lampungselatan #palembang #tulangbawang #mata_lampungku #pikniklampung",Attraction,,lagoon,beach,ocean,coast,natural,islet,pier,river,swimming hole,marsh
https://www.instagram.com/p/DMzwtWsx-N1/,5.jpg,8/1/2025 10:18,"Thank you for visiting at minangrua beach🌊☀
— SNORKELING Rp:75.000/pax all fasilitas 

Make sure your vacation is a good and fun moment, trust us !!!

Liburan di pantai, tapi bukan sekedar pantai.
Pantai minangrua menyajikan rekreasi alam yg berbeda.
Selain pantai, di Minangrua juga ada destinasi wisata lain.
Seperti, Air Terjun Dan Green Canyon.

Your family story must be happy!!
 ________________________
This is👉. Pantai Minangrua - Desa Kelawi - Bakauheni - Lampung Selatan.

Rute: 1.5 jam dari kota Bandar lampung. 10 menit dari Pelabuhan Bakauheni. 
________________________
Hurry up, follow us, because we are processing something amazing!!!
NOTE!!!
(Lodging on this beach is very limited)
__
Pos HTM: 10k/orang (non higeseason) 
__
Green Canyon HTM: 15k/orang 
__
Family Gathering Mulai Rp:170.000/orang
__
Snorkeling mulai Rp: 75.000/orang 

More info & Reservasi: HP/WA: 081272250665
________________________
Don’t miss out on information!!

Tag dan follow 👇👇

@minangruabeach_inn
@pantaiminangrua_lampung

Sertakan #minangruabeach 
❎ Vacation is a necessity too
________________________
•Don’t focus too much on money•
________________________
#minangruabeachinn #minangruabeach #pantaiminangrua #bakauheni #lampungselatan #lampung #lampung #bandung #palembang #travel #explore #tourism #trip #explore",Ancillary,,boat deck,lagoon,islet,swimming hole,natural,beach,harbor,iceberg,raft,ocean
https://www.instagram.com/p/DKTkK9kvUDx/,6.jpg,5/31/2025 5:10,"Langkah kecil menuju laut, harapan besar untuk alam 🌊🐢 Mari jaga laut dan kehidupan yang ada di dalamnya! 

Booking and Reservation:
Whatsapp +62 821 2200 2098

—
Pantai Setigi Heni
Canggung, Lampung Selatan

#SetigiHeni #HarmonyWithNature #BatokKelapaBeachCafe #ShellOfFlavor #HiddenGem #Canggung #LampungSelatan",Attraction,,zen garden,ice floe,vegetation,snowfield,tundra,archaelogical excavation,badlands,watering hole,beach,desert road
https://www.instagram.com/p/DDTir0zvvzA/,7.jpg,12/8/2024 5:17,"The pile of coral reef 🌊 

Booking and Reservation:
Whatsapp +62 821 2200 2098

—
Pantai Setigi Heni
Canggung, Lampung Selatan

#SetigiHeni #HarmonyWithNature #BatokKelapaBeachCafe #ShellOfFlavor #HiddenGem #Canggung #LampungSelatan",Attraction,,landfill,archaelogical excavation,beach,coast,cliff,pier,ocean,excavation,harbor,ruin
https://www.instagram.com/p/CvLuYZsPOeM/,8.jpg,7/27/2023 1:57,"bentar lagi udah mau weekend aja nih, kalian udah punya rencana mau berwisata kemana? kalau belum ada coba deh datang berwisata ke Pantai Marina.

Pantai yang menyuguhkan indahnya spot bebatuan karang ini sudah memiliki fasilitas penunjang lainnya seperti spot foto dan kuliner. yuk berwisata ke pantai yang ada di kalianda.

Loc: Pantai Marina, Kalianda, Lampung Selatan.

#tempatwisatalampung #marinabeach #pantaimarina #wonderfulindonesia #wisatalampungselatan #beach #wisatalampung #wisataindonesia",Attraction,,water park,amusement park,beer garden,plaza,sandbox,roof garden,interior,beach house,playground,fountain
https://www.instagram.com/p/CoZOKbtp71U/,9.jpg,2/8/2023 8:06,"photo family
#couplesyah#kalianda #wisatakalianda #wisatalampungselatan #pantaikalindalampung #kaliandahits #pantaikalianda #jalanjalankalianda #pantailampungselatan #kalianda #pantaiaranglampung #jasaphotopantaikalinda #tempatwisatalampung #wisatalampungselatan #photofamilykalinda #photofamily #photofamilyoutdoor #farrsofampict",Attraction,,picnic area,lawn,yard,patio,interior,park,boat deck,playground,sandbox,coast
https://www.instagram.com/p/CoRTEOnpF_2/,10.jpg,2/5/2023 6:14,"photofamily

#kalianda #wisatakalianda #wisatalampungselatan #pantaikalindalampung #kaliandahits #pantaikalianda #jalanjalankalianda #pantailampungselatan #kalianda #pantaikeduwarna #jasaphotopantaikalinda #wisatalampungselatan #photofamilykalinda #photofamily #photofamilyoutdoor #farrsofampict",Attraction,,beach,coast,ocean,vegetation,wave,natural,sandbox,lagoon,pier,wheat field
https://www.instagram.com/p/C-P1IPVp4Dk/,11.jpg,8/4/2024 12:04,#waytayaskaliandalampungselatan #wisatalampungselatan #pesonaindonesia,Attraction,,rope bridge,rainforest,creek,bridge,mountain,tree house,forest path,valley,canyon,broadleaf
https://www.instagram.com/p/CVy29UNvwqn/,12.jpg,11/3/2021 1:07,"Lampung Selatan banyak banget punya destinasi wisata pantai, salah satu fasilitas yang disukai oleh traveler adalah adanya fasilitas perlengkapan camping yang disediakan oleh pengelola pantai.
.
.
.
.
.
📸 @putrimaharanis15 
🌱 Mbeach, Kalianda, Lampung Selatan
.
.
.
.
.
.
#mbeach 
#pantaikalianda 
#wisatalampungselatan 
#tempatwisatalampung 
#wonderfulinfonesia",Attraction,,beach,lagoon,coast,ocean,islet,sky,cliff,vegetation,wave,beach house
https://www.instagram.com/p/DXv1jH8jpWO/,13.jpg,4/30/2026 7:28,"Let the fun roll!
Ajak temen-temen kamu buat ngerasain serunya rolling donuts di green canyon!
.
.
#greencanyonminangrua #rollingdonut #wisatalampungselatan #kedashotelresort #wisatalampung",Attraction,,lagoon,ocean,islet,coast,cliff,beach,harbor,raft,swimming hole,wave
https://www.instagram.com/p/Cj4WZjBPFuU/,14.jpg,10/19/2022 3:37,"Pantai @mbeachkalianda 
tiket masuk 35K weekend. pantainya bersih. #lampung #wisatalampungselatan #pantailampung",Attraction,,lagoon,beach,coast,outdoor,picnic area,ocean,islet,promenade,natural,river
https://www.instagram.com/p/CrsDYTAAxpp/,15.jpg,5/1/2023 5:11,"#wisatalampungselatan 
#kalianda",Attraction,,football,park,baseball,baseball field,lawn,soccer,ball pit,soccer field,football field,amusement park
https://www.instagram.com/p/DH7LclUzoP7/,16.jpg,4/2/2025 0:49,💦🌸🏖️ #wisatalampungselatan,Attraction,,promenade,water park,playground,amusement park,park,bridge,staircase,plaza,arch,boardwalk
https://www.instagram.com/p/C6TWOBmSR1U/,17.jpg,4/28/2024 10:46,"Rio by the beach 🌈🏝️
.
.
.
#pantaikaliandalampung #wisatalampungselatan",Attraction,,outdoor,vegetation,ocean,beach,coast,desert road,promenade,playground,sky,lagoon
https://www.instagram.com/p/CWcwpQkFLXB/,18.jpg,11/19/2021 7:39,"#wisatalampungselatan
#waykalamkalianda",Attraction,,rainforest,waterfall,creek,mountain,hot spring,rope bridge,mountain path,forest path,canyon,botanical garden
https://www.instagram.com/p/C7Y_8aTPC5J/,19.jpg,5/25/2024 11:58,"Pesona matahari tenggelam di pantai Sebalang 
#pantaisebalanglampung
#sunset
#wisatapantai 
#wisatalampungselatan",Attraction,Sunset,ocean,beach,coast,cliff,wave,rock arch,sky,islet,lagoon,iceberg
https://www.instagram.com/p/CrtQKOfPeDq/,20.jpg,5/1/2023 16:22,"weekend vacation🌊
#pantaisetigiheni 
#wisatalampungselatan",Attraction,,promenade,beach,outdoor,coast,boardwalk,ocean,pier,picnic area,swimming hole,aqueduct
https://www.instagram.com/p/DH73EG8TmFa/,21.jpg,4/2/2025 7:10,With the girl’s  @debyrskspttri & @deanurarlikafasa ❤️ #wisatalampungselatan,Attraction,,rope bridge,park,plaza,outdoor,amusement park,playground,bamboo forest,downtown,outdoor,public
https://www.instagram.com/p/C6bC0rtPk69/,22.jpg,5/1/2024 10:30,"Gak perlu hebat dari orang lain
cukup lebih baik dari diri kita yang kemarin
hidup bukan tentang siapa yang terbaik 
tapi siapa yang berbuat baik
dan tidak pura pura baik

#riobythebeach 
#wisatalampungselatan",Attraction,,beach,promenade,coast,vegetation,boardwalk,ocean,pier,campsite,natural,river
https://www.instagram.com/p/DM4Y1Y2zsC6/,23.jpg,8/3/2025 5:25,"Cuacanya cerah langitnya biru dan pohon2 yang hijau, ada kolam renang air nya seger dari gunung rajabasa,  anak anak pun seneng dan happy menikmati nya,
ini weekend tipis2 kita... 
#wayhalim
#waypenaga
#wtc
#wisatalampungselatan",Attraction,,swimming hole,hot spring,water park,pond,river,raft,creek,natural,fountain,lagoon
https://www.instagram.com/p/C3o0h2HSDR0/,24.jpg,2/22/2024 5:20,"5 Februari 2022 🌊

#love #lfl #pantaimarinalampung #lampung #wisatalampungselatan",Attraction,Pantai (Lowres),beach,lagoon,ocean,coast,islet,wave,cliff,sky,rock arch,ice shelf
https://www.instagram.com/p/CWF-Y3HvYzM/,25.jpg,11/10/2021 11:17,"Menikmati Indahnya Sunset di Pantai Semukuk
.
.
.
.
.
.
.
.
.
.
📍 @pantai.semukuk
🌏 Jl. Pesisir Desa pauh Tanjung Iman Kec. kalianda kab. LAMPUNG SELATAN
📸 @lilymuchsin9
.
.
.
.
.
.
.
.
#pantaisemukuk
#pantaikalianda
#wisatalampungselatan 
#wonderfullampung 
#tempatwisatalampung",Attraction,Sunset,coast,ocean,beach,lagoon,islet,cliff,wave,campsite,river,watering hole
https://www.instagram.com/p/DFc1m6PPmK1/,26.jpg,1/30/2025 12:58,"Jadilah bagian dari proses ini 🌱

#krakataupark #wisatalampung #wisatalampungselatan #jalanjalanlampung",Attraction,,amusement park,playground,water park,park,roof garden,topiary garden,promenade,boardwalk,botanical garden,windmill
https://www.instagram.com/p/CXnPotYPm9k/,27.jpg,12/18/2021 5:54,"Disini siapa yang belum pernah berkunjung ke Pantai Batu Ceper😊, 

Yang belum coba deh, bebatuan karang di tepi Pantainya estetik Benget, cocok nih buat yang hobi foto-foto
.
.
.
.
.
.
.
📸 @jakadwisaputra_ 
🌱 Pantai Batu Ceper, Lampung Selatan -
.
.
.
.
.
.
#pantaibatuceper 
#pantaikalianda 
#wisatalampungselatan 
#wonderfullampung 
#tempatcampinglampung 
#tempatwisatalampung 
#instagramtravel",Attraction,,ocean,coast,wave,beach,cliff,sky,lagoon,rock arch,islet,iceberg
https://www.instagram.com/p/DNcOq5pBFak/,28.jpg,8/17/2025 3:29,"""Indahnya alam Lampung Selatan berpadu dengan semangat Merah Putih.
Di setiap langkah wisata, ada cinta pada negeri yang kita jaga bersama. ❤️🤍
Dirgahayu Republik Indonesia ke-80! 🇮🇩
#PesonaMerahPutihLampungSelatan #HUTke80RI #WisataLampungSelatan #Radityoegi #SyaifulAnwar #KawasanMenaraSigerg #LampungSelatanMaju #BismillahBisa""",Attraction,,interior,boat deck,ocean,landfill,coast,cliff,promenade,exterior,parking lot,islet
https://www.instagram.com/p/CVHI-YlhIEE/,29.jpg,10/17/2021 1:37,"Anak Pantai... Cinta Damai..

#pantaikalianda 
#wisatalampungselatan",Attraction,,beach,islet,lagoon,ocean,coast,cliff,beach house,wave,lighthouse,outdoor
https://www.instagram.com/p/Cs2fZQSrPqm/,30.jpg,5/30/2023 3:00,"Bingung cari tempat healing. Datang saja ke Batu Granit. Selain menawarkan suasana sepi dan tenang. Tiket masuknya juga gratis. Selengkapnya baca di https://tinyurl.com/2haaty8f
#travelspromo #batugranit #wisatalampungselatan #wisatalampung #wisataalam #wisataalamlampungselatan #wisataalamlampung #informasiwisata #infowisata #infowisatalampungselatan #infowisatalampung #hargatiket #tiketmasuk #tiketmasukbatugranit #visitlampung #explorelampung",Attraction,,watering hole,field road,farm,hayfield,rainforest,burial chamber,pasture,badlands,archaelogical excavation,tree farm
https://www.instagram.com/p/CXWDSt0Prj3/,31.jpg,12/11/2021 13:39,"Ketika berwisata ke Pulau Mengkudu ada beberapa spot foto menarik yang dapat kamu temukan, salah satunya view pulau ini.

Bukan hanya itu, buat yang suka snorkeling, kamu juga dapat mencoba melihat keindahan biota laut pulau ini ya.
.
.
.
.
.
📸 @rian_saputra892
📍 Pulau Mengkudu Island , Desa Tutoharjo, Kec.Bakauheni, Kab. Lampung Selatan.
.
.
.
.
.
#pulaumengkuduisland 
#wisatalampungselatan 
#wisatapulau 
#indonesiaindah 
#wonderfulinfonesia",Attraction,,lagoon,beach,islet,ocean,coast,sky,wave,cliff,beach house,natural
https://www.instagram.com/p/Cbw3j-LPimy/,32.jpg,3/31/2022 9:42,"""Alonly Tree""
Lokasi : Pantai Sebalang, Lampung Selatan, Lampung

INUB 31 Maret 2022
UPLOAD BERSAMA

@INSTANUSANTARA
@instanusantarabelampung
#instanusantara 
#instanusantara_742
#instanusantaralampung_742
#instanusantaralampung
#inbe
#seleksimemberinbe2022_002

""Seangkonan ngelestariko budaya sai bumi ruwai jurai""

#nikond600 #tokina1116 #knfilters #nikonindonesia #lampunglandscapers #wisatalampungselatan #lampung",Attraction,,natural,lagoon,boathouse,pier,river,swamp,natural,marsh,pond,islet
https://www.instagram.com/p/DLop5cTPoKN/,33.jpg,7/3/2025 6:15,"[ NIKMATIN KEINDAHAN PANTAI DENGAN SERU-SERUAN NAIK ATV ]
.
🥰 Explore keindahan pantai dengan bermain activity yang seru yups ATV, cuma ada di @sanggarbeach_lpg. Yuk explore wisata Lampung bareng Restu Bumi Adventure.
_______________________
🏝️ RBA - TOUR PACKAGES 
▪️Family & Corporate Gathering
▪️Outbound Training & Team Building
▪️Minat Khusus (Wisata Alam & Wisata Desa)
▪️Experiental Learning (Training & Workshop)
▪️Event Organizer & Tour Domestik/Internasional
.
----More information-----
• Kontak :
> 081271046209 (Admin 1) 
> 081272477622 (Admin 2)
• Instagram : @restubumiadventure 
• Facebook : Restu Bumi Adventure 
• Tik Tok : @restubumiadventure64
• Youtube : Restu Bumi Adventure 
• Website : www.restutour.co.id
• Email : restubumiadventure64@gmail.com
.
#restubumiadventure #restubumioutbound #restubumioverland #restubumi #adventure #pariwisata #pantaisanggar #sanggarbeach #kalianda #lamsel #triplampung #wisatalampung #lampung #gatheringlampung #wisatalampungselatan #pariwisatalampung #jalanjalanlampung #kelampung #atv #pariwisatalampungselatan",Ancillary,Kelompok Wisata,promenade,beach,ocean,coast,boardwalk,amusement park,pier,outdoor,boat deck,harbor
https://www.instagram.com/p/DNcJfP3TYQ_/,34.jpg,8/17/2025 2:44,"Ikan hiu makan kayu, egi syaiful i love you💓💓
#PESONAMERAHPUTIHLAMPUNGSELATAN
#HUTKE80RI #WISATALAMPUNGSELATAN #RADITYOEGI #SYAIFULANWAR #KAWASANMENARASIGER #LAMPUNGSELATANMAJU #BISMILLAHBISA",Attraction,,water park,boardwalk,promenade,amusement park,pier,outdoor,beach house,motel,palace,asia
https://www.instagram.com/p/DNcbTvPSFdq/,35.jpg,8/17/2025 5:20,"Semangat juang tak pernah padam! 🇮🇩✨
Satpol PP Lampung Selatan turut mempersembahkan formasi angka 80 sebagai wujud syukur dan kebanggaan di Hari Ulang Tahun Kemerdekaan Republik Indonesia ke-80.
Dirgahayu Republik Indonesia!
‘Terus Melaju untuk Indonesia Maju’ 💪🔥

#PESONAMERAHPUTIHLAMPUNGSELATAN
#HUTKE80RI
#WISATALAMPUNGSELATAN
#RADITYOEGI
#SYAIFULANWAR
#KAWASANMENARASIGER
#LAMPUNGSELATANMAJU
#BISMILLAHBISA",Attraction,,promenade,outdoor,water park,amusement park,plaza,beach,carrousel,coast,beach house,boardwalk
https://www.instagram.com/p/DIYToPKhqgE/,36.jpg,4/13/2025 8:19,"Let’s create sunny memories with the ones you love!

Ajak si kecil bermain pasir, berlari di tepi ombak, dan nikmati quality time bareng keluarga di Rio by the Beach.

Sunshine, laughter, and family moments await!

#RioByTheBeach #FamilyGetaway #PantaiAsik #LiburanKeluarga #pantailampung #pantailampungselatan #wisatalampung #wisatalampungselatan #pariwisatalampung",Attraction,,sandbox,playground,art school,outdoor,archaelogical excavation,campsite,slum,landfill,water park,art studio
https://www.instagram.com/p/C6BxBYwSj66/,37.jpg,4/21/2024 14:53,"Lokasi :📍pantai marina,Kec. Kalianda, Kabupaten Lampung Selatan, Lampung 35551
Pantai Marina Lampung terletak di Desa Merak Belatung, Kecamatan Kalianda, Kabupaten Lampung Selatan. Pantai Marina Lampung kerap menjadi salah satu destinasi wisata untuk menikmati keindahan wisata bahari.

#vnvideoedit
#vneditor #cinematic #vnindonesia #vnvideoindonesia  #vnaesthetics #dronedji #dronedjimini3pro
#lampungkece #lampunggeh #wisatalampungsai #wisatakenallampung #pantaimarina 
#wisatalampungselatan #wisatalampung
#pikniklampung #hellolampung #kelampunggeh #lampunginsta #lampungkece #lampunghits #pantaimarinalampung #pantaimarinakalianda #pantaimarina",Attraction,,coast,cliff,beach,lagoon,hot spring,swimming hole,ocean,wave,creek,islet
https://www.instagram.com/p/DBoNPMLzT4j/,38.jpg,10/27/2024 12:51,"I Love This Game ❤️ Piranha Slowpitch Tournamen 2024
Pengalaman seru main slowpitch di Pantai apalagi Pantainya keren bgt @riobythebeach 🏖
semoga slowpitch di Lampung makin banyak peminatnya yaa & makin jaya ... 🥰 🥎
thank you @mohicans2001 dan teman2 slowpitch semua udh mau berbagi kebersamaannya Lope You 
💜🩷🩵
#slowpitch #slowpitchtournament #pantaikece #wisatalampungselatan #mohicans",Amenities,,ice shelf,ski slope,outdoor,snowfield,ice floe,outdoor,promenade,vegetation,ocean,ski resort
https://www.instagram.com/p/CfAvUEPpaxz/,39.jpg,6/20/2022 3:12,"''So,,kalo belum tau ''nyatanya'' jangan menilai orang dari ''katanya''
.
.
.
.
.
#wisatalampung #wisatalampungselatan #wisatakalianda #lampunggeh #wisataindonesiakeren🇲🇨",Attraction,,sand,mountain path,wild,badlands,desert road,valley,highway,forest path,forest road,butte
https://www.instagram.com/p/C9heccXzmNA/,40.jpg,7/17/2024 12:01,"Fresh view
🌷🕊🫧🌊

@sanggarbeach_lpg 
@pantai.lampung 

Spall spill, link Milkshake in bio
🦩cardi + inner (link Milkshake no 4)
🦩rok tutu premium (link Milkshake no 5)

#pantai #pantailampung #sanggarbeach_lpg #sanggarbeach #sanggarbeachlampung #sanggarbeachedition #wisatalampung #wisatakalianda #wisatakaliandalampung #wisatalampungselatan #lampungexplore #viewlampung #lampungkece",Attraction,,beach,ocean,coast,sky,wave,promenade,lagoon,boardwalk,beach house,cliff
https://www.instagram.com/p/DNcLdOBTYor/,41.jpg,8/17/2025 3:01,"Upacara HUT RI Ke 80

#pesonamerahputihlampungselatan #hutke80ri #wisatalampungselatan #radityoegi #msyaifulanwar #kawasanmenarasiger #lampungselatanmaju #bismillahbisa",Attraction,,oast house,outdoor,amusement park,water park,ticket booth,outdoor,palace,outdoor,asia,plaza
https://www.instagram.com/p/DNcGSFRyZHQ/,42.jpg,8/17/2025 2:16,"Pertama kalinya saya mengabadikan momen dan melihat secara langsung Upacara 17 Agustus 1945 Detik - Detik Proklamasi Kemerdekaan Republik Indonesia Ke - 80 dengan Pemandangan seindah ini. 
Upacara yang di gelar di Menara Siger Icon Gerbang Sumatera dan pemandangan laut serta kapal-kapal Ferry yang buat upacara ini semakin berkesan.
Menurut saya upacara ini, upacara terindah sepanjang sejarah di Lampung Selatan
@radityoegi @m_syaiful.anwar @pemkab.lampungselatan
#pesonamerahputihlampungselatan #hutke80ri #wisatalampungselatan #radityoegi #syaifulanwar #kawasanmenarasiger #
#lampungselatanmaju #bismillahbisa #hutri80indonesia🇮🇩",Attraction,,promenade,water park,amusement park,boardwalk,harbor,racecourse,ocean,outdoor,outdoor,boat deck
https://www.instagram.com/p/CiJuJ12LW_h/,43.jpg,9/6/2022 4:29,"Manusia biasa, yang tak sempurna dan kadang salah.,
.
.
.
.
.
.
📷@ahmad.wya01 
#pesonalampung #lampunggeh#lampungselatan #wisatalampungselatan #hellolampung #lampungeksis #trendinglampung #kelampungaja",Attraction,,lagoon,islet,natural,coast,beach,river,ocean,picnic area,cliff,boathouse
https://www.instagram.com/p/DPdxT5-AR6-/,44.jpg,10/6/2025 10:54,"sunset slide memories
.
.
at @lummayvillaresort ❤️
#villalummayresort #villalampung #wisatalampungselatan #staycationseru #lummayvillaresort #pesonaindonesia",Attraction,,boat deck,rope bridge,playground,construction site,park,lock chamber,zen garden,picnic area,plaza,pier
https://www.instagram.com/p/CeA20GLvxP5/,45.jpg,5/26/2022 7:46,"Sepintar dan semandiri apa pun seorang perempuan, dia tetap membutuhkan peta atau google map dari orang lain untuk menunjukkan arah perjalanannya. Sebab, kalau dibiarkan membaca peta atau google map sendiri, kerap kali dia tersesat. 

Perempuan tetap butuh kaki lain untuk membantunya melangkah.

Lampung, 25 Mei 2022
©@irmadewimeilinda

Lokasi : Curug Anakan | @airterjun_waykalam, Desa Way Kalam Kec. Penengahan Kab. Lampung Selatan

#kaliandaig
#DialogRasa #DiaryMeymey #princessmeymey #IrmaDewiMeilinda #AirTerjunWayKalam #LampungSelatan #Pariwisata #wisatalampung #wisatalampung #wisatalampungselatan #lampungselatanamazing #woderfulindonesia #writerpreneur #blogger #contentwriter #travellers #bloggertravel
Reposted from @irmadewimeilinda",Attraction,,rainforest,rope bridge,junkyard,tree house,boardwalk,amusement park,bamboo forest,botanical garden,swamp,forest path
https://www.instagram.com/p/CVAMocXp_T7/,46.jpg,10/14/2021 8:55,#pantaigigihiu #wisatalampungselatan #indonesiaindah 📸📸📸 @wisata_teluk_kiluan_lampung,Attraction,,cliff,coast,ocean,islet,lagoon,valley,beach,canyon,mountain,hot spring
https://www.instagram.com/p/DNchIRIxHWW/,47.jpg,8/17/2025 6:11,"Pesona Merah Putih di atas Menara Siger 🇮🇩✨

“Bersatu, Berdaulat, Rakyat Sejahtera, Indonesia Maju”.

HUT RI ke-80 tahun 2025, 
Pesona Merah Putih di atas Menara Siger menyatukan ragam suku dan budaya di Bumi Ragom Mufakat 🌏

#pesonamerahputihlampungselatan
#hutke80ri
#wisatalampungselatan
#radityoegi
#syaifulanwar
#kawasanmenarasiger
#lampungselatanmaju
#bismillahbisa",Attraction,Siger,construction site,amphitheater,water park,excavation,plaza,boat deck,staircase,outdoor,amusement park,promenade
https://www.instagram.com/p/DSWCmayk67S/,48.jpg,12/17/2025 0:25,Pantai marina sesuai ekspektasi🥹 #pantaimarina #pantaimarinalampung #pantaimarinakalianda #pantailampungselatan #pantai🌴 #pesonalampungselatan,Attraction,,coast,islet,lagoon,cliff,beach,ocean,wave,rock arch,swimming hole,beach house
https://www.instagram.com/p/CTcfm7fPxaP/,49.jpg,9/5/2021 15:36,"Jangan cuman melihat hasil nya
TAPI
Nikmati & lihat proses nya #pematangsunrise 
==========================
📱Redmi 9T @xiaomi.indonesia
==========================
#pematangsunriselampung #bakauhenilampung #wisatabakauheni #wisatalampung #wisatalampungselatan #wisatabandarlampung #explorelampung #explorebandarlampung #explorelampungselatan #pesonalampung #pesonalampungselatan #pesonabandarlampung #wisatasumsel #pesonasumsel #exploresumsel #pesonasumateraselatan #exploresumateraselatan #wisatasumateraselatan #pesonaindonesia #exploreindonesia #wisataindonesia",Attraction,,picnic area,lagoon,promenade,hot spring,natural,pier,coast,beach,islet,river
https://www.instagram.com/p/DU-exOcD65M/,50.jpg,2/20/2026 10:24,"🌿🌱

#pesonalampungselatan #airterjunwaykalamlampung #fypシ゚viralシfypシ゚ #lampungselatan",Attraction,,botanical garden,park,bamboo forest,rainforest,indoor,slum,roof garden,bridge,boardwalk,outdoor
https://www.instagram.com/p/DXwZgqDGq-l/,51.jpg,4/30/2026 12:43,#pesonalampungselatan arter 9 putri #wisatalampung #kalianda,Attraction,,waterfall,creek,rainforest,river,mountain,swimming hole,grotto,canyon,hot spring,arch
https://www.instagram.com/p/CfJrX2NJ5eQ/,52.jpg,6/23/2022 14:30,"🌊 Tak ada henti aku mengagumi mu...

#laut #Lampung #pantailampung #pantaiarangkalianda #pesonalampunng #pesonalampungselatan",Attraction,,iceberg,ice floe,ice shelf,beach,vegetation,berth,ocean,glacier,coast,childs room
https://www.instagram.com/p/C3rGRSOPRKY/,53.jpg,2/23/2024 2:34,"Golden Hour

#pesonalampungselatan #gunungrajabasa",Attraction,,islet,lagoon,natural,boathouse,river,coast,swamp,mountain,ocean,marsh
https://www.instagram.com/p/CJlToTahQfy/,54.jpg,1/3/2021 12:31,"Pantai pertama di tahun 2021 🦂

#pantaiketang #pesonalampungselatan #pesonapantailampung  #pesonaindonesia
#pantaibaturameketang",Attraction,,ocean,coast,beach,cliff,wave,sky,lagoon,islet,lighthouse,badlands
https://www.instagram.com/p/CLJZgNfMzPM/,55.jpg,2/11/2021 9:26,"Sukses Selalu Pokdarwis
@pantai_minangrua
@airterjun_waykalam 
@dinaspariwisata.lampungselatan
🔸
🔸

📷 In frame

➖➖➖➖➖➖➖➖➖➖➖➖➖
Repost
•  akun @airterjun_waykalam
• Gunakan hastag #airterjunwaykalam
• Tag akun @airterjun_waykalam
. Cekin Lokasi cari Air Terjun Waykalam

#airterjun #airterjunwaykalam #airterjunlampungselatan #airterjunlampung #waykalam  #eksplorewaykalam #lampungselatan #pesonalampungselatan #ekaplorelampungselatan #lampung #eksplorelampung #pesonalampung #indonesia  #pesonaindonesia #holiday #waterfall",Ancillary,Kelompok wisata,amphitheater,raft,picnic area,park,archaelogical excavation,forest path,campus,rainforest,campsite,rope bridge
https://www.instagram.com/p/CT6mumHFvVj/,56.jpg,9/17/2021 8:16,"Orang"" : sendirian aja..?
Me : ehehe...iya lagi susah 
.
.
.
.
.
#latepost #kalianda #lampungselatan #lampung #pantaimarinakalianda #lampunghits #lampunggeh #lampungtraveller #pesonalampungselatan #pesonaindonesia",Attraction,,badlands,landfill,volcano,mountain,cliff,butte,archaelogical excavation,canyon,trench,excavation
https://www.instagram.com/p/Cg6EfU5rP6h/,57.jpg,8/6/2022 6:05,"Pasar Sidomulyo Lampung Selatan

📸 Readmi Note 10

🔜 
Izin Taq / Tandai Kak 🙏?
DM Jika Ini Tidak Diizinkan 📩🚫
KASIH LOVE 💗 dulu sebelumnya ya, biar semangat update setiap harinya berbagi MOMENT⏳ yang sudah terlewatkan🔙😊
------------------------------------
📢📱Follow Instagram Admin Kak
🌏 @evan_nurhakim
🌏 @evan_nurhakim
🌏 @evan_nurhakim
===========================
Klik titik 3 di sudut kanan, pilih TURN ON NOTIFICATION / TAMPILKAN NOTIFIKASI🔔 agar Anda tidak ketinggalan update inspirasi setiap harinya 😘😘
___
🌏INFO UPTUDATE JOIN NOW👇
📢📱Facebook ""Evan Nurhakim""
📢📱Channel Youtube ""Evan Aksi""
___
Silahkan Tag / Tandai, Mention dan Gunakan Hastag #evannurhakimlovers Kak Di Photo Anda Jika Pernah Bersama Admin Kak, Report Postingan Jika Beruntung.
➖➖➖➖➖➖➖➖➖➖➖➖➖➖➖
#infolampungselatan #infolamsel #ssclampung #readminote10 #sidomulyo #sidomulyolampungselatan #lampungselatan #genpi #genpilampung #genpilampungselatan #masjida #generasipesonaindonesia  #pesonalampungselatan #pariwisatalampungselatan #pariwisata_lampungselatan #pariwisatalampung #dilambarkhia #lfl💛 #fff #fff💋 #fff😊 #fff❤ #lfl❤️ #lfl💛lfllflfllffllflflflflflflflflfllflflflflflflflflflflflflflflflflflflflflflflflflflflflflfllflflflflflflflflfllflfllflflflflflflfllflflflflflllfl",Amenities,Pasar,courthouse,outdoor,outdoor,plaza,embassy,outdoor,outdoor,building facade,palace,hospital
https://www.instagram.com/p/CdwqziHBEH9/,58.jpg,5/20/2022 0:53,"Driver baru 😁
.
.
.
#sedangsehat #pulaupahawang #driver #mainairyuk #tripmurahpahawang #pesonalampungselatan #pesonaindonesia📷 #olahragalaut #permainanseawalker 👌👌",Attraction,(Lowres),outdoor,ski slope,ice shelf,golf course,glacier,ice floe,beach,ocean,coast,indoor
https://www.instagram.com/p/CSolC28FR1h/,59.jpg,8/16/2021 11:43,"Kerjakanlah apa yang membuat mu senang!
.
.
.
📍 Pantai Sebalang Bandar Lampung
#sebalangbeach #bandarlampung #pantaisebalanglampung #explorelampungselatan #jelajahpantai #pesonalampungselatan",Attraction,Pantai,lagoon,ocean,swimming hole,coast,islet,beach,natural,pier,river,boat deck
https://www.instagram.com/p/CQ52GbrssCk/,60.jpg,7/4/2021 11:37,"Surga yang tersembunyi di dusun kayu tabu desa kelawi kecamatan Bakauheni Lampung Selatan .
PANTAI Batu Alif
PANTAI minangrua
NTMLYKD
.
.
.
.
.
@dinaspariwisata.lampungselatan 
@iftaassociation 
@yoexplore 
.
.
.
.
.
.
Pokdarwis Minangrua bahari 🇲🇨
.
.
.
.
.
.
#goifta #disparbudlamsel #RamahTamahJelajah
#TamuAdalahKeluarga
#informasilpg#explor_lampungselatan
#wisatalampungku #lampung_modifhits 
#Amazinglampungselatan#pesonalampungselatan
#pesonalampung #pesonaindonesia#wisataalamlampungselatan
#wisatapantailampungselatan #sahabat_traveler 
#lampunghits#kelampungaja#kelampungyuk
#jagajarak
#pakemasker 
#cucitanganpakesabun
#hindarikerumunan 
#protokolkesehatan",Attraction,Pantai,islet,ocean,lagoon,coast,cliff,beach,natural,swimming hole,sky,pier
https://www.instagram.com/p/CKiEb8YMN8d/,61.jpg,1/27/2021 2:52,"Semakin sulit jalan menuju ke suatu tempat sesungguhnya ada suatu kepuasan saat titik akhir perjalanan itu tercapai 
🔸
🔸

📷 In frame : @xxbili76_

➖➖➖➖➖➖➖➖➖➖➖➖➖
Repost
•  akun @airterjun_waykalam
• Gunakan hastag #airterjunwaykalam
• Tag akun @airterjun_waykalam
. Cekin Lokasi cari Air Terjun Waykalam

#airterjun #airterjunwaykalam #airterjunlampungselatan #airterjunlampung #waykalam  #eksplorewaykalam #lampungselatan #pesonalampungselatan #ekaplorelampungselatan #lampung #eksplorelampung #pesonalampung #indonesia  #pesonaindonesia #holiday #waterfall",Attraction,Air Terjun,indoor,botanical garden,rope bridge,bamboo forest,rainforest,outdoor,forest path,roof garden,japanese garden,boardwalk
https://www.instagram.com/p/CPCUXdBlKSJ/,62.jpg,5/19/2021 1:32,"❤️❤️❤️😍😍😍 best moment....
-
-
-
🏝️ @pesona_kelagianbesar_lpg 🎉🎊 
-
-
-
#pantailampung #kelagianbesar #kelagianisland #kelagian #liburlebaran #liburan #refresing #refreshing #mainair #pantaikelagian #senang #gembira #bahagia #menikmatialam #pesonalampungselatan #pesonaindonesiaofficial #berlibur #ceria #kelagianisland",Attraction,,park,sandbox,outdoor,picnic area,archaelogical excavation,beach,slum,raft,amphitheater,landfill
https://www.instagram.com/p/CUm_UxWvg8Y/,63.jpg,10/4/2021 13:57,"Pura Segara Pantai Batu Putih, Ketapang Lampung Selatan

#lampungselatanhits 
#lampungselatanamazing 
#kaliandaig 
#kaliandahits 
#ketapanglampung 
#wisatalampungselatan 
#pesonalampungselatan 
#lampungselatan 
#pariwisatalampungselatan 
#lampungselatanexplore 
#lampunginsta 
#lampunggeh 
#lampungpose 
#lampungyay 
#lampungmoment 
#lampungkeren
#bullssyndicate",Attraction,Pura,pagoda,asia,palace,castle,mausoleum,building facade,tower,outdoor,courtyard,outdoor
https://www.instagram.com/p/CK6h3klsYVA/,64.jpg,2/5/2021 14:51,"😎 yukkk ke @wartawan_beach 

#inilampungyay 
#lampunghitss 
#pesonaindonesia 
#pesonalampung 
#pesonalampungselatan 
#tvrilampung
#lampunginsta",Attraction,,islet,swimming hole,lagoon,cliff,beach,coast,ocean,river,natural,landfill
https://www.instagram.com/p/DNcN0L9SYE8/,65.jpg,8/17/2025 3:22,"Upacara peringatan HUT RI ke 80 di menara siger 🇮🇩
Lampung Selatan majuu ✊✊

#lampung #lampungselatanbisa #pesonalampungselatan #wisatalampung 
@radityoegi @m_syaiful.anwar @tempat_wisata_lampung @wisata_lampung.id @pemkab.lampungselatan @menara_siger",Attraction,Siger,promenade,outdoor,boardwalk,beach house,plaza,beach,playground,water park,coast,amusement park
https://www.instagram.com/p/CcYAvjGPUMH/,66.jpg,4/15/2022 14:32,"𝐖𝐈𝐒𝐀𝐓𝐀 𝐀𝐋𝐀𝐌 𝐆𝐔𝐍𝐔𝐍𝐆 𝐁𝐀𝐓𝐔 🍃
______________________________

destinasi wisata unik berupa  bongkahan batu-batu raksasa yang sangat intagramable 
sambil menikmati keindahan panorama alam yg segar , alami dan indah ..

📍Berlokasi di Desa Srikaton, Tanjung Bintang - wisata Gunung Batu

📷 by : @davidsetiyo_  @daisyphoto___ 

#lampunggeh #lampungselatan #gunungbatu  #desasrikaton #wisatagunungbatu #tanjungbintang #pesonalampungselatan #pikniklampung #jalanjalandilampung 

@gunungbatu_tanjungbintang @desasrikaton_tj.bintang 
@lampuung @lampung.eksis @hellolampuung @tanjungbintangeksis @lampunginsta
Reposted from @ummuhanii89",Attraction,Gunung Batu,mountain path,rainforest,forest path,botanical garden,mountain,park,valley,forest road,tree farm,wild
https://www.instagram.com/p/CP7lMPGNRxh/,67.jpg,6/10/2021 7:16,"Cinta kepada Allah SWT adalah sebuah Cahaya terang, yang mana jika kamu tanpa -Nya, maka kamu akan berada dalam lautan kegelapan.  Kehidupan mu akan selalu terang benderang jika Allah jadi tujuan..

Repost @muhamad_herdiawan
• • • • • •
Pantai Kedu, Kalianda Lampung Selatan

#explorewisatalampung
#pesonakalianda #pesonalampungselatan #pesonalampung #pesonaindonesia #pesonaalam #pesonaalamresort #lampungme #infokyai #infokyailampung #infokyaitravel #ilovelampung #lampunggeh #lampungyay #lampungyay🙌 #lampunghits #lampunginsta #lampunggham #lampungtrip #lampungfun #lampungku #lampungkece #explorelampung #instalampung #pikniklampung #lampung #lampungpunyacerita #lampungpunya #lampungweh",Attraction,Sunset,cliff,lighthouse,sky,butte,coast,islet,ocean,rock arch,beach,volcano
https://www.instagram.com/p/CLHKw17sK88/,68.jpg,2/10/2021 12:39,"Air Terjun Way Kuya
.
Way Kalam, sebuah desa yang berada di atas Gn.Rajabasa Kecamatan Penengahan Lampung Selatan

Mendengar kata way kalam kita langsung tertuju pada air terjun nya, ya way kalam mempunyai air terjun yang sangat indah dan banyak lokasinya pun sangat mudah diakses.
.
Air Terjun way kalam Indukan dan Air Terjun Anakan ada satu air terjun yang belom orang ketahui, namanya ""Air Terjun Way Kuya""

air terjun Way Kuya diambil dari nama hewan Kura-kura, konon ceritanya disini dulunya banyak spesies kura-kura sungai penduduk lokal orang #waykalam menyebutnya ""Bulus""
itulah kenapa dikatakan ""Air Terjun Way Kuya""
.
Air nya mengalir dari atas bebatuan dan tumbuhan rambat membuat keindahan ciptaan sangpencipta semakin membuat kagum akan kebesaranya.
.
lokasinya masih tersembunyi dan treknnya masih setapak sehingga kami belom bisa buka untuk umum, 😀
.
Nextnprojek kami selanjutnya
.
Terimakasih Atas Kunjungan nya pak Camat kec. Penengahan dan bpk serta ibu dari @pmdt_lampung , sudah berkunjung untuk yang ke sekian kali nya, dan mensuport kegiatan Pariwisata yang ada di tempat kami khususnya Wilayah Kec. Penengahan
.
🔸
🔸

📷 In frame Admin 😀

➖➖➖➖➖➖➖➖➖➖➖➖➖
Mau diRepost 
•  akun @airterjun_waykalam
• Gunakan hastag #airterjunwaykalam
• Tag akun @airterjun_waykalam
. Cekin Lokasi cari Air Terjun Waykalam
.

#airterjun #airterjunwaykalam #airterjunlampungselatan #airterjunlampung #waykalam  #eksplorewaykalam #lampungselatan #pesonalampungselatan #ekplorelampungselatan #lampung #eksplorelampung #pesonalampung #indonesia  #pesonaindonesia #holiday #waterfall",Attraction,,rainforest,forest path,creek,botanical garden,pond,waterfall,vegetable garden,roof garden,broadleaf,fountain
https://www.instagram.com/p/CJn6QSHspzF/,69.jpg,1/4/2021 12:47,"""Teruslah berlari mencapai mimpi-mimpimu,sampai suara cemo'oh menjadi tepuk tangan yang abadi'

Potret by 📸@mhmd_ashari30 and @pirdaus.alisyahbana 

.
.
.
.
.
.
.
.

#sahabattrevelerlampung 
#alamlampung 
#kelampunggeh 
#wajahlampung 
#gelerylampung 
#kalianda_ig 
#potretlampung
#pesonalampungselatan 
#lampungdong 
#lampunghits 
#wisatalampung 
#lampungselatanamazing 
#wonderfulllampung 
#wonderfulllampungselatan",Attraction,,outdoor,water park,golf course,ocean,coast,hot spring,beach house,indoor,rice paddy,lagoon
https://www.instagram.com/p/CUEmLKnJRCk/,70.jpg,9/21/2021 5:23,".
Pesona Lampung yang begitu indah sekali.

📍Lokasi Pantai Minang Rua, Bakauheni Lampung
Taken by : @peri_one_

Salam Generasi Pesona Indonesia
Lapah Gham Jamo-Jamo Ngelestareiken Bumi Lampung

Visit www.genpilampung.com

 @jokowi @kemensetneg.ri 
@sandiuno @kemenparekraf.ri 
@dwita_ria @dpr_ri @ustadzabdulhakim @dpdri
@arinal_djunaidi @mbak_nunik 
@rianasariarinal @pkk_provinsi_lampung
@edarwan1962 @pariwisata_lampung
@vera_moz76 @ekraf.lampun @lyanda_melly
@heliana.dewi @perindaglampung
@ade_ui @wahrulfauzisilalahi @dprdlampung 
@dharmasetyawan.com_ @payungiuniversity
@infogeh @ayokelampung.com_ @lampung.media
@mbakjhe @genpiindonesia @wonderful.indonesiaku
@abdulrohmanwahidone @genpi_lampung
@alindabukhori @genpi_lampungselatan
@selampung @dinaspariwisata.lampungselatan

#genpi #genpilampung #genpilampung2021 #generasipesonaindonesia #pesonaindonesia #wonderfulindonesia #salamgenpigasgasgas #AyokeLampung #kelampungkeren #dilampungaja #diindonesiaaja #lampung #bandarlampung #kotametro #lampungbarat #lampungutara #lampungtimur #lampungtengah #lampungselatan #tanggamus #pringsewu #pesawaran #pesisirbarat #mesuji #waykanan #tulangbawang #tulangbawangbarat #love #pesonalampungselatan #genpilampungselatan",Attraction,,cliff,lagoon,coast,ocean,islet,wave,beach,rock arch,grotto,lighthouse
https://www.instagram.com/p/CKlgFjrsXgl/,71.jpg,1/28/2021 10:51,"Terimakasih Atas Kunjunganya Bu kadis @dinaspariwisata.lampungselatan bunda @riniariasih ke tempat kami
.
mohon maaf tadi Mimin gx bisa ikut
.
🔸
🔸

📷 In frame

➖➖➖➖➖➖➖➖➖➖➖➖➖
Repost
•  akun @airterjun_waykalam
• Gunakan hastag #airterjunwaykalam
• Tag akun @airterjun_waykalam
. Cekin Lokasi cari Air Terjun Waykalam

#airterjun #airterjunwaykalam #airterjunlampungselatan #airterjunlampung #waykalam  #eksplorewaykalam #lampungselatan #pesonalampungselatan #ekaplorelampungselatan #lampung #eksplorelampung #pesonalampung #indonesia  #pesonaindonesia #holiday #waterfall",Attraction,,waterfall,rainforest,mountain,hot spring,canyon,creek,river,cliff,raft,valley
https://www.instagram.com/p/CKqh906slfy/,72.jpg,1/30/2021 9:44,"🔸
🔸

📷 In frame

➖➖➖➖➖➖➖➖➖➖➖➖➖
Repost
•  akun @airterjun_waykalam
• Gunakan hastag #airterjunwaykalam
• Tag akun @airterjun_waykalam
. Cekin Lokasi cari Air Terjun Waykalam

#airterjun #airterjunwaykalam #airterjunlampungselatan #airterjunlampung #waykalam  #eksplorewaykalam #lampungselatan #pesonalampungselatan #ekaplorelampungselatan #lampung #eksplorelampung #pesonalampung #indonesia  #pesonaindonesia #holiday #waterfall",Attraction,,rainforest,waterfall,creek,hot spring,fountain,river,mountain,canyon,swamp,botanical garden
https://www.instagram.com/p/CT15wwLpSib/,73.jpg,9/15/2021 12:26,".
Pantai Minangrua Bakauheni Lampu Hidup saya nomaden, berpindah-pindah dari 1 tempat wisata ke wisata yang lain, wisata yang gratis tapi.(ihza_mahendra20)

📌 Minang Rua Cave, Lampung

Karya Sahabat @ihza_mahendra20

Salam Generasi Pesona Indonesia
Lapah Gham Jamo-Jamo Ngelestareiken Bumi Lampung

Visit www.genpilampung.com

@jokowi @kemensetneg.ri 
@sandiuno @kemenparekraf.ri 
@arinal_djunaidi @mbak_nunik 
@rianasariarinal @pkk_provinsi_lampung
@edarwan1962 @pariwisata_lampung
@vera_moz76 @ekraf.lampun @perindaglampung
@ade_ui @wahrulfauzisilalahi @dprdlampung 
@dharmasetyawan.com_ @payungiuniversity @alamlampung_
@infogeh @ayokelampung.com_ @lampung.media
@mbakjhe @genpiindonesia @wonderful.indonesiaku
@abdulrohmanwahidone @genpi_lampung
@selampung @dinaspariwisata.lampungselatan

#genpi #genpilampung #genpilampung2021 #generasipesonaindonesia #pesonaindonesia #wonderfulindonesia #salamgenpigasgasgas #AyokeLampung #kelampungkeren #dilampungaja #diindonesiaaja #lampung #bandarlampung #kotametro #lampungbarat #lampungutara #lampungtimur #lampungtengah #lampungselatan #tanggamus #pringsewu #pesawaran #pesisirbarat #mesuji #waykanan #tulangbawang #tulangbawangbarat #love #pesonalampung #pesonalampungselatan",Attraction,,ocean,coast,cliff,natural,river,grotto,ice shelf,wave,ice floe,glacier
https://www.instagram.com/p/CJq3sWDA8bY/,74.jpg,1/5/2021 16:22,"Cinta adalah kecantikan jiwa
🔸
🔸

📷 In frame @mararqqa_

➖➖➖➖➖➖➖➖➖➖➖➖➖
Repost
•  akun @pesonawaykalam
• Gunakan hastag #pesonawaykalam
• Tag akun @pesonawaykalam

#pesonawaykalam #airterjun #airterjunwaykalam #waykalam  #eksplorewaykalam #lampungselatan #pesonalampungselatan #ekaplorelampungselatan #lampung #eksplorelampung #pesonalampung #indonesia  #pesonaindonesia #holiday #waterfall",Attraction,,waterfall,creek,swimming hole,rainforest,hot spring,river,grotto,mountain,canyon,cliff
https://www.instagram.com/p/CLrSdARF8GK/,75.jpg,2/24/2021 13:19,"The use of traveling is to regulate imagination with reality, and instead of thinking of how things may be, see them as they are -Samuel Jhonson
. 
. 

📷 In frame @sastika1688

➖➖➖➖➖➖➖➖➖➖➖➖➖
Repost
•  akun @pesonawaykalam
• Gunakan hastag #pesonawaykalam
• Tag akun @pesonawaykalam

#pesonawaykalam #airterjun #airterjunwaykalam #airterjunlampungselatan #airterjunlampung #waykalam  #eksplorewaykalam #lampungselatan #pesonalampungselatan #ekaplorelampungselatan #lampung #eksplorelampung #pesonalampung #indonesia  #pesonaindonesia #holiday #waterfall",Attraction,,waterfall,creek,mountain,rainforest,river,canyon,hot spring,grotto,cliff,valley
https://www.instagram.com/p/CJv9_WklcNs/,76.jpg,1/7/2021 15:54,"Golek cah Lanang Ojo seng wes mapan,sekali mapan malah babalas keturon🤣
.
.
.
.
#lampunghits 
#lampunggeh 
#bukitpematangsunrise 
#lampungviral 
#pesonalampungselatan",Attraction,,lagoon,coast,ocean,islet,beach,boat deck,pier,picnic area,harbor,promenade
https://www.instagram.com/p/CMQ9NiTFcJZ/,77.jpg,3/11/2021 4:24,"Memenuhi kebutuhan Vitamin Sea... Yang dah lama ga terpenuhi.
.
.
Main-main ke Pesisir Lampung Selatan... KALIANDA. Tujuan pertama, ke pantai yang masih relatif sepi ini Yap Pantai KEDU.  Disituasi pandemi gini agak gimana gitu kalau ketempat yang rame orang.. 😀😀
.
.
Tapi lumayan asyiklah kepantai ini walau kalau yang suka selfi-selfi dengan ornamen buatan masih belum banyak. Namun, bolehlah selfi dengan latar belakang pantai, laut dan kapal karam yang entah apa ceritanya. Kok bisa kapalnya karam gitu.
.
.
Tiket masuk kesini, satu orang Rp. 5.000. Kemarin dua orang dengan kendaraan dan parkir Rp. 30.000. Ya relatif murah buat menyenangkan mata dan hati.
.
.
#pantaikedukalianda 
#pantaikedu
#pesonalampungselatan
#pariwisatalampungselatan",Attraction,,beach,coast,wave,ocean,islet,lagoon,cliff,beach house,watering hole,ice floe
https://www.instagram.com/p/COsDN-AF2Gy/,78.jpg,5/10/2021 9:59,"-
-
Jika engkau menginginkan sesuatu yang belum pernah kau rasakan dan yang belum kau punya........
Maka kau harus melakukan sesuatu yang belum pernah sama sekali engkau lakukan
*******************************************
Coba tebak air terjun mana ini???
📸@syah_herwan @andri.stwn2
.

.#Repost - @lucky.sputra 
.

📌 Desa Bakau heni ,kec Bakau heni 
Kab Lampung selatan, Lampung.

#wajahlampung
#informasilampung
#wonderfullampungselatan
#traveler2lampung
#jalanjalanlampung
#sahabattravellerlampung
#pesonalampungselatan
#kalianda.ig
#mata_lampungku
#pesonalampung
#potretlampung
#petualanglampung
#selampung
#wonderfullampungselatan
#wonderfullampung",Attraction,,waterfall,rainforest,fountain,mountain,canyon,water park,creek,cliff,hot spring,amusement park
https://www.instagram.com/p/C84EyIExZY6/,79.jpg,7/1/2024 10:08,"Tidak perlu menjelaskan dirimu kepada siapa pun, karna yg menyukaimu tidak butuh itu dan yang membencimu tidak akan mempercai itu

Ali bin Abi Thalib
(Khalifah ke empat sekaligus sepupu Rasulullah SAW 599H - 699H) 

Note: jgn liat slide terakhir 😅

📷 @ang_yusuf_27
📍 #pesonalampungselatan
🌄 #senja #penikmatsenja
🏍 @gallerycbr150indonesia

#fypage #fypシ #fyp #fypviral #photo #lbb #lbbdelhi #lbbbangalore #fl #flowers #flstudio #iff #iffhs #iffym #ifl #ifl❤️ #ifl💛 #iflifliflifliflifliflifliflifliflifliflifliflifliflifliflifl #flflflflflflflflflflfl❤️ #flfl💛",Attraction,,beach,promenade,coast,ocean,bridge,valley,lagoon,mountain,snowfield,pier
https://www.instagram.com/p/CcgwKS1Pv0s/,80.jpg,4/19/2022 0:01,"𝐖𝐈𝐒𝐀𝐓𝐀 𝐀𝐋𝐀𝐌 𝐆𝐔𝐍𝐔𝐍𝐆 𝐁𝐀𝐓𝐔 🍃 ______________________________ destinasi wisata unik berupa bongkahan batu-batu raksasa yang sangat intagramable sambil menikmati keindahan panorama alam yg segar , alami dan indah .. 

📍Berlokasi di Desa Srikaton, Tanjung Bintang - wisata Gunung Batu 
📷 by : @davidsetiyo_ @daisyphoto___ 

#tempatwisatalampung
#lampunggeh #lampungselatan #gunungbatu #desasrikaton #wisatagunungbatu #tanjungbintang #pesonalampungselatan #pikniklampung #jalanjalandilampung",Attraction,,mountain path,rainforest,forest path,botanical garden,mountain,park,valley,forest road,tree farm,wild
https://www.instagram.com/p/CUUzUDLJU_z/,81.jpg,9/27/2021 12:26,"😍😍

#grandeltykrakatoanirwanaresort #grandeltykrakatao #lampungselatanindonesia #explorelampung #lampunginstagram #pesonalampungselatan #lampungselatanexplore #lampunghitz_bangetzzz #lampungtraveler#lampungtravellers #lampungpunyacerita #wisatalampung",Amenities,,swimming hole,river,bridge,pier,dam,creek,lock chamber,rope bridge,natural,natural
https://www.instagram.com/p/CQA6edbM3qr/,82.jpg,6/12/2021 8:58,"Temui aku di sini 
..
..
..
..
..
..
..
..
@pantai_minangrua 
@dinaspariwisata.lampungselatan 
@Disparbud
..
..
..
..
..
..
..
..
#lampungselatanamazing #lampungselatan_explore 
#wonderfullampungselatan #wondelfullindonesia 
#Wonderfulllampung #PesonaLampungSelatan 
#pesonalampung #pesonaindonesia
#sahabat_traveler #kelampungaja_ #lampungku_lampungmu #kelampungyuk #kelampung_geh #yoexplore #informasilpg
#indonesiaku#indonesiahebat",Attraction,,beach,ocean,coast,lagoon,beach house,wave,boardwalk,cliff,promenade,vegetation
https://www.instagram.com/p/CUrqMenFru8/,83.jpg,10/6/2021 9:29,"Dear Me.
Sabar ya. Gak harus semua sekarang. It takes time to get better, menghargai sebuah proses adalah hal terbaik yang bisa kita lakukan
🌼
🏝
#pesonalampungselatan #lampung eksis#lampungbautyfull#lampungkeren
#pantaimarinakalianda🌴
#mantulombaknya 🌊🌊",Attraction,,cliff,coast,islet,rock arch,ocean,beach,butte,lagoon,arch,mountain
https://www.instagram.com/p/CTd7bAel2kq/,84.jpg,9/6/2021 4:59,"Trimaksi untuk kakak kakak Lampung tengah,sudah liburan ke pulau kelagian besar lampung!🤍
•
•
•
•
🌎 Pulau kelagian besar Pesawaran Lampung.
___________________________________________________

#lampungindonesia #pesonalampungselatan #satusaudara #kelagianbesarisland #kelagianbesar",Attraction,,beach,boat deck,sandbox,army base,coast,ocean,beer garden,boardwalk,water park,archaelogical excavation
https://www.instagram.com/p/CVPF8TiPjui/,85.jpg,10/20/2021 3:45,"Sudah pada ngopi belum... 
 ~Utamakan kopi jangan CINTA. 
Karena otak butuh inspirasi, bukan air mata""
•
•
📍desa tanjung sari natar, lampung selatan
~
~
#lampunghits 
#wisatalampung 
#wisatalampungselatan 
#kecelampung
#pesonalampung 
#pesonalampungselatan
#ayokelampung 
#lampunggeh 
#pesonaalam
#piknik 
#pikniklampung
#pikniklampungkuy 
#gayapopuler 
#gayapria 
#jelajahlampung 
#jelajahlampungyuk
#pendakilampung
#potokekinian 
#lampungkeren 
#lampungkeceh 
#lampungindah",Amenities,,picnic area,staircase,amphitheater,park,rope bridge,boardwalk,corral,playground,tree house,archaelogical excavation
https://www.instagram.com/p/CRSszi8nIKZ/,86.jpg,7/14/2021 3:17,"📍 Pantai ketapang, pesawaran lampung selatan
.
.
.
#lampung #lampungselatan #kalianda #kaliandalampungselatan #traveling #travelingindonesia #wisatalampung #wisatalampungselatan #wisata #keindahanlampung #potret #potretlampung #pesonalampung #pesonalampungselatan #bandarlampung #pesawaran #pesawaranlampung #talangpadang #keindahanlampung",Attraction,,rainforest,rope bridge,botanical garden,broadleaf,mountain path,park,forest path,tree farm,tree house,orchard
https://www.instagram.com/p/CO6nAhFl_gC/,87.jpg,5/16/2021 1:41,"""Jangan risaukan apa yang tidak kita miliki, tapi risaukan hati saat tak bersungguh-sungguh mensyukuri setiap pemberian-Nya""

Pesisir Pantai Kalianda, Lampung Selatan

#lampungku #lampungwisata #lampungyay #lampungyay #lampunggeh #lampung #lampunggham #lampungme #lampunginsta #lampunghits #lampungwawai #lampungwalk #lampung_geh #lampunghelau #lampungtourism #ayodolan #pesonalampungselatan #pesisirkalianda #infokyai #infokyailampung #santriindonesia #pesonalampung #wisatalampung #masjidlampung #exploremasjidlampung #ilovelampung #pantaikalianda #ayokelampung #inilampungyay #inilampung #explorelampung",Attraction,,indoor,interior,beach house,airport terminal,coast,ocean,porch,waiting room,hotel room,office
https://www.instagram.com/p/CJq1QuUASCB/,88.jpg,1/5/2021 16:01,"Kamu adalah salah satu yang menjadi alasan untuk ku tersenyum. Iyaa kamuu... 
🔸
🔸

📷 In frame @ardi_ar04

➖➖➖➖➖➖➖➖➖➖➖➖➖
Repost
•  Akun @pesonawaykalam
•  Hastag #pesonawaykalam
• Tag akun @pesonawaykalam

#pesonawaykalam #airterjun #airterjunwaykalam #waykalam  #eksplorewaykalam #lampungselatan #pesonalampungselatan #ekaplorelampungselatan #lampung #eksplorelampung #pesonalampung #indonesia  #pesonaindonesia #holiday #waterfall",Attraction,,raft,water park,swimming hole,creek,river,ocean,cliff,waterfall,wave,ocean deep
https://www.instagram.com/p/CLZM5zflB5c/,89.jpg,2/17/2021 12:44,"Even when you're unfair, nature still provides what you need in life

🔸

📷 In frame @rajesh_ow

➖➖➖➖➖➖➖➖➖➖➖➖➖
Repost
•  akun @pesonawaykalam
• Gunakan hastag #pesonawaykalam
• Tag akun @pesonawaykalam

#pesonawaykalam #airterjun #airterjunwaykalam #airterjunlampungselatan #airterjunlampung #waykalam  #eksplorewaykalam #lampungselatan #pesonalampungselatan #ekaplorelampungselatan #lampung #eksplorelampung #pesonalampung #indonesia  #pesonaindonesia #holiday #waterfall",Attraction,,waterfall,creek,mountain,rainforest,canyon,river,hot spring,valley,grotto,cliff
https://www.instagram.com/p/CNXXKFDlAZN/,90.jpg,4/7/2021 12:38,"Woi piknik gak? Piknik lah, masa egk!

#piknik #piknikpantai #pikniklampung #motovloglampung #motovlogindonesia🇮🇩 #pantaikeduwarna #pantailampung #pesonaindonesia #pesonalampungselatan #lampunghitz #lampunghits",Attraction,,volcano,mountain,landfill,tundra,valley,coast,islet,butte,beach,lagoon
https://www.instagram.com/p/CO4cKUAFQtD/,91.jpg,5/15/2021 5:28,"Holiday Eceknya😁

#fl#love#pantaiindahkapuk#pantaiterbaya#pesonaindonesia#pesonalampung#pesonaalam#pesonalampungselatan#flfl💛",Attraction,,playground,river,bridge,boat deck,rainforest,boardwalk,picnic area,coast,beach,lagoon
https://www.instagram.com/p/CKqgg4Vs0G9/,92.jpg,1/30/2021 9:31,"Sungguh indah ciptaan Tuhan, air mengalir kebawah itulah sungai ,😀
🔸
🔸
📷 In frame : admin

➖➖➖➖➖➖➖➖➖➖➖➖➖
Repost
•  akun @airterjun_waykalam
• Gunakan hastag #airterjunwaykalam
• Tag akun @airterjun_waykalam
. Cekin Lokasi cari Air Terjun Waykalam

#airterjun #airterjunwaykalam #airterjunlampungselatan #airterjunlampung #waykalam  #eksplorewaykalam #lampungselatan #pesonalampungselatan #ekaplorelampungselatan #lampung #eksplorelampung #pesonalampung #indonesia  #pesonaindonesia #holiday #waterfall",Attraction,,waterfall,rainforest,creek,mountain,river,hot spring,canyon,cliff,valley,park
https://www.instagram.com/p/CKA1ERFMtRC/,93.jpg,1/14/2021 5:03,"Lomba jukung
....
....
....
....
....
....
....
....
....
#perahu 
#perahudayung #perahutradisional #perahunelayan #nelayan #nelayanindonesia #nelayanlampung  #informasilampung #lampunggeh#lampungsai #wisatalampung#explore #exploreindonesia #Explorelampungselatan #Explorelampung #lampungselatanamazing #pesonalampung #pesonalampungselatan #pesonaindonesiaofficial #indonesiaku #indonesiahebat🇮🇩 #pokdarwisminangruabahari #PokdarwisLampungSelatan #PokdarwisLampung #pokdarwisindonesia#traveler #travelerindonesia #travelerlampung",Attraction,,lagoon,beach,raft,river,islet,water park,coast,swimming hole,natural,ocean
https://www.instagram.com/p/CJz73Zdg66G/,94.jpg,1/9/2021 4:52,"Jika kau bosan carilah suasana yang tidak biasa, dan jika kau lelah maka istirahatlah. 
🔸
🔸

📷 In frame @ahmad_syaifudin__

➖➖➖➖➖➖➖➖➖➖➖➖➖
Repost
•  akun @pesonawaykalam
• Gunakan hastag #pesonawaykalam
• Tag akun @pesonawaykalam

#pesonawaykalam #airterjun #airterjunwaykalam #waykalam  #eksplorewaykalam #lampungselatan #pesonalampungselatan #ekaplorelampungselatan #lampung #eksplorelampung #pesonalampung #indonesia  #pesonaindonesia #holiday #waterfall",Attraction,,waterfall,rainforest,mountain,creek,canyon,hot spring,river,valley,cliff,swimming hole
https://www.instagram.com/p/CNMF_3nMdtK/,95.jpg,4/3/2021 3:36,"Lakuin dulu masalah berhasil apa gak yah itu belakangan kawan.
_____________________
_____________________
_____________________

#Repost @asepantoni1504_
• • • • • •
☑️Loc: Wisata Pantai Minang Rua
____________________________________________
🖼️ Ingin foto/vidiomu di repost 🔄

☑️Follow & tag foto/ vidio mu ke @lampungselatanexplore

☑️ Cantumkan lokasi nya 🖼️
☑️ spam like ❤️
☑️ hastag #lampungselatanexplore

🔺 Note : akun jangan di privat ❌ 
_______________________________________
____

☑️Follow halaman Facebook : lampung selatan Explore

☑️ Subscribe youtube channel :
Link in bio 👉👉

☑️ Mau trip keliling lampung selatan Silahkan dm me 📥
#lampungselatanexplore #wonderfulindonesia #wonderfullampungselatan #wonderfullampung #pesonaindonesiaofficial #pesonaindonesia #pesonalampungselatan #pesonalampung #lampungselatanamazing #amazinglampung #lampung #lampungeksplore  #lampungeksis #lampunggeh #kelampungyuk #lampungdong #lampungku #lampunghits #lampungtripyay #kelampungaja #lampungasik #pikniklampung #wisatakunusantara #mata_lampungku #wisataterbaiklampung #alamlampung #pantaiminangrua",Attraction,,lagoon,beach,coast,islet,ocean,cliff,natural,marsh,rainforest,swamp
https://www.instagram.com/p/Ciq4fr8P0ZS/,96.jpg,9/19/2022 1:34,rindu kampung halaman #lampung#pesonalampungselatan,Attraction,,arch,highway,bridge,amusement park,water park,viaduct,industrial area,aqueduct,sky,wild
https://www.instagram.com/p/CKiEpvrMTGh/,97.jpg,1/27/2021 2:54,"🔸
🔸

📷 In frame : @aaryapratama

➖➖➖➖➖➖➖➖➖➖➖➖➖
Repost
•  akun @airterjun_waykalam
• Gunakan hastag #airterjunwaykalam
• Tag akun @airterjun_waykalam
. Cekin Lokasi cari Air Terjun Waykalam

#airterjun #airterjunwaykalam #airterjunlampungselatan #airterjunlampung #waykalam  #eksplorewaykalam #lampungselatan #pesonalampungselatan #ekaplorelampungselatan #lampung #eksplorelampung #pesonalampung #indonesia  #pesonaindonesia #holiday #waterfall",Attraction,,waterfall,mountain,creek,canyon,rainforest,river,valley,hot spring,cliff,volcano
https://www.instagram.com/p/CPQgdOcBom0/,98.jpg,5/24/2021 13:47,#lampunghits #lampungselatan #lampunggeh #wisatalampung #pesonalampungselatan #matalampungku,Attraction,,lagoon,islet,beach,picnic area,coast,pier,ocean,sky,river,natural
https://www.instagram.com/p/DNcNXdqv3EJ/,99.jpg,8/17/2025 3:18,Upacara HUT Ri ke 80 th di Bakauheni Harbour city Ampliteater Bakauheni Upacara Bupati Lampung Selatan  @radityoegi  dan seluruh Pegawai dan masyarakat setempat 17 Agustus 2025 #pemkablampungselatan #pesonalampungselatan #hutke80ri #wisatalampungselatan #radityoegi #sayfulanwar #kawasanmenarasiger #lampungselatanmaju #bismillahbisa,Attraction,Siger,plaza,palace,asia,outdoor,heliport,mausoleum,runway,building facade,amphitheater,outdoor
https://www.instagram.com/p/CNg9TVUJeDC/,100.jpg,4/11/2021 6:04,"Pantai Kedu, Kalianda, Lampung Selatan.
.
.
.
#pesonakalianda #pesonalampungselatan #lampungexplore #lampungexplore #lampunggeh #lampunghits #lampungselatan",Attraction,Sunset,ocean,coast,sky,beach,wave,cliff,harbor,lighthouse,vegetation,islet
https://www.instagram.com/p/CNb0kn-lgQT/,101.jpg,4/9/2021 6:12,Tuhan ciptakan dunia bukan hanya untuk manusia tetapi untuk semua makhluk hidup seperti lautan ini #exploreindonesia #explorelampung #explorelampungselatan #explorekalinda #pesonaindonesia #pesonalampung #pesonalampungselatan #lampunghits #lampung,Attraction,,islet,lagoon,coast,ocean,cliff,beach,valley,mountain,highway,natural
https://www.instagram.com/p/Cd3ln7XhBPj/,102.jpg,5/22/2022 17:22,"Di belakang sya ada permainan baru lohh( sea Walker) astronot bawah laut !!! bisa hubungi via wa/tlfn:083122507957
.
.
.

 #pulaupahwang
#pahawanglampung
#pesonalampungselatan #mainairyuk #wisataalamindonesia #pahawangmurah #tripmurahpahawang #wisatabawahlaut#olahargalaut#palembanghitz#pantaipahawang",Amenities,Wahana SeaWalker,art studio,boat deck,indoor,water park,artists loft,construction site,childs room,oilrig,outdoor,repair shop
https://www.instagram.com/p/CKbep6eFlXe/,103.jpg,1/24/2021 13:26,"Semakin sulit jalan menuju ke suatu tempat sesungguhnya ada suatu kepuasan saat titik akhir perjalanan itu tercapai 
🔸
🔸

📷 In frame @latifsntna

➖➖➖➖➖➖➖➖➖➖➖➖➖
Repost
•  akun @pesonawaykalam
• Gunakan hastag #pesonawaykalam
• Tag akun @pesonawaykalam

#pesonawaykalam #airterjun #airterjunwaykalam #airterjunlampungselatan #airterjunlampung #waykalam  #eksplorewaykalam #lampungselatan #pesonalampungselatan #ekaplorelampungselatan #lampung #eksplorelampung #pesonalampung #indonesia  #pesonaindonesia #holiday #waterfall",Attraction,,swimming hole,waterfall,river,creek,hot spring,rainforest,raft,natural,grotto,natural
https://www.instagram.com/p/CRSscRQnC0c/,104.jpg,7/14/2021 3:13,"📍 Pantai alau-alau, kalianda lampung selatan
.
.
.
#lampung #lampungselatan #kalianda #kaliandalampungselatan #traveling #travelingindonesia #wisatalampung #wisatalampungselatan #wisata #keindahanlampung #potret #potretlampung #pesonalampung #pesonalampungselatan",Attraction,,beach,lagoon,coast,ocean,promenade,vegetation,islet,beach house,sand,wave
https://www.instagram.com/p/CJprR0Mgo2w/,105.jpg,1/5/2021 5:15,"Besar pasak daripada tiang
Besarkan perut daripada mulut
. 
. 
Sukses tidak datang dari tempat yang nyaman
🔸
🔸

📷 In frame @jejaksi_ohm

➖➖➖➖➖➖➖➖➖➖➖➖➖
Repost
•  Akun @pesonawaykalam
•  Hastag #pesonawaykalam
• Tag akun @pesonawaykalam

#pesonawaykalam #airterjun #airterjunwaykalam #waykalam  #eksplorewaykalam #lampungselatan #pesonalampungselatan #ekaplorelampungselatan #lampung #eksplorelampung #pesonalampung #indonesia  #pesonaindonesia #holiday #waterfall",Attraction,,waterfall,swimming hole,canyon,mountain,creek,river,rainforest,grotto,cliff,raft
https://www.instagram.com/p/CJq5Xt5AVeH/,106.jpg,1/5/2021 16:37,"Mari jaga alam agar keindahanya dapat kita nikmati bersama
🔸
🔸

📷 In frame @ekamaulanaiqbal_18

➖➖➖➖➖➖➖➖➖➖➖➖➖
Repost
•  akun @pesonawaykalam
• Gunakan hastag #pesonawaykalam
• Tag akun @pesonawaykalam

#pesonawaykalam #airterjun #airterjunwaykalam #waykalam  #eksplorewaykalam #lampungselatan #pesonalampungselatan #ekaplorelampungselatan #lampung #eksplorelampung #pesonalampung #indonesia  #pesonaindonesia #holiday #waterfall",Attraction,,rainforest,waterfall,mountain,creek,broadleaf,canyon,mountain path,cliff,forest path,valley
https://www.instagram.com/p/CJuT4i9ggB-/,107.jpg,1/7/2021 0:26,"Melelahkan dan tidak mudah 
🔸
🔸

📷 In frame @desma.kartiko

➖➖➖➖➖➖➖➖➖➖➖➖➖
Repost
•  akun @pesonawaykalam
• Gunakan hastag #pesonawaykalam
• Tag akun @pesonawaykalam

#pesonawaykalam #airterjun #airterjunwaykalam #waykalam  #eksplorewaykalam #lampungselatan #pesonalampungselatan #ekaplorelampungselatan #lampung #eksplorelampung #pesonalampung #indonesia  #pesonaindonesia #holiday #waterfall",Attraction,,waterfall,rainforest,mountain,canyon,creek,valley,river,grotto,butte,broadleaf
https://www.instagram.com/p/CQCLVAyt9NY/,108.jpg,6/12/2021 20:45,"Hidup adalah 10% apa yang kamu Fikirkan, 90% apa yang kamu lakukan.

Foto ini merupakan jepretan yang tidak disengaja, karna ketika bersiap untuk berfoto tiba-tiba ombak Besar datang, Spontanitas jadi kaget dan langsung Loncat.. he..he..

Repost @muhamad_herdiawan
• • • • • •

Pantai Batu Rame Kalianda, Lampung Selatan.

#explorwisatalampung
#rajabasa #rajabasalampung #rajabasamountain #gunungrajabasa #kalianda #kaliandaresort #kaliandalampungselatan #kaliandaig #pesonakalianda #pesonalampungselatan #pesonalampung #pesonaindonesia #infokyai #infokyailampung #infokyainusantara #lampungyay #lampungme #lampung #lampunghits #lampunggeh #lampunginsta #lampungwalk #lampunggham #lampungpedia #lampungweh #lampungkeren #ilovelampung #lampungtrip",Attraction,,cliff,ocean,coast,rock arch,beach,wave,landfill,canyon,mountain,trench
https://www.instagram.com/p/CKJosp8Bzv1/,109.jpg,1/17/2021 15:08,"Tidak ada yang abadi baik bahagia maupun luka.

Suatu saat kita akan tiba di titik menertawakan rasa yang dulu sakit atau menangisi rasa yang dulu indah .

@gvr.travellinglampung@lampung_milenial
@explorelampung @wisata_lampunghits @kelilinglampung_ @traveller_lampung @tempat_wisata_lampung @gvr.travellinglampung @wisata_lampunghits @wisata_lampungme @explorewisatalampung @wisatabandarlampung @wisatalampungku @wisata_lampung.id @wisatalampung_repost @wisatalampungselatan @pantai.sebalang.hits @sebalangyay @sebalanglampung @sebalangbeach
#quetescinta #quetesbaper #sebalang #sebalangbeach #sebalangbeachlampung #sebalangyay #sebalangkuy #sebalanglampung #sebalang#pantailampungselatan #pantaisebalang #pantaisebalanglampung #pantaisebalangtarahan #pantaisebalangtarahan_lampung #wisatalampungku #wisatabandarlampung #wisatalampung #pesonalampung #pesonalampungselatan #pesonalampungkita #pikniklampung #pikniklampungkuy #lampungselatanhits #lampungmoment #lampungpunyacerita #lampungyay #potretmileniallampung #lampunghitz #lampungkerenyay #lampungme",Attraction,,amusement park,outdoor,orchestra pit,harbor,outdoor,performance,indoor,heliport,indoor,plaza
https://www.instagram.com/p/CJq4agYAfc0/,110.jpg,1/5/2021 16:29,"Selagi kamu tak ada perasaan halus saa melihat alam, jiwamu tak hidup
🔸
🔸

📷 In frame @karmila_0512

➖➖➖➖➖➖➖➖➖➖➖➖➖
Repost
•  akun @pesonawaykalam
• Gunakan hastag #pesonawaykalam
• Tag akun @pesonawaykalam

#pesonawaykalam #airterjun #airterjunwaykalam #waykalam  #eksplorewaykalam #lampungselatan #pesonalampungselatan #ekaplorelampungselatan #lampung #eksplorelampung #pesonalampung #indonesia  #pesonaindonesia #holiday #waterfall",Attraction,,waterfall,rainforest,canyon,creek,mountain,hot spring,cliff,river,fountain,swimming hole
https://www.instagram.com/p/CLjQl5zM4X-/,111.jpg,2/21/2021 10:29,"Santai sejenak gaesss
.
.
.
.
.
.
.
.
#pantaijandong 
#pesisirrajabasa 
#wisatalampungselatan #lampungselatanamazing 
#lampungselatan_explore #lampungselatanexis 
#PokdarwisLampungSelatan #PokdarwisMinangruaBahari 
#pokdarwisindonesia #Dinaspariwisatalampungselatan 
#wisatalampungsai #PesonaLampungSelatan 
#pesonapantaiindonesia #pesonapantailampung 
#pesonaindonesia #anakpantai",Amenities,Santai di fasilitas istirahat,boat deck,sandbox,interior,porch,beach,boardwalk,pier,beach house,lagoon,ocean
https://www.instagram.com/p/CKkaAAeMc3z/,112.jpg,1/28/2021 0:39,"SELAMAT PAGI 
🔸
🔸

📷 In frame @melanyfikran

➖➖➖➖➖➖➖➖➖➖➖➖➖
Repost
•  akun @airterjun_waykalam
• Gunakan hastag #airterjunwaykalam
• Tag akun @airterjun_waykalam
. Cekin Lokasi cari Air Terjun Waykalam

#airterjun #airterjunwaykalam #airterjunlampungselatan #airterjunlampung #waykalam  #eksplorewaykalam #lampungselatan #pesonalampungselatan #ekaplorelampungselatan #lampung #eksplorelampung #pesonalampung #indonesia  #pesonaindonesia #holiday #waterfall",Attraction,,rainforest,waterfall,botanical garden,mountain,rope bridge,creek,canyon,japanese garden,broadleaf,forest path
https://www.instagram.com/p/CLdsLo4AjxA/,113.jpg,2/19/2021 6:34,"Loc. Air Terjun Anakan di Desa Way Kalam, Kalianda, Lampung Selatan
#instalampung  #pesonalampungselatan  #explorelampung  #explorelampungselatan",Attraction,,waterfall,creek,rainforest,river,swimming hole,canyon,mountain,grotto,hot spring,broadleaf
https://www.instagram.com/p/CJpsEuugu4F/,114.jpg,1/5/2021 5:22,"Tenang belum tentu tidak menghanyutkan
🔸
🔸

📷 In frame @desma.kartiko

➖➖➖➖➖➖➖➖➖➖➖➖➖
Repost
•  Akun @pesonawaykalam
•  Hastag #pesonawaykalam
• Tag akun @pesonawaykalam

#pesonawaykalam #airterjun #airterjunwaykalam #waykalam  #eksplorewaykalam #lampungselatan #pesonalampungselatan #ekaplorelampungselatan #lampung #eksplorelampung #pesonalampung #indonesia  #pesonaindonesia #holiday #waterfall",Attraction,,waterfall,rainforest,mountain,creek,canyon,river,valley,grotto,hot spring,swimming hole
https://www.instagram.com/p/CdfuMv8vtF_/,115.jpg,5/13/2022 10:56,"Berhenti merasa Anda begitu kecil. Anda adalah alam semesta yang bergembira. 
. 
. 
. 
#lfl #explorelampung #explorelampungselatan #airterjunwaykalam #pesonalampungselatan #explorekalianda",Attraction,,waterfall,rainforest,mountain,canyon,creek,rope bridge,cliff,hot spring,valley,river
https://www.instagram.com/p/CL4Xpn7LRep/,116.jpg,3/1/2021 15:14,"Maret kembali datang, 

Semoga yang tergenggam tak pernah hilang, 

Yang sedang diusahakan kunjung datang, 

Dan yang terlanjur hilang, tenggelam tanpa menyisakan bayang-bayang 🍂
______________________________________________________________
#pesonalampung 
#pesonalampungselatan 
#pantailampung 
#pantailampungselatan 
#temanjalan 
#hobbyjalan 
#sukapantainusantara 
#sukagunung 
#sukakamu
#langkahmungilleks",Attraction,,landfill,coast,ocean,islet,cliff,beach,lagoon,snowfield,vegetation,mountain path
https://www.instagram.com/p/CRrAWpchuZp/,117.jpg,7/23/2021 13:49,"Sadar Sabar Syukur
.
.
.
#waytebingceppa  #kalianda  #wisatalamsel #wisataindonesia #wisatalampung",Attraction,,rope bridge,swimming hole,waterfall,natural,pond,rainforest,river,swamp,creek,marsh
https://www.instagram.com/p/CTi4kosJkss/,118.jpg,9/8/2021 3:10,"Yang ngingetin makan akan kalah sama yang ngasih makan...
.
.
.
.
.
.
#kelampungaja #pikniklampung #wisatalampung #lampung #lampungexplore #lampunggeh #lampungkeren #lampunghits #ilovelampung #kelilinglampung #lampungeksis #berandalampung #wajahlampung #wisatapringsewu #wisatalamsel #wisatakrui #wisatabdl #wisatametro #wisatakalianda #wisatakotabumi #wisatalambar #wisatatanggamus #pesawaran #ifl #ifl💛 #lfl💛 #lfl",Attraction,,beach,ocean,coast,wave,sky,lagoon,vegetation,cliff,pier,islet
https://www.instagram.com/p/CfRHnq8rFDx/,119.jpg,6/26/2022 11:52,"Ingat selalu kebaikan orang lain terhadap kita, 
Lupakan kebaikan kita terhadap orang lain.

Explore wisata Lampung

#keduwarna
#wisatalamsel 
#wisatalampung 
#wisatamurah 
#wisataramah 
#piknik 
#liburan",Attraction,,promenade,coast,beach,ocean,beach house,boardwalk,cliff,lagoon,pier,harbor
https://www.instagram.com/p/CRrMxTah5iT/,120.jpg,7/23/2021 15:38,"Arti filosofi air dalam kehidupan: 

1. Selalu mengalir ke tempat – tempat yang lebih rendah, ini mengajarkan kita untuk selalu rendah hati.

2. Air bersifat lembut tetapi juga bisa menjadi kuat bila dibutuhkan, ini mengajarkan kita keseimbangan.

3. Tetesan air dapat melubangi kerasnya batu karang, ini mengajarkan kita tentang kegigihan dalam kehidupan.

4. Air selalu mengisi ruang – ruang yang kosong ini mengajarkan kita untuk selalu saling tolong menolong dan selalu berbagi dalam kehidupan sehari – hari kita.

Sumber: Pandawa FM

#waytebingceppa #wisatalamsel #wisatalampung #wisataindonesia #filosofiair #inspirasi #motivasi",Attraction,,swimming hole,pond,hot spring,natural,river,lagoon,fishpond,watering hole,creek,rainforest
https://www.instagram.com/p/CXQIIClPvwm/,121.jpg,12/9/2021 6:26,"Menghealing sejenak menikmati keindahan alam Lampung 😍
.
Karya Hebat @biaqiashiramya
.
Tayang bareng keluarga @lensanuswantara
.
#lensanuswantara
#ln_20211127
#ln_biaqiashiramya
.
Kembangkan Nusantara Bersama Lensanuswantara
.
📍 Kalianda Lampung Selatan
.
========================================
Jangan lupa tag postinganmu dan bagikan keaslian Lampung yang keren banget bersama Aseli Lampung 😉. Tag @aselilampung, tambahkan hastag #aselilampung dan #aselijaklampung 👍👍👍
========================================
#lampung #lampungselatan #kalianda #pantai #laut #drone #natgeo #aselilampung #wisatalampung #pesonalamsel #wisatalamsel #aselijaklampung #explorelampung #lampungadventure #lampungkece #lampunghelau #lamsel #pantaiindonesia #lautindonesia #internationaldestination",Attraction,,cliff,coast,lagoon,ocean,beach,islet,valley,river,wave,harbor
https://www.instagram.com/p/CQaId8jgQts/,122.jpg,6/22/2021 4:02,"Dulu ke kedu sinar laut sekarang ke pantai kedu warna dong . 😂
Sebenernya mau flashback tapi gak deh.. 🤭 
#explorkalianda 
#kaliandaig 
#keduwarna 
#lampunghits 
#lamsel 
#kaliandahits 
#lampunginsta 
#wajahlampung 
#potretlampung
#sahabatpiknik 
#wisatalamsel 
#wisatalampung 
#jelajahwisatalampung",Attraction,,bridge,water park,outdoor,playground,amusement park,arch,boat deck,rope bridge,indoor,pier
https://www.instagram.com/p/Cc7x1JTJ7Wu/,123.jpg,4/29/2022 11:55,"Alone desa lubuk bais way Galih Lampung Selatan 

#gowesjelajahalam #gowesblusukankampung #pacificbikeofficial #cylingphoto #visitbogor #sepedamtbbogor #bogormtb #gowesphotophoto #crashmtbe #sepedagunungbogor #stravacyclingphotos
#kelampungaja #pikniklampung #wisatalampung #lampung #lampungexplore #lampunggeh #lampungkeren #lampunghits #ilovelampung #kelilinglampung #lampungeksis #berandalampung #wajahlampung #wisatapringsewu #wisatalamsel #wisatakrui #wisatabdl #wisatametro #wisatakalianda",Attraction,,rope bridge,boardwalk,bridge,rainforest,bamboo forest,forest path,staircase,swamp,pier,park
https://www.instagram.com/p/Cxzefg0vpOQ/,124.jpg,9/30/2023 5:31,"[ Yuk Agendakan Traveling Terbaik Anda Bersama Kami Restu Bumi Adventure ]
.
👋🏻 Haii haiii sobat RBA, cerita terbaik adalah kehidupan yang berwarna warni. Kehidupan dengan dipenuhi oleh warna warni akan membuat hidup semakin lebih berarti. 

🙌🏻 Rencanakan kegiatan wisata terbaikmu bersama kami yah @restubumiadventure, segera reservasi dan jadwalkan kegiatannya.
_______________________
🏝️ RBA - TOUR PACKAGES 
▪️Wisata Alam
▪️Wisata Desa
▪️Minat Khusus
▪️Outbound Training
▪️Family & Corporate Gathering
.
----More information-----
• Kontak : 
> 081271046209 (Admin 1) 
> 081272477622 (Admin 2)
• Instagram : @restubumiadventure 
• Facebook : Restu Bumi Adventure 
• Tik Tok : @restubumiadventure64
• Youtube : Restu Bumi Adventure 
• Website : www.restutour.co.id
• Email : restubumiadventure64@gmail.com
.
#restubumiadventure #restubumi #adventure #pariwisata #paketwisatalampung #paketwisatamurah #paketberwisata #triplampung #biroperjalananwisata #travelling #bpwlampung #lampung #jalanjalan #berpergian #healing #traveling #berwisatadilampung #bandarlampung #lampunggeh #pantaimarina #marinabeach #pantaikalianda #wisatalamsel #pantailamsel #pariwisatalampungselatan #pariwisatalamsel",Ancillary,Kelompok Wisata,performance,indoor,outdoor,television studio,orchestra pit,ballroom,hot spring,plaza,auditorium,conference center
https://www.instagram.com/p/C7QJttXPAQS/,125.jpg,5/22/2024 1:30,"Bismillah 

Maa Syaa Allah Tabarakallah 
Allahumma baarik 

Pantai Rio by the Beach🏝️🌅🌴🌴🌴
Lampung Selatan 

Bersama adikku 

#visitlampung#visitlampungselatan#pantairiobythebeach#liburan#liburankeluarga #pesonapantai#pesonaindonesia#piknik#refreshing#holiday#santai#pantairio#indonesia#pantaibersih#pantaiindah#pasirluas#riomotret#riobythebeach",Attraction,,campsite,picnic area,sandbox,park,playground,raft,boat deck,swamp,river,marsh
https://www.instagram.com/p/CsJZSDYyFu6/,126.jpg,5/12/2023 14:40,"@masjidbsi_bakauheni 
#visitlampung #visitlampungselatan",Amenities,Bank Syaria Indonesia Bakauheni,pavilion,outdoor,arch,outdoor,outdoor,building facade,outdoor,exterior,plaza,mansion
https://www.instagram.com/p/CaxC8ZKvVfi/,127.jpg,3/6/2022 14:50,"Menunggu yang akan berlalu.
Menanti yang akan pergi
Walaupun cuma sesaat ku nikmati .
Esok pagi akan menyapa kembali  dgn penuh berseri
#lampung
#visitlampungselatan
@explorewisatalampung
@pulaumengkudu
@wisatalampungselatan",Attraction,,islet,coast,lagoon,ocean,beach,harbor,cliff,natural,river,watering hole
https://www.instagram.com/p/CaPiZF2h-Tb/,128.jpg,2/21/2022 14:30,"#sunset
.
Pantai Kedu merupakan salah satu jenis pantai berpasir putih yang halus dan salah satu pantai yang biasa dijelajahi.
Pantai Kedu populer karena keunikannya yang menghadap ke arah barat. Hal ini menjadikan posisi pantai yang satu ini sangat cocok untuk melihat sunset. Tidak hanya itu, pantai ini dihiasi oleh gugusan Pulau Krakatau dan tampak elok pemandangan gunung Rajabasa yang memang seolah-olah menampakan dirinya di atas air laut
.
.
.
.
.
.
.
.
.
.
.
.
.
.
.
.
.
.
#motivasiilmu #katabijak #TravelerDadakan #indonesia #lampung #lampungselatan #laut #pantai #pantaikedu #kalianda #awan #sunset #repost #repostindonesian #pesonaindonesia #jelajahindonesia #jelajahlampungselatan #jelajahsumatera #jelajahlampung #visitindonesia #visitlamsel #visitlampung #visitlampungselatan #trip #indonesia #likeforlikes #like4likes #likeforfollow #jalanjalan #travelling",Attraction,Sunset,sky,lighthouse,pier,cultivated,windmill,wind farm,railroad track,bridge,farm,barn
https://www.instagram.com/p/CZysb4MvgmS/,129.jpg,2/10/2022 9:40,"#sunset
.
Sunset mengajarkan kita bahwa hidup tak selalu cemerlang dan bersinar
.
.
.
.
.
.
.
.
.
.
.
.
.
.
.
.
.
.
#motivasiilmu #katabijak #TravelerDadakan #indonesia #lampung #lampungselatan #laut #pantai #pantaikedu #kalianda #awan #sunset #repost #repostindonesian #pesonaindonesia #jelajahindonesia #jelajahlampungselatan #jelajahsumatera #jelajahlampung #visitindonesia #visitlamsel #visitlampung #visitlampungselatan #trip #indonesia #likeforlikes #like4likes #likeforfollow #jalanjalan #travelling",Attraction,Sunset,sky,ocean,beach,coast,tundra,cliff,marsh,snowfield,natural,lagoon
https://www.instagram.com/p/CZqyHhvhba6/,130.jpg,2/7/2022 7:56,"#sunset
.
Berbicara dan berlakulah dengan baik kepada orang yang menjahati Anda. Mereka boleh jahat, tapi Anda tetap baik
.
.
.
.
.
.
.
.
.
.
.
.
.
.
.
.
.
.
.
#motivasiilmu #katabijak #TravelerDadakan #indonesia #lampung #lampungselatan #laut #pantai #pantaikedu #kalianda #awan #sunset #repost #repostindonesian #pesonaindonesia #jelajahindonesia #jelajahlampungselatan #jelajahsumatera #jelajahlampung #visitindonesia #visitlamsel #visitlampung #visitlampungselatan #trip #indonesia #likeforlikes #like4likes #likeforfollow #jalanjalan #travelling",Attraction,Sunset,art gallery,ice shelf,volcano,hot spring,glacier,cliff,iceberg,mountain,aquarium,mountain snowy
https://www.instagram.com/p/CZjhBDKPc8k/,131.jpg,2/4/2022 12:12,"#sunset
.
Terkadang kamu tersenyum, bukan karena ada hal yang menyenangkan hatimu, tapi karena kamu tahu bersedih takkan selesaikan masalah
.
.
.
.
.
.
.
.
.
.
.
.
.
.
.
.
.
.
.
#motivasiilmu #katabijak #TravelerDadakan #indonesia #lampung #lampungselatan #laut #pantai #pantaikedu #kalianda #awan #sunset #repost #repostindonesian #pesonaindonesia #jelajahindonesia #jelajahlampungselatan #jelajahsumatera #jelajahlampung #visitindonesia #visitlamsel #visitlampung #visitlampungselatan #trip #indonesia #likeforlikes #like4likes #likeforfollow #jalanjalan #travelling",Attraction,Sunset,art gallery,ice shelf,hot spring,sky,ice floe,glacier,snowfield,art studio,volcano,aquarium
https://www.instagram.com/p/CZg3whphycN/,132.jpg,2/3/2022 11:33,"#sunset
.
Sirik, tanda tak mampu. Disiriki adalah tanda Anda lebih bahagia darinya. Bersyukurlah, dan doakan kebaikan baginya
.
.
.
.
.
.
.
.
.
.
.
.
.
.
.
.
.
.
.
#motivasiilmu #katabijak #TravelerDadakan #indonesia #lampung #lampungselatan #laut #pantai #pantaikedu #kalianda #awan #sunset #repost #repostindonesian #pesonaindonesia #jelajahindonesia #jelajahlampungselatan #jelajahsumatera #jelajahlampung #visitindonesia #visitlamsel #visitlampung #visitlampungselatan #trip #indonesia #likeforlikes #like4likes #likeforfollow #jalanjalan #travelling",Attraction,Sunset,hot spring,art gallery,ocean,cliff,beach,ice shelf,coast,volcano,sky,vegetation
https://www.instagram.com/p/CZcTKvzhSSX/,133.jpg,2/1/2022 16:56,"Jika engkau ingin berbahagia, janganlah kau bandingkan kelemahanmu dengan kekuatan orang lain.
.
Yuk mabar
. 
.
.
.
.
.
.
.
.
.
.
.
.
.
.
.
.
.
#motivasiilmu #katabijak #TravelerDadakan #indonesia #lampung #lampungselatan #laut #pantai #pantaikedu #kalianda #awan #sunset #repost #repostindonesian #pesonaindonesia #jelajahindonesia #jelajahlampungselatan #jelajahsumatera #jelajahlampung #visitindonesia #visitlamsel #visitlampung #visitlampungselatan #trip #indonesia #likeforlikes #like4likes #likeforfollow #jalanjalan #travelling",Attraction,Sunset,campsite,volcano,boat deck,beach,sky,mountain,ocean,coast,valley,tundra
https://www.instagram.com/p/CZbhSVdvqCu/,134.jpg,2/1/2022 9:40,"Jika seseorang menghinamu, berterima kasih lah, karena sesungguhnya mereka telah mengorbankan waktunya hanya untuk membantumu menjadi lebih baik
.
.
Yuk hiling
.
.
.
.
.
.
.
.
.
.
.
.
.
.
.
.
.
#motivasiilmu #katabijak #TravelerDadakan #indonesia #lampung #lampungselatan #laut #pantai #pantaikedu #kalianda #awan #sunset #repost #repostindonesian #pesonaindonesia #jelajahindonesia #jelajahlampungselatan #jelajahsumatera #jelajahlampung #visitindonesia #visitlamsel #visitlampung #visitlampungselatan #trip #indonesia #likeforlikes #like4likes #likeforfollow #jalanjalan #travelling",Attraction,,campsite,playground,ski slope,office cubicles,heliport,office,airfield,ball pit,outdoor,raft
https://www.instagram.com/p/C65bu7fPYWx/,135.jpg,5/13/2024 5:45,"[ TRIP MENYENANGKAN DENGAN RBA ]
. 
✨ Yuk segera booking dan jadwalkan liburan di Lampung bareng kami. Pasti seru dan dijamin puas, info lebih lanjut dan reservasi bisa hubungi admin kami yah 🥰. 
.
_______________________
🏝️ RBA - TOUR PACKAGES 
▪️Wisata Alam
▪️Wisata Desa
▪️Minat Khusus
▪️Outbound Training
▪️Family & Corporate Gathering
.
----More information-----
• Kontak : 
> 081271046209 (Admin 1) 
> 081272477622 (Admin 2)
• Instagram : @restubumiadventure 
• Facebook : Restu Bumi Adventure 
• Tik Tok : @restubumiadventure64
• Youtube : Restu Bumi Adventure 
• Website : www.restutour.co.id
• Email : restubumiadventure64@gmail.com
.
#restubumiadventure #restubumi #adventure #pariwisata #jasaoutboundmurah #fungameslampung #outboundlampung #lampungoutbound #gamesoutbound #pantailampug #paketwisatamurah #paketberwisata #triplampung #wisatalampung #pantaimarina #marinabeach #lampung #paketoutbound #gatheringlampung #healinglampung #liburanlampung #pariwisatalampung #pantaisanggar #pantailampung #marina #lamseltrip #disparbudlamsel #pariwisatalamsel #lampungselatan",Ancillary,Kelompok Wisata,beach,outdoor,coast,ocean,lagoon,wave,sky,cliff,beach house,vegetation
https://www.instagram.com/p/C6NuqDkPdid/,136.jpg,4/26/2024 6:24,"[ TRAVELING BERSAMA RBA BIKIN BAHAGIA ]
. 
✨ Yuk segera booking dan jadwalkan liburan di Lampung bareng kami. Pasti seru dan dijamin puas, info lebih lanjut dan reservasi bisa hubungi admin kami yah 🥰. 
.
_______________________
🏝️ RBA - TOUR PACKAGES 
▪️Wisata Alam
▪️Wisata Desa
▪️Minat Khusus
▪️Outbound Training
▪️Family & Corporate Gathering
.
----More information-----
• Kontak : 
> 081271046209 (Admin 1) 
> 081272477622 (Admin 2)
• Instagram : @restubumiadventure 
• Facebook : Restu Bumi Adventure 
• Tik Tok : @restubumiadventure64
• Youtube : Restu Bumi Adventure 
• Website : www.restutour.co.id
• Email : restubumiadventure64@gmail.com
.
#restubumiadventure #restubumi #adventure #pariwisata #jasaoutboundmurah #fungameslampung #outboundlampung #lampungoutbound #gamesoutbound #pahawang #paketwisatamurah #paketberwisata #triplampung #wisatalampung #pantaimarina #pantaisanggar #lampung #paketoutbound #gatheringlampung #healinglampung #liburanlampung #pariwisatalampung #pantaisanggar #pantailampung #sanggarbeach #lamseltrip #disparbudlamsel #pariwisatalamsel #lampungselatan",Ancillary,,volcano,mountain,valley,desert road,heliport,vegetation,sand,army base,butte,outdoor
https://www.instagram.com/p/CfgnJYOLFD_/,137.jpg,7/2/2022 12:16,"Bukan healing just feeling better...

#kalianda #lampungselatan #mytrip #pesonalampungselatan #bukananakpantai",Attraction,,beach,picnic area,coast,ocean,beach house,lagoon,desert road,pier,wave,promenade
https://www.instagram.com/p/CeiwHk7PLxm/,138.jpg,6/8/2022 11:41,"Cuacanya bersahabat.
..
..
..
..
..
#pantai_minangrua 
#RamahTamahJelajah
#KhaduSantaiMakkung 
#Selamatkhatong
#menahakhua
#DisParBudLamSel
#ExploreLampungSelatan
#LampungSelatanAmazing
#PesonaLampungSelatan",Attraction,,heliport,harbor,landing deck,runway,boat deck,airfield,river,natural,bridge,marsh
https://www.instagram.com/p/CdXg4-npKoa/,139.jpg,5/10/2022 6:25,"Keluarga besar SVC
... 
... 
... 
📸 : @yellinafiah
📄: pantai marina kalianda Lam Sel
.. 
.. 
#pesonalampung #pesonalampungselatan",Attraction,,rope bridge,grotto,bridge,indoor,outdoor,pier,home theater,indoor,amusement park,natural
https://www.instagram.com/p/DWaU1LOk-AV/,140.jpg,3/28/2026 2:27,"Mt. Ratai 1.682 MDPL

 Gunung Ratai adalah gunung setinggi 1.682 mdpl yang terletak di Kecamatan Padang Cermin/Way Ratai, Pesawaran, Lampung, dan dikenal dengan jalur pendakian “Punggung Naga” yang menawarkan panorama pesisir Teluk Lampung. Gunung ini menawarkan suasana pendakian yang asri dengan kombinasi pemandangan hutan dan laut, dekat dengan Pulau Pahawang. 
Ratai , 25 Maret 2026

#gunungratai1682mdpl #pendaki #explorelampungselatan #lampung",Attraction,,volcano,mountain,valley,rainforest,village,sky,butte,mountain path,cultivated,broadleaf
https://www.instagram.com/p/DVLgFXzE4EM/,141.jpg,2/25/2026 11:45,"OPEN TRIP SEBESI – KRAKATAU

📌 Snorkeling Pulau Sebuku
📌 Explore Pulau Umang-Umang
📌 Stay di Pulau Sebesi
📌 Trekking Anak Krakatau
📌 Free Dokumentasi Drone

⚠ Slot terbatas setiap keberangkatan
⚠ Harga bisa naik sewaktu-waktu
⚠ First pay = first secure seat

Kalau kamu serius mau ikut, DM sekarang sebelum full.

Jangan tunggu next batch.
Biasanya yang nunda-nunda nggak jadi😭

#opentripsebesi #anakkrakatau #explorelampungselatan #sebesiisland",Ancillary,Kelompok Wisata,ice shelf,tundra,landing deck,mountain,mountain snowy,runway,cliff,badlands,valley,sky
https://www.instagram.com/p/DUk4aH8k9tD/,142.jpg,2/10/2026 11:48,"Langit berwarna pink–ungu memantul di permukaan laut yang tenang, sementara nelayan melintas dengan perahu kecil. Di kejauhan terlihat siluet kompleks Gunung Krakatau (Anak Krakatau) yang tampak jelas saat cuaca cerah.

Alam Lampung memang selalu punya cara membuat sore terasa lebih bermakna.🌅
#travel #photography #explorelampungselatan #exploreindonesia #wonderfulindonesia #sunset #explorepage✨ #canon #canonphotography",Attraction,,islet,volcano,mountain,lagoon,natural,valley,butte,river,coast,ocean
https://www.instagram.com/p/DUDdt6OEkps/,143.jpg,1/28/2026 12:19,"Di Kota, gamau panas2an takut gosong.
Di Pantai, yaudasi gosong doank namanya juga traveller😝

#explorepulausebesi #lampung #explorelampungselatan",Attraction,,lagoon,beach,coast,ocean,swimming hole,cliff,natural,river,pier,wave
https://www.instagram.com/p/DT4wb59k5NQ/,144.jpg,1/24/2026 8:31,"At least gak wacana doang!

Kalo temen jawabannya “insyaallah” tuh kemungkinan bakal ikut kan ya?😁🤭

#sebesiisland #anakkrakatau #explorelampungselatan",Attraction,,beach,ocean,coast,wave,lagoon,ice shelf,outdoor,cliff,swimming hole,ice floe
https://www.instagram.com/p/DTri2EnErfs/,145.jpg,1/19/2026 5:23,"Hidden gem Lampung unlocked 🔓🌊

Bangkitkan jiwa petualangmu dan tembus batas cakrawala Selat Sunda! Di Pulau Sebuku, alam tidak hanya menyuguhkan pemandangan, tapi juga sebuah pengalaman yang sangat menyenangkan. Bayangkan dirimu meluncur di atas air laut yang jernih dan berkilau seperti permata, lalu menyelam lebih dalam lagi untuk berjumpa dengan ribuan makhluk laut yang bergerak aktif di sekitar bangkai kapal perang Jepang yang legendaris. ✨⛴️

​Rasakan hembusan angin yang segar saat berdiri di atas pasir putih yang masih sangat murni, sementara di kejauhan, siluet Kepulauan Krakatau terlihat gagah dan seolah memanggilmu untuk terus menjelajah. Suasana pulau yang terpencil dan asri ini akan membuatmu merasa seperti pemilik dari surga kecil di pesisir Lampung Selatan.

Pulau Sebuku adalah bukti nyata bahwa Lampung memiliki sejuta pesona yang tak ada habisnya. Siapkan nyalimu, kemas perlengkapanmu, dan biarkan alam Lampung memikat hatimu dengan cara yang paling indah!

​Jangan cuma disimpan di wishlist, yuk wujudkan perjalananmu ke ​📍 Pulau Sebuku, Lampung Selatan.

​Klik tombol Share untuk ajak teman-temanmu berpetualang bersama! 🎒✨

#explorelampung
​#explorelampungselatan
#wonderfulindonesia🇮🇩
#pulausebuku
#pariwisatalampung

Sumber foto: Walter Pinem, Get Lost ID, Traverse.id

Postingan ini dibuat untuk memenuhi tugas mata kuliah Bahasa Indonesia.
​
Identitas penulis
Nama: Vera Bela
NPM: 25311031
Program Studi: Sistem Informasi 
Materi: Copywriting 
Dosen Pengampu: @ghufronianars",Attraction,,water park,outdoor,lagoon,pond,indoor,hot spring,fountain,swimming hole,natural,indoor
https://www.instagram.com/p/DTpPdghAeKQ/,146.jpg,1/18/2026 7:55,"sea you soon, umang-umang island🌊<33

#explorelampungselatan #umangumang #lampung",Attraction,,islet,lagoon,volcano,beach,coast,mountain,natural,ocean,cliff,butte
https://www.instagram.com/p/DTSH3qrk-DM/,147.jpg,1/9/2026 8:26,"Not about how far we go, but who we go with.

✨ The right place
✨ The right time
✨ The right person

Sometimes, the best therapy is traveling together 🧡

#sebesiisland #coupletrip #anakkrakatau #explorelampungselatan",Attraction,,volcano,mountain,mountain snowy,butte,mountain path,glacier,valley,canyon,cliff,landing deck
https://www.instagram.com/p/DTRl5FUgWNA/,148.jpg,1/9/2026 3:29,"sebuku island🏝️

#explorelampungselatan #beach #sebuku #lampung",Attraction,,lagoon,beach,islet,coast,natural,swimming hole,ocean,river,sky,cliff
https://www.instagram.com/p/DSyPhvsE8zn/,149.jpg,12/27/2025 23:17,"Setigi batu beach
Rajabasa kalianda📌 

#pantai #explorelampungselatan #instagram",Attraction,,beach,coast,ocean,snowfield,outdoor,lagoon,sky,promenade,ice shelf,wave
https://www.instagram.com/p/DSced1Ogdha/,150.jpg,12/19/2025 12:24,"Chasing waves and sunny rays… 🌊🌞 
.
.
.
#waves 
#sunny 
#beach 
#seas 
#vitaminsea 
#beachview 
#sunkissed 
#snorkling 
#nemo 
#sebesiisland 
#sebuku 
#explorelampungselatan",Attraction,,lagoon,boat deck,ocean,islet,swimming hole,beach,coast,cliff,pier,wave
https://www.instagram.com/p/DSaAkPlkhwB/,151.jpg,12/18/2025 13:24,"Warm tones, calm space. Mushola ala Maroko di Pantai Marina emang cocok banget untuk foto-foto 🥰❤️

#pantaimarinalampung #wisatalampung #explorelampungselatan",Amenities,Mushola,medina,barndoor,martial arts gym,door,loading dock,alcove,kasbah,outdoor,alley,fire escape
https://www.instagram.com/p/DSXePS4Ez2V/,152.jpg,12/17/2025 13:46,"Alhamdulillah, masyaAllah, wujudin wishlist main 🛶 transparan di Lampung 🤍🫶🏻🥳

Join trip @pasarwisataid 

#travelling #traveler #travelgram #travelholic #travelinstyle #placetogo #storytelling #girlstraveldiary #kano #kanotransparan #pulauumang #pulauumangumang #explore #explorelampungselatan",Attraction,,ocean deep,aquarium,grotto,rainforest,forest path,mountain,rope bridge,mountain path,catacomb,excavation
https://www.instagram.com/p/DO_9EdQE5sa/,153.jpg,9/24/2025 21:00,"vitamin sea✨

#wisataindonesiakeren#wisataindonesiaku#wisataindonesiaaman#wisataindonesiaid#wisataindonesiaa_#wisataindonesiamuaantapp#wisataindonesiaindah#wisataindahkuy#wisatalampungindonesia#wisatalampungku#wisatalampung#wisatalampungselatan#wisatalampungkeren#wisatalamsel#senayabeach#senayabeachlampung#senayabeachkalianda#sflmine",Attraction,,ice floe,wave,ocean,iceberg,ice shelf,coast,beach,cliff,islet,glacier
https://www.instagram.com/p/DNmlXetyzjJ/,154.jpg,8/21/2025 4:00,"[ OUTBOUND & GATHERINGNYA BARENG RESTU BUMI ADVENTURE AJA ]
.
“Tingkatakan kekompakan dengan bersama menjalin kegiatan yang seru & bermakna”
. 
✨ Employee Gathering : Pempek Tenda Biru.
.
🙌🏻 Terimakasih Pempek Tenda Biru yang telah mempercayai kami untuk kegiatannya. Sampai berjumpa dilain kesempatan yaa 🥰.
_______________________
🏝️ RBA - TOUR PACKAGES 
▪️Family & Corporate Gathering
▪️Outbound Training & Team Building
▪️Minat Khusus (Wisata Alam & Wisata Desa)
▪️Experiental Learning (Training & Workshop)
▪️Event Organizer & Tour Domestik/Internasional
.
----More information-----
• Kontak :
> 081271046209 (Admin 1) 
> 081272477622 (Admin 2)
• Instagram : @restubumiadventure 
• Facebook : Restu Bumi Adventure 
• Tik Tok : @restubumiadventure64
• Youtube : Restu Bumi Adventure 
• Website : www.restutour.co.id
• Email : restubumiadventure64@gmail.com
.
#restubumiadventure #restubumioutbound #restubumi #jasaoutboundmurah #fungameslampung #outboundlampung #lampungoutbound #gamesoutbound #sanggarbeach #triplampung #wisatalampung #lampung #gatheringlampung #wisatalamsel #pariwisatalampung",Ancillary,Kelompok Wisata,racecourse,amphitheater,outdoor,football,raceway,football field,outdoor,soccer field,watering hole,soccer
https://www.instagram.com/p/C66GVBcPrLG/,155.jpg,5/13/2024 11:57,"Pantai ini namanya Pantai Batu Rame, lokasinya di Jalan Sinar Laut, Kalianda, Lampung Selatan.

Pantai ini merupakan pantai rakyat, yang artinya GRATIS gaess 😁 Disini kamu bisa foto2 berlatar belakang laut atau Gunung Rajabasa bisa sekedar main pasir pinggir pantai ataupun main air dan juga berenang, semua bisa. Hanya saja, pantai ini belum dilengkapi sarana MCK dan fasilitas umum lainnya.

Tapi pantai ini recommended buat kita2 yang punya budget seadanya, cukup buat jajan di pedagang yang banyak tersedia di pinggir pantai. Soal basah ga bisa ganti masih aman, nti tunggu aja bentar kan kering sendiri di badan 😂

Jadii yook ke Kalianda gaess 😊

#pantaiqu 
#lamselmendunia 
#lampungselatanexplore 
#lamselsayah 
#wisatalamsel",Attraction,,coast,ocean,islet,cliff,lagoon,beach,wave,sky,rock arch,lighthouse
https://www.instagram.com/p/C3jIqeEPGvO/,156.jpg,2/20/2024 0:21,"[ Mari Agendakan Gathering & Outbound Kalian Bersama Kami Restu Bumi Adventure ]
.
“Jangan pernah berhenti untuk menjadi yang terbaik.”
. 
✨ Capacity Building : Dinas Perikanan Kota Palembang Tahun 2024. Teruslah menjadi yang terbaik jangan pernah berhenti dan terus lakukan hal hal baru.
.
🙌🏻 Terimakasih Dinas Perikanan Kota Palembang yang telah mempercayai kami untuk kegiatannya. Sampai berjumpa dilain kesempatan yaa 🥰.
_______________________
🏝️ RBA - TOUR PACKAGES 
▪️Wisata Alam
▪️Wisata Desa
▪️Minat Khusus
▪️Outbound Training
▪️Family & Corporate Gathering
.
----More information-----
• Kontak : 
> 081271046209 (Admin 1) 
> 081272477622 (Admin 2)
• Instagram : @restubumiadventure 
• Facebook : Restu Bumi Adventure 
• Tik Tok : @restubumiadventure64
• Youtube : Restu Bumi Adventure 
• Website : www.restutour.co.id
• Email : restubumiadventure64@gmail.com
.
#restubumiadventure #restubumi #adventure #pariwisata #pariwisatalampung #wisatalampung #paketoutboundmurah #paketwisatamurah #jasaoutboundlampung #triplampung #outbond #outboundlampung #wisataalampung #lampung #kedasresort #pantaiminangrua #wisatalamsel #pariwisatalampungselatan #kegiatanwisata #gamesoutbound",Ancillary,Kelompok Wisata,water park,amusement park,park,outdoor,toyshop,plaza,outdoor,pet shop,beer garden,indoor
https://www.instagram.com/p/C2QzrI0vd8d/,157.jpg,1/19/2024 1:00,"[ Buatlah Momen Indah dan Tak Terlupakan Bersama Kami Restu Bumi Adventure ]
.
“Sahabat selamanya, Selamanya sahabat”
. 
✨ Silaturahmi : FH UNILA'86. Semua tentang sahabat dan persahabatan ini akan tetap abadi menjadi sebuah ikatan silaturahmi yang tak pernah putus. 
.
🙌🏻 Terimakasih FH UNILA'86 telah mempercayai kami untuk kegiatannya. Sampai berjumpa dilain kesempatan yaa 🥰.
_______________________
🏝️ RBA - TOUR PACKAGES 
▪️Wisata Alam
▪️Wisata Desa
▪️Minat Khusus
▪️Outbound Training
▪️Family & Corporate Gathering
.
----More information-----
• Kontak : 
> 081271046209 (Admin 1) 
> 081272477622 (Admin 2)
• Instagram : @restubumiadventure 
• Facebook : Restu Bumi Adventure 
• Tik Tok : @restubumiadventure64
• Youtube : Restu Bumi Adventure 
• Website : www.restutour.co.id
• Email : restubumiadventure64@gmail.com
.
#restubumiadventure #restubumi #adventure #pariwisata #paketwisatalampung #paketoutboundmurah #outboundlampung #lampungoutbound #lampungfungames #grandeltykrakatoa #paketberwisata #triplampung #wisatalampung #lampungtrip #pariwisatalampung #lampung #grandelty #gatheringlampung #familygathering #wisatalamsel #pantailampung #wisatalampungselatan #pariwisatalampungselatan",Ancillary,Kelompok Wisata,outdoor,outdoor,outdoor,soccer field,football,baseball,baseball field,park,racecourse,football field
https://www.instagram.com/p/C2JFkepvHDe/,158.jpg,1/16/2024 1:02,"[ Paket Outbound Seru & Asyik di Lampung Hanya Bersama Biro Perjalanan Wisata Kami ]
.
“Kebahagiaan itu harus kita temukan, rasakan dan ceritakan.”
. 
✨ Fun Gathering : Cipta Karya PUTR Kota Metro. Semua itu tentang kebahagian dan dia hadir harus kita temukan, rasakan dan ceritakan.
.
🙌🏻 Terimakasih Cipta Karya PUTR Kota Metro yang telah mempercayai kami untuk kegiatannya. Sampai berjumpa dilain kesempatan yaa 🥰.
_______________________
🏝️ RBA - TOUR PACKAGES 
▪️Wisata Alam
▪️Wisata Desa
▪️Minat Khusus
▪️Outbound Training
▪️Family & Corporate Gathering
.
----More information-----
• Kontak : 
> 081271046209 (Admin 1) 
> 081272477622 (Admin 2)
• Instagram : @restubumiadventure 
• Facebook : Restu Bumi Adventure 
• Tik Tok : @restubumiadventure64
• Youtube : Restu Bumi Adventure 
• Website : www.restutour.co.id
• Email : restubumiadventure64@gmail.com
.
#restubumiadventure #restubumi #adventure #pariwisata #pariwisatalampung #wisatalampung #paketoutboundmurah #paketwisatamurah #jasaoutboundlampung #triplampung #outbond #outboundlampung #wisataalampung #lampung #wisatabalam #wiragarden #outboundspot #sanggarbeach #ciptakaryametro #gatheringlampung #wisatalamsel #wisatalampungselatan	#pantailampung #pantailampungselatan #pantaisanggar",Ancillary,Kelompok Wisata,performance,outdoor,plaza,beer garden,indoor,ballroom,park,banquet hall,department store,indoor
https://www.instagram.com/p/DXwokcmE72R/,159.jpg,4/30/2026 14:54,"@navaracitypark 
#lampunghits 
#lampunghitskekinian
#wisatalampungselatan",Amenities,Bianglala,water park,amusement park,playground,park,carrousel,outdoor,childs room,playroom,ticket booth,arch
https://www.instagram.com/p/DXn2bNTkXSV/,160.jpg,4/27/2026 5:02,#eksploreindonesia#pulausebukukecil#lampung#lampungpunyacerita#wisatalampungselatan,Attraction,,lagoon,beach,islet,coast,ocean,natural,cliff,swimming hole,river,hot spring
https://www.instagram.com/p/DXjI3ytiQVW/,161.jpg,4/25/2026 9:07,"Komunitas pecinta Jeep Willys di Lampung Selatan resmi memiliki kepengurusan baru. Pelantikan Willys Lampung Community (WLC) Korwil Lampung Selatan periode 2026–2029 diharapkan tak sekadar menjadi ajang silaturahmi, tetapi juga mendorong promosi pariwisata daerah berbasis komunitas otomotif.

Pelantikan yang digelar di kediaman Ketua WLC Korwil Lampung Selatan, Nivolin, di Desa Palembapang, Kecamatan Kalianda, Sabtu (25/4/2026), dihadiri Wakil Bupati Lampung Selatan M. Syaiful Anwar, unsur Forkopimda, camat, serta sejumlah kepala OPD.

Baca selengkapnya di www.tigapena.lampung.com

#JeepWillys #WisataLampungSelatan #WLCResmiDilantik #PesonaLampung #KomunitasJeep",Ancillary,,indoor,conference center,army base,performance,pharmacy,legislative chamber,indoor,airport terminal,department store,science museum
https://www.instagram.com/p/DXbvTNRiVnw/,162.jpg,4/22/2026 12:09,"Penunjukan Kabupaten Lampung Selatan sebagai tuan rumah Jambore Nasional (Jamnas) ke-XIV Persatuan Penggemar American Jeep Indonesia (PPAJI) 2026 bukan sekadar agenda komunitas otomotif. Pemerintah daerah melihatnya sebagai “kendaraan” strategis untuk mengakselerasi promosi wisata dan pergerakan ekonomi lokal.

Kepastian itu terungkap dalam audiensi antara Bupati Lampung Selatan, Radityo Egi Pratama, dengan jajaran Pengurus Daerah PPAJI Provinsi Lampung di ruang kerja bupati, Rabu (22/4/2026).

Baca selengkapnya di www.lampung.tigapena.com

#JamnasJeepLamsel
#JeepNasional2026
#WisataLampungSelatan
#PromosiDaerahLamsel
#EventJadiMagnetWisata",Ancillary,,indoor,conference center,legislative chamber,airport terminal,ice cream parlor,television studio,pharmacy,food court,drugstore,fastfood restaurant
https://www.instagram.com/p/DXA5_tgj3bT/,163.jpg,4/12/2026 2:03,#pantailampungselatan #mbeachlampung #wisatalampung #pantailampung #wisatalampungselatan,Attraction,,campsite,sandbox,park,picnic area,beer garden,yard,shed,igloo,outdoor,archaelogical excavation
https://www.instagram.com/p/DWwCzD-iYUt/,164.jpg,4/5/2026 12:53,"Yang belum join next lebih ramai ya kan🤩
#minangruabeach #greencanyon #wisatalampungselatan #kalianda#viral",Attraction,,playground,rope bridge,amusement park,tree house,japanese garden,picnic area,rainforest,park,sandbox,raft
https://www.instagram.com/p/DWfaJOpkl18/,165.jpg,3/30/2026 1:50,"Waktu Indonesia bagian liburan!!🍃🌿🚤🎉🎏

#wisatalampungselatan #greencanyon #greencanyonbakauheni #pantailampung",Attraction,,beer garden,picnic area,playground,plaza,park,sandbox,campsite,water park,outdoor,amusement park
https://www.instagram.com/p/DWdJPOJlc0q/,166.jpg,3/29/2026 4:44,"UMKM buah kupas segar
#rujakenak #riobeach #wisatalampungselatan #umkm #potofyp",Amenities,UMKM ,outdoor,outdoor,shopfront,pet shop,shop,ticket booth,pharmacy,delicatessen,fastfood restaurant,indoor
https://www.instagram.com/p/DWbUT7Skyhc/,167.jpg,3/28/2026 11:42,#healing #gunungrajabasa #wisatalampungselatan,Attraction,,volcano,cultivated,corn field,vineyard,valley,mountain,mountain snowy,orchard,field road,sky
https://www.instagram.com/p/DWQmdS4EvRK/,168.jpg,3/24/2026 7:49,"I find my peace 🌊💙

#fypシ #explorelampung 
#wisatalampungselatan #explorepage✨",Attraction,,coast,ocean,cliff,lagoon,beach,islet,sky,wave,natural,picnic area
https://www.instagram.com/p/DWQEhDfGAv_/,169.jpg,3/24/2026 2:52,Wtc Lampung selatan #wisatakolamalam #wisatalampungselatan #wtc,Attraction,,slum,water park,archaelogical excavation,plaza,rope bridge,fountain,hot spring,sandbox,amphitheater,construction site
https://www.instagram.com/p/DWNTAIGE5Zd/,170.jpg,3/23/2026 1:03,"SURPRISE! 🌊✨
Yang dari kemarin nanyain kapan buka, mana suaranya?
Air Terjun Way Kalam KEMBALI BUKA untuk publik di libur Idul Fitri 2026 ini! Kondisi air lagi jernih-jernihnya, pepohonan lagi hijau-hijaunya
Tunggu apa lagi? Langsung gasss ke Way Kalam hari ini!
📍 Desa Way Kalam, Lampung Selatan.
🕒 Jam Operasional: 08.00 - 17.00 WIB.
#WayKalamOpen #WisataLampungSelatan #AirTerjun #ExploreSumatera #healinglebaran",Attraction,,waterfall,creek,rainforest,mountain,hot spring,canyon,valley,river,volcano,cliff
https://www.instagram.com/p/DVimpMUjw9V/,171.jpg,3/6/2026 11:05,"𝟎 𝑴𝒅𝒑𝒍 🌊

_
_
_

#pantaislimpuyang #bukitslimpuyang #lampungselatanexplore #sidomulyoexplore #wisatalampungselatan",Attraction,,mountain path,campsite,trench,rope bridge,archaelogical excavation,badlands,canyon,mountain,forest path,creek
https://www.instagram.com/p/Cf_w1P4viD7/,172.jpg,7/14/2022 14:37,"Hari ke dua, giat Gebrak Gotong Royong Terpadu Menuju Wisata Berkelanjutan (gerot wisata) Dewi Way Ratu desa negara ratu kecamatan Natar Kabupaten Lampung Selatan..
.
#lamselbisa #lamsel #wisatalamsel #polpplamsel #satpolpplamsel",Ancillary,Gotong Royong Kelompok Wisata,outdoor,park,plaza,picnic area,beer garden,water park,coast,bullring,outdoor,playground
https://www.instagram.com/p/CSnt_J4njwv/,173.jpg,8/16/2021 3:42,"Reposted from @kelampungaja ""Semua orang mempunyai caranya sendiri untuk mencintai alam, satu di antaranya adalah dengan cara menjaga dari orang-orang yang serakah di luar sana""
-
-
-
-
-
📍Air Terjun way kalam Kalianda - Lampung Selatan
-
-
-
Repost @mody.kurniawan 

Punya foto keren, punya event seputar Lampung dan fotomu mau direpost di @kelampungaja gampang caranya kak
-Tag dan follow  @kelampungaja
-Gunakan hastag #kelampungaja
-Akun tidak privat

#kelampungaja #pikniklampung #wisatalampung #lampung #lampungexplore #lampunggeh #lampungkeren #lampunghits  #ilovelampung  #kelilinglampung #lampungeksis #berandalampung #wajahlampung #wisatapringsewu #wisatalamsel #wisatakrui #wisatabdl #wisatametro #wisatakalianda #wisatakotabumi #wisatalambar #wisatatanggamus",Attraction,,waterfall,rainforest,mountain,creek,hot spring,valley,canyon,cliff,glacier,river
https://www.instagram.com/p/CTbKnzMJ6WW/,174.jpg,9/5/2021 3:14,"Ini jam 05.30 WIB dengan suasana sejuk menunggu sunrise 🌞

Banyak kicau burung dan dingiiin banget😍
Aku belum bisa move on dr sini view nya keren banget😍

Daan tau gak sih, ini tuh di Lampung loh! Baru tau kan ada tempat se keren ini ❤️
Yuhuuu ini di bakauheni 
Nama nya @pematang_sunrise 
Cusss kesana aja biar bisa liat ke indahan view nya ya shay😍😍

Reposted from @fitri.turono86 

#travelinglampung #pematangsunrise #tempatbagus #viewkeren#lampungkeren#wisatalampung #campingground #wisatalamsel",Attraction,,farm,natural,valley,hayfield,pasture,rice paddy,vineyard,river,coast,islet
https://www.instagram.com/p/CWPt6FIBWKs/,175.jpg,11/14/2021 6:05,"Nikmatilah tantangan, karena disanalah orang hebat, orang tangguh, orang kuat, orang besar dilahirkan. (dr. Gamal Albinsaid)
.
.
.
#wisatalamsel #tanjungbintang #potretlampung #gununglanggar #inspiration #selfreminder",Attraction,Gunung,pasture,farm,hayfield,field road,rice paddy,tree farm,corn field,cultivated,valley,orchard
https://www.instagram.com/p/CfJSe1nJmg0/,176.jpg,6/23/2022 10:53,"Suspension bridge lubuk bais village lampung selatan

#kelampungaja #pikniklampung #wisatalampung #lampung #lampungexplore #lampunggeh #lampungkeren #lampunghits #ilovelampung #kelilinglampung #lampungeksis #berandalampung #wajahlampung #wisatapringsewu #wisatalamsel #wisatakrui #wisatabdl #wisatametro #wisatakalianda #wisatakotabumi #wisatalambar #wisatatanggamus#!",Attraction,,rope bridge,boardwalk,bridge,rainforest,bamboo forest,forest path,staircase,park,swamp,japanese garden
https://www.instagram.com/p/CREUJurrjVG/,177.jpg,7/8/2021 13:12,Jalan jalan ke Kampoeng bamboe yang ada di Ketapang lamsel #kampoengbamboe #wisatalampung  #wisatalamsel #wisatakalianda #wisataketapang #indonesia #lampunghits,Amenities,Kuliner,marsh,bamboo forest,pond,swamp,natural,vineyard,pasture,yard,field road,orchard
https://www.instagram.com/p/CnUa14RrMQd/,178.jpg,1/12/2023 14:49,"Kiri Way Penaga Layung Sari 
Kanan Pemandian Alami WtC 

Memiliki kesamaan, sama-sama Pemandian Alami & air nya dari 1 Gunung Rajabasa.

Spot favorit untuk menyegarkan badan saat gerahnya panas matahari.

Tempat Wisata Favoritnya kebanggan Kecamatan Penengahan Kabupaten Lampung Selatan.

📸 Heru Agustian 
🚁 Drone DJI 

#jejaksiohm #waypenaga #waytebingceppa #wisatalamsel",Attraction,,fishpond,roof garden,pond,marsh,hot spring,formal garden,river,natural,vegetable garden,playground
https://www.instagram.com/p/C1meULpBJBI/,179.jpg,1/2/2024 14:25,"Pantai Pesisir Desa Way Muli Kab. Lampung Selatan

#lamselsayah 
#lamselmendunia 
#wisatalamsel",Attraction,,swimming hole,picnic area,swamp,islet,lagoon,river,marsh,natural,rainforest,campsite
https://www.instagram.com/p/COZXp7eLynM/,180.jpg,5/3/2021 3:52,"Taman asmoro, desa jati mulyo, kecamatan jati agung, lampung selatan
#kurnianoen #kurnianoentravelling",Attraction,,boardwalk,lock chamber,park,promenade,roof garden,wild,pier,golf course,sky,farm
https://www.instagram.com/p/CuJgtmaycCp/,181.jpg,7/1/2023 8:48,"#Repost @izamijamal with @let.repost 
• • • • • •
Di bukit menuju air terjun dan sumber air panas di kunjir

Rombongan Tim tangguh Siap berwisata ke air terjun (way tumbai) dan air panas (geowisata) Desa Kunjir.

Ayo berkunjung ke Desa wisata Kunjir 😇

#desawisata 
#wisatakunjir 
#wisatalamsel 
#wisataindonesia",Attraction,,pasture,rice paddy,tree farm,orchard,rainforest,farm,field road,vineyard,park,cultivated
https://www.instagram.com/p/CSUN1K8JDUh/,182.jpg,8/8/2021 13:56,"😁

.
.
#kampungkuda #lampungwisata #lampungselatanhits #lampungku #wisatalamsel",Amenities,Wahana Kuda,pasture,corral,orchard,farm,tree farm,racecourse,rainforest,botanical garden,park,stable
https://www.instagram.com/p/CXdvSjbvZvd/,183.jpg,12/14/2021 13:18,"""Berikan yang terbaik pada alam dan alam akan berbalik memberikan terbaik kepadamu.""
.
.
Pabrik oksigen terbaik adalah rimbunya hutan 
.
.
#hutan #wisatalampung 
#lampunghits #lampung 
#lengkunglangit #explorelampung 
#jungle #bumihijau 
#greenearth #hutanhijau
#jalanjalan #demendolan 
#adventure #adventuretime
#wisatalamsel #wisatapringsewu
#insta #instagram
#alam #alamindonesia
#lampunginsta #instalampung",Attraction,,rope bridge,boardwalk,rainforest,park,bridge,picnic area,japanese garden,forest path,botanical garden,bamboo forest
https://www.instagram.com/p/CWPtH2shoOK/,184.jpg,11/14/2021 5:59,"Kita manusia hanya mampu melihat dengan apa yang kita lihat. Tapi Allah Maha Melihat jauh dari apa yang kita lihat. (dr. Gamal Albinsaid)
.
.
.
#selfreminder #gununglanggar #wisatalamsel #tanjungbintang #potretlampung #backtonature",Attraction,,village,vineyard,tree farm,cultivated,hayfield,orchard,valley,pasture,farm,corn field
https://www.instagram.com/p/CWPuxQlhCKQ/,185.jpg,11/14/2021 6:13,"Bersyukurlah dengan kesibukan tatkala kita lelah. Ingatlah boleh jadi kesibukan kita adalah mimpi mimpi orang di luar sana. (dr. Gamal Albinsaid)
.
.
.
#wisatalamsel
#wisataindonesia #selfreminder #tanjungbintang #alamlampung #bacttonature #gamalalbinsaid",Attraction,,village,tree farm,lawn,golf course,rainforest,valley,cultivated,orchard,pasture,botanical garden
https://www.instagram.com/p/CeDuF8tvY0p/,186.jpg,5/27/2022 10:27,"Kalau saling mencintai, bukan bilang ""jalani aja dulu"". Cinta tidak sebercanda itu!

Sebab, tidak ada yang lebih baik dari hubungan antara dua insan yang saling mencintai selain pernikahan. 🫰🏻🥰😇

Rasulullah shallallahu 'alaihi wa sallam bersabda dalam HR. Bukhari no. 5056, Muslim no. 1400;

""Wahai para pemuda, barangsiapa yang sudah sanggup menikah, maka menikahlah. Karena itu lebih menundukkan pandangan dan lebih menjaga kemaluan. Barangsiapa yang belum mampu, maka berpuasalah karena puasa itu obat pengekang nafsunya."" 

Kld, 27/05/2022 © IDM

Lokasi : Kebun Edukasi Kalianda, Lampung Selatan, Lampung, Indonesia

#DialogRasa #DiaryMeymey #IrmaDewiMeilinda #KebunEdukasi #kebunedukasilampungselatan #LampungSelatan #lampungselatanamazing #writerpreneur #travellers #Pariwisata #pariwisatalampung #pariwisatalamsel #wisatalamsel #inilampung #potretlampung #explorelampung #jalanjalanyuk #selfhealing",Amenities,Faslitas Edukasi,outdoor,topiary garden,outdoor,beer garden,pavilion,exterior,courtyard,restaurant patio,indoor,yard
https://www.instagram.com/p/C1zD6PcPLtO/,187.jpg,1/7/2024 11:44,"[ Paket Outbound Seru & Asyik di Lampung Hanya Bersama Biro Perjalanan Wisata Kami ]
.
“Liburan yang baik adalah yang dihabiskan di antara orang-orang yang gagasannya tentang waktu lebih kabur darimu.”
. 
✨ Family Gathering : DPMPTSM Lamteng. Hidup dimaksudkan untuk petualangan besar dan teman dekat.
.
🙌🏻 Terimakasih DPMPTSM Lamteng yang telah mempercayai kami untuk kegiatannya. Sampai berjumpa dilain kesempatan yaa 🥰.
_______________________
🏝️ RBA - TOUR PACKAGES 
▪️Wisata Alam
▪️Wisata Desa
▪️Minat Khusus
▪️Outbound Training
▪️Family & Corporate Gathering
.
----More information-----
• Kontak : 
> 081271046209 (Admin 1) 
> 081272477622 (Admin 2)
• Instagram : @restubumiadventure 
• Facebook : Restu Bumi Adventure 
• Tik Tok : @restubumiadventure64
• Youtube : Restu Bumi Adventure 
• Website : www.restutour.co.id
• Email : restubumiadventure64@gmail.com
.
#restubumiadventure #restubumi #adventure #pariwisata #pariwisatalampung #wisatalampung #paketoutboundmurah #paketwisatamurah #jasaoutboundlampung #triplampung #outbond #outboundlampung #wisataalampung #lampung #wisataalam #pantaimarina #outboundspot #marinabeach #pantaikalianda #wisatalamsel #gatheringlampung #DPMPTSM #LAMTENG",Ancillary,Kelompok Wisata,water park,ocean,beach,coast,raft,landfill,watering hole,boat deck,racecourse,plaza
https://www.instagram.com/p/CTR0ARPlPJJ/,188.jpg,9/1/2021 12:03,"Ini jam 5,30 pagi dengan suasana sejuk menunggu sunrise 🌞banyak kicau burung dan dingiiin banget😍
Aku belum bisa move on dr sini view nya keren banget😍

Daan tau gak sih ini tuh di lampung loh baru tau kan ada tempat se keren ini ❤️
Yuhuuu ini di bakauheni 
Nama nya @pematang_sunrise 
Cusss kesana aja biar bisa liat ke indahan view nya ya shay😍😍

#travelinglampung #pematangsunrise #tempatbagus #viewkeren#lampungkeren#wisatalampung #campingground #wisatalamsel",Attraction,,promenade,ocean,coast,natural,beach,pier,islet,picnic area,boat deck,river
https://www.instagram.com/p/CTbs8msvmgb/,189.jpg,9/5/2021 8:14,"Ini jam 5,30 pagi dengan suasana sejuk menunggu sunrise 🌞banyak kicau burung dan dingiiin banget😍
Aku belum bisa move on dr sini view nya keren banget😍

Daan tau gak sih ini tuh di lampung loh baru tau kan ada tempat se keren ini ❤️
Yuhuuu ini di bakauheni 
Nama nya @pematang_sunrise 
Cusss kesana aja biar bisa liat ke indahan view nya ya shay😍😍

Foto @fitri.turono86

🍁bukit pematang sunrise, bakauheni, lampung selatan

#travelinglampung #pematangsunrise #tempatbagus #viewkeren#lampungkeren#wisatalampung #campingground #wisatalamsel
#bolang_lampung",Attraction,,farm,natural,valley,rice paddy,hayfield,pasture,vineyard,river,islet,coast
https://www.instagram.com/p/CWJzYMTh24M/,190.jpg,11/11/2021 22:58,"Refreshing sejenak hilangkan penat 😁
Tim vaksinator PRI PENENGAHAN.

#arangLampung
#wisataKALIANDA
#WisataLAMSEL

#PENIKMATsunset
#momongbocah😘",Attraction,,campsite,outdoor,chalet,shed,pavilion,cottage,oast house,lawn,yard,barn
https://www.instagram.com/p/CcjwUbspSML/,191.jpg,4/20/2022 4:00,"Jembatan gantung sungai way Galih Lampung Selatan,

#kelampungaja #pikniklampung #wisatalampung #lampung #lampungexplore #lampunggeh #lampungkeren #lampunghits #ilovelampung #kelilinglampung #lampungeksis #berandalampung #wajahlampung #wisatapringsewu #wisatalamsel #wisatakrui #wisatabdl #wisatametro #wisatakalianda #wisatakotatanggamus #!lambar #wisata",Attraction,,rope bridge,boardwalk,bridge,rainforest,bamboo forest,forest path,staircase,swamp,pier,park
https://www.instagram.com/p/Cb92x2lJKeA/,192.jpg,4/5/2022 10:45,"Gunung Langgar, lematang lampung Selatan
#kelampungaja #pikniklampung #wisatalampung #lampung #lampungexplore #lampunggeh #lampungkeren #lampunghits #ilovelampung #kelilinglampung #lampungeksis #berandalampung #cepatlampung #wisatapringsewu #wisatalamsel #wisatakrui #wisatabdl #wisatametro #wisatakalianda #wisatakotabumi #wisatalambar #!",Attraction,,pasture,farm,field road,hayfield,corn field,tree farm,orchard,vineyard,wild,forest path
https://www.instagram.com/p/C137-2xPMWR/,193.jpg,1/9/2024 9:11,"[ Lupakan yang biasa-biasa, sambut yang luar biasa Bersama Biro Perjalanan Wisata Kami ]
.
“Cari keajaiban di setiap momen.”
. 
✨ Capacity Building: Gathering Bidang SDM RSUD Abdul Moeloek. Sikap adalah hal kecil yang membuat perbedaan besar
.
🙌🏻 Terimakasih Bidang SDM RSUD Abdul Moeloek yang telah mempercayai kami untuk kegiatannya. Sampai berjumpa dilain kesempatan yaa 🥰.
_______________________
🏝️ RBA - TOUR PACKAGES 
▪️Wisata Alam
▪️Wisata Desa
▪️Minat Khusus
▪️Outbound Training
▪️Family & Corporate Gathering
.
----More information-----
• Kontak : 
> 081271046209 (Admin 1) 
> 081272477622 (Admin 2)
• Instagram : @restubumiadventure 
• Facebook : Restu Bumi Adventure 
• Tik Tok : @restubumiadventure64
• Youtube : Restu Bumi Adventure 
• Website : www.restutour.co.id
• Email : restubumiadventure64@gmail.com
.
#restubumiadventure #restubumi #adventure #pariwisata #pariwisatalampung #wisatalampung #paketoutboundmurah #paketwisatamurah #jasaoutboundlampung #triplampung #outbond #outboundlampung #wisataalampung #lampung #wisataalam #kedasresort #kedasresortbeach #kedasresorthotel #kedasresortminangrua #outboundspot #pantaikalianda #wisatalamsel #capacitybuilding #abdulmuluk",Ancillary,Kelompok Wisata,toyshop,racecourse,amusement park,candy store,bookstore,supermarket,pet shop,gift shop,outdoor,indoor
https://www.instagram.com/p/CwectK7Pk0A/,194.jpg,8/28/2023 5:00,"[ Buatlah Momen Seru dan Tak Terlupakan Bersama Kami Restu Bumi Adventure ]
.
“Work Smart, Play Hard, Stay Healty With Vitamin Sea”
. 
✨ Employee Gathering : Badan Perencanaan Pembangunan Daerah (BAPPEDA) Kabupaten Tulang Bawang Tahun 2023. Kerja cerdas, usaha keras, tetap sehat dengan liburan di pantai.
.
🙌🏻 Terimakasih BAPPEDA Kabupaten Tulang Bawang telah mempercayai kami untuk kegiatannya. Sampai berjumpa dilain kesempatan yaa 🥰.
_______________________
🏝️ RBA - TOUR PACKAGES 
▪️Wisata Alam
▪️Wisata Desa
▪️Minat Khusus
▪️Outbound Training
▪️Family & Corporate Gathering
.
----More information-----
• Kontak : 
> 081271046209 (Admin 1) 
> 081272477622 (Admin 2)
• Instagram : @restubumiadventure 
• Facebook : Restu Bumi Adventure 
• Tik Tok : @restubumiadventure64
• Youtube : Restu Bumi Adventure 
• Website : www.restutour.co.id
• Email : restubumiadventure64@gmail.com
.
#restubumiadventure #restubumi #adventure #pariwisata #paketwisatalampung #paketoutboundmurah #outboundlampung #lampungoutbound #lampungfungames #fungameslampung #paketwisatamurah #paketberwisata #triplampung #wisatalampung #lampungtrip #pariwisatalampung #lampung #paketwisataindonesia #gatheringlampung #familygathering #gamesoutbound #gamessederhana #sanggarbeach #pantaisanggar #wisatalamsel #pariwisatalampungselatan #wisatalampungselatan",Ancillary,Kelompok wisata,water park,outdoor,indoor,amusement park,outdoor,assembly line,park,outdoor,raft,harbor
https://www.instagram.com/p/DNcIE1BPnR8/,195.jpg,8/17/2025 2:32,"Serasa Upacara di Istana Negara Upacara Hut Ri 80, Menyala Kabupaten Lampung ❤️🙏🏻😊

#PESONAMERAHPUTIHLAMPUNGSELATAN#HUTKE80RI#WISATALAMPUNGSELATAN#RADITYOEGI#SYAIFULANWAR#KAWASANMENARASIGER#LAMPUNGSELATANMAJU#BISMILLAHBISA.",Attraction,Siger,outdoor,water park,promenade,amusement park,beach,beach house,playground,plaza,boardwalk,coast
https://www.instagram.com/p/DNcX3mQyIQa/,196.jpg,8/17/2025 4:50,"PESONA MERAH PUTIH DIATAS MENARA SIGER
@bakauheni.harbour.city
@pemkab.lampungselatan @radityoegi @m_syaiful.anwar
#pesonamerahputihlampungselatan #hutke80ri 
#wisatalampungselatan 
#RADITYOEGI #syaifulanwar #kawasanmenarasiger #lampungselatanmaju #bismillahbisa
@bungsu.studio.lampung",Attraction,Siger,outdoor,beach house,water park,promenade,amusement park,outdoor,beach,ocean,boardwalk,carrousel
https://www.instagram.com/p/DKcSmoRzggT/,197.jpg,6/3/2025 14:29,"Pantai Kedu Kalianda lampung selatan

#fyp #wisatalampungselatan #kalianda #pantaikedu #pengikut #semuaorang",Attraction,,beach,coast,ocean,sky,lagoon,wave,islet,cliff,volcano,river
https://www.instagram.com/p/DNcc7bqpRRB/,198.jpg,8/17/2025 5:34,"Menyambut HUT ke-80 RI dari sudut menara siger dan keindahan birunya selat sunda yang luar biasa

#pesonamerahputihlampungselatan 
#hutke80ri 
#wisatalampungselatan 
#radityoegi 
#syaifulanwar 
#kawasanmenarasiger 
#lampungselatanmaju 
#bismillahbisa 
#radityoegi 
#syaifulanwar 
#kawasanmenarasiger 
#lampungselatanmaju 
#bismillahbisa",Attraction,Siger Slide 2,promenade,plaza,outdoor,raceway,pavilion,outdoor,outdoor,beach,runway,racecourse
https://www.instagram.com/p/CgWufXEJYf6/,199.jpg,7/23/2022 12:39,"Best sunset ever! ❤
The perks of living in Lampung - easy access to beaches, waterfalls, mountains, hills, islands, National parks, lakes, river, and the most beautiful sunsets! 😉
•
📍Pantai Sebalang, Lampung Selatan, Lampung.
•
Mari kita jaga bersama lingkungan disekitar kita. Salam lestari 🌱
•
#lampung  #explorelampung #wisatalampung #pantaisebalang #wonderfulindonesia  #lampungnatureadventure",Attraction,Sunset,ocean,sky,coast,beach,wave,cliff,boardwalk,vegetation,campsite,ice floe
https://www.instagram.com/p/CpXsGPzAOSN/,200.jpg,3/4/2023 14:20,Kebersamaan Way Tebing Ceppa Kalianda Lampung Selatan✨👍🏻🌊😇😊 #waytebingceppa #wisatalampung #wisatalampungselatan,Attraction,,rope bridge,swimming hole,rainforest,picnic area,hot spring,village,archaelogical excavation,sandbox,river,bridge
https://www.instagram.com/p/Cq1swfevTN-/,201.jpg,4/10/2023 2:34,"La’villa pantai minang rua 🏝️ Bakauheni Lampung Selatan
@lavilla_lembahdurian 
booking CP : 083135305300
.
.
.
#villa #ocean #nature #beach #minangruabeach #senjapantai #kaliandabeach #resort #sunset #wisatalampungselatan",Attraction,,interior,beach house,porch,patio,restaurant patio,lagoon,coast,ocean,marsh,exterior
https://www.instagram.com/p/DNcUhXgRQoK/,202.jpg,8/17/2025 4:20,"Keindahan Wisata Pantai Kab. Lamsel dengan Nuansa Merah Putih Kemerdekaan dalam Kehangatan Keluarga Kecil Kami 🇮🇩

#pesonamerahputihlampungselatan 
#hutke80ri 
#wisatalampungselatan 
#radityoegi 
#syaifulanwar 
#kawasanmenarasiger 
#lampungselatanmaju 
#bismilahbisa 
#kodim0421 
#koramil421kalianda",Attraction,,picnic area,restaurant patio,beer garden,patio,campsite,ocean,islet,interior,roof garden,coast
https://www.instagram.com/p/C-7a57hpqO3/,203.jpg,8/21/2024 10:22,"Sunset Chaser 🌥️
.
📍Pantai Setigi Batu - Lampung Selatan 
.
.
#lampungupdateid #wisatalampung #wisatalampungselatan #pantailampung #lampunginsta #pantaisetigibatu #pantaisetigibatubeach",Attraction,,badlands,tundra,sky,vegetation,mountain,coast,cliff,ocean,butte,valley
https://www.instagram.com/p/DIaayAOhqjj/,204.jpg,4/14/2025 4:00,"Nikmati pengalaman berbeda di Pantai Rio by the Beach🌊✨

pantai berpasir putih dengan pemandangan laut yang memesona. Tersedia banyak spot foto estetik yang siap melengkapi galeri liburan Anda. Ideal untuk keluarga, teman, pasangan, maupun solo traveler yang ingin mengisi ulang energi dengan suasana pantai yang damai.✨

#RioByTheBeach #FamilyGetaway #PantaiAsik #LiburanKeluarga #pantailampung #pantailampungselatan #wisatalampung #wisatalampungselatan #pariwisatalampung",Attraction,,beach,ocean,wave,coast,lagoon,ice floe,ice shelf,snowfield,sky,outdoor
https://www.instagram.com/p/DEc5FyGyRpB/,205.jpg,1/5/2025 16:57,"Beautiful View😍🌊🏖️

#pantai #beach #lampung #pride #nature #alam #fotografia #lampunggeh #pantaiindonesia #wisatalampung #wisatalampungselatan",Attraction,,islet,volcano,lagoon,mountain,coast,ocean,valley,natural,beach,butte
https://www.instagram.com/p/Cgy5xJ2vOv7/,206.jpg,8/3/2022 11:16,"Just chill & enjoy 🌅

📍@muaraindahsuak 
Jl. Raya Suak Desa Suak Kec. Sidomulyo Lampung Selatan 

_______________
Follow & tag foto kamu 
IG @muaraindahsuak 
FB Muara Indah Suak 

________________
#muaraindahsuak #pantaimuaraindahsuak #pantailampung #pantailampungselatan #wisatalampung #wisatalampungselatan #piknik #healingvibes",Attraction,,lagoon,beach,swamp,marsh,coast,swimming hole,ocean,river,islet,natural
https://www.instagram.com/p/DNb5N19ysPP/,207.jpg,8/17/2025 0:22,"Merah Putih di Menara Siger, Menyatukan Ragam Suku dan Budaya di Bumi Ragom Mufakat.

@pemkab.lampungselatan @radityoegi @m_syaiful.anwar #PESONAMERAHPUTIHLAMPUNGSELATAN #HUTKE80RI #WISATALAMPUNGSELATAN #RADITYOEGI #SYAIFULANWAR #KAWASANMENARASIGER #LAMPUNGSELATANMAJU #BISMILLAHBISA",Attraction,Siger,asia,pagoda,palace,amusement park,outdoor,castle,water park,mausoleum,tower,outdoor
https://www.instagram.com/p/DNch-4sSM_P/,208.jpg,8/17/2025 6:18,"Dirgahayu Indonesia-ku 🇮🇩 Selamat Hari Kemerdekaan ke-80. Indonesia Tangguh, Indonesia Tumbuh. Kemerdekaan adalah ruang bagi kita untuk tumbuh menjadi bangsa yang kuat.

#pesonamerahputihlampungselatan  #hutke80ri #wisatalampungselatan #radityoegi #syaifulanwar #kawasanmenarasiger #lampungselatanmaju #bismillahbisa",Attraction,Siger,amusement park,water park,plaza,heliport,promenade,topiary garden,outdoor,boardwalk,park,parking lot
https://www.instagram.com/p/DD3W6caTsPL/,209.jpg,12/22/2024 3:07,"Cobain perahu yang ada di Pantai Bagus Kalianda dengan harga 20k/orang dan tiket masuk 20k karena weekend. Pantainya bersihh petugasnya juga ramah ramah serba sat sett deh, worth it buat acara fun game krna area nya luass bngtt besttt

@bagus_beachwalk

#pantaibagus #pantaibaguskalianda #kaliandaresort #tempat_wisata_lampung #kelampunggeh #kelampungaja #lampunginsta #wisatalampung #pariwisatalampung #lampungthetreasureofsumatra #infopantai #infopantailampung #wisatalampungselatan #lampunghits #kelampungyuk",Attraction,,rope bridge,park,outdoor,bridge,aqueduct,amusement park,botanical garden,construction site,downtown,promenade
https://www.instagram.com/p/Cart69tPyoC/,210.jpg,3/4/2022 13:10,"Lampung Selatan memang selalu ada saja wisata menarik untuk di kunjungi. Salah satunya adalah wisata gunung batu yang berlokasi di Desa Srikaton, Kecamatan Tanjung Bintang, Kabupaten Lampung Selatan. 
Di sini, kalian dapat melihat fenomena alam berupa hamparan bebatuan dengan ukuran yang bervariasi. Dari yang kecil hingga yang sangat besar. Kondisi sekitar Gunung Batu masih sangat alami. Dari atas bebatuan, kalian dapat melihat hamparan pepohonan, seolah2 kalian berada di hutan hijau. Sangat menarik. Wisata Gunung Batu, tempat indah tersembunyi yang belum banyak terekspos wisatawan. Parkirannya luas, terdapat gazebo untuk bersantai. Harga sewa gazebo 15 ribu rupiah. Harga tiket masuk 10 ribu rupiah.
Yuk, ke lampung selatan !
Salam, kurnianoen travelling
.
.
.
#wisatagunungbatutanjungbintanglampungselatan #wisatagunungbatulampung #culinarytravelling #kurnianoen #wisatalampungselatan #dinaspariwisatalampungselatan #pariwisatalampungselatan #lampung #gunungbatulampung #gunungbatulampungselatan #lampungselatan #gunungbatutanjungbintang #gunungbatutanjungbintanglampungselatan #gunungbatusrikaton",Attraction,,mountain path,vineyard,wild,valley,forest path,rainforest,desert road,cultivated,tree farm,trench
https://www.instagram.com/p/CdNg_ZgLvHJ/,211.jpg,5/6/2022 9:14,"Dulu cuma bisa liat di gambar anak sd. 
Ada pantai dibawah gunung. 
Setelah usia 31th baru bisa liat yg aslinya. 
#wisatalampungselatan #wisatalampung #pantailampung",Attraction,,ocean,beach,coast,sky,wave,cliff,vegetation,valley,lagoon,mountain
https://www.instagram.com/p/C9RvzUxSXPw/,212.jpg,7/11/2024 9:25,"Masyaallah 🌻,
Sandy beaches, ocean breezes, 
Ocean vibes only ☺️
.
.
.
#minangruabeach #wisatalampungselatan #lampunggeh #pantai🌴 #lampunginsta #lautindonesia #outfitinspiration #outfitoftheday #gayafotokekinian",Attraction,,beach,coast,ocean,vegetation,lagoon,sandbox,wave,cliff,ice floe,sky
https://www.instagram.com/p/Ctn8LDfLV5R/,213.jpg,6/18/2023 7:54,"Why don't you have wings to fly with
Like the swallow so proud and free?
How the winds are laughing,
They laugh with all their might.
...

Alias

Menertawakan flek hitam yg muncul, akibat sunscreen yang insecure, dihadapan matahari pelabuhan, yang semangat membakar wajah selama 16 hari. Thanks.

Btw, hati yang terbakar meninggalkan flek hitam juga gak ya? OMAIGAT.

#memories #burnt #wisatalampungselatan",Attraction,,outdoor,playground,beach,coast,ocean,promenade,picnic area,beach house,boardwalk,lagoon
https://www.instagram.com/p/CT9cLmsPMD6/,214.jpg,9/18/2021 10:41,"Tempat yang nyaman buat kalian olahraga ataupun liburan nih sobat😍

Olympic pool 

#slanikwaterpark 
#slanikwaterparklampung 
#wisatalampung 
#wisataair 
#wisatalampungselatan 
#thelargestwaterparkinlampung",Attraction,,outdoor,water park,outdoor,outdoor,exterior,beach house,roof garden,mansion,interior,amusement park
https://www.instagram.com/p/CXbX18RpWdK/,215.jpg,12/13/2021 15:15,Wisata Perengan Anteng Karang Anyar Lampung Selatan 🏞️✨😊 #wisata #wisatalampung #wisatalampungselatan #perengananteng,Attraction,,botanical garden,formal garden,park,roof garden,driveway,vegetable garden,orchard,indoor,topiary garden,zen garden
https://www.instagram.com/p/CmTXzY9LUYR/,216.jpg,12/18/2022 8:32,"Masih dengan vitamin sea🏝️
.
#janah2410 #fff💋 #lflfff❤ #lfl💛 #lfl❤️ #flfl💛 #flf❤ #flf  @tempat_wisata_lampung @selebgram.lampuung #wisatalampungselatan #selebgramlampuung @pantaimaja_official #ootdstyle #ootddaily #ootdfashion #ootdhijab #selebgramlampung_id #ootdselebgram #selebgramlampung_ #gadisindonesia37 #selebgramindonesia #remajaindonesia37 #fypindonesia #remajaindonesiaaaa #fypシ❤️💞❤️ #fypinstagram #fypシ #ａｅｓｔｈｅｔｉｃ #pantaiindonesia #beachvibes",Attraction,,outdoor,water park,amusement park,sky,indoor,motel,beach,playground,promenade,boat deck
https://www.instagram.com/p/CmmSKMqvWWa/,217.jpg,12/25/2022 16:48,Kebersamaan Hari ini dgn Keluarga Achmad di Pantai Villa Resort Rumayya Lampung Selatan Bakauheni 📍✨🌊👍🏻😇😊 #kebersamaan #kebersamaankeluarga #wisata #wisatalampung #wisatalampungselatan #lampungselatan #lampung #kalianda #bakauheni,Amenities,,campus,outdoor,hospital,ticket booth,plaza,outdoor,fire station,nursing home,embassy,outdoor
https://www.instagram.com/p/DH7Q6RwzLzc/,218.jpg,4/2/2025 1:37,Thank’s to @deanurarlikafasa 🫰yg udah fotoin ❤️ #wisatalampungselatan,Attraction,,swimming hole,natural,lock chamber,river,natural,marsh,swamp,boat deck,lagoon,park
https://www.instagram.com/p/Clti3_Op8Ds/,219.jpg,12/3/2022 15:57,"Like it💫
.
#janah2410 #fff💋 #lflfff❤ #lfl💛 #lfl❤️ #flfl💛 #flf❤ #flf  @tempat_wisata_lampung @selebgram.lampuung #wisatalampungselatan #selebgramlampuung @pantai_keduwarna #ootdstyle #ootddaily #ootdfashion #ootdhijab #selebgramlampung_id #ootdselebgram #selebgramlampung_ #gadisindonesia37 #selebgramindonesia #remajaindonesia37 #fypindonesia #remajaindonesiaaaa #fypシ❤️💞❤️ #fypinstagram #fypシ #ａｅｓｔｈｅｔｉｃ #nightlights #night #nightvibes",Attraction,,amusement park,campsite,playground,promenade,water park,outdoor,outdoor,soccer field,sky,plaza
https://www.instagram.com/p/CQlzc4vLNwW/,220.jpg,6/26/2021 16:49,"Syukuri apa yang kamu punya saat ini

#vixionjinjit_indonesia#vegator_id#inivega#fake_vega_indonesia#fakevegajupiter#fake_vega_id#vegaallseries#wisatalampung#wisatalampungselatan#vegariderbaperindonesia#bikershits_indonesia_id#selegram_bikersid#bikersbebeknusatara#bebektouring_indonesia#bikerspiknik#cbradventure#vegarider_id",Attraction,,cultivated,rice paddy,valley,wild,highway,mountain path,racecourse,mountain,golf course,farm
https://www.instagram.com/p/DNb8kGDSmCA/,221.jpg,8/17/2025 0:51,"""Indonesia tak muda lagi, namun perjuangan tak berhenti. Tetap majukan negeri dengan putra-putri sendiri""
BISMILAH LAMPUNG SELATAN MAJU BISA
@pemkab.lampungselatan
@radityoegi
@m_syaiful.anwar 
#pesonamerahputihlampungselatan
#wisatalampungselatan
#hutke80ri #radityoegi #syaifulanwar #kawasanmenarasiger #lampungselatanmaju #bismillahbisa #",Attraction,Siger,promenade,boardwalk,lock chamber,pier,harbor,bridge,boat deck,amusement park,coast,beer garden
https://www.instagram.com/p/C3CfY2bhZa6/,222.jpg,2/7/2024 8:04,"....................

About a Journey

#pantaimarina #pantaimarinalampung #wisatalampung #wisatalampungselatan #fotography",Attraction,,picnic area,exterior,coast,golf course,park,pavilion,ocean,lawn,pier,motel
https://www.instagram.com/p/Cvm1RIkPxKE/,223.jpg,8/6/2023 14:37,"Krakatau Park - Lampung
____________________________________
Terletak di bagian selatan propinsi lampung yang berdekatan dengan pelabuhan bakauheni dengan jarak 92KM dari Kota Bandar Lampung dan juga salah satu dari jatim park group.
Cocok untuk menghabiskan waktu bersama keluarga dan banyak wahana permainannya
.
.
.
#krakataupark 
#krakatauparklampung 
#lampung 
#wisatalampung 
#wisatalampungselatan 
#traveler 
#traveling 
#qualitytime 
#myfamilymyadventure",Attraction,,soccer field,outdoor,football,football field,soccer,baseball field,park,lawn,playground,racecourse
https://www.instagram.com/p/CmmRxOlpGfU/,224.jpg,12/25/2022 16:44,Kebersamaan Hari ini dgn Keluarga Achmad di Pantai Villa Resort Rumayya Lampung Selatan Bakauheni 📍✨🌊👍🏻😇😊 #kebersamaan #kebersamaankeluarga #wisata #wisatalampung #wisatalampungselatan #lampungselatan #lampung #kalianda #bakauheni,Amenities,,outdoor,outdoor,ticket booth,plaza,campus,hospital,embassy,outdoor,beer garden,restaurant patio
https://www.instagram.com/p/CkU4XyErG2d/,225.jpg,10/30/2022 5:33,"View of Kalianda beach
.
#janah2410 #fff💋 #lflfff❤ #lfl💛 #lfl❤️ #flfl💛 #flf❤ #flf #wisatalampung @tempat_wisata_lampung @pantai_keduwarna @selebgram.lampuung #wisatalampungselatan #flflflflflflflflflflfl❤️ #pantaiindonesia #pantaiminangrua #selebgramlampuung #ootdstyle #ootddaily #ootdfashion #ootdhijab #selebgramlampung_id #ootdselebgram #selebgramlampung_ #gadisindonesia37 #selebgramindonesia #remajaindonesia37 #fypindonesia #remajaindonesiaaaa #fypシ❤️💞❤️ #fypinstagram #fypシ #ａｅｓｔｈｅｔｉｃ",Attraction,,natural,pier,water,lock chamber,river,urban,bridge,natural,boathouse,boardwalk
https://www.instagram.com/p/Cmss4Sir1QD/,226.jpg,12/28/2022 4:37,"Save here!
.
#janah2410 #fff💋 #lflfff❤ #lfl💛 #lfl❤️ #flfl💛 #flf❤ #flf  @tempat_wisata_lampung @selebgram.lampuung @lampungselatanexplore #wisatalampungselatan #selebgramlampuung @pantai.marina.official @lampungexplore_id #ootdstyle #ootddaily #ootdfashion #ootdhijab #selebgramlampung_id #ootdselebgram #selebgramlampung_ #gadisindonesia37 #pantaimarina #remajaindonesia37 #fypindonesia #remajaindonesiaaaa #fypシ❤️💞❤️ #fypinstagram #fypシ #ａｅｓｔｈｅｔｉｃ #pantaiindonesia #beachvibes",Attraction,,ocean,coast,viaduct,boat deck,cliff,promenade,bridge,beach,rock arch,water park
https://www.instagram.com/p/ChJ3KbbvkAI/,227.jpg,8/12/2022 9:16,"Just chill & enjoy 🌅

📍@muaraindahsuak 
Jl. Raya Suak Desa Suak Kec. Sidomulyo Lampung Selatan 

_______________
Follow & tag foto kamu 
IG @muaraindahsuak 
FB Muara Indah Suak 

________________
#muaraindahsuak #pantaimuaraindahsuak #pantailampung #pantailampungselatan #wisatalampung #wisatalampungselatan #piknik #healingvibes",Amenities,Fasilitas Olahraga,outdoor,playground,park,sandbox,water park,picnic area,pavilion,plaza,beer garden,corral
https://www.instagram.com/p/DIS-BAUhDc3/,228.jpg,4/11/2025 6:34,"Pantai, pasir, dan jungle gym?
Bukan sekadar pantai—Rio by the Beach hadirkan petualangan mini lewat jungle gym yang seru dan aman untuk anak-anak ataupun dewasa✨🌊

#pantailampung #pantailampungselatan #wisatalampung #wisatalampungselatan #lampungku #riobythebeach #lampungselatan",Amenities,Fasilitas Olahraga,outdoor,beach,ocean,playground,coast,pier,beach house,wave,lagoon,sky
https://www.instagram.com/p/CmnTkN0yCZm/,229.jpg,12/26/2022 2:19,"• way kalam waterfall •

Mimin minta maaf nih kalo sampe buat salah paham pass minta izin buat ambil foto ini..
😁😁

Gak bermaksud ko buat bikin masalah 🤣🤣.

.
.
Masih dalam moment ekplorasi bareng @gengkwaci_explore
Inframe . @adindasalsa_billa
.
.
.

Lokasi : 

Air Terjun Way Kalam
Desa Way Kalam
Kecamatan Penengahan
Kabupaten Lampung Selatan

Support by :
@pantai_minangrua
@airterjun_waykalam
@kopibw
@_rrrudi_yunianto
@wonderful.kalianda
@sintiafoto.ku
@tahunona
@wajahlampuung
@mtmapringsewu_lampung
@mtmakorwillampung
@ade_fadly_ig
@sewatenda_outdoorlampung

Nantikan Ekspedisi & Eksplorasi @gengkwaci_explore selanjutnya !!!
.
.

#ExplorasibersamaGengKwaci
#GengKwaciExplore
#GengKwaci
#SelaluBersamaSelaluBahagia
#WisataLampungSelatan
#PantaiMinangRua #AirTerjunWayKalam #Pokdarwis 
#kelampung_geh #kelampunggeh #nekadtravellerlampung #pesonalampung #kalianda #lampunguptodate",Attraction,,waterfall,rainforest,mountain,canyon,creek,river,valley,cliff,butte,hot spring
https://www.instagram.com/p/CbAapLrvx9k/,230.jpg,3/12/2022 14:05,"Rindu aku rindu kamu..❤️
@pantai.marina.official 
#kalianda 
#lampungselatan 
#lampunghits 
#lampung 
#lampunggeh 
#wisatalampungselatan 
#wisatalampung",Attraction,,promenade,outdoor,park,picnic area,beach house,beach,residential neighborhood,coast,golf course,playground
https://www.instagram.com/p/Cd_D87UPNzJ/,231.jpg,5/25/2022 15:02,"Sepintar dan semandiri apa pun seorang perempuan, dia tetap membutuhkan peta atau google map dari orang lain untuk menunjukkan arah perjalanannya. Sebab, kalau dibiarkan membaca peta atau google map sendiri, kerap kali dia tersesat. 

Perempuan tetap butuh kaki lain untuk membantunya melangkah.

🌍 Informasi wisata seputar Lampung Selatan 

Mau di repost ?? ..
Cara nya 
follow : 👇👇

|| @lampungselatanexplore
|| @lampungselatanexplore
|| @lampungselatanexplore

|| Hastag #lampungselatanexplore

Follow Facebook : ʟᴀᴍᴘᴜɴɢ ꜱᴇʟᴀᴛᴀɴ ᴇxᴘʟᴏʀᴇ

Foto menarik akan kami repost 😊

_______________________

Info wisata & kerjasama silahkan DM 💌
_______________________

Lampung, 25 Mei 2022
©@irmadewimeilinda

Lokasi : Curug Anakan | @airterjun_waykalam, Desa Way Kalam Kec. Penengahan Kab. Lampung Selatan

#DialogRasa  #AirTerjunWayKalam #LampungSelatan #Pariwisata #wisatalampung #wisatalampung #wisatalampungselatan #lampungselatanamazing #woderfulindonesia #writerpreneur #blogger #contentwriter #travellers #bloggertravel

#repost : @irmadewimeilinda",Attraction,,forest path,rainforest,bamboo forest,mountain path,botanical garden,broadleaf,forest road,rope bridge,park,boardwalk
https://www.instagram.com/p/CqMbgvkPA52/,232.jpg,3/25/2023 1:55,"The more I don't care, the calmer I am

#sanggarbeach_lpg#pantaikalianda #lampunghits  #wisatalampungselatan #lampunggeh #pantaiindonesia #wisataalam #flflflflflflflflflflflflflflflflflflflflflflflflflflflflflflflflflflflflfflfl💞💞💞💞💞💞💞💞 #fypシ #fypage #hijabfashion #hijabbers #muslimahindonesia #cantikberhijab #keindahanalamindonesia",Attraction,,beach,promenade,coast,beach house,ocean,vegetation,trench,lagoon,landfill,outdoor
https://www.instagram.com/p/CresBr5BPa6/,233.jpg,4/26/2023 0:37,"Akun ini private,kalau friendly itu kan kamu
@wisatapunggungnaga01 
.
.
.

#wisatapunggungnaga #punggungnaga #punggungnagapadangcermin #punggungnagapesawaran #wisatalampung #lampunggeh #lampunghits #lampungkiyai #lampungupdateid #wisatalampungselatan #airterjun #airterjunlidahnaga #airterjunlampung #wisataairterjun",Attraction,,waterfall,creek,rainforest,mountain,canyon,japanese garden,river,valley,broadleaf,forest path
https://www.instagram.com/p/CWlH4vDPJzp/,234.jpg,11/22/2021 13:36,"“Apa yang datang dengan mudah belum tentu mampu bertahan lama, tapi yang bertahan dengan lama tidak akan datang dengan mudah""

📍 Pantai Marina,Kalianda

#pantai 
#pantailampung 
#lampung
#lampungselatan 
#kalianda 
#wisatalampung 
#wisatalampungselatan 
@pantai.marina.official 
@pantai_marina_official",Attraction,,coast,islet,lagoon,ocean,beach,cliff,wave,sky,watering hole,lighthouse
https://www.instagram.com/p/Ca-WNxav8BK/,235.jpg,3/11/2022 18:48,"Self Healing terbaik adalah berdamai dengan diri sendiri, berdo'a, menikmati real life and istighfar is the best solution for any problem #wisatalampung #wisatalampungselatan #bukitpematangsunrise",Attraction,,hot spring,lagoon,pier,natural,ocean,islet,coast,river,pond,boat deck
https://www.instagram.com/p/CV-h_FnPclp/,236.jpg,11/7/2021 13:54,"Seandainya yang banyak itu saldo rekening ..
Bukan fikiran 🙄😆
Apalagi berat badan 🤦

📍Pantai Sebalang

#pantaisebalang 
#pantaisebalanglampung 
#pantaisebalangtarahan 
#wisatalampung 
#wisatalampungselatan",Attraction,,medina,vegetation,kasbah,outdoor,campsite,archaelogical excavation,sandbox,slum,playground,trench
https://www.instagram.com/p/DNcTNrXyws3/,237.jpg,8/17/2025 4:09,"Merah putih di menara siger, menyatukan ragam suku dan budaya di bumi Ragom Mufakat
#pesonamerahputihlampungselatan #HUTKE80RI #wisatalampungselatan #radityoegipratama #syaifulanwar #kawasanmenarasiger #lampungselatanmaju #bismillahbisa",Attraction,Siger,promenade,plaza,carrousel,boardwalk,outdoor,amusement park,outdoor,water park,palace,asia
https://www.instagram.com/p/Cd-Wl1sL9oy/,238.jpg,5/25/2022 8:26,"Santai di pantai usai pelatihan penjaga pantai
#minangrua
#kurnianoen
#pantaiminangrua
#dinaspariwisatalampungselatan 
#wisatalampungselatan 
#pariwisatalampungselatan 
@pantai_minangrua
@dinaspariwisata.lampungselatan",Amenities,,picnic area,playground,outdoor,sandbox,pavilion,martial arts gym,art school,patio,kindergarden classroom,park
https://www.instagram.com/p/CjY81O8BbqR/,239.jpg,10/6/2022 22:57,""" White ""
.
.
.
@ini_rifandi & @rikaawd__ 
.
.
.
@asep_photography 
Info foto : 081289144788
.
.
#liburankeluarga 
#liburanmurah 
#yukliburan 
#konseptfoto 
#holidayandholiday 
#fotocasual📷 
#cassual 
#cassualstyle 
#hijabcassual 
#huntmode 
#hunthijab 
#weddingkalianda 
#weddingphotoshoot 
#preweddingoutdoormurah 
#weddingkalianda 
#kaliandaphotography 
#weddinglampungselatan 
#mystylemyway 
#womennature
#canon50mm18stm 
#nikkor50mm18g 
#wisatalampung 
#wisatalampungselatan
#preweddinglampungtimur 
#preweddinglampungselatan
#preweddingfotografer",Amenities,,hospital,exterior,alcove,arch,building facade,outdoor,porch,indoor,restaurant kitchen,pharmacy
https://www.instagram.com/p/Ci302rXPzUY/,240.jpg,9/24/2022 2:12,"Gimana klo weekendnya ke @inkragarden_lampung aja
Berenang🏊 asyik,. Plus bacakan di taman yg ga kalah asyik 🥳🤩
Cukup bayar 5k 
bisa berenang sepuasnya 😂 ampe tutup juga boleh koq 😁
#taman#anak#kolamrenang #edukasi #edufunwithkids #happyfamily #happytime #healing #wisatalampung #wisatalampungselatan #airgunung",Attraction,,water park,outdoor,amusement park,indoor,raft,igloo,indoor,campsite,playground,rainforest
https://www.instagram.com/p/CabAWHWPO2V/,241.jpg,2/26/2022 1:24,"setelah melewati sekian purnama akhirnya bisa balik lagi ke air terjun ini, salah satu air terjun keren di Tanggamus tepatnya di desa Datar Lebuai, Kecamatan Air Naningan, masih banyak air terjun keren lainnya yang harus di kunjungi namun waktu tak cukup sehari
tanks bang @wawan._06 ya udah nganter kami explore air terjun yang keren
team explore
@myusufnugrahaa
@dedijuliandi3006
°
°
📍Air Terjun Queen, Des. Datar Lebuai, Kec. Air Naningan, Kab. Tanggamus, Lampung
°
°
#nikonindonesia #nikonteam #greatshotz #lampunglandscapers #geonusantara #geolampung #instanusantara #wisatalampungselatan #indonesiaphotography #ic_landscape #ic_longexposure  #cameraindonesia #genpilampung #lampunginsta #lampunggeh #pikniklampung #PantaiMinangRua #haidaindonesia
#siruifilters #siruiindonesia #siruiaustralia #focusonelampung #plazafotolpg #hipaae
#serikat_fi #fineart #kemenpar #composekld",Attraction,,waterfall,creek,rainforest,river,swimming hole,mountain,canyon,valley,dam,hot spring
https://www.instagram.com/p/CttifGFS4k1/,242.jpg,6/20/2023 12:05,"Rencana healing saat ini: menjauhkan diri dari omong kosong.

📍 green canyon
🌏 lampung selatan

#greencanyon #lampungwisata #kelampungaja #wisatakalianda #wisatalampungselatan",Attraction,,lagoon,islet,vegetation,coast,beach,sky,cliff,campsite,mountain,natural
https://www.instagram.com/p/CayiZ2iBMyM/,243.jpg,3/7/2022 4:44,"Kpan MBK e foto kambek aku? 
  #pantaiminangrua #wisatalampung #wisatalampungselatan",Attraction,,beach,outdoor,snowfield,vegetation,swimming hole,coast,forest road,raft,hot spring,outdoor
https://www.instagram.com/p/CYsyLC5Pho4/,244.jpg,1/14/2022 6:03,"""udah pada kangen belum""
shoot terakhir bareng para suhu landscape om @amenk_alfariza dan om @gathoe18
°
°
📍@Karang Gigi Hiu, Tanggamus, Lampung
°
°
#nikonindonesia #nikonteam #greatshotz #lampunglandscapers #geonusantara #geolampung #instanusantara #wisatalampungselatan #indonesiaphotography #ic_landscape #ic_longexposure  #cameraindonesia #genpilampung #lampunginsta #lampunggeh #pikniklampung #PantaiMinangRua #haidaindonesia
#siruifilters #siruiindonesia #siruiaustralia #nikond600 #tamron1735 #focusonelampung #plazafotolpg #hipaae
#serikat_fi #fineart #kemenpar #composekld",Attraction,,coast,ocean,wave,cliff,beach,lagoon,islet,rock arch,waterfall,grotto
https://www.instagram.com/p/CugE6xCSOlk/,245.jpg,7/10/2023 3:08,"#pantai 
#pantaimarina 
#pantaimarinalampung 
#wisatalampung 
#wisatalampungselatan 
#kalianda",Attraction,,pagoda,asia,downtown,exterior,fire escape,japanese garden,skyscraper,tower,outdoor,harbor
https://www.instagram.com/p/CesPX4vBgkA/,246.jpg,6/12/2022 4:08,"Bermimpi lah dalam hidup jangan hidup dalam mimpi😚
@pantai.marina.official
#wisatalampung
#pantailampungselatan #wisatalampungselatan #pantailampung #pikniklampung #piknik",Attraction,,art studio,art school,childs room,kindergarden classroom,playroom,sandbox,nursery,picnic area,water park,patio
https://www.instagram.com/p/CQMu_bAJSr-/,247.jpg,6/16/2021 23:09,"we cannot es cape history🍃

#wisatalampung #wisatalampungselatan #lampungeksis #jalanjalanlampung #pantaikedu",Attraction,,beach,ocean,coast,sky,lagoon,wave,cliff,beach house,islet,promenade
https://www.instagram.com/p/C7gaGoSPu7n/,248.jpg,5/28/2024 9:01,"Seru - seruan Di WAY PENAGA 🤗

☑ Salam kenal teman-teman, Kepoin kita dong. Yuk follow & saling support. Kunjungi channel yoututube kami juga ya (link ada di bio/profil/disematkan).

#waypenaga #seruseruanbareng #seruseruanaja #kaliandahits #wisatalampungselatan #wisatalampungku #potretkece #cekrek📷",Attraction,,rope bridge,tree house,japanese garden,playground,park,asia,pagoda,botanical garden,exterior,amusement park
https://www.instagram.com/p/CR-c746JiZg/,249.jpg,7/31/2021 3:04,"#REPOST @abid_rabbani28 with @get__repost__app 😋 Hayo baru tau kan di Natar ada wisata air terjun?. Wisata ini sudah sejak lama ada tetapi belum terlalu dikenal, so kali ini gue kenalin ke kalian. Let's check it out. 
————————————————
🌍 Lokasi : Curup Pancuran Emas, Dusun Purwosari 2, Desa Negara Ratu, Kec.Natar, Kab.Lampung Selatan, Prov.Lampung, Indonesia. 
. 
#lampung #pariwisatalampung #lampunggeh #lampungeksis #apalampung #lampungindonesia #pesonalampung #traveller_lampung #selampung #travellergaul #travelingstoryy_ #bolang_lampung #pesonaairterjunsumatra #ootdlampungkece #genpilampung #backpackerlampung #gerbanglampung #disparbudlamsel #lampungselatanamazing #lampungselatan #curuppancuranemas #natar  #wisatalampungselatan #repostandroid #repostw10 #ootdlampungkece",Attraction,,rope bridge,amusement park,playground,bridge,water park,lock chamber,park,viaduct,river,staircase
https://www.instagram.com/p/CTUkYQEPFKw/,250.jpg,9/2/2021 13:44,"𝗣𝗮𝗻𝗷𝗮𝗻𝗴 𝘂𝗺𝘂𝗿 𝘂𝘁𝗸 𝘁𝗲𝗺𝗲𝗻² 𝘆𝗴 𝘀𝗲𝗿𝗶𝗻𝗴 𝗯𝗶𝗹𝗮𝗻𝗴 : “𝗵𝗮𝗹𝗮𝗮𝗮𝗵 , 𝗸𝗮𝘆𝗮𝗸 𝘀𝗮𝗺𝗮 𝘀𝗶𝗮𝗽𝗮 𝗮𝗷𝗮”
______________________________

📍 Bendungan U25 umbulselawe , sidomukti - Lampung Selatan 

🔹🔹🔹🔹🔹🔹🔹🔹🔹🔹🔹🔹🔹🔹🔹🔹🔹
_____________________________________________

🔄 Silahkan Berbagi informasi di sini :
↪️ Share foto/Vidio mu dgn cara :

1️⃣ Follow Instagram :  @lampungselatanexplore

2️⃣ tag foto/ Vidio kalian ke @lampungselatanexplore

3️⃣ Gunakan hastag #lampungselatanexplore

4️⃣ Note : akun jangan di privat 🔐🔑

🔴 Foto / Vidio terbaik akan kami repost 🔃
___________________________________________

🌐FACEBOOK : Lampung Selatan explore

🔴Subscribe YouTube channel klik link di bio 👉👉

📩PP/indorsm DM 📩
_____________________________________________

#Repost @ummuhanii89
....
.
#pikniklampungkuy #pikniklampungselatan #potretlampunginsta #wisatalampungme #wisatalampungselatan
#ga_lampung_hits #langkahkakitraveller #gayapopuler #ijilampung #lampung446 #travellergaul #alamlampung #mampirlampung #pejalankakilampung #lampungkulampungmu #parapejalanlampung #lampungeksis #kelilinglampung #pematangsunrise #kelampungaja #wajahlampung #gerbanglampung #tempatwisatalampung #bukitpematangsunrise",Attraction,,natural,pond,campsite,river,park,marsh,valley,natural,picnic area,watering hole
https://www.instagram.com/p/Cg1R3dzPcjH/,251.jpg,8/4/2022 9:25,"Tag bestie dan ayang mu gaess, ajak mingguan ke Muara Indah 😜

📍@muaraindahsuak 
Jl. Raya Suak Desa Suak Kec. Sidomulyo Lampung Selatan 

_______________
Follow & tag foto kamu 
IG @muaraindahsuak 
FB Muara Indah Suak 

________________
#muaraindahsuak #pantaimuaraindahsuak #pantailampung #pantailampungselatan #wisatalampung #wisatalampungselatan #piknik #healingvibesonly",Attraction,,lagoon,beach,coast,ocean,wave,cliff,islet,beach house,promenade,river
https://www.instagram.com/p/CkDOr5wPFNL/,252.jpg,10/23/2022 9:01,"- @rio_47__ 
Beautyfull 😻🌊🐳

#lb #lbnewpost #lbc #lbworks #df #fff😊 #fblbrl #fb #virall #wisatalampung #wisatalampungselatan",Attraction,,beach,ocean,coast,ice shelf,vegetation,snowfield,sky,wave,ice floe,cliff
https://www.instagram.com/p/CMSEXcyMdRO/,253.jpg,3/11/2021 14:46,"Alhamdulillah, kita menambah gazebo baru untuk memanjakan para pengunjung menikmati keindahan sunset di Pantai Kedu Warna, kita tunggu ya kujungannya di Pantai Kedu Warna, terimakasih 🙏😀🙏
#pantai_keduwarna#sunset #sunsetphotography #wisatapantai #wisatalampungselatan #wonderfulkalianda #wonderfullampungselatan #wonderfulindonesia #kaliandaig",Amenities,Gazebo,beach house,coast,beach,campsite,vegetation,sky,ocean,village,playground,valley
https://www.instagram.com/p/CkPGCMeS6sq/,254.jpg,10/27/2022 23:37,"Sudah akhir pekan aja ni kak, masih bingung mau kemana weekend kali ini, eitsss kagak usah bingung, Air terjun Citiis solusinya.

Air Terjun Citiis ini, merupakan satu dari beberapa objek wisata alam Air Terjun di Kabupaten Lampung Selatan.

Lokasi Air Terjun yang berada di bawah kaki Gunung Rajabasa dengan dikelilingi pohon-pohon hutan alami. Keindahan Air Terjun Citiis sangatlah menggoda untuk didatangi.

Hijaunya pepohonan khas Gunung Rajabasa yang masih alami, serta batu hitam dengan hiasan lumut menjadi pemandangan yang menyejukan mata.

Riak suara air yang turun dari ketinggian sekira 10-20 meter, seolah menjadi irama syahdu.
Perjuangan melelahkan, track memacu andrenalin akan terbayarkan sudah, kala mata menatap dan merasakan langsung kesegaran Air Terjun Citiis.
If @ekamaulanaiqbal_18

📍 Air Terjun Citiis, Rajabasa, Lampung Selatan.

#curug #waterfall #explorelampung #lampungselatan #wisatalampungselatan  #lampungmoment #visitlampung #wisatalampung #pesonalampung #genpilampung #pesonaindonesia #lampunggeh #lampunghits #lampungeksis #lfl #likeforlikes #likeforfollow #inilampungyay #potretlampung #lampunginsta #parapejalanlampung #pendakilampung #travellerlampung #lampungkece  #lampungpedia  #alamlampung #nature #instagood  #travelingindonesia #traveling",Attraction,,waterfall,rainforest,creek,mountain,river,canyon,hot spring,cliff,grotto,swimming hole
https://www.instagram.com/p/CVtdbpUPTA5/,255.jpg,10/31/2021 22:47,"Tidak pernah merasa lelah, untuk selalu berjuang melindungi keluarga.
.
Semangat hari Senin.
Semangat 1 Nopember.
Semangat pagi
Good morning

.
===========================
#landscape_photography #landscapephotography #photographylandscape
 #beautifulindonesia 
#landscapelovers  #loveindonesia  #photographylovers  #indonesiaku #lampunglandscapers  #lampunglandscape  #lampungphotography  #lampungexpoler #alamlampung_
#mata_lampungku 
#kebunkaret #jatiagunglampungselatan  #jatiagung  #pariwisatalampung  #pariwisatalampungselatan  #wisatalampung  #wisatalampungselatan  #gowescantik  #gowesholic  #gowessantai  #goweslampung  #gowesnusantara #gowessehat  #sepedaonthel",Attraction,,forest path,forest road,bamboo forest,mountain path,wild,rainforest,park,grotto,botanical garden,broadleaf
https://www.instagram.com/p/DNcNtHnyyk1/,256.jpg,8/17/2025 3:21,"Ikan sarden belinya di way Galih
Bupati keren, bupatinya lamsel niiiihh 😍🤗

Slide 1  selamat datang Bapak Bupati @radityoegi di Lapangan Menara Siger Bakauheni🙏

Alhamdulillah Bapak taun ini kami upacara 17 Agustusan gak jauh2 lagi ke kecamatan ke kabupaten, upacara cukup 150 m dr rumah dg View Menara Siger yang Luar Biasa Wah banget, bener2 di sulap jadi cuantik luar biasa😍😍

Slide 2 Ijin Bapak upload fotonya, foto penuh effort ini, banyak drama, ijin dr ajudan 1 acc tp di PHP lanjut ke ajudan 2 acc tp msh di PHP, akhirnya jalur salip sat set bisa foto bareng☺
udh dg posisi siap foto malah gak kesimpen
Nyalip2 lagi bisa foto lagi malah kaki ketendang orang, untung HP gak jatoh 😩 jadilah foto rada menyot 😀

Slide 3,4,5 Bareng temen2 tercinta @pkm_bakauheni_lampungselatan @ienha_septiana @noviantiefi2909 @astrieyannianggraini @anggarini848 @suriyatisaja @elinydodipurba @bidan_anasihombing  @hamamifarhan @niluh_maitri
@henirafka6

Slide 6 Tim Nakes Squad siap siaga jagain yg pada upacara (P3k) 💪💕

Slide 7,8 Tmn2 sing Ayu pake Baju Adat Nusantara

 Slide 10 Ngeleseh pas Abis Upacara ☺☺

Merdeeekaaa sekali merdeka 💪💪
Selama hayat masoh dikandung Badaaaann 🎵🎵🎵

DIRGAHAYU REPUBLIK INDONESIA KE-80
semoga Indonesia Semakin Maju💪 ❤‍🩹

Merah putih di Menara Siger,  menyatukan ragam suku dan budaya di bumi Ragom Mufakat 💕

@pemkab.lampungselatan 
@radityoegi 
@m_syaiful.anwar 

#pesonamerahputihlampungselatan 
#hutke80ri
#wisatalampungselatan
#radityoegi
#syaifulanwar
#kawasanmenarasiger 
#lampungselatanmaju
#bismillahbisa",Attraction,Siger,boat deck,amusement park,boardwalk,promenade,plaza,harbor,army base,pier,construction site,water park
https://www.instagram.com/p/CS-cxh3BXzL/,257.jpg,8/24/2021 23:34,"#Repost @johan_aza123
• • • • • •
Air Naningan

Standar

#wisatalampungselatan 
#lampunghits 
#lampungkece 
#lampungkeren 
#airnaningantanggamus 
#wisatalampungselatan 
#airterjunlampungselatan",Attraction,,waterfall,swimming hole,rainforest,creek,grotto,river,cliff,hot spring,mountain,canyon
https://www.instagram.com/p/DNz232s5tL2/,258.jpg,8/26/2025 7:43,"Relax & recharge

#cafebakauheni #cafelampungselatan #wisatalampungselatan #wisatabakauheni 
#billiardbakauheni",Amenities,,repair shop,physics laboratory,mezzanine,assembly line,storage room,science museum,boat deck,auto factory,chemistry lab,indoor
https://www.instagram.com/p/Cmstgq7LxHH/,259.jpg,12/28/2022 4:42,"Potret dari sudut mana aja tetap indah view nya💖
.
#janah2410 #fff💋 #lflfff❤ #lfl💛 #lfl❤️ #flfl💛 #flf❤ #flf  @tempat_wisata_lampung @selebgram.lampuung @lampungselatanexplore #wisatalampungselatan #selebgramlampuung @pantai.marina.official @lampungexplore_id #ootdstyle #ootddaily #ootdfashion #ootdhijab #selebgramlampung_id #ootdselebgram #selebgramlampung_ #gadisindonesia37 #selebgramindonesia #pantaimarina #fypindonesia #remajaindonesiaaaa #fypシ❤️💞❤️ #fypinstagram #fypシ #ａｅｓｔｈｅｔｉｃ #pantaiindonesia #beachvibes",Attraction,,watering hole,cliff,river,creek,coast,landfill,ocean,raft,swimming hole,beach
https://www.instagram.com/p/CmbWPOSPmB5/,260.jpg,12/21/2022 10:52,"Asyiknya liburan ke @inkragarden_lampung 🤩🤗

Berenang sepuasnya 🏊🏊🏊
Bersama kawan dan keluarga

Terima kasih kunjungannya yg kesekian kali 😍😍👪💙

#inkragarden_lampung #tamanbunga #kolamrenang #kolamrenanganak #airgunung #liburankeluarga #libursekolah #liburakhirtahun #kalianda #kaliandarajabasa #hargopancuran #intaikrakatau #lampung #lampungselatan #wisatalampungselatan #wisatalampung",Attraction,,water park,amusement park,sandbox,outdoor,park,patio,playground,raft,beer garden,restaurant patio
https://www.instagram.com/p/CPhG8j2M7-E/,261.jpg,5/31/2021 0:32,"Kincir ga, kincir ga, kincir ga ???
Kincir lah masa nggak ....

#wisatalampungselatan #wisatalampung",Attraction,,archaelogical excavation,creek,raft,swimming hole,trench,hot spring,canyon,river,mountain,sandbox
https://www.instagram.com/p/COHYqd3Fpzu/,262.jpg,4/26/2021 4:15,"Posted @withregram • @mulyasarii10 Gak Tau Kenapa Akhir-akhir ini Jarang Makan Siang 😁🤭
.
.
Semangat ya Puasanya,Happy Weekend 😎💪🌴☕
.
.
.
@bukitpematangsunrise Bakauheni,Lampung Selatan 
.
.
.
.
#jelajahsumatera #selampung #wajahlampung #lampungeksis 
#bukitpematangsunrise #wisatalampungselatan",Attraction,,islet,picnic area,coast,lagoon,natural,ocean,river,beach,pond,cliff
https://www.instagram.com/p/CcMvbRuv0cj/,263.jpg,4/11/2022 5:29,"Waterboom in Krakatau Kahai Beach Hotel

#kahaibeachlampung#kahaihotel#waterboomkahaibeach#wisatalampungselatan#explorelamoung#objekwisatalampungselatan",Attraction,,campus,outdoor,plaza,amphitheater,embassy,crosswalk,staircase,promenade,fastfood restaurant,park
https://www.instagram.com/p/Cm3ZjL8yUyG/,264.jpg,1/1/2023 8:19,"Yang ku tahu kita sudah menjadi asing dan memilih jalan nya masing masing .
.
.
.
@lummayvillaresort @pantaiminangrua_lampung @wisatalampung @wisata_lampunghits @gvr.travellinglampung @explorewisatalampung @wisatalampung_lampungwisata @wisata_lampunghits @ga_lampung_hits @lampunghits__ @lampunghits.id @sobatlampung @lampung_hits01 
#lummayvillaresort #pantaiminangrua #wisatalampung #wisatalampungselatan",Amenities,Villa Resort,outdoor,pharmacy,motel,ticket booth,fastfood restaurant,beauty salon,shopfront,drugstore,outdoor,ice cream parlor
https://www.instagram.com/p/CUxOI7lv9Px/,265.jpg,10/8/2021 13:19,"PANTAI SETIGI HENI
Objek wisata rekreasi keluarga yang nyaman, dengan pemandangan laut dan pasir hitam yang memanjakan mata.
 #wisatalampung 
#wisatalampungselatan 
#pecintaalam 
#peta 
#mtma 
#mapala",Attraction,,ocean,harbor,water park,childs room,beach,coast,lagoon,pier,amusement park,boat deck
https://www.instagram.com/p/CnKBDa6vdcP/,266.jpg,1/8/2023 13:51,"📍Sunset di Villa wartawan demansion

Pemandangan indah dari Wartawan Demansion melihat gunung krakatau🌋
#lampungexplore #wisatalampungselatan #infolampung #sunset",Attraction,,interior,patio,restaurant patio,exterior,porch,ocean,beach house,boat deck,outdoor,islet
https://www.instagram.com/p/Cbt04-kP-No/,267.jpg,3/30/2022 5:21,"Air Terjun Way Tayas
---------------------
RUN // ME TIME // VASELINE

Mungkin bagi sebagian besar orang termasuk saya, sebelum mencoba olah raga lari pasti akan berpikiran bahwa olah raga lari adalah olah raga yang sangat membosankan karna kita harus berlari berkilo-kilo meter dan menghabiskan waktu bejam-jam, dibawah teriknya nya matahari yang mempunyai efek buruk bagi kulit kita.
.
Tetapi ternyata pikiran saya salah, saya merasakan hal yang berbeda ketika memulai olah raga lari. saya merasa berlari adalah waktu yang tepat bagi diri saya mendapatkan “Me Time”, yang membuat perasaan saya senang dan tenang, saya juga selalu mendapatkan semangat/energi baru ketika setelah berlari untuk menjalani aktifitas selanjutnya, bahkan saya sangat sering mendapatkan ide-ide baru dan luar biasa ketika sedang berlari. lari sama sekali tidak pernah membuat saya merasa bosan walaupun saya berlari 4-6 kali setiap minggunya,
.
Apalagi klo larinya di temenin sama produk daily suncare andalan saya dari vaselin.
Yuppss… benar vasilin baru ngeluarin produk daily sun care yang di import langsung dari korea, seperti yang kita tahu korea adalah pusatnya tempat pembuatan produk personal care/kosmetik yang berkualitas dan karena dibuat di korea pastionya produk ini cocok untuk kita yang memiliki kulit asia. vaselin daily sun care ini yang sangat cocok untuk kita yg suka olahraga diluar ruangan karena memiliki keunggulan:
.
✅Mengandung bahan petroleum jelly yang berfungsi mengunci dan mejaga kelembapan kulit agar tetap terhidrasi
✅melindungi kulit dari paparan sinar matahari dan sinar uv 🌞
✅Waterflux Technology yang ringan dan tidak lengket serta mudah menyerap
✅No white cast yang membuat muka saya tidak belepotan sana sini.
.
Jadi gak perlu takut lagi deh untuk mendapatkan manfaat dan kebaikan lari dibawah teriknya matahari karna ada vaselin daily sun care.
.
TAMPIL PERCAYA DIRI DAN TERLINDUNG DARI SINAR MATAHARI DENGAN VASELINE SUN CARE “Chin Up Under The Sun”🌞

#ChinUpUnderTheSun #VaselineSunCareIndonesia #VaselineBerlinRun2022⁣
#berlinrun2022
#VaselineSunCareBerlinRun2022

#runhappy #lampungselatanexpore 
#wisatalampungselatan #kaliandaig 
#kaliandakeren
#running #runners #vaseline",Attraction,,waterfall,creek,rainforest,swimming hole,hot spring,fountain,river,picnic area,mountain,canyon
https://www.instagram.com/p/C13QWDySHNa/,268.jpg,1/9/2024 2:50,"Ku tunggu kau di warung pojok🤣😂

#deogratias #begrateful #marinalampung #pantaimarinalampung #wisatalampung #wisatalampungselatan #healing",Attraction,,promenade,plaza,park,picnic area,outdoor,beer garden,boardwalk,playground,exterior,water park
https://www.instagram.com/p/CLy7ek2lxza/,269.jpg,2/27/2021 12:32,"""Alam menciptakan kemapuan, keberuntungan melengkapi Nya dengan kesempatan ;) ""

. 
. 
. 
. 

#lfl❤️ #lflfff❤ #lfl_fff_l4l_lforl_likeforlike_f4f_fforf_followforfollow💕 #lflwisataalam #wisatalampungselatan #airterjunanglowayrataipadangcermin3 #lfl❤️",Attraction,,hot spring,swimming hole,rainforest,pond,waterfall,river,grotto,natural,watering hole,rope bridge
https://www.instagram.com/p/Cd8fMOwv4NF/,270.jpg,5/24/2022 15:02,"Titik 0 km masuk pulau Sumatera.
.
Lokasi : Menara Siger - pelabuhan Bakauheni - Lampung Selatan
.
Salam Sehat
.
=========================,

#landscape_photography #landscapephotography  #photooftoday #photographylandscape #photography_landscape #photography_indonesia  #beautifulindonesia 
#landscapelovers  #loveindonesia  #photographylovers  #pesonalampunginsta  #indonesiaku #lampunglandscapers #wisatapantai #wisatalampung  #lampungexpoler  #pantai #bakauheni  #beach #beachlover  #menarasiger #wisatalampungselatan #travelphotography #fff💋  #fff  #fff😊 #traveling  #travelblogger",Attraction,Siger,sky,highway,motel,amusement park,parking lot,fastfood restaurant,residential neighborhood,gas station,promenade,playground
https://www.instagram.com/p/Cxb1bE4RWpg/,271.jpg,9/21/2023 1:10,"⛱️, Minang Rua💙

#lampungselatan #bakauheni #minangruabeach #pesonaindonesia #wisatalampungselatan #wisatalampung #wisataindonesia #beach",Attraction,,rice paddy,botanical garden,zen garden,beach house,marsh,rainforest,swamp,exterior,asia,village
https://www.instagram.com/p/CX3fYtxpl-F/,272.jpg,12/24/2021 13:20,"Wayblerang simpur kalianda
.
.
.
#kalianda #lampunghits #insta #kaliandakeren#wisatalampungselatan",Attraction,,hot spring,rope bridge,volcano,creek,waterfall,swimming hole,river,construction site,mountain,dam
https://www.instagram.com/p/C7I9hxkS8Y5/,273.jpg,5/19/2024 6:29,"#tripbatulapis #pantaibatulapis 

13 Mei 2024 , 
Trip to Batu Lapis Kalianda kali ini jadi momen paling seru sepanjang pengalaman kami mengunjungi pantai di Lampung.

Seru dan memacu Adrenalin! 
But Worth to lving for!

Akses jalan menuju lokasi bagus dan lancar, 
2 jam jalan darat lewat Tol , di lanjudkan perjalanan 1 jam menuju Kahai beach Resort , yang alhamdulillah lancar jaya.

Parkir mobil bisa di Kahai Resort, terus jalan kaki 600m menuju pantai nelayan setempat. 
Kita harus menyebrang  utk bisa ke Pantai Batu Lapis. 

Pantai ini sepi seperti terlantar dan tak berpenghuni, kalo mau jujur agak ngeri dan Takut,

Alhamdullillah, ketemu beberapa warga Nelayan, yg masya Allah ramah2 dan baik banget
Mereka bilang, beberapa tahun sebelum Pandemi Covid19 tempat ini ramai di kunjungi Backpacker dan wisatawan yg menyukai tempat2 ekstrim dan  eksotis,
Namun Pandemi dan Letusan Gunung anak Krakatau beberapa tahun yg lalu menjadikan tempat ini sepi, terbiar  dan  tak lagi di jamah pengunjung. 

Well , karena kita udah sampe sejauh ini dan Penasaran,
Kami  naik perahu nelayan penangkap ikan , menuju ‘Hidden Paradise’  Batu Lapis.
Mengucap Syukur kepada Allah atas nikmat sehat dan kesempatan , menikmari indahnya alam ciptaan-Nya, 
Pengalaman yg menjadi momen paling berkesan sepanjang hidup 🤲🏻❤️

#hiddenparadise #pantai #wisatalampung #wisatalampungselatan #pantaibatulapis #pantaibatulapiskalianda",Attraction,,cliff,coast,ocean,beach,canyon,sky,butte,swimming hole,islet,river
https://www.instagram.com/p/Ce3iE-pJyH2/,274.jpg,6/16/2022 13:23,"''Jalani yang sudah jadi jalan nya.''
.
.
.
.
.
#wisatalampungselatan #lampungselatan #kaliandalampungselatan📍 #lampunggeh #wisataindonesiakeren🇲🇨",Attraction,,ocean,coast,beach,cliff,wave,islet,sky,river,ice floe,harbor
https://www.instagram.com/p/CLba4HNnpv1/,275.jpg,2/18/2021 9:25,"Tuan! Pada senja sore hari ini, kutitip salam rindu untukmu yang entah aku tidak tahu kapan Allah takdirkan kita bertemu. Satu yang pasti, semoga Allah selalu meridhai setiap langkahmu dalam hal kebaikan dan langkah kakimu segera sampai menujuku. #DiaryMeymey

📸 @andri.stwn2
🏖 @pantai_minangrua, Bakauheni, Lampung Selatan

#sajakmeymey #pantaiminangrua #pesonaindonesia #inilampungyay #explorewisatalampung #lampungselatanamazing #lampungkuindah #disparbudlamsel #lampungselatan #wonderfullkalianda #wisatalampungselatan #kaliandaig #bakauheni #lampung #Indonesia #amazing #banggatinggaldiindonesia #lampungholiday_ #traveller #travelling #pegiatliterasi #pegiatwisata #relawan #bloggers #vloggers #senja",Attraction,,watering hole,ocean,harbor,natural,marsh,coast,river,beach,pier,swamp
https://www.instagram.com/p/ChEem9BBiUH/,276.jpg,8/10/2022 7:05,"📌@hutan_mangrovelampung 

#lampunghits #lampunggeh #wisata #wisatalampungselatan #pesawaranlampung #pesawaran #ets #procreate #photo #photograph #phorographer",Attraction,,boardwalk,swamp,marsh,natural,natural,pier,river,pond,bridge,orchard
https://www.instagram.com/p/CJ6gy1kM23s/,277.jpg,1/11/2021 18:10,"Duduk di beanbag Bersama orang2 tersayang, menikmati sunset diiringi musik acoustik, Yaa itulah kita.. pecinta keindahan Sang Pencipta #pantai_keduwarna #wisatalampungselatan #wonderfullampungselatan #wonderfulkalianda #wonderfulindonesia #kaliandaig #pantai #sunset",Attraction,,windmill,heliport,airfield,army base,sky,runway,wind farm,construction site,bridge,outdoor
https://www.instagram.com/p/Csd3zMXy_rP/,278.jpg,5/20/2023 13:32,"Mau foto dari sudut manapun view nya tetap indah @pantai.marina.official 
.
.
.
.
#pantaimarina 
#pantaimarinakalianda 
#pantaimarinalampungselatan 
#wisatalampungselatan",Attraction,,lagoon,islet,beach,coast,cliff,ocean,natural,swimming hole,harbor,river
https://www.instagram.com/p/CdhhB69pqUo/,279.jpg,5/14/2022 3:39,"Istirahat sejenak dari hiruk pikuk kehidupan dunia ❗
-
-
- #wisatalampungselatan  #traveling  #jalanjalan  #wisatalampung #lampunghits",Attraction,,lagoon,beach,ocean,coast,islet,outdoor,wave,sky,swimming hole,cliff
https://www.instagram.com/p/DTkyNK2EvkF/,280.jpg,1/16/2026 14:22,"memories in January
#storytime 
#intagramreels 
#holidayseason 
#lampunghits 
#lampunggeh 
#wisatalampungselatan",Attraction,,coast,ocean,marsh,natural,boat deck,river,raft,beer garden,lagoon,promenade
https://www.instagram.com/p/CU1Pz4clHn1/,281.jpg,10/10/2021 2:51,"Laksana mingke menenangkan Anelis🌻
.
.
LOC📍:Desa Sukaraja Kaki gunung Rajabasa
. 
. 
From @dimassoooooooooo
. 
. 
#kaliandahits #wisatalampungselatan #wisatalampung #kalianda #kaliandaig #gunungrajabasa #pendakicupu #backpakerindonesia #backpakerstory #nebengsehat
.
.
Jangan lupa abadikan momen petualanganmu dengan tag ke akun @pendakicupu.lampung disertai #pendakicupulampung

jangan lupa follow
@pendaki.cupu 
@pendakicupusrikandi
@pendakicupusumbar
@pendakicupusumsel
@pendakicupu.jakarta
@pendakicupuyogyakarta
@pendakicupujabar
@pendakicupu.jatim
@pendakicupujateng
@pendakicupujakarta
@pendakicupusumut
@pendakicupubengkulu
@pendakicupukaltara
@cupu.store",Attraction,,rice paddy,pasture,wild,farm,golf course,orchard,valley,watering hole,cultivated,highway
https://www.instagram.com/p/DNcOKc3hyFC/,282.jpg,8/17/2025 3:25,"""Indahnya alam Lampung Selatan berpadu dengan semangat Merah Putih.
Di setiap langkah wisata, ada cinta pada negeri yang kita jaga bersama.
Dirgahayu Republik Indonesia ke-80! 🇮🇩

#PESONAMERAHPUTIHLAMPUNGSELATAN #HUTKE8ORI #WISATALAMPUNGSELATAN #RADITYOEGI #SYAIFULANWAR #KAWASANMENARASIGER #LAMPUNGSELATANMAJU #BISMILLAHBISA.",Attraction,Siger,water park,outdoor,ski resort,motel,outdoor,amusement park,ski slope,plaza,promenade,outdoor
https://www.instagram.com/p/DUR2yclkhQJ/,283.jpg,2/3/2026 2:28,"The best is yet to come,,patient😊
#storytime 
#wisatalampungselatan 
#lampunghits 
#viralpost 
#fypシ❤️",Attraction,,interior,rope bridge,boat deck,outdoor,bridge,exterior,rainforest,porch,park,patio
https://www.instagram.com/p/CW8HbuYvLdH/,284.jpg,12/1/2021 11:55,"Titian mutiara beach, berlokasi di desa betung, kecamatan rajabasa, kabupaten lampung selatan, provinsi lampung, Indonesia.
Titian mutiara beach adalah wisata terbaru di pesisir rajabasa.
Jika kalian dari kota kalianda, ke arah dermaga bom. Sekitar 10 menit perjalanan dari dermaga bom, sebelah kanan kalian ada jalan masuk ( jalan masuk hanya muat 1 mobil ).
 Dahulunya, tempat ini adalah lahan  kosong tidak terpakai. Atas gagasan pemilik, tempat ini di jadikan tempat wisata yang keren.
Berada di sini, seperti kita berada di bali, dengan suasana khas bali.
Di sini terdapat banyak fasilitas. Ada kolam renang yang dalam pembangunan, musholla, toilet. Selain itu ada tempat duduk dengan payung khas bali, dan ada juga beberapa gazebo untuk bersantai.
Di titian mutiara beach, terdapat way titian yang sudah ada sejak tahun 1800. Menurut cerita, way titian adalah tempat pemandian para putri raja, sebelum gunung krakatau meletus di tahun 1883. 
Oh ya, untuk tiket masuk 10 ribu rupiah. Mobil 10 ribu rupiah. Dan motor 5 ribu rupiah. Di sini terdapat makanan khas titian olahan seafood, rasanya seperti tomyam. Dan yang pastinya, ada kelapa muda yang sangat lembut, yang menjadi minuman khas di pantai titian mutiara beach.
Yuukk..wisata ke lampung selatan !
Salam, kurnianoen travelling
@titianmutiarabeach @syah_herwan @dinaspariwisata.lampungselatan @wisatalampungselatan .

#kurnianoen #wisatalampungselatan #pariwisatalampungselatan",Attraction,,picnic area,beer garden,pier,natural,promenade,boardwalk,river,patio,park,raft
https://www.instagram.com/p/C7frzxYyyT7/,285.jpg,5/28/2024 2:16,".
Terkadang sekali2 foto nampal belakang nya aja itu perlu….
Kalau depannya sudah keseringan 🤩

.
.
.

💃🏿💃🏿💃🏿💃🏿💃🏿💃🏿…..28 Mei 2024

#alhamdulillah 
#happyholiday 
#ukhticantik 
#lampung 
#pantaimarina 
#pantaimarinakalianda 
#pantaimarinakaliandalampungselatan 
#wisatalampung 
#wisatalampungselatan 
#wisatalampungexplorer 
#wisatalampungindonesia",Attraction,,clothing store,topiary garden,gift shop,plaza,outdoor,art studio,art gallery,art school,indoor,indoor
https://www.instagram.com/p/DDFKZjAvQ18/,286.jpg,12/2/2024 15:15,"Pindah tidur disini aja, bawa tenda tas gede, ngopi sebat Hahaa..Hiihii.. besok kita pikirkan lagi. 🏕🏝

📍Bukit Slimpuyang, Suak Sidomulyo Lampung Selatan @pantai_cukuh_perak 

Colab @squadpps_ x @mendadakmuncaklpg 

#bukitslimpuyang #wisatalampung #lampunghits #lampunginsta #lampunggeh #lampungupdate #kalianda #sidomulyolampungselatan #lampungselatan #pantaicukuhperak #pejalankakilampung #sahabatpendakilampung #pendakilampung #mendadakmuncak #pendakipalingsantuy #lampungreels #lampungkeren #pariwisatalampung #lampung #wisatalampungselatan",Attraction,,campsite,topiary garden,vegetable garden,roof garden,rice paddy,outdoor,pet shop,golf course,islet,lawn
https://www.instagram.com/p/ClKaplGByVJ/,287.jpg,11/20/2022 0:32,"Life for a cause not for applause
.
.
.
.
.
.
📍Bukit Slimpuyang - Sidomulyo
.
.
#bukitslimpuyang #bukitslimpuyangsidomulyo #lampunghits #lmpunggeh #wisatalampung #wisatalampungselatan #eksplorelampung #eksplorelampungselatan #lampunginsta #lampunghits #lampungupdateid",Attraction,,coast,mountain path,cliff,ocean,islet,vineyard,sky,wild,lagoon,pasture
https://www.instagram.com/p/Cc3pU-rvLjD/,288.jpg,4/27/2022 21:23,"Pesona keindahan lampung dari Bakauheni, Bakauheni, Lampung Selatan

Walau mata tak bisa menilai, ada hati yg masih melihat .... 🤪🤪🤪

Reposted from : @agung_anugra86
📌Loc : Bukit pematang Sunrise, Bakauheni Lampung Selatan

Yuk bagikan aktivitas wisata mu di @lampungtour.id
.
.
.
.
.
.
.
.
.
.
.
#wanitaberhijab #wanitacantik #ootdhijab #hijabfashion #explorelampung #wisatalampungselatan #lfl#lfl💛lfllflfllffllflflflflflflflflfllflflflflflflflflflflflflflflflflflflflflflflflflflflflflfllflflflflflflflflfllflfllflflflflflflfllflflflflflllfl #lfl💛 #lflfff❤ #like4likes #likeforlikes #likeforfollow #follow4followback #followfollowfollow #fff #fff😊 #fff😊ff💋ff👌ff💕4f❤️🔝🔫💣44follow４followforfollow４f4frs4likeforlikeforfollow4likeforlikesback44likes4me4lramahhits #fff💋 #lff❤ #lfflfff😊ff💋ff👌ff💕4f❤️🔝🔫💣44follow４followforfollow４f4frs4likeforlikeforfollow4likeforlikesback44likes4me4lramahhit",Attraction,,exterior,water park,beach house,boardwalk,pavilion,promenade,restaurant patio,pier,sky,amusement park
https://www.instagram.com/p/Ck6x4S4Bxra/,289.jpg,11/13/2022 22:47,"Sabar itu mahal makanya hadiahnya surga,kalau murah hadiahnya pasti cuman dispenser 👻
.
📍Pantai Suak - Sidomulyo
.
.
.
.
.
.
#pantaitersembuyilampung #pantaisuak #pantaisuakkalianda #pantailampung #lampungpotret #lampungyay #wisatalampung #wisatalampungselatan #potretlampung #lampungeksplore #lampungyay #lampunghits",Attraction,,swimming hole,beach,lagoon,river,hot spring,coast,rainforest,valley,creek,ocean
https://www.instagram.com/p/CZVApzyBJLu/,290.jpg,1/29/2022 21:00,"Menembus batass...
Menara pandang @pantai_keduwarna 

#pantai_keduwarna 
#kaliandaig 
#wisatalampungselatan",Attraction,,oilrig,amusement park,tree house,water park,construction site,fire escape,tower,industrial area,staircase,water tower
https://www.instagram.com/p/DNce-VHyHe6/,291.jpg,8/17/2025 5:52,"Berdiri tepat didepanmu menghadirkan berbagai macam perasaan, begitu megah dan gagah kau berkibar.
.
Terima kasih pada para pahlawanku yang telah berjuang untuk Kemerdekaan Indonesia.
.
Merah Putih di Menara Siger, menyatukan ragam suku dan budaya di Bumi Ragom Mufakat.
.
#pesonamerahputihlampungselatan 
#hut80ri 
#wisatalampungselatan 
#radityoegi 
#syaifulanwar 
#kawasanmenarasiger",Attraction,Siger,carrousel,amusement park,water park,pavilion,outdoor,promenade,outdoor,exterior,asia,outdoor
https://www.instagram.com/p/CpNZhOPvaSm/,292.jpg,2/28/2023 14:25,"Soft Opening April 2023.
Pantai Minangrua Bakauheni Lampung Selatan.
Kolaborasi @lembah_durian_farm_stable 

#beach #vacation #swimmingpool 
#villa#resort
#jalanjalan #traveling #wisatalampungselatan #minangrua",Amenities,villa Resort,exterior,roof garden,outdoor,outdoor,interior,outdoor,beach house,courtyard,patio,outdoor
https://www.instagram.com/p/DJNaigKTs0W/,293.jpg,5/3/2025 23:19,"— Happiness comes in waves ˖°𓇼🌊⋆🐚🫧

Big thanks to @pantai_keduwarna  for the all experiences, memories, warmth, and happiness💌

#wonderfulindonesia #wisatalampungselatan  #pariwisataindonesia",Attraction,,lighthouse,interior,beach house,boat deck,coast,ocean,cliff,beach,promenade,exterior
https://www.instagram.com/p/DNcIXDapEX2/,294.jpg,8/17/2025 2:34,"Merah putih di menara siger, menyatukan ragam suku dan budaya di bumi ragom mufakat

@pemkab.lampungselatan @radityoegi @hut80ri @m_syaiful.anwar 
#pesonamerahputihlampungselatan #hutke80ri #wisatalampungselatan #radityoegi #syaifulanwar #kawasanmenarasiger #lampungselatanmaju #bismillahbisa",Attraction,Siger,outdoor,asia,amusement park,carrousel,palace,outdoor,pavilion,promenade,outdoor,plaza
https://www.instagram.com/p/DNb5Cuzzibd/,295.jpg,8/17/2025 0:20,""" "" ya tuhan jadikanlah negeri ini, negeri yg aman sentosa ,, 😇

📍 Merah putih dibumi Ragom mufakat, Bakauheni lampung Selatan 🇮🇩 

#pesonamerahputihlampungselatan
#hutke80ri
#wisatalampungselatan
#radityoegi
#syaifulanwar
#kawasanmenarasiger
#lampungselatanmaju
#bismillahbisa",Attraction,Siger,promenade,motel,asia,amusement park,outdoor,boardwalk,palace,outdoor,driveway,mausoleum
https://www.instagram.com/p/CW8O_bHPCIk/,296.jpg,12/1/2021 13:01,"Titian mutiara beach, berlokasi di desa betung, kecamatan rajabasa, kabupaten lampung selatan, provinsi lampung, Indonesia.
Titian mutiara beach adalah wisata terbaru di pesisir rajabasa.
Jika kalian dari kota kalianda, ke arah dermaga bom. Sekitar 10 menit perjalanan dari dermaga bom, sebelah kanan kalian ada jalan masuk ( jalan masuk hanya muat 1 mobil ).
 Dahulunya, tempat ini adalah lahan  kosong tidak terpakai. Atas gagasan pemilik, tempat ini di jadikan tempat wisata yang keren.
Berada di sini, seperti kita berada di bali, dengan suasana khas bali.
Di sini terdapat banyak fasilitas. Ada kolam renang yang dalam pembangunan, musholla, toilet. Selain itu ada tempat duduk dengan payung khas bali, dan ada juga beberapa gazebo untuk bersantai.
Di titian mutiara beach, terdapat way titian yang sudah ada sejak tahun 1800. Menurut cerita, way titian adalah tempat pemandian para putri raja, sebelum gunung krakatau meletus di tahun 1883. 
Oh ya, untuk tiket masuk 10 ribu rupiah. Mobil 10 ribu rupiah. Dan motor 5 ribu rupiah. Di sini terdapat makanan khas titian olahan seafood, rasanya seperti tomyam. Dan yang pastinya, ada kelapa muda yang sangat lembut, yang menjadi minuman khas di pantai titian mutiara beach.
Yuukk..wisata ke lampung selatan !
Salam, kurnianoen travelling
@titianmutiarabeach @syah_herwan @dinaspariwisata.lampungselatan @wisatalampungselatan .

#kurnianoen #wisatalampungselatan #pariwisatalampungselatan
Reposted from @kurnianoen",Attraction,,fountain,swamp,tree house,waterfall,ruin,japanese garden,rope bridge,pond,rainforest,fishpond
https://www.instagram.com/p/CmX0J49PjfB/,297.jpg,12/20/2022 1:56,"Luv guyss 🥰
.
.
.
More Info&Reservasi
Wa/Hp: 082110011844
#villalampung 
#wisatalampungselatan 
#virral 
#beatifullife 
#beachhouse 
#sunsets",Amenities,Villa Resort,kindergarden classroom,plaza,campus,outdoor,playground,ticket booth,fire station,hospital,nursery,outdoor
https://www.instagram.com/p/C3KzRN3P2kT/,298.jpg,2/10/2024 13:32,"Wah, selamat yah buat yang udah dapet ampao dari Pantai Aruna 😍
Jangan lupa berkunjung kembali ☺

#pantai #pantailampung #wisatalampung #wisatalampungselatan #lampungselatan #lampung #aeustetic #samsung #udarasegar #mytravelgram #hutanmangrove #bandarlampung #lampungtengah #campervan #camping #campunglife",Attraction,,pavilion,exterior,picnic area,outdoor,outdoor,park,zen garden,beer garden,asia,chalet
https://www.instagram.com/p/CTtT9VGPqmi/,299.jpg,9/12/2021 4:22,"Alam tak pernah gagal dalam menyuguhkan ketenangan kembali (lagi) 🍂 
______________________________________________________________
#muslimahtraveler #muslimahfashion #muslimahsyari #travelerindonesia #wisatalampung #wisatalampungselatan #wisatapesawaran #hutanmangrove #hutanmangrovelampung #lampung #eksplorelampung #pantailampung #mangrovelampung #mangrovepesawaran #mangrovelampungselatan #pantailampungselatan #langkahmungill",Attraction,,park,boardwalk,forest path,rope bridge,promenade,staircase,forest road,bridge,bamboo forest,botanical garden
https://www.instagram.com/p/C6Ae-H5va_-/,300.jpg,4/21/2024 2:56,"Hidup suka kadang-kiding jadi mari kita healing 🔥❤️

#pantaiindonesia #wisatalampungselatan #pantaisetigibatu",Attraction,,badlands,lighthouse,cliff,sky,coast,ocean,butte,ruin,castle,mountain
https://www.instagram.com/p/CkU5BlsvmsW/,301.jpg,10/30/2022 5:38,"View of Kalianda beach
.
.
.
.
#tempatwisatalampung
#janah2410 #fff💋 #lflfff❤ #lfl💛 #lfl❤️ #flfl💛 #flf❤ #flf #wisatalampung @tempat_wisata_lampung @pantai_keduwarna @selebgram.lampuung #wisatalampungselatan #flflflflflflflflflflfl❤️ #pantaiindonesia #pantaiminangrua #selebgramlampuung #ootdstyle #ootddaily #ootdfashion  #selebgramlampung_id #ootdselebgram #selebgramlampung_ #gadisindonesia37 #selebgramindonesia #remajaindonesia37 #fypindonesia #remajaindonesiaaaa #fypシ❤️💞❤️ #fypinstagram #fypシ #ａｅｓｔｈｅｔｉｃ",Attraction,,natural,pier,water,lock chamber,urban,river,bridge,boathouse,natural,harbor
https://www.instagram.com/p/CXQ_Xb5JsLE/,302.jpg,12/9/2021 14:29,"Sesekali healing🤪

#lfl💛 #lfl❤️ #ootdhijab #ootdpantai #pantaiklaralampung #pantailampungselatan  #wisatalampungselatan",Attraction,,beach,lagoon,coast,ocean,promenade,harbor,cliff,watering hole,islet,wave
https://www.instagram.com/p/DJ5lZNJhV7_/,303.jpg,5/21/2025 3:00,"Langkah kaki di pasir putih, jepretan manis di Senaya Beach🌊✨

#pantailampung #pantaikaliandalampung #wisatalampung #pantailampungselatan #wisatalampungselatan #pariwisatalampung #pantailampungkece #kalianda #lampungselatan",Attraction,,beach,coast,ocean,promenade,lagoon,wave,cliff,islet,sky,vegetation
https://www.instagram.com/p/CZLJAWOpkym/,304.jpg,1/26/2022 1:00,"Pantai kedu ada 2 tempat. Pantai kedu sinar laut dan pantai kedu warna. Dalam video ini lokasinya berada di pantai kedu sinar laut, yang identik dengan kapal karamnya.
Pantai kedu sinar laut, hanya 5 menit dari pusat kota kalianda. Tepatnya berlokasi di jalan sinar laut, desa way urang, kecamatan kalianda, kabupaten lampung selatan, provinsi lampung.
Jalanan masuknya cukup luas, muat bus besar. Pantai ini cocok untuk rombongan yang ingin bersantai menikmati pemandangan indah dengan latar belakang gunung rajabasa.
Namun pantai ini tidak cocok untuk mandi di pantai, karena ombak nya begitu besar.
Pantai nya sangat bersih dengan hamparan pasir yang luas. Di sini terdapat beberapa gazebo dan beberapa warung penjual makanan. Di pintu masuk terdapat musholla dan toilet. Selain itu ada danau alami yang sangat cantik dengan beberapa spot foto.
Di sini lah salah satu sunset terbaik yang ada di lampung selatan.
Salam, kurnianoen travelling
@wisatalampungselatan @dinaspariwisata.lampungselatan
#pantaikedu #pantaikedusinarlaut #wisatapantaidekatkotakalianda #pantaikedukalianda #pantaikedukaliandalampungselatan #pantaikedulampungselatan #Pantaikedusinarlautkalianda #pantaikedusinarlautkaliandalampungselatan #Pantaikedusinarlautlampungselata #wisatakalianda #wisatalampungselatan #pariwisatalampungselatan #wisatadekatkotakalianda #Kurnianoen #wisatapantaikalianda #pantaikalianda #wisatalampung #pariwisatalampung #wisatapantailampungselatan",Attraction,,marsh,natural,swamp,pond,natural,river,pier,watering hole,lagoon,water
https://www.instagram.com/p/Coa4fJMSmAe/,305.jpg,2/8/2023 23:35,#pantaimarina #wisatakalianda #wisatakaliandalampungselatan #explorelampung #wisatalampungselatan #pantaimarinalampung,Attraction,,ruin,cliff,amphitheater,promenade,lock chamber,harbor,archaelogical excavation,construction site,hot spring,interior
https://www.instagram.com/p/CSLJnhup0DE/,306.jpg,8/5/2021 1:26,"🐎 Hewan pun mempunyai hati. Jika kita tak melukainya, maka ia pun tak akan melukai kita. 
————————————————
🌍 Lokasi : Kampung Kuda, Desa Gedung Agung Kec.Jati Agung, Kab.Lampung Selatan, Prov.Lampung, Indonesia. 
. 
#lampung #mampirlampung #pesonatraveller  #lampungtraveling #ingetlampung #jelajahlampung #lampungable #lampungselatanexplore #lampungselatanig #disparbudlamsel #lampungselatanamazing #lampungselatan #kampungkuda #jatiagung #wisatalampungselatan",Amenities,Fasiltas kuda,playground,park,amusement park,water park,picnic area,yard,botanical garden,vegetable garden,beer garden,orchard
https://www.instagram.com/p/CezS3ljh80L/,307.jpg,6/14/2022 21:53,"''Bagaimana bisa kau mencintai karena ALLAH, sedangkan cinta sebelum halal adalah nafsu.''
.
.
.
.
.
#wisatalampung #wisatalampungselatan #wisatakaliandalampungselatan #lampunggeh #lampungexplorer #wisataindonesiakeren🇲🇨",Attraction,,beach,outdoor,lagoon,coast,beach house,ocean,sandbox,pier,islet,volcano
https://www.instagram.com/p/DNc39PyyJiI/,308.jpg,8/17/2025 9:30,"Bersatu, Berdaulat, Rakyat Sejahtera, indonesia maju
@radityoegi 
@m_syaiful.anwar 
@pemkab.lampungselatan 

#pesonamerahputihlampungselatan
#hutke80ri
#wisatalampungselatan 
#radityoegi
#syaifulanwar 
#kawasanmenarasiger 
#lampungselatanmaju
#bismillahbisa",Attraction,Siger,outdoor,playground,beach house,excavation,water park,trench,construction site,amusement park,park,archaelogical excavation
https://www.instagram.com/p/Ctk4yEVvovg/,309.jpg,6/17/2023 3:27,"happy weekend...
Jangan lupa liburan bestieee...

#slanikwaterparklampung 
#slanikwaterpark 
#wisatalampungselatan 
#thelargestwaterparkinlampung 
#thetreasureofsumatra",Attraction,,water park,outdoor,playground,amusement park,indoor,formal garden,beach house,outdoor,fountain,topiary garden
https://www.instagram.com/p/CtGRnw1Poly/,310.jpg,6/5/2023 6:07,"Senja sore laut pantai kota kalianda 
#senja #pantai #kotakalianda #wisatalampung #wisatalampungselatan",Attraction,Sunset,marsh,watering hole,pond,natural,sky,swamp,valley,village,coast,river
https://www.instagram.com/p/CRgJjv3hIbG/,311.jpg,7/19/2021 8:38,"Tak hanya indah, Cagar Alam Krakatau menawarkan keanekaragaman hayati dan menjadi laboratorium alam raksasa. Yuk intip apa saja yang menarik dari laboratorium alam di lampung selatan ini  tinyurl.com/3aaedcx8 #wisatalampung #wisatalampungselatan  #wisataalamlampung #krakatau",Attraction,,islet,lagoon,mountain,river,natural,butte,volcano,valley,natural,coast
https://www.instagram.com/p/CUl-KaoNRHU/,312.jpg,10/4/2021 4:28,"Pengembala kebo😁
#gunungrajabasakalianda 
#wisatalampungselatan 
#selebgramlampung 
#wisatakalianda",Attraction,,rice paddy,pasture,farm,valley,hayfield,field road,mountain path,cultivated,rainforest,corral
https://www.instagram.com/p/CP0U5nhMzGu/,313.jpg,6/7/2021 11:39,"Santuy sejenak menikmati indahnya sunset @pantai_keduwarna 
Thanks Repost : @hestawiarni147 
#sunsetphotography 
#sunsetatthebeach 
#wisatalampungsai 
#mata_lampungku 
#wisatalampungselatan 
#kaliandahits 
#Kaliandaig",Attraction,Sunset,campsite,dorm room,office,office cubicles,ice shelf,beauty salon,ocean,art studio,iceberg,childs room
https://www.instagram.com/p/CQS-xR5rV3v/,314.jpg,6/19/2021 9:22,"Basah KuYuppp

#lampunghits 
#lampungselatan 
#lampungfoodies 
#wisatalampungselatan",Attraction,,waterfall,rainforest,river,mountain,valley,creek,canyon,swimming hole,hot spring,natural
https://www.instagram.com/p/CndXv4avWog/,315.jpg,1/16/2023 2:15,"Hai sobat ,
Sudah ada yang kangen belum tempat ini .
Hari libur telah usai .
Waktunya beraktivitas kembali ,siapakan waktu untuk kita hiling lagi .☺️

from : @_triinyuwat 

#menyapalampung
#lampungmenyapa
#infoselampung
#lampung
#lamsel
#lampungselatan
#wisata
#pariwisata
#jalanjalan
#dolan
#sunrise 
#liburan
#piknik
#wisatalampungselatan",Attraction,,pier,natural,harbor,lagoon,promenade,coast,bridge,ocean,river,islet
https://www.instagram.com/p/CnBOQQwBjqz/,316.jpg,1/5/2023 3:53,#wisatalampungselatan #pantai sanggar,Attraction,,lagoon,beach,beach house,coast,ocean,village,outdoor,sky,vegetation,valley
https://www.instagram.com/p/CW3WG6GPcZD/,317.jpg,11/29/2021 15:27,"Jukung, adalah salah satu spot foto yang berada di Menara Siger yang menampilkan keindahan laut disekitar pelabuhan ASDP Bakauheni
.
.
.
.
📸 @janah.2410 
🌱 Menara Siger Bakauheni Lampung Selatan
.
.
.
.
.
.
#menarasiger 
#siger
#wisatabakauheni 
#wisatalampungselatan 
#tempatwisatalampung",Attraction,,boardwalk,roof garden,rainforest,orchard,vineyard,botanical garden,field road,rope bridge,formal garden,park
https://www.instagram.com/p/CMWWUEGM_l2/,318.jpg,3/13/2021 6:40,"Wisata Gunung Batu, Tanjung Bintang, Lampung Selatan

✨ KUNJUNGAN KE POKDARWIS/BUMDES/KOPERASI ✨
. 
👥 Nama Mahasiswa : 
• M. Abid Rabbani (20756044)
• Nadiya Shabrina (20756046)
• Salsa Zulya Putri (20756052) 
. 
💯 Wisata Alam Gunung Batu dikelola resmi oleh Kelompok Sadar Wisata (POKDARWIS) yang bekerja sama dengan Badan Usaha Milik Desa (BUMDES) Desa Srikaton.
. 
💫 POKDARWIS sendiri merupakan lembaga kelompok masyarakat yang dibentuk untuk menjalankan kepariwisataan di Desa Srikaton serta bisa menciptakan sapta pesona. POKDARWIS Wisata Gunung Batu disahkan pada tanggal 10 Oktober 2019. Agar keberadaan kepariwisataan Gunung Batu bisa berjalan dengan baik dan kondusif maka diadakan kerja sama dengan Badan Usaha Milik Desa (BUMDES) Desa Srikaton.
. 
🌍 Lokasi : Wisata Alam Gunung Batu, Desa Srikaton, Kec.Tanjung Bintang, Kab.Lampung Selatan, Prov.Lampung, Indonesia. 
. 
#Repost @polinela_pw20b
#politekniknegerilampung #polinela #mahasiswapolinela #perjalananwisatapolinela #pwpolinela #anakpariwisata #pariwisatapolinela #kuliahpariwisata #tugaslapangan #pokdarwis #pokdarwislampung #bumdes #tatakelolaobjekwisata #anakkuliah #mahasiswalampung #mahasiswa #lampung #wisatalampung #lampungselatan #wisatalampungselatan #desasrikaton #gunungbatu",Ancillary,,formal garden,park,vegetable garden,botanical garden,vineyard,amusement park,orchard,playground,topiary garden,forest path
https://www.instagram.com/p/DIu2E8th8c3/,319.jpg,4/22/2025 2:23,"Rio By The Beach 😍🏝️

#riobythebeach #riobythebeachlampung #kaliandabeach #wisatalampung #wisatalampungselatan",Attraction,,outdoor,beach,coast,lagoon,ocean,promenade,beach house,vegetation,islet,wave
https://www.instagram.com/p/CT5bOcoBrVR/,320.jpg,9/16/2021 21:16,"#Repost @rudy_8.2
...
Jangan cuman melihat hasil nya
TAPI
Nikmati & lihat proses nya

#pematangsunrise #pematangsunriselampung #bakauhenilampung #wisatabakauheni #wisatalampung #wisatalampungselatan #wisatabandarlampung #explorelampung",Attraction,,lagoon,hot spring,natural,pier,islet,river,promenade,coast,ocean,sky
https://www.instagram.com/p/CaQl9NGvi0W/,321.jpg,2/22/2022 0:21,"Hormon yang terlalu mengada-ada. Rindu pantai kok sepagi ini. Bilang aja cuma mau menghindari hari yang baru Selasa dengan jadwal meeting pekanan yang horror luar biasa 💔

#pantaisetigiheni #wisatalampungselatan #pantailampungselatan #pesisirkalianda #desacanggung #beachboys",Attraction,,beach,ocean,lagoon,coast,wave,islet,swimming hole,cliff,ice floe,hot spring
https://www.instagram.com/p/CdsSu3CvEkd/,322.jpg,5/18/2022 8:06,"Kenal mereka, dr 2013 saat awal kuliah sampai skrng. Dr seneng, sakit, duka, udh di lewatin ya kak, mbk. 
Klw bisa ketemu ya ketemu, bisa jalan ya jalan. 
1 motor ber 3 ??? 
GassSs..
#waytebingceppa(wtcKalianda)
#wisatalampungselatan",Attraction,,swimming hole,hot spring,river,pond,rainforest,natural,creek,lagoon,watering hole,swamp
https://www.instagram.com/p/Cd-gfCzvhoJ/,323.jpg,5/25/2022 9:52,"Kebone rak iso di jak poto . Rak enek bakat lah . . .

#gunungrajabasa
#kalianda
#lampungselatan
#wisatalampungselatan",Attraction,,pasture,farm,rice paddy,hayfield,valley,field road,tree farm,mountain path,cultivated,mountain
https://www.instagram.com/p/CawCktIvGGQ/,324.jpg,3/6/2022 5:27,"Happy weekend ☕
Gaes ada wisata baru lagi nih di Lampung Selatan namanya Pesona Bumi Krawang berlokasi di Desa Krawangsari Kecamatan Natar Lampung Selatan.

Disini banyak banget wahana menarik yang siap menguji adrenalin kalian misalnya Wahana Sepeda Gantung, karpet terbang dan flying fox. Untuk info lengkap terkait tiket masuk dan fasilitas lainnya klik link di story' ya
.
.
.
.
.
#pesonabumikrawang
#wisatalampungselatan 
#weekend 
#sepedagantung 
#outdoors 
#holiday 
#traveling 
#travel",Amenities,Wahana Permainan,excavation,construction site,archaelogical excavation,trench,fishpond,pond,rice paddy,amusement park,amphitheater,fountain
https://www.instagram.com/p/CWoowLevoKo/,325.jpg,11/23/2021 22:21,"Hidup bagaikan mengayuh sepeda terus bergerak sampai tujuan. Ketika berhenti mengayuh kamu akan jatuh
.
Semangat pagi
Good morning

.
===========================
#landscape_photography #landscapephotography #photographylandscape
 #beautifulindonesia 
#landscapelovers  #loveindonesia  #photographylovers  #indonesiaku #lampunglandscapers  #lampunglandscape  #lampungphotography  #lampungexpoler #alamlampung_
#mata_lampungku 
#kebunkaret #jatiagunglampungselatan  #jatiagung  #pariwisatalampung  #pariwisatalampungselatan  #wisatalampung  #wisatalampungselatan  #gowescantik  #gowesholic  #gowessantai  #goweslampung  #gowesnusantara #gowessehat  #sepedaonthel",Attraction,,forest path,forest road,bamboo forest,mountain path,park,wild,rainforest,tree farm,botanical garden,broadleaf
https://www.instagram.com/p/CQogPzeMoOJ/,326.jpg,6/27/2021 17:59,"Semoga sampai ujung waktu, tempat ini bisa selalu mengukir senyuman idah kebahagiaan..
Camping malam minggu @pantai_keduwarna 
#pantai_keduwarna 
#campinglampung 
#wisatalampungselatan 
#wonderfullampungselatan 
#Kaliandaig",Attraction,,campsite,amusement park,outdoor,harbor,playground,water park,construction site,boat deck,vegetation,oilrig
https://www.instagram.com/p/CPLLVlcHTjI/,327.jpg,5/22/2021 12:07,"besok kemana lagi kita???

#wisatalampungselatan 
#pantaipesisirlampung 
#holidays",Attraction,,coast,beach house,beach,water park,ocean,lagoon,river,cliff,raft,promenade
https://www.instagram.com/p/CMV61HIMf24/,328.jpg,3/13/2021 2:40,"Pantai Kedu warna

✨ KUNJUNGAN KE POKDARWIS/BUMDES/KOPERASI ✨
. 
👥 Nama Mahasiswa : Wiwinda Silitonga (20756056) 
. 
💯 Kelompok Sadar Wisata (POKDARWIS) Pantai Kedu Warna. Pengelolaan yang ada di objek wisata ini bisa di bilang sudah cukup baik, mengapa bisa dikatakan begitu? walaupun anggota pokdarwis di pantai tersebut hanya berjumlah 8 orang saja tetapi kebersihan, jumlah pengunjung, desain spot foto, serta lokasi objek wisatanya sudah cukup amat baik.
. 
💫 Pokdarwis Pantai Kedu Warna ini sangat rutin untuk membersihkan lokasi objek wisata tersebut. Mereka mulai membersihkan lokasi tersebut mulai dari pukul 06.00 WIB pagi, hal ini membuktikan kerja keras dari pokdarwis yang ada di Pantai Kedu Warna ini begitu semangat untuk mengembangkan destinasi wisata tersebut. Rencana pengembangan Pantai Kedu Warna sedang dirancang oleh pokdarwis. 
. 
🌍 Lokasi : Pantai Kedu Warna, Sinar Laut, Kel.Way Urang, Kec.Kalianda, Kab.Lampung Selatan, Prov.Lampung, Indonesia. 
. 
#Repost @polinela_pw20b
#politekniknegerilampung #polinela #perjalananwisatapolinela #pwpolinela #anakpariwisata #kuliahpolinela #pariwisatapolinela #kuliahpariwisata #tugaslapangan #pokdarwis #pokdarwislampung #tatakelolaobjekwisata #anakkuliah #mahasiswalampung #mahasiswa #lampung #wisatalampung #lampungselatan #wisatalampungselatan #pantaikeduwarna #pantaikedu",Ancillary,Kelompok Wisata,outdoor,playground,heliport,beach,campsite,promenade,vegetation,coast,water park,park
https://www.instagram.com/p/CpXrs-IrvuM/,329.jpg,3/4/2023 14:17,Kebersamaan Way Tebing Ceppa Kalianda Lampung Selatan✨👍🏻🌊😇😊 #waytebingceppa #wisatalampung #wisatalampungselatan,Attraction,,rope bridge,swimming hole,rainforest,picnic area,hot spring,river,village,sandbox,archaelogical excavation,bridge
https://www.instagram.com/p/CSDgYtPhAMU/,330.jpg,8/2/2021 2:11,"Terima kasih kk kk kece 
Ditunggu ya acara camp selanjutnya 

Lokasi : @pantaikedu 
#wisatalampungselatan #wisatalampung #wisatakalianda #kaliandaig #kaliandaoutdoor",Attraction,,campsite,ball pit,playground,park,water park,lawn,sandbox,outdoor,yard,playroom
https://www.instagram.com/p/CUhYVLfvi4_/,331.jpg,10/2/2021 9:40,"Hidup adalah 10 % hal yang terjadi pada kita ,dan 90 % bagaimana kita meresponnya.

🚢🔭📌 lok :Dermaga  Eksekutif
  Pelabuhan Bakauheni 

#kelilinglampung
#wisatalampungselatan
#explorelampung
#gengkwaciexplore
#sahabattravellerlampung
#parapejalanlampung
#mata_lampungku
#wajahlampung",Accessibility ,Dermaga,interior,patio,boat deck,restaurant patio,promenade,porch,boardwalk,beer garden,restaurant,cafeteria
https://www.instagram.com/p/CPn7b3arggK/,332.jpg,6/2/2021 16:06,#kurnianoen #kurnianoentravelling #pantaiembe #embebeach #mbbeach #pantaimb #merakbelatung #wisatalampungselatan #pariwisatalampungselatan #wisatalampung,Attraction,,beach,wave,ocean,coast,lagoon,sky,cliff,ice shelf,ice floe,iceberg
https://www.instagram.com/p/CN_efAbBGw6/,333.jpg,4/23/2021 2:32,"Wisata Alam. Gunung Batu. Desa Sri  Katon. Tanjung Bintang, Lampung Selatan.
.
.
Foto @rudiafrian04 TENANGLAH
tak perlu iri kita punya takdir masing masing,
hidup yg terlihat mewah belum tentu benar-benar indah.
.
.
Follow :
@jalanjalandilampung
@parapejalanlampung
@sahabattravellerlampung
@sahabattravellerindonesia
@pesonatraveller
.
.
#wisatalampungselatan
#tanjungbintang #gunungbatu
#jalanjalanlampung #jalanjalandilampung
#lampung #ayodolan 
#idpejalan #idpetualang 
#mytripmyadventure #mtma
#indonesiantraveller #indotravels
#triplampung #traveling 
#explore #nusantarakita #exploreindonesia #travellers #indozonetravel #travellampung 
#fotonesia #adventure 
#instagood #indotravellers 
#like4like #fff #likeforfollow 
#pesonaindonesia",Attraction,,exterior,pavilion,campsite,shed,picnic area,patio,beach house,cottage,barn,oast house
https://www.instagram.com/p/CYTCf0zLzBY/,334.jpg,1/4/2022 6:06,"Sans pinggir pantai:v
.
#janah2410 #storyaesthetic99 #ａｅｓｔｈｅｔｉｃ#selebgramlampuung #selebgramlampung_id #selebgramlampung_ #selebgramindonesia #ootdstyle #ootddaily #ootdfashion #wisatalampung #wisatalampungselatan #selebgram_lampung_id #pantaimarinakalianda #pantaimarinalampung #pantaimarina #fypシ #fypinstagram #fypindonesia #fff💋 #lfl💛 #fff😊 #lll #lflfff❤ #ombakpantai",Attraction,,lagoon,islet,cliff,coast,ocean,beach,rock arch,grotto,watering hole,butte
https://www.instagram.com/p/CU-NSWfvzDS/,335.jpg,10/13/2021 14:22,"Menurut saya, wisata terlengkap di lampung itu di kabupaten lampung selatan. Di lampung selatan, terdapat gunung, laut, belerang, air terjun, tebing, dll. bahkan gunung berapi pun ada. Di lampung selatan juga terdapat beberapa aktifitas wisata. seperti di pantai kalianda, kalian bisa surfing juga di sini #kurnianoen
#wisatalampungselatan
#surfmatrasouthlampung
#surf
#beach",Attraction,,islet,ocean,coast,beach,cliff,rock arch,sky,arch,campsite,ice shelf
https://www.instagram.com/p/CZapYv9pNHx/,336.jpg,2/1/2022 1:32,"Sunset nya indah banget kek omongan kamu 🤧
.
.
.
#pariwisatalampung #parapejalanlampung #wisatalampungselatan #berandalampung #potretlampung #hijabtraveller #lampunghits #inilampungyay #lampunggeh #likeforlikes #likesforlike #likeforlikeback #like4likes #likeforfollow #lll #llllllllllllllllllllllllllllllllllllllllllllllllllllllllllllllllllllll",Attraction,,beach,ocean,coast,wave,sky,ice floe,cliff,promenade,iceberg,ice shelf
https://www.instagram.com/p/CrHpcvwSJjy/,337.jpg,4/17/2023 1:52,"Senja mengajarkan kita bahwa keindahan tak harus datang lebih awal 🤗🤗
.
#wisatalampung 
#wisatalampungselatan 
#pantai 
#pantailampung 
#pesonaindonesia",Attraction,,playground,river,natural,ocean,bridge,coast,swamp,arch,pier,sky
https://www.instagram.com/p/CbnQZqyv5WU/,338.jpg,3/27/2022 16:06,"Mendungpun tampak indah jika disitu ada cinta 😍😍

Foto repost @gfnphotography 

#pantai_keduwarna 
#preweddingphotography 
#wisatalampungselatan 
#ilovelampung 
#wisatakenallampung 
#kaliandaig",Attraction,,wave,ocean,coast,ice floe,beach,iceberg,harbor,cliff,pier,ice shelf
https://www.instagram.com/p/Cc7AwRhPJtq/,339.jpg,4/29/2022 4:46,"Kepantai Berenang❌
Kepantai Ngamen✔️
😂🤣

#fujifilm #fujifilmxseries #fujifilmxt200 #xt200 #Siriant #SiriantPhotography #pantai #pantailampung #pantailampungselatan #pantaikalianda #pantaikaliandalampung #pantaiindonesia #mbeach #mbeachlampung #wisatalampung #wisatalampungselatan #holiday #liburan #liburlebaran",Attraction,,beach,lagoon,coast,ocean,islet,natural,river,vegetation,marsh,valley
https://www.instagram.com/p/Ctv8UOEJPVL/,340.jpg,6/21/2023 10:29,"True
. 
. 
. 
. 
. 
. 
📌lok. Sanggarbeac kec. Kalianda Lampung Selatan 
. 
. 
. 
. 
. 
. 
#sanggarbeach #sanggarbeach_lpg #pantailampung #pantailampungselatan #kalianda #lampung #wisatalampung #wisatalampungselatan #lampunghits #infolampung #ily #ilyy #like #likesforlike #instalike #liketime #likes #followforfollowback #followers",Attraction,,motel,promenade,sky,ice shelf,pharmacy,beach,sand,drugstore,outdoor,ocean
https://www.instagram.com/p/CyPb-aOSRBv/,341.jpg,10/11/2023 2:08,"Taman di Area Makam Pahlawan Nasional Raden Intan II

#makamradenintan
#makamradenintankalianda 
#makamradenintanII
#lampungselatan 
#wisatalampungselatan",Attraction,Makam Pahlawan,pavilion,exterior,asia,oast house,outdoor,pagoda,chalet,japanese garden,cottage,mansion
https://www.instagram.com/p/CcEHEX4PQ_D/,342.jpg,4/7/2022 21:03,"Tak usah melebih - lebihkan, saya memang bukan orang baik, tapi saya tak sejahat yg kamu katakan. 

#pulauumang #pulauumangumang #pulausebesi #pulausebesilampung #rajabasa #lampungselatan #lampung #sebesiapdate #puloexplore #lampunggeh #lampunghits #wisatalampung #wisatalampungselatan #traveling #liburan",Attraction,,beach,lagoon,islet,boat deck,raft,swimming hole,coast,ocean,outdoor,water park
https://www.instagram.com/p/CYQo4dhPV7k/,343.jpg,1/3/2022 7:44,"Gimana kesan kalian liat Pantai Sebalang yang sekarang? 
.
.
📸 @intanpahawang 
.
#SebalangBeach #lampung #lampunginsta #potretlampung #explorelampung #wisatalampung #wisatalampungselatan #lampunghits #lampungkece",Attraction,,ocean,beach house,harbor,beach,coast,promenade,village,lagoon,landfill,slum
https://www.instagram.com/p/CliCC8KB_xN/,344.jpg,11/29/2022 4:39,"The Little Pony 🌻
•
#mini #minipony #klangenan #klangenanindonesia #lampung #lampunghits #lampunggeh #wisatalampung #wisatalampungselatan",Amenities,wahana Kudu,water park,amusement park,carrousel,playground,tree house,chalet,motel,amusement arcade,outdoor,outdoor
https://www.instagram.com/p/CjLGvcfp7gW/,345.jpg,10/1/2022 13:54,"Mbuh piye carane pokok'e kudu seneng 😊

#tole
#atayamilanalfarizqi 
#radevamilanannavaran 
#liburan
#pantai
#anakpantai 
#pantaikeduwarna 
#keduwarna 
#pantaikeduwarnakalianda 
#wisatakalianda 
#wisatalampungselatan 
#wisatalampung",Attraction,,beach,lagoon,natural,volcano,hot spring,coast,islet,mountain,ocean,valley
https://www.instagram.com/p/CV9vB4Jvn_T/,346.jpg,11/7/2021 6:29,"Yuk berwisata ke Pantai Semukuk, banyak fasilitas dan spot foto menarik disana.
.
.
.
.
.
.
.
.
.
📸@novicamailanti
📍 @pantai.semukuk
🌏 Jl. Pesisir Desa pauh Tanjung Iman Kec. kalianda kab. LAMPUNG SELATAN
.
.
.
.
#pantaisemukuk 
#wisatakalianda 
#wisatalampungselatan 
#indonesiaparadise 
#wisatalampung",Attraction,,coast,ocean,lagoon,swimming hole,beach,cliff,islet,river,landfill,natural
https://www.instagram.com/p/CWlg9vLh8Na/,347.jpg,11/22/2021 17:16,"Prewedding
.
.
.
.
Ms. @mardaneli_shavira & 
Mr. @trmztaher_ 
.
.
.
Mua : @_antonprastyo 
Foto : @asep_photography 
Lightning : @dull.project
Cinematik : @screen.shoot_lpg / @ahmadtri.wb
.
.
.
.
#preweddingcasual 
#preweddingoutdoor 
#preweddingalam 
#preweddingsantai 
#preweddingconcep 
#temaprewedding 
#myprewedding 
#preweddingfotography 
#thepreweddingphotography 
#kaliandaphotography 
#menujuhalal2022 
#komitmenbersama 
#preweddingsawah 
#lampungkece 
#ga_lampung_hits 
#kelampunggeh 
#wisatakalianda 
#wisatalampungselatan 
#lampunghitss 
#lampungyai 
#lampungkerenyay",Attraction,,rice paddy,farm,wheat field,corn field,field road,cultivated,valley,pasture,hayfield,sky
https://www.instagram.com/p/CUplqMVPsFi/,348.jpg,10/5/2021 14:11,"Alhamdulillah...

Field trip kj2 ke kalianda.
Wisata yang menyenangkan itu ya wisata alam...tadaburnya...ya harus itu...

#wtckalianda
Yang belum kisini sebaiknya pagi kalau udah siang pengunjungnya rame banget.

#pantai_kudu_kalianda.
Ya... sebaiknya sore ya guys
#wisatalampung 
#wisatalampungselatan",Ancillary,Kelompok Wisata,raft,plaza,martial arts gym,boxing ring,beauty salon,nursing home,airport terminal,waiting room,indoor,lobby
https://www.instagram.com/p/CLPQ23Zlkp-/,349.jpg,2/13/2021 16:06,"@tamanwisatapancurindah  Liburan keluarga yg gak jauh dari Bandar Lampung, suasana Asri dengan pemandangan Alam dan udara yang bersih, tiket masuk juga terjangkau bagi masyarakat 😍
#tamanwisatapancurindah 
#wisatalampungselatan 
#explorejatiagung 
#explorelampungselatan 
#explorelampung",Attraction,,water park,outdoor,performance,amphitheater,hot spring,amusement park,sandbox,indoor,playground,outdoor
https://www.instagram.com/p/CR_v6kXlgfG/,350.jpg,7/31/2021 15:10,"Vit sea🌊

#pantai_keduwarna #wisatalampung #wisatalampungselatan #potretlampung #lampungkuy  #lfl💛",Attraction,,campsite,boat deck,river,natural,bridge,dam,outdoor,coast,beach,ocean
https://www.instagram.com/p/CdLQaRwK8w4/,351.jpg,5/5/2022 12:10,"Wanitaku🥰😘

#fujifilm #fujifilmxseries #fujifilmxt200 #xt200 #Siriant #SiriantPhotography #pantai #pantailampung #pantailampungselatan #pantaikalianda #pantaikaliandalampung #pantaiindonesia #landscapephotography #landscape #wisatalampung #wisatalampungselatan #holiday #liburan #liburlebaran",Attraction,,lagoon,beach,coast,river,swimming hole,marsh,natural,islet,ocean,hot spring
https://www.instagram.com/p/CXFaBRAPeVF/,352.jpg,12/5/2021 2:31,"Pantai Setigi Heni, salah satu pantai yang menyajikan hamparan pantai indah dengan nuansa alam yang masih sangat terjaga kelestariannya
.
.
.
.
.
📸 @septianyt_
📍Pantai Setigi Heni, kalianda, Lampung selatan

#pantaisetigiheni 
#pantaikalianda 
#wisatalampungselatan 
#tempatwisatalampung 
#wisataindonesia",Attraction,,beach,coast,ocean,wave,lagoon,sky,promenade,cliff,ice shelf,islet
https://www.instagram.com/p/CPf4OPGlcs_/,353.jpg,5/30/2021 13:04,"🔥🔥🔥
.
.
📸 @redwinglady 
.
.
#SebalangBeach#lampung #lampunginsta #potretlampung #explorelampung #wisatalampung #wisatalampungselatan #lampunghits #lampungkece",Attraction,,swamp,coast,natural,river,marsh,vegetation,ocean,beach,watering hole,desert road
https://www.instagram.com/p/CUzsMsRJx63/,354.jpg,10/9/2021 12:20,"#pantaikeduwarna , #wisatalampungselatan , #wisatalampung",Attraction,,outdoor,vegetation,beach house,beach,desert road,sand,campsite,playground,coast,army base
https://www.instagram.com/p/ChmRlM0JIn0/,355.jpg,8/23/2022 10:06,"Bahagia lebih bagus 🤓🫶
#wisatapantailampungselatan #wisatapantailampung #wisatalampungselatan #boyhair #lampunghits #lampunggeh",Attraction,,archaelogical excavation,ruin,trench,amphitheater,construction site,watering hole,excavation,rope bridge,valley,aqueduct
https://www.instagram.com/p/CWOMAMjJ86c/,356.jpg,11/13/2021 15:50,"Membaca adalah cara saya memahami semuanya.
- But, everyone doesn't want to understand me
.
@sebalangyay 
@sebalangbeach 
.
#diarygadisbiru #quotesoftheday #pathdailyquote #pathdaily #pathbaper #ruangkata #ruangrasa #kutipankata  #kutipanrasa #wisatalampung #wisatakalianda #wisatalampungselatan #explorelampungselatan",Attraction,,islet,iceberg,cliff,lagoon,ocean,coast,beach,ice shelf,sky,harbor
https://www.instagram.com/p/CR_wO_PFwKI/,357.jpg,7/31/2021 15:12,"Sunsetnya😍

🌅
#pantai_keduwarna #wisatalampung #wisatalampungselatan #lampunghits #potretlampung #traveling #lfl💛",Attraction,Sunset,ocean,beach,coast,sky,pier,cliff,islet,promenade,vegetation,wave
https://www.instagram.com/p/CQSSgBdBEkp/,358.jpg,6/19/2021 2:55,"Natural beauty,,so clear's water, maintained beach it's cleanliness and the towering Raja Basa Mount be Complete the Panorama of Kalianda Beach - South Lampung...
Come Join Us.....!!! 😊😊😄😄
@inilampungyay
@salepisangzhayha
@pikniklampung
#visitelampungselatan 
#wisatalampungselatan 
#indonesiawonderful 
#visitelampung",Attraction,,ocean,wave,glacier,coast,crevasse,cliff,beach,lagoon,sky,mountain snowy
https://www.instagram.com/p/CdnlS4iPp2w/,359.jpg,5/16/2022 12:12,"#sapenanbeach 
#kaliandalagi 
#wisatalampungselatan 
#16mei2022",Attraction,Slide 2 dan setrusnya,swimming hole,landfill,slum,ocean,archaelogical excavation,coast,creek,river,raft,army base
https://www.instagram.com/p/CYgQX2NLBDL/,360.jpg,1/9/2022 9:17,"#Repost @so.aditc
...
I have a lot to say.

#wisataindonesia #wisatalampung #alaualauresort #따르다 #wisatalampungselatan",Attraction,,archaelogical excavation,watering hole,sandbox,vegetation,village,badlands,trench,campsite,ruin,desert road
https://www.instagram.com/p/CRv3Ii8Dv-Y/,361.jpg,7/25/2021 11:05,"holiday  vibe with trowback 2019🤭
#tegalmasisland #tegalmaslampung #wisatalampungselatan #wisatalampung",Attraction,,boathouse,outdoor,beach house,chalet,outdoor,water park,village,pier,river,swimming hole
https://www.instagram.com/p/CPHyey6NxRh/,362.jpg,5/21/2021 4:32,"Masih kecil main tembak tembakan..
Pas udah gede ga berani nembak ke orangtua..
Hiya hiya hiya..
.
.
.
.
.
.
.
.
.
.
.
.
.
.
.
📷 @denihaerjo 
#pantaimarinalampung
#kaliandabeach
#wisatalampung
#jelajahlampung 
#lampunghits 
#lampunginsta 
#pantailampungselatan 
#anakmetro 
#wonderfullampung
#lampungindonesia 
#lampungindah 
#wisatalampung 
#wisatalampungselatan 
#explorelampung",Attraction,,mountain path,cliff,tundra,mountain snowy,landfill,mountain,glacier,badlands,canyon,trench
https://www.instagram.com/p/CPoQtErFT6_/,363.jpg,6/2/2021 19:11,"""Menikmati alam sejenak tak membuat kita mengurangi kekayaan diri malah justru menambah memori pengalaman."" 

Yuk #kembalikealam naik gunung ga se-mahal naik pelaminan kok 😁✌ 

📍Lokasi Gunung Rajabasa Lampung Selatan.
⛰@gunungrajabasa
Penyewaan alat outdoor @wayrataioutdoor

#kembalikealam #lampung #lampunggeh #wisatalampungselatan #ayokelampung
#sahabattravelerlampung #pendakigunung #pendakilampung #wisatalampung #consina #explorelampung",Attraction,,orchard,landfill,tree house,broadleaf,tundra,park,vineyard,sky,tree farm,water tower
https://www.instagram.com/p/C1kUPIdyajA/,364.jpg,1/1/2024 18:18,"Pelayanan garuntang Genk  di menara siger Bakauheni Lampung ,
#rentalmobilbandarlampung 
#rentallampung 
#rentalmobilbali 
#rentalmobiljogja 
# rentalmobilmurah
#sewamobilmurah 
#sewahaiacemurah 
#sewahaiacelampung 
#pariwisata 
#wisatategalmaslampung 
#wisatalampungbarat 
#wisatalampung 
#wisatalampungselatan 
#kunjungankerja 
#tour",Attraction,Siger,parking lot,junkyard,driveway,street,motel,boat deck,auto showroom,amusement park,campsite,sky
https://www.instagram.com/p/ChFonkpvqpW/,365.jpg,8/10/2022 17:52,"Destinasi Wisata Alam Air Terjun Way Kalam

#wisatalampungselatan 
#kehutananprovlampung 
#kphwaypisang 

@ilya_nur_00",Attraction,,waterfall,swimming hole,creek,rainforest,grotto,hot spring,river,canyon,mountain,cliff
https://www.instagram.com/p/DTxsI6hEjJW/,366.jpg,1/21/2026 14:39,"Moment With Family

Venua @pantai.marina.official 

#familytime #momentkeluarga #familyphotography #family #gatheringfamily #wisatalampungselatan #lampungselatanexplore #keindahanlaut #photoshoot #keluargabahagia #momentbersamakeluarga",Attraction,,watering hole,river,swimming hole,lagoon,natural,coast,beach,ocean,raft,pier
https://www.instagram.com/p/CSoUtg6BH6X/,367.jpg,8/16/2021 9:21,"pinggiran Lampung .
.
.
.
.
..
#menarasiger #menarasigerlampung #pelabuhanbakauheni 
#lampung #lampungitukerreen #lampungituindah #lampunggeh #lampungselatan #wisatalampung #wisatalampungselatan #potretlampung #potretlampung📷 #lampunghits #lampungkeren",Attraction,,archaelogical excavation,tree farm,rice paddy,mountain path,landfill,vineyard,valley,desert road,cultivated,watering hole
https://www.instagram.com/p/CStKtv7HgTY/,368.jpg,8/18/2021 6:30,"Soreku terlalu sepi tanpa dirinya #bucinktl 
#repost 
#wisatalampungselatan 
#wisatalampung",Attraction,Sunset,harbor,beach,ocean,pier,coast,promenade,islet,lagoon,natural,sky
https://www.instagram.com/p/CRnGRNbptbb/,369.jpg,7/22/2021 1:24,"👋🏻 ROJAIP (Rombongan Jadi Ngetrip) 
————————————————
🌍 Lokasi : Teropong Kota Kalianda, Desa Sumur Kumbang, Kec.Kalianda, Kab.Lampung Selatan, Prov.Lampung, Indonesia. 
.
#lampungtok #jalanjalandilampung #lampungselatanexplore #lampungberwisata #lampungselatanig #lampungtraveling #kaliandaig #surganyalampung #lampungmu #lokal_kalianda #lampungme #jejaklampung #disparbudlamsel #lampungselatanamazing #khamkalianda #wisata_lampungsai_ig #lampungselatan #teropongkotakalianda #kalianda #wisatalampungselatan",Attraction,,park,playground,picnic area,cemetery,outdoor,lawn,topiary garden,yard,beer garden,campus
https://www.instagram.com/p/Clc1-y7rMG0/,370.jpg,11/27/2022 4:17,"📍Sunset
. 
#janah2410 #fff💋 #lflfff❤ #lfl💛 #lfl❤️ #flfl💛 #flf❤ #flf  @pantai_keduwarna @selebgram.lampuung #wisatalampungselatan #selebgramlampuung #ootdstyle #ootddaily #ootdfashion #ootdhijab #selebgramlampung_id #ootdselebgram #selebgramlampung_ #gadisindonesia37 #selebgramindonesia #remajaindonesia37 #fypindonesia #remajaindonesiaaaa #fypシ❤️💞❤️ #fypinstagram #fypシ #ａｅｓｔｈｅｔｉｃ #senja #senjasore #sunset",Attraction,,beach,ocean,coast,sky,lagoon,wave,cliff,vegetation,campsite,islet
https://www.instagram.com/p/CXdwA_IlDsn/,371.jpg,12/14/2021 13:25,"Suatu saat nanti akan ada hari bahagia . . .
dimana apa yng kamu korbankan dan perjuangkan dengan tulus akan berbuah manis. . 🌸🌸
.
 Jadilah yng berbeda ketika mereka menyakiti kamu dengan sengaja. .
 balaslah dengan kebaikan do'a. . .
Karna dalam hatimu yakin, Allah adalah sebaik baik harapan yng nyata. . . 🌼🌼

Wisata @bukit_idaman_
#wisatatanggamus #gisting #wisatalampungselatan
.. 
.. 

.. 
.. 
.. 

.. 

#ukhtyndin421",Attraction,,vineyard,roof garden,formal garden,interior,promenade,valley,park,vegetable garden,botanical garden,boardwalk
https://www.instagram.com/p/CX6Fv3Mp_dc/,372.jpg,12/25/2021 13:33,Kebersamaan di Wisata Perengan Anteng Karang Anyar Lampung Selatan 🏞️✨😊 #wisata #wisatalampung #wisatalampungselatan #perengananteng,Attraction,,botanical garden,amusement park,park,outdoor,playground,indoor,topiary garden,campus,roof garden,water park
https://www.instagram.com/p/DAH1CgCTFUi/,373.jpg,9/20/2024 2:32,"Lantas mana yang lebih indah?
Menatap laut yg disertai ombak ,atau menatap langit disertai bintang🌊

Lokasi pantai Keduwarna Kalianda, Lampung Selatan.

#tempatwisatalampung #pantaikeduwarna #pantaikalianda #beach #wisatalampungselatan #holiday #traveling #healing #happyweekend",Attraction,,arch,kasbah,medina,indoor,outdoor,indoor,exterior,alcove,beach,rock arch
https://www.instagram.com/p/DNcbHhITmmM/,374.jpg,8/17/2025 5:18,"""Indahnya bunga negeri di bawah megahnya atap budaya — semangat kemerdekaan terus tumbuh dan mekar di tanah air tercinta, bumi ragom mufakat 🇮🇩✨""

@radityoegi
@m_syaiful.anwar
@pemkab.lampungselatan 

#pesonamerahputihlampungselatan #hutke80ri #wisatalampungselatan #radityoegi #syaifulanwar #kawasanmenarasiger #lampungselatanmaju #bismillahbisa #lampung #hutri #indonesia",Attraction,Siger,amusement park,water park,fishpond,fountain,roof garden,windmill,asia,vegetable garden,outdoor,indoor
https://www.instagram.com/p/C8pYwGPyfVJ/,375.jpg,6/25/2024 17:14,"Bendungan U25 - Umbulselawe , Tanjung sari - Lampung Selatan

Report @ummuhanii89
.
#lampunghits #lampungselatan #umbulselawe #potretlampung #wisatalampungselatan #pikniklampungkuy #eksotikalampung",Attraction,Bendungan,marsh,rice paddy,pond,natural,field road,swamp,watering hole,river,swimming hole,farm
https://www.instagram.com/p/C7T-oe3yXvq/,376.jpg,5/23/2024 13:10,"Pantai marina Kalianda Lampung Selatan

Foto by : @alfalailaa_

#fyp #reelsinstagram #wisatalampung #wisatalampungselatan #wisatakalianda #kalianda #kaliandageh #lampungselatanexplore",Attraction,,cliff,coast,ocean,islet,beach,wave,tundra,lighthouse,landfill,rock arch
https://www.instagram.com/p/C5NezEnvVvO/,377.jpg,4/1/2024 7:34,"Moments
.
#tempatwisatalampung #beach #wonderfulindonesia #traveling #holiday #healing 
#kaliandabeach
#wisatalampungselatan
#wisatalampung
#kaliandaresort",Attraction,,ocean,beach,wave,coast,tundra,cliff,river,vegetation,watering hole,lagoon
https://www.instagram.com/p/DCO9AKBP-4S/,378.jpg,11/11/2024 13:59,"Sea,sun,sand and smiles 🌊

#wisata #wisatalampung #wisatalampungselatan #wisatalampungkeren #lampung #riobeachclub #pantairiobythebeach #pantai",Attraction,,wave,beach,ocean,coast,sky,ice floe,lagoon,pier,swimming hole,cliff
https://www.instagram.com/p/DNcQ3JYSKg4/,379.jpg,8/17/2025 3:48,"*DIRGAHAYU REPUBLIK INDONESIA KE-80*
Bersatu, Berdaulat, Rakyat Sejahtera, Indonesia Maju 🇮🇩❤️

Venue terbaik Upacara Kemerdekaan RI kali ini ada di Lapangan Menara Siger, Bakauheni Harbour City, Lampung Selatan 👑

Terima kasih pak Bupati @radityoegi sudah memperkenalkan ikon kebanggan warga Lampung Selatan 

Bergerak Berdampak, untuk Lampung Selatan Maju, Bismillah Bisa 

@pemkab.lampungselatan 
@radityoegi 
@m_syaiful.anwar 

🥻by @galeri_maura 
💄by me

#pesonamerahputihlampungselatan #hutke80ri 
#wisatalampungselatan 
#radityoegi 
#syaifulanwar 
#kawasanmenarasiger 
#lampungselatanmaju 
#bismillahbisa
#bergerakberdampak",Attraction,Siger,promenade,plaza,palace,heliport,runway,amusement park,water park,asia,landing deck,outdoor
https://www.instagram.com/p/CneRvKZJtzC/,380.jpg,1/16/2023 10:42,"Keindahan Desa Suak saat senja datang 🌙
. 
. 
.

📍Jl. Raya Suak Desa Suak Kec. Sidomulyo Lampung Selatan 

_______________
Follow & tag foto kamu 
IG @desa.suak
FB Pemdes Suak

________________
#desasuak #sidomulyo #lampungselatan #pantailampungselatan #wisatalampung #wisatalampungselatan #piknik #healingvibes",Attraction,,lagoon,islet,coast,ocean,sky,beach,cliff,marsh,natural,river
https://www.instagram.com/p/CtiLplDPQbV/,381.jpg,6/16/2023 2:14,"Krakatau Wave 
Hay hay siapa yg ke Slanik Selalu nunggu kolam ombak ini 🙋‍♀🙋‍♀🙋‍♀

#slanikwaterpark 
#slanikwaterparklampung 
#wisatalampung 
#wisatalampungselatan",Attraction,,outdoor,water park,beach house,outdoor,village,outdoor,mansion,asia,oast house,outdoor
https://www.instagram.com/p/CTA7EJchE81/,382.jpg,8/25/2021 22:38,"𝗣𝗮𝗻𝗷𝗮𝗻𝗴 𝘂𝗺𝘂𝗿 𝘂𝘁𝗸 𝘁𝗲𝗺𝗲𝗻² 𝘆𝗴 𝘀𝗲𝗿𝗶𝗻𝗴 𝗯𝗶𝗹𝗮𝗻𝗴 : “𝗵𝗮𝗹𝗮𝗮𝗮𝗵 , 𝗸𝗮𝘆𝗮𝗸 𝘀𝗮𝗺𝗮 𝘀𝗶𝗮𝗽𝗮 𝗮𝗷𝗮”
______________________________
.
#pikniklampungkuy #pikniklampungselatan #potretlampunginsta #wisatalampungme #wisatalampungselatan@wisatalampungku

Photo © Reposted from @ummuhanii89

Location: #Bendungan U25 Umbulselawe , Sidomukti - Lampung Selatan,  Lampung 

© All Rights and Credits reserved to the respective owner(s). Please contact us for credit or removal.

#selampung
#semestalampung
#fotolampung
#lampung2021
#agustusselampung",Attraction,,natural,pond,campsite,river,park,raft,picnic area,marsh,valley,watering hole
https://www.instagram.com/p/DC-40rLzxu_/,383.jpg,11/30/2024 4:46,"Masyaallah 🌻,
Every exit leads us to a new entrance 🥰
.
.
.
#pantaimarinakalianda
#pantailampung #pantaiindah #wisatalampung #wisatalampungselatan",Attraction,,medina,courtyard,playroom,beach house,promenade,outdoor,patio,ticket booth,phone booth,kasbah
https://www.instagram.com/p/CZeUP1JvzVN/,384.jpg,2/2/2022 11:44,"Happinnes come in waves 🌊🥰
.
.
📸 @fikaafns 
.
#SebalangBeach #lampung #lampunginsta #potretlampung #explorelampung #wisatalampung #wisatalampungselatan #lampunghits #lampungkece",Attraction,,beach,lagoon,coast,ocean,vegetation,islet,promenade,cliff,wave,sky
https://www.instagram.com/p/CkGLWuPSoCJ/,385.jpg,10/24/2022 12:30,"Way tebing cepa✨

#wisatalampungselatan",Attraction,,lock chamber,natural,river,natural,pier,swimming hole,marsh,harbor,swamp,boathouse
https://www.instagram.com/p/CsDTY7jJv_O/,386.jpg,5/10/2023 5:53,#masyaallahtabarakallah #meanddaughter #krakataupark #bakauheni #wisatalampungselatan,Amenities,Wahana Permainan,heliport,windmill,industrial area,outdoor,bridge,runway,amusement park,park,airfield,downtown
https://www.instagram.com/p/Cel5TH3Juie/,387.jpg,6/9/2022 16:59,"""Selain pengalaman, petualangan juga akan mempertemukanmu dengan sebuah keluarga lain.""
.
.
.
.
.
#wisatalampungselatan #lampungexplorer #wisatakaliandalampungselatan #wisatalampung #wisataindonesiakeren🇲🇨",Attraction,,islet,coast,lagoon,beach,cliff,ocean,promenade,harbor,rock arch,natural
https://www.instagram.com/p/CMLz9W9n8ai/,388.jpg,3/9/2021 4:27,"👥 Manusia yang katanya raja, namun akan rendah di hadapan semesta. 
. 
🌍 Lokasi : Wisata Alam Gunung Batu, Desa Srikaton, Kec.Tanjung Bintang, Kab.Lampung Selatan, Prov.Lampung, Indonesia. 
. 
#parapejalanlampung #jalanjalandilampung #mampirlampung #gerbanglampung #lampungselatanexplore #lampungselatanig #lampunghey #lampungmu #lampungdong #lampunginsta #jelajahlampung #infolampungku #pesonatraveller #bolang_lampung #selampung #lampungkuy #surganyalampung #infokyaitravel #lampungtok #lampungselatan #wisatalampung #wisatalampungselatan #gunungbatu",Attraction,,vineyard,village,picnic area,tree farm,orchard,formal garden,patio,rainforest,valley,mountain path
https://www.instagram.com/p/CNqEKtJsitX/,389.jpg,4/14/2021 18:58,"Buka Puasa di Pantai Kedu Warna yuks.., selain melepas dahaga, mata kita insyaalloh akan dimanjakan dgn Sunset ciptaan Alloh yg  luarrr biasaaa..😍😍😍
#pantai_keduwarna 
#wisatalampungselatan
#wisatalampung #bglampungkece 
#lampumgkece 
#lampunghitz 
#lampunggeh 
#potretlampung
#lampunginsta 
#kaliandaig",Attraction,,sky,harbor,industrial area,beach house,coast,pier,heliport,ocean,farm,river
https://www.instagram.com/p/Cle18DDBZPA/,390.jpg,11/27/2022 22:55,"Dunia itu berputar makannya banyak pusingnya
.
.
.
📍pantai kedu
#pantaikedu #pantaikeduwarna #wisatalampung #eksplorlampung #potretlampung #wisatalampungselatan #lampunghits #lampunginsta #lampunggeh",Attraction,,lawn,yard,pasture,park,rice paddy,golf course,field road,soccer field,playground,farm
https://www.instagram.com/p/CNhGWdlFeET/,391.jpg,4/11/2021 7:24,"Kesumbawa beli tinta, abis ketawa kok jadi cinta *Ehh 🙊
.
.
.
Mimin juga cinta sama mbaknyah 📸 @meri_yunida 
.
#SebalangBeach #lampung #lampunginsta #potretlampung #explorelampung #wisatalampung #wisatalampungselatan #lampunghits #lampungkece",Attraction,,outdoor,sandbox,playground,outdoor,promenade,water park,beach,amusement park,slum,village
https://www.instagram.com/p/CZFaCN9B3KF/,392.jpg,1/23/2022 19:34,"Don't just enjoy this nature, but take care of it is also necessary✨
#pantaisemukuk #lampung #l  #sunset #lampungpunya #likesforlike #lampungselatan #explorelampung #bikinkerenlampung #wisatalampung #wisatalampungselatan",Attraction,,promenade,outdoor,coast,park,beach,beach house,ocean,picnic area,golf course,water park
https://www.instagram.com/p/Cp2pc9NyYDL/,393.jpg,3/16/2023 14:53,"Bukan senja namanya jika tak sendu
Bukan senja namanya jika tak sunyi
Dan bukan senja nama nya jika tak menciptakan rindu
.
.
#sanggarbeach #pelampungtrip #kalinda #katakatabijak #katakatarindu #bapakinstagram #boys 
#wisatalampung #pikniklampung #piknikasik
#wisatalampungselatan 
At @sanggarbeach_lpg",Attraction,,beach,ocean,coast,wave,sky,promenade,cliff,lagoon,pier,beach house
https://www.instagram.com/p/CNSPjzPrDn6/,394.jpg,4/5/2021 12:55,"Berlokasi di jalan raya trans, kecamatan kalianda, kabupatan lampung selatan.
Tepat di belakang rumah dinas bupati lampung selatan.
Menuju ke kebun edukasi, kita melewati pusat kuliner dengan beragam makanan.
Begitu masuk, mata kita di manjakan oleh pemandangan indah berlatar belakang gunung rajabasa.
Di kebun edukasi terdapat banyak jenis tanaman buah dan bunga. 
Kebun edukasi ini dulu nya hanya lahan kosong, berkat gagasan Bapak Bupati Lampung Selatan, Bapak H Nanang Ermanto, tempat ini menjadi wisata yang indah.
Di kebun edukasi ada tembok lukisan yang mengelilingi kebun ini. lukisan dari komunitas pelukis Lampung Selatan, yang membuat kebun edukasi semakin menarik.
Selain itu ada gazebo, kolam, area bermain anak, taman burung, beberapa spot foto, toilet, dan masih banyak lain nya.
Tempat ini masih terus dikembangkan dan dipercantik. 
Tempat nya sangat luas sekali, mengelilingi kebun edukasi ini, anggap saja kita berwisata sambil berolahraga. Hehehe 

@wisatalampungselatan
@riniariasih
@sedulur_nanang
@pandukesumadewangsa1

Salam, kurnianoen travelling
#kurnianoen #kurnianoentravelling #kebunedukasikalianda #kebunedukasilampungselatan #wisatalampungselatan #pariwisatalampungselatan #kebunedukasikaliandalampungselatan",Attraction,,staircase,japanese garden,formal garden,park,asia,botanical garden,forest path,pagoda,mausoleum,castle
https://www.instagram.com/p/CyPbriXSYc_/,395.jpg,10/11/2023 2:05,"Patung Raden Intan II Lampung Selatan

#makamradenintan
#makamradenintankalianda 
#makamradenintanII
#lampungselatan 
#wisatalampungselatan",Attraction,,topiary garden,formal garden,botanical garden,zen garden,park,japanese garden,roof garden,vegetable garden,fountain,lawn
https://www.instagram.com/p/C4DKFSVr3X1/,396.jpg,3/3/2024 10:49,"Wisata Air Terjun Way Kalam 
#WayKalam
#wisatalampungselatan",Attraction,,waterfall,rainforest,beer garden,mountain,creek,swimming hole,river,canyon,hot spring,fountain
https://www.instagram.com/p/DNcW_Oepzj-/,397.jpg,8/17/2025 4:42,"Terus lah berkibar MERAH PUTIH KU walau pun kami berbeda tapi tetap bersatu untuk kejayaan MU. SEKALI MERDEKA TETAP MERDEKA 💪🇮🇩🇮🇩
@pemkab.lampungselatan @radityoegi @m_syaiful.anwar #pesonamerahputihlampungselatan #hutke80ri #wisatalampungselatan #radityoegi #syaifulanwar #kawasanmenarasiger #lampungselatanmaju #bismilahbisa",Attraction,Siger,amphitheater,outdoor,outdoor,asia,bowling alley,promenade,plaza,bullring,amusement park,palace
https://www.instagram.com/p/CmnGBiSPXNQ/,398.jpg,12/26/2022 0:21,"Ketenangan untuk diri sendiri ituperlu 
😌. Namaste

.
Mari kita jaga bersama lingkungan disekitar kita. Salam lestari 🌱
•

#lampungmenyapa 
#menyapalampung 
#nyapalampung 
#lampungmenyapanew#lampungselatan #wisatalampungselatan #explorelampung #lampung  #exploreindonesia #fff #fff😊 #fff💋 #followforfollowback
#lampung #senjasore #sunset #sunrise
#bandarlampung #pariwisatalampung #explorelamsel #wisatalampung #aranglampung #wonderfulindonesia  #lampungnatureadventure
Reposted from @donniarjanggi",Attraction,,coast,beach,ocean,sky,campsite,lagoon,cliff,picnic area,islet,wave
https://www.instagram.com/p/CfVzRe1v-U7/,399.jpg,6/28/2022 7:30,"Masya Allah tabarokallah
bermain bersama adam 🍄🍄@jatiagro ❗❗

kolam renang deket rumah nih 🤩bosen dikit renang 😆 canda Masuknya murah meriah cuman 10 ribu anak"" renang 15 ribu. Karcisnya bisa di tuker jdi minuman juga. 
Tempat nya luas enak si buat nyore apa mau jalan bareng ama ayang tapi ga mau jauh bisa disini loh maps aj ""jatiagro""

#wisatalampung #wisatalampungselatan #jatimulyo #bandarlampung #wisatabandarlampung #lampung #lampunggeh",Amenities,,chalet,cottage,oast house,campsite,outdoor,asia,outdoor,barn,pavilion,outdoor
https://www.instagram.com/p/CnA6zLDvuSP/,400.jpg,1/5/2023 1:03,"Ada yang tau caraa menghilangkan kepenatan di tengah kota.? 
..
.
.
🚩 Batu lapis, Lampung Selatan
.
.
#lampungmenyapa #menyapalampung #nyapalampung #pariwisatalampung #pariwisata 
#lamsel #humas
#wisatalampungselatan #protokol #batulapis
#tempatwisatalampung #gayafotokekinian #ga_lampung_hits #bandarlampung #lampungpose
#lampungexsis #lampungsemakinexis #lampungexplore #lampungsemakinexis #lampunginsta #tapakjejaklampung #tempatwisata #tempatwisatalampung #bolanglampung #destinasilampung #petualanglampung #pesonalampung #pesonabandarlampung #gayapopuler #fff #like4likes #followforfollowback",Attraction,,coast,cliff,lagoon,ocean,islet,river,natural,beach,trench,harbor
https://www.instagram.com/p/CpbQzPgS-Jg/,401.jpg,3/5/2023 23:38,"Setelah weekend lanjut dengan rutinitas kembali..💪

Terimakasih yang sudah berkunjung menghabiskan weekend ke Desa Suak dengan Panorama wisata Pantainya dan bukit yang menjadi spot foto favorit para pengunjung🌊🏝🏖🏕..
.
.
📍Jl. Raya Suak Desa Suak Kec. Sidomulyo Lampung Selatan 

_______________
Follow & tag foto kamu 
IG @desa.suak
FB Pemdes Suak

________________
#desasuak #desawisata #sidomulyo #lampungselatan #pantailampungselatan #wisatalampung #wisatalampungselatan n #piknik_asik #healingvibes",Attraction,,rice paddy,vineyard,corn field,rainforest,cultivated,mountain path,pasture,farm,field road,forest path
https://www.instagram.com/p/CWnAj6EsOXn/,402.jpg,11/23/2021 7:11,"𝗖𝗶𝗻𝘁𝗮 𝗮𝗸𝘂 𝗸𝗲 𝗸𝗮𝗺𝘂 𝗶𝘁𝘂 , 𝗸𝗮𝘆𝗮𝗸 𝗸𝗲𝗰𝗮𝗽 𝗯𝗮𝗻𝗴𝗼 ..

𝙎𝙤𝙖𝙡 𝙧𝙖𝙨𝙖 , 𝙜𝙖 𝙗𝙞𝙨𝙖 𝙗𝙤𝙝𝙤𝙣𝙜 ..
☺️☺️☺️
.
.
📍 Bendungan U25 - umbul selawe , Tanjung sari - Lampung Selatan
________________________
#potretlampung #jalanjalanlampung #pikniklampung #wisatalampungselatan #bendunganU25 #umbulselawe #lampunghits #ootdhijab #holidayvibes 

@potretlampung @pikniklampung @lampuung @lampung.eksis @inilampungyay @lampunginsta @cahayapicture__",Attraction,Bendungan,pond,marsh,rice paddy,natural,river,field road,farm,park,creek,cultivated
https://www.instagram.com/p/C05G5m4Smcs/,403.jpg,12/15/2023 23:34,"""Peresmian Homestay dan Cafe desa, di Desa Wisata Muara Indah Desa Suak Kecamatan Sidomulyo""

Jumat, 15 Desember 2023

  Peresmian Homestay dan Cafe Desa, atas Program Tanggung jawab sosial dan Lingkungan (TJSL).
 PT Pelindo Regional 2 Panjang Bandar Lampung
Peresmian dihadiri oleh Staff Ahli Bidang Keuangan, Kadis PMD, Plt Kadis Pariwisata, Manajer Keuangan dan SDM PT  @pelindo  Regional 2 Panjang, Kepala Desa Suak, Bumdes Jejama Jaya Suak.

  Dengan adanya Penambahan Sarana dan Prasarana berupa Homestay dan Cafe Desa tersebut, diharapkan dapat lebih menarik minat Masyarakat untuk berkunjung dan berwisata dipantai muara indah, Mengingat Desa Suak memiliki banyak objek wisata khususnya wisata Pantai,

  Selain itu  dengan Bertambahnya Jumlah Pengunjung yang berwisata ke Desa Suak maka akan berdampak pada peningkatan ekonomi, serta Pemberdayaan Masyarakat di Desa Suak.

#semangatmembangundesa 
#tingkatkansumberdayaalam 
#wisatalampungselatan",Amenities,cafe,outdoor,pavilion,outdoor,campus,plaza,arch,schoolhouse,hospital,attic,entrance hall
https://www.instagram.com/p/CMnuPMKFEVb/,404.jpg,3/20/2021 0:36,"Sudah akhir pekan aja ni kak, masih bingung mau kemana weekend kali ini, so engga usah bingung, Air terjun Way Tayas solusinya.

Air Terjun Way Tayas ini, merupakan satu dari beberapa objek wisata alam Air Terjun di Kabupaten Lampung Selatan.

Lokasi Air Terjun yang berada di bagian punggung Gunung Rajabasa dengan kebun cengkeh dan pohon-pohon hutan alami. Tapi keindahan Air Terjun Way Tayas sangatlah menggoda untuk didatangi.

Adapun Perjalanan tidaklah terlalu jauh dari Kalianda. Hanya sekira perjalan menempuh waktu 20-30 menit untuk sampai di Dusun Pangkul, Desa Sukaraja dari Kalianda melalui jalan pesisir Rajabasa dengan menggunakan kendaraan sepeda motor.

Namun lelah kaki melangkah menyusuri jalan setapak di sisi tebing seketika terbayarkan kala titik embun air menerpa wajah memberikan kesejukan.

Hijaunya pepohonan khas Gunung Rajabasa yang masih alami, serta didik batu hitam dengan hiasan lumut menjadi pemandangan yang menyejukan mata.

Riak suara air yang turun dari ketinggian sekira 30 meter, seolah menjadi irama syahdu.

Perjuangan melelahkan dan memacu andrenalin, terbayarkan sudah, kala mata menatap Air Terjun Way Tayas.
Sumber : Tribunlampung.co.id/Dedi Sutomo
........................................
...................................
..............................
..........................
......................
..................
...............
............ 
..........
........
......
....
...
..
.
📍 Air Terjun Way Tayas Kalianda

#curug #waterfall #explorelampung #lampungselatan #wisatalampungselatan  #lampungmoment #visitlampung #wisatalampung #pesonalampung #genpilampung #pesonaindonesia #lampunggeh #lampunghits #lampungeksis #lampungyay #inilampungyay #potretlampung #lampunginsta #parapejalanlampung #pendakilampung #travellerlampung #lampungkece  #lampungpedia #airterjunwaytayas #alamlampung #nature #instagood  #travelingindonesia #traveling #waterfalls",Attraction,,waterfall,rainforest,mountain,creek,canyon,cliff,grotto,valley,broadleaf,river
https://www.instagram.com/p/CvEBpzYymLH/,405.jpg,7/24/2023 2:12,"Tetaplah Pacaran Meskipun Sdh Menikah❤️

#pantaiarang #pantailampung #wisatalampung #wisatalampungselatan #pantaiselatan #bersenangsenang #bersamapasangan #akongama #nenekgaul #grandmigrandpi #keluargailibi❤️ #ilibi",Attraction,,campsite,park,lawn,playground,orchard,marsh,sandbox,pasture,farm,rice paddy
https://www.instagram.com/p/CsNL-LBvQeU/,406.jpg,5/14/2023 2:01,"Our hearts speak the same language 😊

#thetyos #travellercouple #adventurouscouple #growoldtogether #kakeknenekpetualang #pantaipasirputihlampung #pantaipasirputihlampungselatan #pantailampung #pantailampungselatan #wisatalampung #wisatalampungselatan #lampunghits #explorelampung #explorelampungselatan #wisatapantailampung #wisatapantailampungselatan",Attraction,,natural,park,river,rope bridge,swimming hole,ocean,coast,beach,lagoon,pier
https://www.instagram.com/p/CdtAgEMvk0w/,407.jpg,5/18/2022 14:46,"back with a better version🤍
.
.

🌍 Informasi wisata seputar Lampung Selatan 

Mau di repost ?? ..
Cara nya 
follow : 👇👇

|| @lampungselatanexplore
|| @lampungselatanexplore
|| @lampungselatanexplore

|| Hastag #lampungselatanexplore

Follow Facebook : Lampung Selatan Lampung

Foto menarik akan kami repost 😊

_______________________

Info wisata & kerjasama silahkan DM 💌
_______________________

© Pic : @hallo_agstn19
...

.
.
.
#lampung #lampungeksis #lampunghits #lampungexplore #explorelampung #ilovelampung #wisatalampungme #wisataterbaiklampung #wajahlampung #pikniklampung #travellerlampung #travelling #pesonatraveller #ootdhijab #hijabstyle #lfl #lfl💛 #lampunggeh
#lampungselatanexplore #kalianda #wisatalampungselatan",Attraction,,mountain path,valley,mountain,volcano,orchard,pasture,rice paddy,rainforest,campsite,tree farm
https://www.instagram.com/p/CMlijY0hhcq/,408.jpg,3/19/2021 4:16,""" Lampung keren "" ❤️❤️❤️

Prewedding
@wulandarimakeup_ & @diki_wahyu04 

@asep_photography
@doldedoank
@_antonprastyo 
@alena_hennaart 
@pematang.sunrise 
@bukitpematangsunrise 

#preweddingkalianda 
#preweddingoutdor 
#mypreweddingphoto 
#wisatalampung 
#wisatahits 
#wisatalampungselatan 
#kaliandakeren 
#kaliandaig 
#weddingkalianda 
#lokasiwisata 
#wajahlampung 
#bakauheuni",Attraction,,water park,islet,beach,playground,campsite,coast,amusement park,rice paddy,natural,exterior
https://www.instagram.com/p/ChMdhkQv8YR/,409.jpg,8/13/2022 9:30,"Terimakasih sudah berkunjung 😊🙏

📍@muaraindahsuak 
Jl. Raya Suak Desa Suak Kec. Sidomulyo Lampung Selatan 

_______________
Follow & tag foto kamu 
IG @muaraindahsuak 
FB Muara Indah Suak 

________________
#muaraindahsuak #pantaimuaraindahsuak #pantailampung #pantailampungselatan #wisatalampung #wisatalampungselatan #piknik #healingvibesonly",Attraction,,ocean,coast,beach,lagoon,islet,wave,cliff,ice floe,promenade,harbor
https://www.instagram.com/p/C3KNX1Ar1N3/,410.jpg,2/10/2024 8:01,"[FEBRUARI]
Sama seperti lagunya awan dan alam saling menyatu☁️🌿

#wisatalampung #tempat_wisata_lampung #wisata #wisatalampungselatan #lautlampung #lampunginsta #lampunghits #mercusuar #diataspermukaanlaut #menyatudenganalam🌱🌳🌲 #menyatudenganalam #post #likesforlike #like kelampungyuk #kelampung_geh #lampungku #lampungkuybareng #lampungkuybareng #jalanjalan #jalanjalanbareng #wisatalampung #lampungeksis #lampungstore #wonderful #infolampung #infolampungtengah #Bandarlampung #inilampungyay #inilampung #wisata_lampungme",Attraction,,ocean,cliff,coast,interior,islet,sky,boardwalk,lagoon,mountain path,beach
https://www.instagram.com/p/CK0T6F9l5d8/,411.jpg,2/3/2021 4:53,"Bangun dan sadarlah bahwa ada pemandangan indah diluar rumahmu yg sedang menunggumu 

#mytripmyadventure 
#pesonaindonesia 
#travellerindonesia 
#jalanjalan 
#wisatalampungselatan 

@mytrip_myadvntrindonesia 
@pesona_lampung 
@backpakerindonesia 
@sahabattravellerlampung 
.
.
.
.
.
.
.
LOKASI :// Bukit Pematang Sunrise - Dusun Kayutabu, Kelawi, Kec. Bakauheni, Kabupaten Lampung Selatan, Lampung 35592
.
.
.",Attraction,,rice paddy,archaelogical excavation,cultivated,construction site,farm,vegetable garden,vineyard,trench,valley,formal garden
https://www.instagram.com/p/CPoDWOWsGCM/,412.jpg,6/2/2021 17:15,"Biasa nya cuaca lagi panas atau hujan lebat, enak nya neduh sambil ngopi sembari melihat arus air yang terus mengalir tanpa henti...seperti kasih sayang kamu ke dia yang tak ada ujung nya... 

#wisatalampung 
#wisatalampungselatan",Attraction,,outdoor,pavilion,picnic area,village,outdoor,campsite,beer garden,slum,exterior,stable
https://www.instagram.com/p/ChMdPq1P9h9/,413.jpg,8/13/2022 9:27,"Terimakasih sudah berkunjung 😊🙏

📍@muaraindahsuak 
Jl. Raya Suak Desa Suak Kec. Sidomulyo Lampung Selatan 

_______________
Follow & tag foto kamu 
IG @muaraindahsuak 
FB Muara Indah Suak 

________________
#muaraindahsuak #pantaimuaraindahsuak #pantailampung #pantailampungselatan #wisatalampung #wisatalampungselatan #piknik #healingvibes",Attraction,,beach,ocean,lagoon,coast,wave,islet,promenade,cliff,swimming hole,beach house
https://www.instagram.com/p/CcJevyiPq26/,414.jpg,4/9/2022 23:06,"Ceritaku 

#healthylifestyle #pantai #jalanjalan #wisatalampung #wisatalampungselatan #ootdhijab #ootdinspiration",Attraction,,beach,ocean,coast,ice shelf,ice floe,vegetation,snowfield,canyon,cliff,lagoon
https://www.instagram.com/p/CUrCiBBvajy/,415.jpg,10/6/2021 3:42,"@pematang_sunrise cocok untuk berlibur di saat pikiran kamu lagi kacau dan menghilangkan rasa lelah ditubuh kamu💫
____
____
____
____
Ayo jangan pikir dua kali untuk berlibur di @pematang_sunrise ✨💫
____
____
____
____
📸@alazis003 
📍@rizkysaputra01.official ____
____
____
____
Loc📍jln.permata batu Alif / pematang malang 
Dusun kayu-tabu Desa Kelawi kec Bakauheni Lampung Selatan .
____
____
Flw⬇️
_______________________
@mulimanaiujungaspal
•••••••••••••••••••••••••••••••••
°°
°°
°°more info : +62 895-1936-9799
°°
°°
..📌TEMPAT
➡️JLN. PERMATA BATU-ALIF/  PEMATANG MALANG.
➡️DESA KELAWI.
➡️DUSUN KAYU-TABU.
➡️KEC.BAKAUHENI.
➡️KAB.LAMPUNG SELATAN.
.
°°

GO IFTA! 
KEEP MOVING PEMATANG SUNRISE !
LETS GO LAMPSEL
BANGKIT PARIWISATA INDONESIA 🇲🇨
SALAM EXPLORASI 💪

Adaptasi Kebiasaan Baru
Berwisata Aman dengan Protokol Kesehatan

#prewedding #preweddingphotography #photography #photographer #preweddingshoot #prewedingmuslim #photoprewedding @iftaassociation
@riniariasih
@kutaheriawan
@sahabattravellerlampung
@apalampung
@bg_lpgkece
@parapejalanlampung
@lampuung @lampungselatanexplore @pesonalampunng @syah_herwan@dianarsaf #ramahtamahjelajah

#teamexploreifta2021
#pariwisatalampungselatan ____
____
#lampungwisata #lampunggeh #lampung #lampungselatan #lampungpunyabrand #lampunghits #lampungselatanamezing #lampungyay #wisataindonesia #wisatalampung #wisata #wisatalampungselatan #bakauheni #bakauhenilampung #gerbang_sumatra_seller #camping #camp #campcamp #sunmori",Attraction,,tree house,pier,boardwalk,water tower,windmill,lighthouse,vineyard,valley,boathouse,promenade
https://www.instagram.com/p/CUkCb3Rhymw/,416.jpg,10/3/2021 10:27,"Tidak ada mimpi yang terlalu tinggi untuk digapai, yang ada hanyalah niat yang rendah untuk melangkah 🪂

#wisatalampung#lampungselatan#paralayang#perengananteng#wisatalampungselatan#happy#sunday#fly#littlefighter",Attraction,,mountain path,rope bridge,tree farm,mountain,rainforest,valley,canyon,forest path,rock arch,arch
https://www.instagram.com/p/CL5vd7hMyyM/,417.jpg,3/2/2021 4:02,"#Repost @abid_rabbani28
• • • • • •
Desa Way Hui Lampung Selatan

😱 Bersejarah dan misterius ungkapan yang tepat untuk tempat ini. Konon, batu ini sudah ada sejak zaman kolonial Belanda. Penamaannya pun beragam seperti “Batu Lingguh”, “Mini Stone” dan ada juga yang menyebutnya “Tugu Empat”.
. 
🌍 Lokasi : Batu Lingguh/Mini Stone/Tugu Empat, Desa Way Huwi, Kec.Jati Agung, Kab.Lampung Selatan, Prov.Lampung, Indonesia. 
. 
#kelampungaja #lampungdong #pejalankakilampung #lampungtok #lampungkuy #lampungselatanig #lampungmu #lampungselatanexplore #pejuangpesonalampung #mata_lampungku #ekspedisisumatera #lampungme_ #bolang_lampung #lampung_light #wisata_lampungme #lampungselatan #wisatalampungselatan #batulingguhlampung #tuguempatlampung #ministonelampung",Attraction,,rice paddy,ruin,castle,oast house,village,tower,outdoor,mausoleum,barn,burial chamber
https://www.instagram.com/p/CYTAEKTriCi/,418.jpg,1/4/2022 5:45,"Suara deburan ombak bikin candu💙
.
#janah2410 #storyaesthetic99 #ａｅｓｔｈｅｔｉｃ#selebgramlampuung #selebgramlampung_id #selebgramlampung_ #selebgramindonesia #ootdstyle #ootddaily #ootdfashion #wisatalampung #wisatalampungselatan #selebgram_lampung_id #pantaimarinakalianda #pantaimarinalampung #pantaimarina #fypシ #fypinstagram #fypindonesia #fff💋 #lfl💛 #fff😊 #lll #lflfff❤ #ombakpantai",Attraction,,lagoon,islet,coast,cliff,ocean,beach,sky,wave,rock arch,river
https://www.instagram.com/p/CKVmJhnpBd1/,419.jpg,1/22/2021 6:36,"Hati akan merasa tenang jika kita yakin apapun yg luput dari kita bukanlah takdir kita,dan apapun yg ditakdirkan untuk kita tak akan luput dari kita..
 
#pantaitapakkera 
#wisatalampungselatan",Attraction,,rock arch,grotto,cliff,arch,canyon,aqueduct,river,watering hole,creek,swimming hole
https://www.instagram.com/p/CYbpsa3v0So/,420.jpg,1/7/2022 14:22,"Sendiri itu tenang, selebihnya kesepian
.
.
📸 @baguspangestu31 
.
#SebalangBeach #lampung #lampunginsta #potretlampung #explorelampung #wisatalampung #wisatalampungselatan #lampunghits #lampungkece",Attraction,,ocean,iceberg,islet,lagoon,natural,harbor,sky,coast,ice floe,river
https://www.instagram.com/p/Cfyu0Xdr2uz/,421.jpg,7/9/2022 13:09,"Wisata Jati Agro Farm yang ada di Jatimulyo Lampung Selatan sekarang ada kolam renangnya. 

Cek video dan info lengkapnya di channel YouTube Jani Master, LINK ada di profil. 

#wisatabandarlampung #wisatalampung #wisatalampungselatan #jatimulyo #jatiagro #jatiagrofarm #wisatajatiagro #wisatadilampung",Attraction,,water park,outdoor,amusement park,fishpond,patio,playground,roof garden,outdoor,carrousel,indoor
https://www.instagram.com/p/CXix38Cl_QJ/,422.jpg,12/16/2021 12:17,"Mention orang yang ingin kamu ajak ke pulau Pahawang island 🥰

-
Private trip, adalah favorit pilihan yang tepat untuk tour.

-
[ Fasilitas ]

∆ Kapal xplore pulau
∆ maksimal 5 pulau dan pantai
∆ 1 set alat snorkeling ( mask, pelampung )

_________________________________________________________

More info and reservation :
☎️ Cp/wa : +62 83168234908

-

-
---------------------------
 -----------------------------

#travel #sunset #travelgram #vacation #wisatalampungselatan #beach #lampunghits #pesonaindonesia #opentrippahawangmurah #palembangupdate #sewakapalmurah #kelagianlunik #pasirtimbullampung #liburanmurah #lampunggeh",Attraction,,boat deck,pier,promenade,harbor,ocean,bridge,coast,lagoon,islet,natural
https://www.instagram.com/p/Cfj7dgrBvGn/,423.jpg,7/3/2022 19:11,"Wake Me Up When I Care...
.
.
.
📍Pulau Sebesi, Lampung
#explorelampung #pantaisebesi #visitlampung #explorepantai #solotravelling #solotraveller #canoing #infopandeglang #travelphotography #photography #nature #travelgram #pickoftheday #instagood #snorkeling #instatravel #adventure #travelblogger #trip #landscape #naturephotography #pulausebesi #sebesiisland #wisatakrakatau #wisatalampungselatan #exploresebesi #gunungkrakatau #explorekrakatau #gunungkrakatau",Attraction,,swimming hole,hot spring,creek,waterfall,zen garden,cliff,watering hole,pond,river,fountain
https://www.instagram.com/p/CSX7c7ZhC4N/,424.jpg,8/10/2021 0:32,"🐎 Hewan pun mempunyai hati. Jika kita tak melukainya, maka ia pun tak akan melukai kita. 
————————————————
🌍 Lokasi : Kampung Kuda, Desa Gedung Agung Kec.Jati Agung, Kab.Lampung Selatan, Prov.Lampung, Indonesia. 
. 
#lampung #mampirlampung #pesonatraveller  #lampungtraveling #ingetlampung #jelajahlampung #lampungable #lampungselatanexplore #lampungselatanig #disparbudlamsel #lampungselatanamazing #lampungselatan #kampungkuda #jatiagung #wisatalampungselatan
Reposted from @abid_rabbani28",Amenities,Fasilitas Berkuda,playground,park,amusement park,water park,yard,botanical garden,picnic area,vegetable garden,beer garden,orchard
https://www.instagram.com/p/CfTnz5qplwl/,425.jpg,6/27/2022 11:12,"''Kalo mau tau asli nya gua
Main sama gua
Duduk berdua
Kita ngopi
Kalo dari cerita orang mah
Gua kebagian brengseknya doang 😁.''
.
.
.
.
.
#wisatalampung #wisatalampungselatan #wisatakalianda #lampungselatanexplore #wisataindonesiakeren🇲🇨",Attraction,,ice shelf,iceberg,ice floe,glacier,crevasse,cliff,ocean,coast,snowfield,mountain snowy
https://www.instagram.com/p/CkQSSBIBH8U/,426.jpg,10/28/2022 10:43,"-✈️
.
Sudah akhir pekan aja ni kak, masih bingung mau kemana weekend kali ini, eitsss kagak usah bingung, Air terjun Citiis solusinya.

Air Terjun Citiis ini, merupakan satu dari beberapa objek wisata alam Air Terjun di Kabupaten Lampung Selatan.

Lokasi Air Terjun yang berada di bawah kaki Gunung Rajabasa dengan dikelilingi pohon-pohon hutan alami. Keindahan Air Terjun Citiis sangatlah menggoda untuk didatangi.

Hijaunya pepohonan khas Gunung Rajabasa yang masih alami, serta batu hitam dengan hiasan lumut menjadi pemandangan yang menyejukan mata.

Riak suara air yang turun dari ketinggian sekira 10-20 meter, seolah menjadi irama syahdu.
Perjuangan melelahkan, track memacu andrenalin akan terbayarkan sudah, kala mata menatap dan merasakan langsung kesegaran Air Terjun Citiis.
If @ekamaulanaiqbal_18

📍 Air Terjun Citiis, Rajabasa, Lampung Selatan.

🏅From @demenalam

#curug #waterfall #explorelampung #lampungselatan #wisatalampungselatan  #lampungmoment #visitlampung #wisatalampung #pesonalampung #genpilampung #pesonaindonesia #lampunggeh #lampunghits #lampungeksis #lfl #likeforlikes #likeforfollow #inilampungyay #potretlampung #lampunginsta #parapejalanlampung #pendakilampung #travellerlampung #lampungkece  #lampungpedia  #alamlampung #nature #instagood  #travelingindonesia #traveling",Attraction,,waterfall,rainforest,creek,mountain,river,canyon,cliff,hot spring,grotto,swimming hole
https://www.instagram.com/p/CYMCKIGFfH0/,427.jpg,1/1/2022 12:48,"Search wisata lampung

.
.
#kaliandaresort #alaualauresort #lagunabeach #lagunaalaualau #wisatalampungselatan #wisatalampung #pesonalampung #wisataindonesia #travellerindonesia #indovidgramvideo #lampungvidgram #lampungwisata #lampungtrip ##pesonaindonesia #trans7 #jelajahindonesia #travelling #lampungeksis #potretlampung #pikniklampung #explorelampung #lflflflflflflfl",Amenities,Lummay Villa Dan ResortsAlau Alau Boutique Resort Kalianda,porch,mezzanine,exterior,staircase,jail cell,fire escape,interior,patio,tree house,motel
https://www.instagram.com/p/CLUqbkVHvU7/,428.jpg,2/15/2021 18:26,"Ditanganmu segalanya jadi luar biasa, thanks...
Prewed @pantai_keduwarna
Repost :@hansphotography_09 
#pantai_keduwarna
#preweddingphotography
#prewedding#pantai #wisatalampungselatan #wonderfullampungselatan #dinaspariwisatalampungselatan #kaliandaig",Attraction,,beach,coast,ocean,cliff,sky,wave,beach house,promenade,lagoon,vegetation
https://www.instagram.com/p/CPDDwnsBM52/,429.jpg,5/19/2021 8:26,"Carilah tempat dimana kmu di hargai bukan dibutuhkan, karena banyak orang yang butuh tapi lupa caranya menghargai. ⚪️

#Lampungpunyacerita
#janganmenyerah 
#janganlupabersyukur 
#janganlupabahagia 
#lampunghits 
#lampunggeh 
#wisatalampungselatan 
#Kalianda
#lampunggeh 
#Bujangsumatera
#Minang
#Jawa
#Sunda
#Lampung
#Indonesia",Attraction,,coast,cliff,landfill,trench,archaelogical excavation,swimming hole,creek,hot spring,beach,ocean
https://www.instagram.com/p/DQVSQ0AkpBI/,430.jpg,10/28/2025 0:20,"HOLIDAY TRIP BY PT ANDINI TOURS & TRAVEL❤️✨

______________________________________________
Bingung mikirin liburan akhir tahun ke mana???
Tenang sobat!!! ANDINI TOURS & TRAVEL siap menemani liburan para sahabat!!!!

Info trip:081271103187

#pahawangmurah #pahawanglampung #pahawangislandlampung #pahawangtrip #pahawangbeach #telukhantu #telukhantupesawaran #telukhantulampung #fyp #fypppppppppppppppppppppppppppppppppppppppppppppppppppppppppppppppppppppp #fypシ❤️💞❤️ #wisatalam #wisatalampung #wisatalampungku #wisatalampungselatan",Attraction,,ticket booth,landfill,outdoor,slum,promenade,outdoor,beach house,medina,boardwalk,clothing store
https://www.instagram.com/p/C0dWKwrycLB/,431.jpg,12/5/2023 4:49,"Menghidupkan kembali momen ini 😍

#deogratias #happiness #grateful #marinalampung #pantaimarinalampung #wisatalampungselatan",Attraction,,ice floe,ice shelf,glacier,snowfield,mountain snowy,ski slope,crevasse,wave,iceberg,coast
https://www.instagram.com/p/CO9Y4uoFjGP/,432.jpg,5/17/2021 3:36,"""Hidup itu bukan tentang memiliki dan mendapatkan, tetapi tentang memberi serta menjadi ""sesuatu"".""

Pantai Batu Rame, Kalianda, Lampung Selatan

#lampung #lampunghits #lampunggeh #lampungselatan #lampungwalk #lampungwawai #lovelampung #lampunginsta #lampunggham #lampungmoment #lampungyay #lampungkeren #pikniklampung #explorelampung #wisatalampung #wisatalampungselatan #pesonalampung #pesonapantai #ayodolan #pariwisata #explorelampung #lampung_geh #explorekalianda #pantaibaturame #pesonapantai #ayodolan #infokyai #lampungwah #lampunghelau",Attraction,,ocean,coast,cliff,islet,wave,iceberg,beach,ice floe,lagoon,lighthouse
https://www.instagram.com/p/CR7tNX-he35/,433.jpg,7/30/2021 1:29,"👋🏻 ROJAIP (Rombongan Jadi Ngetrip) 

Kapan terakhir kalian ke sini cuy ??? ...

————————————————
🌍 Lokasi : Teropong Kota Kalianda, Desa Sumur Kumbang, Kec.Kalianda, Kab.Lampung Selatan, Prov.Lampung, Indonesia. 
.

#Repost @abid_rabbani28
...

#lampungtok #jalanjalandilampung #lampungselatanexplore #lampungberwisata #lampungselatanig #lampungtraveling #kaliandaig #surganyalampung #lampungmu #lokal_kalianda #lampungme #jejaklampung #disparbudlamsel #lampungselatanamazing #khamkalianda #wisata_lampungsai_ig #lampungselatan #teropongkotakalianda #kalianda #wisatalampungselatan",Attraction,,park,playground,picnic area,cemetery,topiary garden,lawn,outdoor,yard,beer garden,campus
https://www.instagram.com/p/C65ePiALD_W/,434.jpg,5/13/2024 6:07,"Siang Bolong Gini Enaknya Sih Nyebur Di @way_tebing_ceppa 🤗

☑ Salam kenal teman-teman, Kepoin kita dong. Yuk follow & saling support. Kunjungi channel yoututube kami juga ya (link ada di bio/profil/disematkan)

#waytebingceppa #wisatalampungku #wisatalampungselatan #wisataalamindonesia #pemandianalam #potretlampung #kaliandahits #potretkece",Attraction,,botanical garden,rainforest,park,japanese garden,formal garden,picnic area,forest road,zen garden,boardwalk,driveway
https://www.instagram.com/p/CdTFRCCJxcP/,435.jpg,5/8/2022 13:07,"Kurang darah AE mumet,OPO eneh kurang perhatianmu.....piuuuuupiuuuupiuuuuu...
Foto terakhir bonus 😂😂
#lblb💙 #lfl💛 #folowforfolowback #followers #hijabers #pantaikeduwarna #pantaikedu #holiday #fff #三代目jsoulbrothers #lampungselatan #wisatalampungselatan",Attraction,,beach,lagoon,coast,ocean,promenade,ice shelf,wave,vegetation,islet,cliff
https://www.instagram.com/p/CpAaHkZy_KT/,436.jpg,2/23/2023 13:20,"🔁 Repost : @a_lkmn 

 ""Tidak ada yang lebih indah, daripada melihat kegigihan laut yang menolak berhenti mencumbui bibir pantai. Meski berkali-kali harus menjauh terbawa arus"".
.
.
.
📍 Minang Rua Bahari, Lampung Selatan
.
.
.
Follow : @barbar_adventure_indonesia 
Tag : #barbar_adventure_indonesia 

#wisatalampung #wisatalampungselatan #minangruabeach #barbar_adventure_indonesia #explore",Attraction,,lagoon,beach,coast,ocean,cliff,islet,wave,sky,swimming hole,snowfield
https://www.instagram.com/p/Cy3Uov-P21Q/,437.jpg,10/26/2023 13:53,"We travel not to escape life, but for life not to escape us…

#thetyos #travellercouple #adventurouscouple #growoldtogether #kakeknenekpetualang #pantaimarinakalianda #pantaimarinalampung #pantaimarinalampungselatan #pantailampung #pantailampungselatan #wisatalampung #wisatalampungselatan #lampunghits #explorelampung #explorelampungselatan #wisatapantailampung #wisatapantailampungselatan",Attraction,,lagoon,islet,coast,ocean,swimming hole,beach,cliff,natural,mountain,valley
https://www.instagram.com/p/C3xKgT7Pwo6/,438.jpg,2/25/2024 11:06,"[ OUTBOUND SERU DI LAMPUNG UDAH PASTI BARENG KAMI ]
. 
✨ Yuk maksimalkan kegiatan outbound kalian bareng kami @restubumioutbound.
_______________________
🏝️ RBA - TOUR PACKAGES 
▪️Wisata Alam
▪️Wisata Desa
▪️Minat Khusus
▪️Outbound Training
▪️Family & Corporate Gathering
.
----More information-----
• Kontak : 
> 081271046209 (Admin 1) 
> 081272477622 (Admin 2)
• Instagram : @restubumiadventure 
• Facebook : Restu Bumi Adventure 
• Tik Tok : @restubumiadventure64
• Youtube : Restu Bumi Adventure 
• Website : www.restutour.co.id
• Email : restubumiadventure64@gmail.com
. 
#restubumiadventure #restubumi #adventure #pariwisata #pariwisatalampung #wisatalampung #paketoutboundmurah #paketwisatamurah #pahawanglampung #triplampung #outbond #outboundlampung #wisataalampung #lampung #pantaidilampungselatan #wisatalampungselatan #lampunggeh #paketoutboundlampung #jasaoutboundlampung #mbeachkalianda #pantaiembekalianda",Ancillary,Kelompok Wisata,park,playground,tree farm,plaza,campus,picnic area,yard,outdoor,beer garden,botanical garden
https://www.instagram.com/p/ComkIkCybob/,439.jpg,2/13/2023 12:28,"photo family
#couplesyah#kalianda #wisatakalianda #wisatalampungselatan #pantaikalindalampung #kaliandahits #pantaikalianda #jalanjalankalianda #lampungselatanexplore #pantailampungselatan #kalianda #pantaiaranglampung #jasaphotopantaikalinda #tempatwisatalampung #wisatalampungselatan #photofamilykalinda #photofamily #photofamilyoutdoor #farrsofampict",Attraction,,beach,coast,ocean,outdoor,wave,lagoon,beach house,snowfield,vegetation,ice floe
https://www.instagram.com/p/CQOY314Bc7b/,440.jpg,6/17/2021 14:34,"Perjalanan masih panjang, moga kita selalu dimudahkan dan dikuatkan oleh Allah Sang Maha Pemberi Kehidupan.
.
.
.
#tadabburalam  #bukitpematangsunrise  #lampunghits  #lampungexsplore  #wisatalampungselatan  #wisatalampung #kelampung_geh  #inspirasihidup",Attraction,,interior,pier,boardwalk,boathouse,ocean,promenade,natural,coast,boat deck,exterior
https://www.instagram.com/p/CPc-segsu6v/,441.jpg,5/29/2021 10:02,"Nikmatnya mandi di wisata batu kincir..... Sejuuuukkkkkkk

#wisatalampungselatan",Attraction,,swimming hole,creek,hot spring,fishpond,rainforest,zen garden,river,pond,raft,watering hole
https://www.instagram.com/p/CpKw86Kyz4A/,442.jpg,2/27/2023 13:52,"Kadang kita perlu datang ke tempat baru agar lebih bersyukur☺️

-📷 @elviraaripratwi

-@lummayvillaresort 
-@minangruabeach_inn 

-📍Pantai Minangrua, lampung selatan 

#ciwiciwi_aesthetic #wisatalampungselatan #minangruabeach",Attraction,,promenade,boardwalk,driveway,beach house,residential neighborhood,lawn,campus,yard,park,patio
https://www.instagram.com/p/Cfl16lhpfrp/,443.jpg,7/4/2022 13:01,"Aromamu candu buatku 🏝
.
.
.
📍Pulau Sebesi, Lampung
#explorelampung #pantaisebesi #visitlampung #explorepantai #solotravelling #solotraveller #canoing #infopandeglang #travelphotography #photography #nature #travelgram #pickoftheday #instagood #snorkeling #instatravel #adventure #travelblogger #trip #landscape #naturephotography #pulausebesi #sebesiisland #wisatakrakatau #wisatalampungselatan #exploresebesi #gunungkrakatau #explorekrakatau #gunungkrakatau",Attraction,,beach,coast,lagoon,ocean,cliff,sky,islet,wave,promenade,outdoor
https://www.instagram.com/p/CrkZpNqLeLT/,444.jpg,4/28/2023 5:52,"Menara siger Lampung..
#menarasiger 
#wisatalampungselatan 
#bakahuneilampung 
#lampunggeh",Attraction,,promenade,boardwalk,racecourse,interior,highway,park,pier,bridge,vineyard,coast
https://www.instagram.com/p/CPTLW7mnRad/,445.jpg,5/25/2021 14:41,"Berasa pantai pribadi 😁🌅
.
.
.
.
#lampunghits #lampungselatan #lampunggeh #wisatalampungselatan #pantaikedu",Attraction,,beach,coast,watering hole,lagoon,ocean,vegetation,runway,natural,cultivated,airfield
https://www.instagram.com/p/ChMdYtwPL5L/,446.jpg,8/13/2022 9:29,"Terimakasih sudah berkunjung 😊🙏

📍@muaraindahsuak 
Jl. Raya Suak Desa Suak Kec. Sidomulyo Lampung Selatan 

_______________
Follow & tag foto kamu 
IG @muaraindahsuak 
FB Muara Indah Suak 

________________
#muaraindahsuak #pantaimuaraindahsuak #pantailampung #pantailampungselatan #wisatalampung #wisatalampungselatan #piknik #healingvibes",Attraction,,beach,ocean,lagoon,coast,islet,wave,cliff,ice shelf,beach house,ice floe
https://www.instagram.com/p/CxcFCq8R4kJ/,447.jpg,9/21/2023 3:26,#lampungselatan #bakauheni #minangruabeach #pesonaindonesia #wisatalampungselatan #wisatalampung #wisataindonesia #beach,Attraction,,beach,lagoon,swimming hole,ocean,coast,wave,islet,hot spring,landfill,river
https://www.instagram.com/p/CMGZlCknUY9/,448.jpg,3/7/2021 2:01,"✨ KUNJUNGAN KE POKDARWIS/BUMDES/KOPERASI ✨
. 
👥 Nama Mahasiswa : 
• M. Abid Rabbani (20756044)
• Nadiya Shabrina (20756046)
• Salsa Zulya Putri (20756052) 
. 
💯 Wisata Alam Gunung Batu dikelola resmi oleh Kelompok Sadar Wisata (POKDARWIS) yang bekerja sama dengan Badan Usaha Milik Desa (BUMDES) Desa Srikaton.
. 
💫 POKDARWIS sendiri merupakan lembaga kelompok masyarakat yang dibentuk untuk menjalankan kepariwisataan di Desa Srikaton serta bisa menciptakan sapta pesona. POKDARWIS Wisata Gunung Batu disahkan pada tanggal 10 Oktober 2019. Agar keberadaan kepariwisataan Gunung Batu bisa berjalan dengan baik dan kondusif maka diadakan kerja sama dengan Badan Usaha Milik Desa (BUMDES) Desa Srikaton.
. 
🌍 Lokasi : Wisata Alam Gunung Batu, Desa Srikaton, Kec.Tanjung Bintang, Kab.Lampung Selatan, Prov.Lampung, Indonesia. 
. 
#politekniknegerilampung #polinela #mahasiswapolinela #perjalananwisatapolinela #pwpolinela #anakpariwisata #pariwisatapolinela #kuliahpariwisata #tugaslapangan #pokdarwis #pokdarwislampung #bumdes #tatakelolaobjekwisata #anakkuliah #mahasiswalampung #mahasiswa #lampung #wisatalampung #lampungselatan #wisatalampungselatan #desasrikaton #gunungbatu",Ancillary,Kelompok Wisata,formal garden,park,vegetable garden,botanical garden,vineyard,amusement park,orchard,playground,mountain path,forest path
https://www.instagram.com/p/CvhcZCRr7Mm/,449.jpg,8/4/2023 12:24,"""Sebuah liburan terbaik diukur dalam teman, bukan cuma jarak tempuh.""
.
.
.
.
@piknikkalianda 
@__her.mawan 
.
.
.
.
#pikniklampung #wisatalampung
#pantaikedu #pantaikedulampungselatan #wisatakalianda #wisatalampung #wisatalampungselatan #pantaikalianda #lampunghits #lampung #bglampungkece #lampunggeh #lampungkece",Attraction,,sandbox,ball pit,campsite,pond,yard,botanical garden,park,pet shop,playroom,patio
https://www.instagram.com/p/CXbYFfCP1v9/,450.jpg,12/13/2021 15:17,Wisata Perengan Anteng Karang Anyar Lampung Selatan 🏞️✨😊 #wisata #wisatalampung #wisatalampungselatan #perengananteng,Attraction,,botanical garden,formal garden,park,roof garden,driveway,vegetable garden,indoor,orchard,topiary garden,oast house
https://www.instagram.com/p/CW-T90RrZgY/,451.jpg,12/2/2021 8:23,"Kapan kita berlibur ketempat ini,berenang dengan menikmati indahnya pemandangan alam😁

📍Way Benteng Kedangaan (WKB) , Kalianda, Lampung Selatan 
Credit @info_wisatabdl 

#azana #azanahotels #aerofrontonecabinlampung #waybentengkedagaan_wbk  #wisatalampungselatan  #wbk",Attraction,,water park,outdoor,formal garden,fishpond,botanical garden,pond,amusement park,rainforest,roof garden,lagoon
https://www.instagram.com/p/CPGqpqsLlc1/,452.jpg,5/20/2021 18:04,"Bosen di rumah? Cus aja ke air terjun way tayas

#wisatabandarlampung#lampunghits#lampungeksis#explorlampung#lampunggehh#wisatalampung#wisatalampungselatan",Attraction,,waterfall,rainforest,mountain,creek,canyon,swimming hole,hot spring,river,cliff,valley
https://www.instagram.com/p/CnlNYtMrqm4/,453.jpg,1/19/2023 3:18,"Masih blm move on dr @lummayvillaresort 🤭
.
.
.
.
.
.
.
.
.
#healingsejenak 
#wisatalampungselatan
#pantaiminangrua 
#lummayvillaresort",Amenities,Lummay Villa Dan Resorts,interior,restaurant patio,beach house,patio,beer garden,promenade,exterior,restaurant,cafeteria,boardwalk
https://www.instagram.com/p/DTx8EvmEo6u/,454.jpg,1/21/2026 16:58,"Moment With Family

Venua @pantai.marina.official 

#familytime #momentkeluarga #familyphotography #family #gatheringfamily #wisatalampungselatan #lampungselatanexplore #keindahanlaut #photoshoot #keluargabahagia #momentbersamakeluarga",Attraction,,promenade,porch,playground,picnic area,interior,pier,boardwalk,baseball field,exterior,pavilion
https://www.instagram.com/p/CQtA8OfjsoG/,455.jpg,6/29/2021 12:01,"Self healing....

#pantaipasirputihlampung #wisatalampungselatan #remajaindonesia",Attraction,,lagoon,beach,islet,coast,ocean,sky,wave,cliff,promenade,beach house
https://www.instagram.com/p/CPN98jiggm7/,456.jpg,5/23/2021 14:07,"Pose diatas batu pinggir jurang macam ini aja, Saya dan keluarga sudah senang bukan kepalang!.🥰🥰🥰
.

Menciptakan momen bahagia bersama keluarga itu gak harus Mevvah kok!. Dateng ke spot wisata yang punya view dermaga Bakauheni dan kawasan pesisir Lampung Selatan begini aja udah bahagia  banged!😊😊😊
.
.
Lokesyen ; @pematang_sunrise @pematang_sunrise @pematang_sunrise @pematang_sunrise 
.
.
.
Gimana Weekend kalian? Always Happy yaaaa ....
.
.
Capture moment by @firman.uno 
.
.
.
#familyqualitytime #myfamilymyteam #myfamilyismyeverything #mylovelyfamily #duniaindra #travelblogger #pariwisataindonesia #pariwisatalampung #pariwisatalampungselatan #pematangsunrise #wisatalampungselatan #pematangsunriselampung #pematangsunrisebakau #wisatabakauheni #indrapradyamclampung #indrapradyalampung #indrapradyafamily #selampung #kelilinglampung #infolampung #lampunghits #lampunggeh",Attraction,,coast,islet,cliff,beach,ocean,lagoon,swimming hole,natural,river,wave
https://www.instagram.com/p/DUACwNtDpS1/,457.jpg,1/27/2026 4:26,#junglesealampung #wisatalampungselatan #jusjumbo #jusbuahasli,Amenities,Fasilitas Kuliner,fabric store,indoor,art studio,pet shop,toyshop,gift shop,art school,clothing store,department store,candy store
https://www.instagram.com/p/DNFa9YGBlU0/,458.jpg,8/8/2025 6:54,"One day , you will be living the life you prayed for

Kepingan Surga di Lampung.,
📍 Pantai Gigi Hiu , Lampung Selatan

#gigihiu #gigihiulampung #lampunggehnews #lampunggehhh #explorelampungselatan #lampungselatan #gigihiubeach #gigihiulampungtanggamus",Attraction,,cliff,coast,ocean,islet,landfill,wave,iceberg,rock arch,beach,lagoon
https://www.instagram.com/p/DP_OBJukYEp/,459.jpg,10/19/2025 10:40,"Yang lagi diLampung bisa bawa anak-anak ke @jungleseaofficial nih, uwo, anjeng dan ibing Happy, Popom Momomnya juga Happy 🤗🥰

#explorelampungselatan 
#wisatalampung 
#junglesea",Attraction,,promenade,boardwalk,pier,snowfield,outdoor,beach house,beach,coast,ocean,landfill
https://www.instagram.com/p/C75_5yESWDi/,460.jpg,6/7/2024 7:32,"Si topi jerami. 👒 
.
.
.
.
.
.
.
.
.
.
.
 #kalianda #kaliandabeach #kaliandaig #lampung #lampunggeh #explorelampung #explorelampungselatan #lampungselatan  #riobeach",Attraction,,promenade,outdoor,beach house,beach,coast,ocean,outdoor,boardwalk,vegetation,campsite
https://www.instagram.com/p/DLZfpfLypXe/,461.jpg,6/27/2025 8:57,#explorelampungselatan #pulauumangumang,Attraction,,lagoon,ocean,islet,coast,beach,sky,cliff,wave,swimming hole,lighthouse
https://www.instagram.com/p/CkHWyTEvQLa/,462.jpg,10/24/2022 23:29,"Kali ini di meja enggak ada kopi dan gorengan, hanya tersedia tisu-tisu menghapus belek di matamu 
.
.
.
.
.
.
.
.
.
.
.
.
🍁Bukit Slimpuyang, Sidomulyo, Lampung Selatan
.
.
.
.
.
.
.
.
.
.
.
.
#lampungeksis #lampungsemakineksis #koncodolanlampung #explorelampung #lampunginsta #wajahlampung #ilovelampung #sidomulyolampungselatan #bukitslimpuyang #explorelampungselatan #lampungtourid #LampungGeh #lampungkece #wisata_lampungme #lampungindonesia #lampungselataninfo #kelampunggeh #lampungselatan #backpakerindonesia #lampungkece #trendinglampung #nyapalampung #menyapalampung #lampuung #inilampungyay #potretwisataindonesia #hellolampung #kelilingindonesia #travellingnusantara #likesforlike #follow4followback",Attraction,,campsite,tundra,marsh,corn field,wheat field,farm,sky,field road,valley,vegetation
https://www.instagram.com/p/DNziCJJ4goM/,463.jpg,8/26/2025 4:41,"Ketika laut, gunung, langit bersatu 🥹

#explorelampungselatan #exploreindonesia #traveladdict #indonesia_traveler #pulausebesi #girlstyle #ootd #beachvibes #beachday #girltraveler #indonesia_photography",Attraction,,lagoon,islet,natural,beach,volcano,coast,river,mountain,swimming hole,hot spring
https://www.instagram.com/p/Cpo4DCvvezW/,464.jpg,3/11/2023 6:32,"Main kuda diPantai? Disini juga ada loh😁

#explorelampungselatan 
#explorelampung",Attraction,,ocean,beach,coast,sky,wave,snowfield,cliff,vegetation,glacier,lagoon
https://www.instagram.com/p/CnoCLLuvBNu/,465.jpg,1/20/2023 5:38,"Have more quality time at this beautiful Private Beach with your Loved one! 

Make your reservation now at @alaualauboutiqueresort 

Foto credit : @billy.yoga

#alaualaubeach #alaualau #alaualauresort #kaliandabeach #kalianda #kaliandalampungselatan #kaliandaig #kaliandaresort #kaliandahits #lampung #lampunginsta #lampunghits #lampungkece #lampungselatan #explorelampung #explorelampungselatan #PRIVATEBEACH",Attraction,,wave,beach,ocean,coast,vegetation,ocean deep,lagoon,cliff,ice shelf,hot spring
https://www.instagram.com/p/DByRVz3vcoe/,466.jpg,10/31/2024 10:39,"✨ Ciptakan momen bahagia bersama keluarga kecilmu ✨

📌 Pantai Marina

#pantaimarina #pantaimarinakalianda #pantaimarinalampungselatan #wisatalanpung #explorelampungselatan #fotokeluarga",Attraction,,beach,ocean,wave,coast,promenade,cliff,lagoon,sky,boardwalk,ice shelf
https://www.instagram.com/p/ClpSJddhbcT/,467.jpg,12/2/2022 0:14,"Alau Alau Permanent Cottage

1 bed room
2 bed room
Royal Family 

Lagoon view
Room include Breakfast
Free mineral water
King size bed
Air conditioner 
Standard Amenities 

#alaualau #alaualauresort #kalianda #lampungselatan #explorelampungselatan #explorelampung #exoticplaces #privatevilla #wisata #cottage #villa #supportlocal",Amenities,Alau-Alau Boutique Resort,tree house,outdoor,patio,outdoor,porch,yard,zen garden,chalet,outdoor,cottage
https://www.instagram.com/p/Ca-5ofPPoaS/,468.jpg,3/11/2022 23:58,"Kalau namamu bukan Google, berhentilah berlagak seperti kamu tahu segalanya 👌🏻

#lampungselatanexplore
#lampungselatanhits
#pantaimarinalampung
#wonderfulllampung
#wonderfulindonesia
#explorelampung
#explorelampungselatan",Attraction,,lagoon,beach,islet,coast,ocean,rope bridge,promenade,cliff,natural,harbor
https://www.instagram.com/p/CwNaSjNvxrA/,469.jpg,8/21/2023 14:12,"Asal jepret ja juga di sini mah enak dilihat 😍🌴🏝️🗻
.
.
#3rdtouring2023 #familyadventure #familytouring #touringlintaspulau #touringlintasprovinsi #lampung #lampungselatan #explorelampung #explorelampungselatan #bakauhenilampung #travel #pelabuhancanti #kalianda #pulausebuku #pulausebesi #pulauumang #pulauumangumang #perahu #gelombang #wave #waves #ombak #laut #sea #sealife #beach #pantai #tejang #tejangpulausebesi",Attraction,,beach,lagoon,coast,ocean,wave,outdoor,marsh,swimming hole,islet,hot spring
https://www.instagram.com/p/Cns7tjXP1OI/,470.jpg,1/22/2023 3:18,"Thank you for staying at @alaualauboutiqueresort

What a lovely picture 🥰😍

Fhoto Credit : @chendy_erwandi

#alaualau #alaualaubeach
#alaualauboutiqueresort #alaualauresort #kalianda #kaliandabeach #kaliandaig #kaliandaresort #kaliandalampungselatan #kaliandahits #lampung #lampungkece #lampunghits #lampungselatan #lampunggeh #explorelampungselatan #explorelampung #PRIVATEBEACH #indonesianbeach #indonesiaarchipelago",Ancillary,Kelompok Wisata,coast,ocean,beach,islet,lagoon,cliff,wave,landfill,mountain,swimming hole
https://www.instagram.com/p/CwQUABHPaw4/,471.jpg,8/22/2023 17:15,"Bocil ini nih yg bikin kita tambah semangat buat TOURING 🤗😎❤️🗻😍
.
.
Bocil ajaib yg tahan segala medan perjalanan 😎🤗
.
.
Senggol nih bosss 😎🤗🤣
.
.
#3rdtouring2023 #familyadventure #familytouring #touringlintaspulau #touringlintasprovinsi #lampung #lampungselatan #explorelampung #explorelampungselatan #bakauhenilampung #travel #pelabuhancanti #kalianda #pulausebuku #pulausebesi #pulauumang #pulauumangumang #perahu #gelombang #wave #waves #ombak #laut #sea #sealife #beach #pantai #tejang #tejangpulausebesi",Attraction,,lagoon,beach,islet,coast,ocean,promenade,pier,boardwalk,outdoor,natural
https://www.instagram.com/p/CglRITWv1Sn/,472.jpg,7/29/2022 4:11,"Siang di pantai kahai beach hotel Dengan pemandangan gunung Krakatau 🌟

#kahaibeachlampung#pantaikahaibeach#wisatakaliandalampungselatan#explorelampungselatan#gunungkrakatau#kahaibeachhotel#desabatubalakkahai#lampunghits#wisatalampungselatankekinian",Attraction,,sky,amusement park,water park,park,residential neighborhood,tree farm,campsite,botanical garden,tree house,embassy
https://www.instagram.com/p/CwVj2kpvb8C/,473.jpg,8/24/2023 18:09,"Nungguin kunci Villa Krakatau 🏡
.
.
Selfi2 dulu dong🤗🤣
.
.
#familytouring2023 #familyadventure #3rdtouring2023 #touringlintaspulau #touringlintasprovinsi #lampung #lampungselatan #explorelampung #explorelampungselatan #bakauhenilampung #travel #pelabuhancanti #kalianda #pulausebuku #pulausebesi #pulauumang #pulauumangumang #perahu #gelombang #wave #waves #ombak #laut #sea #sealife #beach #pantai #pulaumenggunang #tejangpulausebesi",Attraction,,playground,cockpit,beer garden,carrousel,outdoor,amusement park,ice cream parlor,coffee shop,sandbox,patio
https://www.instagram.com/p/Cxjnfo7ytxt/,474.jpg,9/24/2023 1:42,"Us…

#thetyos
#travellercouple 
#adventurouscouple 
#growoldtogether #kakeknenekpetualang #pantaikedulampung #pantaikedulampungselatan #pantailampung #pantailampungselatan #wisatalampung #wisatalampungselatan #lampunghits #explorelampung #explorelampungselatan #wisatapantailampung #wisatapantailampungselatan",Attraction,,beach,coast,volcano,archaelogical excavation,islet,ocean,outdoor,mountain,sky,valley
https://www.instagram.com/p/C3LNl4iSRdb/,475.jpg,2/10/2024 17:22,"Exotica Pantai Marina, ada yg tertarik ? Silahkan berkunjung kesini.
In frame @muhammadrizal6403 
#pantaimarinakalianda #pantaimarinalampung #pantaimarina #explorelampungselatan #lampung #tabikpun #wonderfulindonesia #wonderland #wonderful_places #travelphotography #indonesia",Attraction,,asia,plaza,pagoda,promenade,fountain,outdoor,castle,palace,ruin,medina
https://www.instagram.com/p/CgmGAn-vaCK/,476.jpg,7/29/2022 11:53,"Patung Gurita & Menara 🐙🌊🛕

#kahaibeachlampung#pantaikahaibeach#wisatakaliandalampungselatan#explorelampungselatan#gunungkrakatau#kahaibeachhotel#desabatubalakkahai#lampunghits#wisatalampungselatankekinian",Attraction,,lighthouse,beach house,coast,ocean,water park,cliff,tower,boat deck,beach,amusement park
https://www.instagram.com/p/CwVmKtUvZ7o/,477.jpg,8/24/2023 18:29,"Selamat datang di Pulau Menggunang 🏝️
.
.
Klo background kita itu P. Sebesi dengan gunungnya yg setinggi 800 meteran 🤗🗻
.
.

#familytouring2023 #familyadventure #3rdtouring2023 #touringlintaspulau #touringlintasprovinsi #lampung #lampungselatan #explorelampung #explorelampungselatan #bakauhenilampung #travel #pelabuhancanti #kalianda #pulausebuku #pulausebesi #pulauumang #pulauumangumang #perahu #gelombang #wave #waves #ombak #laut #sea #sealife #beach #pantai #pulaumenggunang #tejangpulausebesi",Attraction,,lagoon,islet,river,beach,natural,raft,mountain,coast,valley,swimming hole
https://www.instagram.com/p/CsNIS59v_Jg/,478.jpg,5/14/2023 1:29,"Make sure your vacation is a good and fun moment, trust us !!!
Liburan di pantai, tapi bukan sekedar pantai.
Pantai minangrua menyajikan rekreasi alam yg berbeda.
Selain pantai, di Minangrua juga ada destinasi wisata lain.
Seperti, Air Terjun Dan Green Canyon.

Your family story must be happy!!
 ________________________
This is👉. Pantai Minangrua - Desa Kelawi - Bakauheni - Lampung Selatan.
________________________
Hurry up, follow us, because we are processing something amazing!!!
NOTE!!!
(Lodging on this beach is very limited)

More info & Reservasi: HP/WA: 081272250665
________________________
Don't miss out on information!!

Tag dan follow 👇👇

@minangruabeach_inn
@minangruabeach_inn
@minangruabeach_inn 

Sertakan #minangruabeach
❎ Vacation is a necessity too
________________________
•Don't focus too much on money•
________________________
#minangruabeachinn #minangruabeach #pantaiminangrua #bakauheni #lampungselatan #lampung #viral #jakarta #bandung #palembang #travel #explore #tourism #trippieredd",Ancillary,Kelompok Wisata,grotto,canyon,rope bridge,cliff,raft,mountain,hot spring,butte,waterfall,archaelogical excavation
https://www.instagram.com/p/Cblz8M5Jy2y/,479.jpg,3/27/2022 2:38,"Kau melihatnya, ia melihatku, aku melihat ke kamera aja sambil nyengir. Krik krik 🦗

#explorelampung #explorelampungselatan #explorekalianda",Attraction,,vegetation,watering hole,corral,sand,pasture,tundra,farm,badlands,desert road,racecourse
https://www.instagram.com/p/CjknCHfPc1G/,480.jpg,10/11/2022 11:38,"📍bukit slimpuyang kalianda  lampung selatan
.
.
.
.
.
.
.
.
.
.
.
..
.
.

#lampung #bukitslimpuyang #gunungbatu #lampungselatan #foto #tanjungbintang #indonesiarepost #trip #traveling #viral #explore #nusantarakita #exploreindonesia  #traveler  #indozonetravel #amazingnusantara #flirtingwithnature #nakedplanet #fotonesia  #adventure  #instagood #landscape #indotravellers #ayodolan #like4like #fff  #likeforfollow  #lfl💛",Attraction,,campsite,farm,shed,pasture,barn,hayfield,cultivated,sky,tree farm,picnic area
https://www.instagram.com/p/ClukA_xPYGZ/,481.jpg,12/4/2022 1:26,"Jangan lupa liburan,🤣
Your family story must be happy!!
 ________________________
This is👉. Pantai Minangrua - Desa Kelawi - Bakauheni - Lampung Selatan.
________________________
Hurry up, follow us, because we are processing something amazing!!!
NOTE!!!
(Lodging on this beach is very limited)

More info & Reservasi: HP/WA: 081272250665
________________________
Don't miss out on information!!

Tag dan follow 👇👇

@minangruabeach_inn
@minangruabeach_inn
@minangruabeach_inn 

Sertakan #minangruabeach
❎ Vacation is a necessity too
________________________
•Don't focus too much on money•
________________________
#minangruabeachinn #minangruabeach #pantaiminangrua #bakauheni #lampungselatan #lampung #sebalang #pahawang #tegalmas #pahawanglampung #selebriti #viral #jakarta #bandung #palembang #travel #explore #tourism #trip #lfl #beach #sunset #photography #likeforlikes #explore",Attraction,,coast,lagoon,cliff,ocean,beach,islet,river,wave,valley,promenade
https://www.instagram.com/p/CcPCmFyJ8k6/,482.jpg,4/12/2022 2:55,"𝙎𝙪𝙙𝙖𝙝 𝙖𝙙𝙖 𝙖𝙜𝙚𝙣𝙙𝙖 𝙙𝙖𝙣 𝙧𝙚𝙣𝙘𝙖𝙣𝙖 𝙢𝙖𝙪 𝙡𝙞𝙗𝙪𝙧𝙖𝙣 𝙠𝙚𝙢𝙖𝙣𝙖??
𝙎𝙪𝙙𝙖𝙝 𝙖𝙩𝙖𝙪 𝙗𝙚𝙡𝙪𝙢, 𝙗𝙞𝙨𝙖 𝙝𝙪𝙗𝙪𝙣𝙜𝙞 𝙠𝙖𝙢𝙞 𝙙𝙞 @𝙟𝙪𝙣𝙖𝙩𝙧𝙞𝙥 
𝘼𝙣𝙙𝙖 𝙗𝙞𝙨𝙖 𝙢𝙚𝙢𝙞𝙡𝙞𝙝 𝙩𝙚𝙢𝙥𝙖𝙩 𝙩𝙪𝙟𝙪𝙖𝙣 𝙡𝙞𝙗𝙪𝙧𝙖𝙣 𝙖𝙣𝙙𝙖 𝙙𝙞 𝙨𝙞𝙣𝙞!!!
__
𝙆𝙖𝙢𝙞 𝙖𝙠𝙖𝙣 𝙢𝙚𝙢𝙥𝙚𝙧𝙢𝙪𝙙𝙖𝙝 𝙧𝙚𝙣𝙘𝙖𝙣𝙖 𝙡𝙞𝙗𝙪𝙧𝙖𝙣 𝙖𝙣𝙙𝙖!!!
𝘿𝙖𝙣 𝙚𝙨𝙩𝙞𝙢𝙖𝙨𝙞 𝙗𝙞𝙖𝙮𝙖 𝙖𝙠𝙖𝙣 𝙠𝙖𝙢𝙞 𝙨𝙚𝙨𝙪𝙖𝙞𝙠𝙖𝙣!!!
𝘿𝙚𝙨𝙩𝙞𝙣𝙖𝙨𝙞 𝙩𝙪𝙟𝙪𝙖𝙣 𝙬𝙞𝙨𝙖𝙩𝙖 𝙠𝙖𝙢𝙞 𝙨𝙚𝙨𝙪𝙖𝙞𝙠𝙖𝙣.
__
Adapun Destinasi:
Pantai Minangrua
Pulau Pahawang
Pulau Tegal Mas
Pulau Mengkudu
Pantai Gigi Hiu
Krakatau
Dan seluruh destinasi wisata di Lampung!!!
__
More info: 081278582021
________________________
Easy way to repost?
👇Tag dan follow akun 👇
@junatrip / @tripinlampung
@lampung_staycation
________________________
•Don't focus too much on money•
________________________
#junatrip #pantaiminangrua #bakauheni #lampungselatan #lampung #sebalang #pahawang #tegalmas #pahawanglampung #selebriti #viral #jakarta #bandung #palembang #travel #explore #tourism #trip #lfl #beach #sunset #sunrise #photography #likeforlikes #song #explore",Attraction,,beach,coast,ocean,ice shelf,lagoon,ice floe,islet,iceberg,snowfield,cliff
https://www.instagram.com/p/CPNeTZkLvzJ/,483.jpg,5/23/2021 9:31,"Happy weekend sob ...
 Kalian pada weekend kmna nih ??

Eittt.. pantai semukuk banyak spot terbaru nya nih sob .. 😉😉
..
..

Kuyyy donk ajak keluarga, teman, sahabat, & doi mu untuk berkunjung ke pantai semukuk Kalianda Lampung Selatan
..
..

Location : pantai semukuk Kalianda Lampung Selatan ( google maps pantai semukuk Kalianda)
..
..

YouTube channel klik link di bio 👉
..
..
📸Fotografer : @kiyay_andy86

#lampungselatanexplore  #semukuk #pantaisemukuk #kaliandaig #wajahlampung #kelampunggeh #travel2lampung #lampungeksis #lampung #selampung #pariwisatalampung #selebgramindonesia #selebgramjakarta #selebgramlampung #selampung #pesonalampung #pariwisataindonesia #pariwisatalampung #explorelampungselatan #exploreindonesia #jelajahindonesia #lampungfun #lampungeksis #explorealam #adbenture #mtma #jejakpetualang #beach",Attraction,,promenade,lagoon,beach,picnic area,coast,natural,pier,boardwalk,ocean,river
https://www.instagram.com/p/CQ5VNgdL5Cv/,484.jpg,7/4/2021 6:49,"Akhirnya mantai 🌊
.
.
.
Semoga kamu yang lihat postingan ini tetap bisa menciptakan bahagia dan menemukan 'tempat wisata' sesuai situasi dan kondisi yang mendukung yah. 
.
Tetap bahagia meski pandemi 🌼
.
#berlibursaatpandemi
#pesonalampung
#explorelampungselatan",Attraction,,vegetation,ice floe,ice shelf,beach,glacier,archaelogical excavation,iceberg,crosswalk,zen garden,hot spring
https://www.instagram.com/p/CS3UpnNHBYq/,485.jpg,8/22/2021 5:09,"Lagi ppkm ya ...

Weekend ppkm, kalian di rumah aja apa cari pantai yg buka sob .... ??

🔹🔹🔹🔹🔹🔹🔹🔹🔹🔹🔹🔹🔹🔹🔹🔹🔹
_____________________________________________

🔄 Silahkan Berbagi informasi di sini :
↪️ Share foto/Vidio mu dgn cara :

1️⃣ Follow Instagram :  @lampungselatanexplore

2️⃣ tag foto/ Vidio kalian ke @lampungselatanexplore

3️⃣ Gunakan hastag #lampungselatanexplore

4️⃣ Note : akun jangan di privat 🔐🔑

🔴 Foto / Vidio terbaik akan kami repost 🔃
___________________________________________

🏝️Trip wisata Lampung Selatan silahkan DM 💌

🔹🔹🔹🔹🔹🔹🔹🔹🔹🔹🔹🔹🔹🔹🔹🔹🔹

🌐FACEBOOK : Lampung Selatan explore

🔴Subscribe YouTube channel klik link di bio 👉👉

📩PP/indorsm DM 📩
_____________________________________________

🖇️Pic : @ghinarahmatiaraa

🔹🔹🔹🔹🔹🔹🔹🔹🔹🔹🔹🔹🔹🔹🔹🔹🔹

📍Pantai Marina Kalianda Lampung Selatan

.
.
.#lfl💛 #fff❤ #fff💋 #lfl💛 #lfl💛lfllflfllffllflflflflflflflflfllflflflflflflflflflflflflflflflflflflflflflflflflflflflflfllflflflflflflflflfllflfllflflflflflflfllflflflflflllfl #fff😊ff💋ff👌ff💕4f❤️🔝🔫💣44follow４followforfollow４f4frs4likeforlikeforfollow4likeforlikesback44likes4me4lramahhits 
 #alamlampung_ #wajahlampung  #lampung#lampungfun #lovelampung #explorelampungselatan #lampung_indah  #lampung446 #kelampunggeh #travel2lampung #lampungselatanexplore  #gerbang_lampung  #lampunggallery #mata_lampungku  #lampung #wisatalampunghits #lampungholiday_ #apalampung #semestalampung",Attraction,,lagoon,beach,coast,ocean,cliff,wave,watering hole,sky,hot spring,swimming hole
https://www.instagram.com/p/COE4xfVM6NO/,486.jpg,4/25/2021 4:58,"Gapapa miskin harta, asal jangan miskin etika.
Yg jadi masalah sekarang adalah ""udah gak kaya, gak punya etika"".
Awiik wookwok. 🤣
.
.
.
.
.
.
.
.
.
.
.
#waytebingceppa #wtc #lampung #lampungselatan #lampungbarat #lampungtimur #lampungutara #pahawang #tegalmas #selebriti #viral #jakarta #bandung #palembang #travel #explore #tourism #trip #lfl #beach #sunset #photography #likeforlikes #music #instapic #kaliandaig #lampunggeh #lampunginsta #lmpungselatan #lampungselatanexplore",Attraction,,swimming hole,hot spring,river,watering hole,creek,raft,rainforest,rope bridge,picnic area,pond
https://www.instagram.com/p/DLMOrfHRAHy/,487.jpg,6/22/2025 5:19,"Trip murah dan super lengkap laut dan gunung bisa kamu kunjungi disini😍

Open Trip Pulau Sebesi Karakatau 3D2N 

Ready setiap weekend

Solusi trip buat kamu rasakan keindahan nya 

Kuy rencanakan liburan nya dari sekarang di jamin liburan kalian aman,nyaman dan have fun tentunya😁

Daptar 1 orang di pastikan bisa brangkat

Jadwal trip 2025.

Jadwal trip 2025 :

Juni : 5-7, 6-8, 7-9,13-15, 20-22, 26-28, 27-29
Juli : 4-6, 11-13, 18-20, 25-27
Agustus : 1-3, 8-10, 15-17, 22-24, 29-31
September : 5-7, 12-14, 19-21, 26-28
Oktober : 3-5, 10-12, 17-19, 24-26, 31-02 Nov
November : 7-9, 14-16, 21-23, 28-30
Desember : 5-7, 12-14, 19-21, 24-26, 25-27, 26-28, 30-01 Januari

Kami melayani paket open trip & private pulau sebesi karakatau

1. Start Cawang 700.000/ Pax

✓ Kebun jeruk
✓ Slipi

2.Start Pelabuan Merak 600.000/ Pax

Destinasi
* Pulau Sebaku besar & kecil
* Pulau Sebesi
* Pulau Umang-umang 
* Anak Gunung Krakatau
* Spot snorkeling Camara besar, Geligi, & Pulau sawo (optional)

INCLUDING (Termasuk)
* Makan Selama wisata 4x
* Transport Darat Ac Dari Jakarta - Merak (Pp) * Transportasi angkutan kota Bakauheni - Dermaga canti (pp)
* Kapal hoping island 
* Restibusi Pulau
* Homstay (room sharing) 
* Tour laeder
* Dokumentasi Up & Underwater 
* Mimi P3k
* Drone (optional)

Excluding (Blm termasuk)
- Upgrade room (600k bisa di isi max 6 orang) 
- Alat snorkeling (50.000)
- Fin (30.000)
- Tiping Crew (Seikhlasnya)

More Info : 
Wa/tlpn : 085778179815
Instagram : jejak_perjalanan.id x tripseru.id
Tiktok : jejak_perjalanan.id x tripseru.id

#pulausebesi #pulausebuku #pulausebesikrakatau #opentrippulausebesi #opentripsebesikrakatau #explore #explorelampung #exploresebesi #krakatau #gunungkrakatau #exploreindonesia #jejakperjalanan #pesonaindonesia #wonderfulindonesia #wisataalam #wisataalamindonesia #lampunghits #ilovlampung 
#explorejakarta #explorebandung #explorebali #ujungkulon #travelgram #traveling #infolampung #infoliburan #trippahawang #tripmurah #lampungselatan #pahawang",Ancillary,Kelompok Wisata,mountain,volcano,glacier,mountain snowy,valley,mountain path,tundra,butte,iceberg,canyon
https://www.instagram.com/p/CR6HwrhrEdC/,488.jpg,7/29/2021 10:42,"Selamat sore... Jangan lupa pada mandi ya .... 😛😛
..
..
#lampungselatanexplore  #semukuk #pantaisemukuk #kaliandaig #wajahlampung #kelampunggeh #travel2lampung #lampungeksis #lampung #selampung #pariwisatalampung #selebgramindonesia #selebgramjakarta #selebgramlampung #selampung #pesonalampung #pariwisataindonesia #pariwisatalampung #explorelampungselatan #exploreindonesia #jelajahindonesia #lampungfun #lampungeksis #explorealam #adbenture #mtma #jejakpetualang #beach",Attraction,,lagoon,islet,coast,cliff,ocean,beach,natural,sky,glacier,harbor
https://www.instagram.com/p/CWrSQ_WPezy/,489.jpg,11/24/2021 23:03,"Sudah ada agenda dan rencana mau liburan kemana??
Sudah atau belum, bisa hubungi kami di @junatrip 
Anda bisa memilih tempat tujuan liburan anda di sini!!!
__
Kami akan mempermudah rencana liburan anda!!!
Dan estimasi biaya akan kami sesuaikan!!!
Destinasi tujuan wisata kami sesuaikan.
__
Adapun Destinasi:
Pantai Minangrua
Pulau Pahawang
Pulau Tegal Mas
Pulau Mengkudu
Pantai Gigi Hiu
Krakatau
Dan seluruh destinasi wisata di Lampung!!!
__
More info: 081278582021
________________________
Easy way to repost?
Tag dan follow akun @junatrip
________________________
•Don't focus too much on money•
________________________
#junatrip #pantaiminangrua #bakauheni #lampungselatan #lampung #sebalang #pahawang #tegalmas #pahawanglampung #selebriti #viral #jakarta #bandung #palembang #travel #explore #tourism #trip #lfl #beach #sunset #sunrise #photography #likeforlikes #song #explore",Ancillary,Kelompok Wisata,cultivated,pasture,farm,rice paddy,hayfield,tundra,field road,campsite,park,sky
https://www.instagram.com/p/C2RAO3mpaX2/,490.jpg,1/19/2024 2:49,"Tidak ada kata lelah untuk hasil yang indah🌻
.
.
.
📍Bukit Slimpuyang, Sidomulyo-Lampung Selatan
.
.
.
#lfl #lflflflflflflflflflflfl #lfl #lfl #lfl #lfl #fff #fff #lfl #lfl #lfl #lfl #lfl #lfl #lfl❤️ #fff #fff #fff❤ #infokyai #lampuung #lampunginsta #inilampungyay #ilovelampung #pikniklampung #jelajahsumatera #tempatwisatalampung #infolampungcom #bg_oganilirhits #ga_lampung_hits #kelampungaja #lampungselatanexplore #lampungselatan #seputarlamsel #seputarlampung #explorelampung #explorelampungselatan #sumateraindonesia #sumatera #wisatalampungme #wisatalampungsai #lampungselataninfo #kelilinglampung #",Attraction,,farm,islet,coast,mountain path,picnic area,cultivated,sky,pasture,landfill,field road
https://www.instagram.com/p/DPoFYQuEepb/,491.jpg,10/10/2025 11:02,"Pov: my kind of therapy🌊

#pantailampungselatan #explorelampungselatan",Attraction,Pada Slide 2 dan seterusnya,beauty salon,discotheque,car interior,beer garden,ice cream parlor,bar,bowling alley,ski slope,beer hall,airplane cabin
https://www.instagram.com/p/DM20BK-TcKA/,492.jpg,8/2/2025 14:44,"hidden gem nya lampung selatan 

📍batu alif paragliding, bakauheni, south lampung

#lampunginsta #lampung #kelilinglampung #explorelampung #explorelampungselatan #lampuung #lampunghits #wonderfullindonesia #indonesia #sunset #paragliding #batualifparagliding #paralayanglampungclub #paralayanglampung",Attraction,,mountain path,desert road,sand,wild,valley,tundra,badlands,mountain,field road,butte
https://www.instagram.com/p/CYTkhvrJvTr/,493.jpg,1/4/2022 11:03,"Cerah nih, nyore yuk?

📍 Bukit Lematang, Lampung Selatan.

#lampung #lampuung #lampungselatan #bandarlampung #explorelampung #explorelampungselatan",Attraction,,mountain path,valley,mountain,village,rainforest,field road,butte,forest path,canyon,wild
https://www.instagram.com/p/DItEdgIx-zG/,494.jpg,4/21/2025 9:50,"Bali❌
Lampung ✅

#pantaimarina #marinabeach #pantailampung #lampungfolk #explorelampungselatan",Attraction,,coast,cliff,valley,creek,river,beach,swimming hole,ocean,canyon,lagoon
https://www.instagram.com/p/CaoUE3ovKou/,495.jpg,3/3/2022 5:26,"Pesona @aranglampung luar biasa

#explorelampungselatan 
#pantaiaranglampung 
#explorelampung 
#lampunghits",Attraction,,coast,ocean,cliff,beach,wave,sky,watering hole,ice floe,lighthouse,rock arch
https://www.instagram.com/p/CbrxdWTLTiM/,496.jpg,3/29/2022 10:12,"Ada gunung, laut dan pulau kecil.. epic banged. Efek tsunami akhir 2018 blm pulih juga.. healing mmg butuh proses kan 🤭 stlh tsunami lanjut pandemi, bln ini baru ramai kembali. Pulau cantik ini namanya pulau umang2 di Lampung selatan. Teriak2, ghibah, becanda dan futu2 with bestie 😅 #pulauumangumang #explorelampung #explorelampungselatan",Attraction,,lagoon,beach,wave,ocean,raft,coast,cliff,islet,water park,ice floe
https://www.instagram.com/p/C2Q591FPN5j/,497.jpg,1/19/2024 1:55,"Tidak ada kata lelah untuk hasil yang indah🌻
.
.
.
.
.
📍Bukit Slimpuyang, Sidomulyo-Lampung Selatan
.
.
.
.
.
#infokyai #lampuung #lampunginsta #inilampungyay #ilovelampung #pikniklampung #jelajahsumatera #tempatwisatalampung #infolampungcom #bg_oganilirhits #ga_lampung_hits #kelampungaja #lampungselatanexplore #lampungselatan #seputarlamsel #seputarlampung #explorelampung #explorelampungselatan #sumateraindonesia #sumatera #wisatalampungme #wisatalampungsai #lampungselataninfo #kelilinglampung #pejalankakilampung",Attraction,,islet,farm,coast,mountain path,picnic area,cultivated,landfill,sky,pasture,field road
https://www.instagram.com/p/DJy1SROP5GE/,498.jpg,5/18/2025 12:04,"Sangat begitu tenang
#healinglampung #sebesiisland #explorelampungselatan 
#lampunggeh #lampunginsta #lampunghits",Attraction,,natural,swimming hole,lagoon,river,pond,pier,raft,ocean,islet,marsh
https://www.instagram.com/p/CrphpQHyNdt/,499.jpg,4/30/2023 5:38,"Sunday vibes 

📍Bukit Slimpuyang,  Sidomulyo Lampung selatan. 

#sidomulyo #lampungselatan #lampung #explorelampungselatan #sigerlampung #inilampungyay #tempatwisatalampung #berandalampung #pikniklampung #infolampung #lampunginsta #virallampung #kelampunggeh  #hellolampuung  #lampungselatanexplore #indonesia",Attraction,,campsite,raft,natural,mountain path,tundra,wild,valley,trench,mountain,river
https://www.instagram.com/p/CkAJdPyvJty/,500.jpg,10/22/2022 4:18,"🌊 
.
.
.
.
📍Pantai Marina, Lampung Selatan 
.
#Repost @ayuni.kim
#lampung #lampunghits #lampunggeh #lampuung #explorelampung #explorelampungselatan #lampungholiday #lampungselatan #lampungkece #lampunginsta #lampungku #lampungwisata #lampungeksis #lampungsemakineksis #ilovelampung #potretlampung #lampungyay #lampungpedia #visitlampung #pikniklampung #kelilinglampung #pesonalampung #pantaimarinalampung #lampunghelau #koncodolanlampung",Attraction,,pagoda,promenade,asia,tower,lighthouse,ocean,pier,boardwalk,coast,islet
https://www.instagram.com/p/CmpnfQFPsOl/,501.jpg,12/26/2022 23:52,"Senang-senang melulu. Utangmu bereskan dulu
.
.
.
.
.
.
.
.
.
.
.
.
🍁@sanggarbeach_lpg (Queen Resto) , Kalianda, Lampung Selatan
.
.
.
.
.
.
.
.
.
.
.
.
#lampungeksis #lampungsemakineksis #koncodolanlampung #explorelampung #lampunginsta #wajahlampung #ilovelampung #pantaisanggar #sanggarbeachlampung #explorelampungselatan #lampungtourid #LampungGeh #lampungkece #wisata_lampungme #lampungindonesia #lampungselataninfo #kelampunggeh #lampungselatan #backpakerindonesia #lampungkece #trendinglampung #nyapalampung #menyapalampung #lampuung #inilampungyay #potretwisataindonesia #hellolampung #kelilingindonesia #travellingnusantara #likesforlike #follow4followback",Attraction,,patio,porch,restaurant patio,beer garden,pavilion,restaurant,cafeteria,interior,courtyard,coffee shop
https://www.instagram.com/p/C3NQYNESVmW/,502.jpg,2/11/2024 12:25,"Hari baru petualangan baru ! Yuk semangat semangat...
In frame :@kikitirta48 
Loc : Pantai Marina Lampung
#pantaimarinakalianda #pantaimarinalampung #pantaimarina #explorelampungselatan #explorelampung #travelphotography #traveler #travelgram #lampung #Bali #indonesia #wonderful_places #wonderfulindonesia",Attraction,,coast,ocean,cliff,islet,beach,rock arch,wave,lagoon,sky,iceberg
https://www.instagram.com/p/CwQVK4VvYxU/,503.jpg,8/22/2023 17:25,"Bersyukur banget gwah.... ❤️
.
.
Bisa menatap langsung keindahan yg satu ini 😍🗻
.
.
.
#3rdtouring2023 #familyadventure #familytouring #touringlintaspulau #touringlintasprovinsi #lampung #lampungselatan #explorelampung #explorelampungselatan #bakauhenilampung #travel #pelabuhancanti #kalianda #pulausebuku #pulausebesi #pulauumang #pulauumangumang #perahu #gelombang #wave #waves #ombak #laut #sea #sealife #beach #pantai #tejang #tejangpulausebesi",Attraction,,lagoon,islet,beach,coast,ocean,beach house,cliff,harbor,natural,mountain
https://www.instagram.com/p/C29VVW4qoka/,504.jpg,2/5/2024 8:00,"Berkunjung ke Lampung, tentu tidak boleh melewatkan pergi ke Bakauheni Harbour City. Selain menyajikan pemandangan sekitar bakauheni yang menawan. Wisatawan dapat berkunjung ke objek wisata menarik yang ada di lokasi. Yuk lihat infonya di http://tinyurl.com/jnkd33xh
#travelspromo #bakauheniharbourcity #wisatalampungselatan #wisatalampung #tamanrekreasi #tamanrekreasilampungselatan #tamanrekreasilampung #informasiwisata #infowisata #infowisatalampungselatan #infowisatalampung #hargatiket #tiketmasuk #tiketmasukbakauheniharbourcity #visitlampungselatan #explorelampungselatan",Attraction,Siger,amphitheater,outdoor,palace,asia,outdoor,oast house,castle,amusement park,pagoda,outdoor
https://www.instagram.com/p/CgjvSy6Pl_J/,505.jpg,7/28/2022 13:56,#rumahkayukahaibeachhotel#kahaibeachlampung#pantaikahaibeach#wisatakaliandalampungselatan#explorelampungselatan#gunungkrakatau#kahaibeachhotel#desabatubalakkahai#lampunghits#wisatalampungselatankekinian,Amenities,Krakatau Kahai Beach Hotel,oast house,village,cottage,promenade,house,beach house,shed,chalet,alley,roof garden
https://www.instagram.com/p/Ce46WLqv0Br/,506.jpg,6/17/2022 2:14,"Posted @pantai.setigiheni Nikmatilah setiap perjalanan yang kamu hadapi karena perjalanan yang rumit akan menghasilkan sebuah cerita yang menarik🌊
.
.
 from @rimachasanah25
Lokasi :Pantai Setigiheni,  Lampung Selatan
.
.
.
#Setigiheni
#lampung #lampungeksis #potretlampung #lampunginstan #lampunghits #lampungexplore #explorelampung #ilovelampung #wajahlampung #apalampung #lampungekspos #lampungpedia #ayokelampung #holiday #lampungholiday_  #wisatalampungme #kelampungaja #explorelampungselatan #inilampungyay #ayopiknik #piknik #lampungpose #parapejalanlampung #inews #hijab #ottdhijab #lff",Attraction,,coast,ocean,beach,lagoon,islet,cliff,beach house,promenade,wave,outdoor
https://www.instagram.com/p/CwiRvcSP2Nq/,507.jpg,8/29/2023 16:41,"Ngumpulin kerang2 indah buat dibawa pulang 🤗🤣🌊🏝️
.
.
#familytouring2023 #familyadventure #3rdtouring2023 #touringlintaspulau #touringlintasprovinsi #lampung #lampungselatan #explorelampung #explorelampungselatan #bakauhenilampung #travel #terumbukarang #kalianda #pulausebuku #pulausebesi #pulauumang #pulauumangumang #perahu #gelombang #wave #waves #ombak #laut #sea #sealife #beach #pantai #pulaumenggunang #tejangpulausebesi",Attraction,,beach,ocean,coast,wave,lagoon,ice floe,cliff,islet,beach house,snowfield
https://www.instagram.com/p/CgmEEbNP8E5/,508.jpg,7/29/2022 11:36,"Rumah jamur🍄🍄🍄

#kahaibeachlampung#pantaikahaibeach#wisatakaliandalampungselatan#explorelampungselatan#gunungkrakatau#kahaibeachhotel#desabatubalakkahai#lampunghits#wisatalampungselatankekinian",Attraction,,playground,amusement park,beer garden,promenade,water park,boardwalk,picnic area,patio,park,restaurant patio
https://www.instagram.com/p/CwIygPUSo5d/,509.jpg,8/19/2023 19:07,"Tinggi Gunung di Pulau Sebesi ini 800 Meteran.... 
.
.
Sama dong tingginya dgn gweh ...
🤗🏞️🤣
.
.
#3rdtouring2023 #letsgo #familyadventure #touringlintaspulau #touringlintasprovinsi #lampung #lampungselatan #explorelampung #explorelampungselatan #bakauhenilampung #travel #pelabuhancanti #kalianda #pulausebuku #pulausebesi #pulauumang #pulauumangumang #perahu #gelombang #wave #waves #ombak #laut #sea #sealife #beach #pantai #tejang #tejangpulausebesi",Attraction,,farm,pasture,corral,cultivated,orchard,vineyard,valley,cemetery,tree farm,rice paddy
https://www.instagram.com/p/Cw0Qw2uJ4fh/,510.jpg,9/5/2023 16:19,"View2 kyk begini yg bikin kita hoby menabung 🤗🤣
.
.
#touring #familytouring2023 #familyadventure #3rdtouring #3rdtouring2023 #letsgo #selatsunda #sundastrait #letsgosomewhere #touringlintaspulau #touringlintasprovinsi #merak #pelabuhanmerak #pelabuhanmerakbanten #merakbakauheni #pelabuhanbakauheni #bakauheni #lampung #lampungselatan #explorelampung #explorelampungselatan #bakauhenilampung #travel #travelgram #traveling",Attraction,,boat deck,ocean,promenade,outdoor,islet,beach,cliff,swimming hole,coast,rope bridge
https://www.instagram.com/p/CwdNcKRvKNW/,511.jpg,8/27/2023 17:27,"Hidup itu ga ada yg tau, tergantung pada nasib 🤗
.
.
Kayak kita nih, tau tau milih pulau n pantai nya bener... 🤣🏝️🗻
.
.
Awalnya ga tau bakal seindah begini woyy 🤣🤗🏝️🗻
.
.
.
#familytouring2023 #familyadventure #3rdtouring2023 #touringlintaspulau #touringlintasprovinsi #lampung #lampungselatan #explorelampung #explorelampungselatan #bakauhenilampung #travel #terumbukarang #kalianda #pulausebuku #pulausebesi #pulauumang #pulauumangumang #perahu #gelombang #wave #waves #ombak #laut #sea #sealife #beach #pantai #pulaumenggunang #tejangpulausebesi",Attraction,,lagoon,river,ice floe,snowfield,natural,beach,valley,raft,coast,swimming hole
https://www.instagram.com/p/CwVkTspP00B/,512.jpg,8/24/2023 18:13,"Nungguin nelayan nyiapin perahu ⛵🚣
.
.
#familytouring2023 #familyadventure #3rdtouring2023 #touringlintaspulau #touringlintasprovinsi #lampung #lampungselatan #explorelampung #explorelampungselatan #bakauhenilampung #travel #pelabuhancanti #kalianda #pulausebuku #pulausebesi #pulauumang #pulauumangumang #perahu #gelombang #wave #waves #ombak #laut #sea #sealife #beach #pantai #pulaumenggunang #tejangpulausebesi",Attraction,,beach,coast,harbor,ocean,lagoon,ice floe,pier,boat deck,heliport,natural
https://www.instagram.com/p/Cgjr-lCPL5y/,513.jpg,7/28/2022 13:27,"Make the holidays more fun at kahai beach hotel🤗

Kami siap melayani🙏🙏🙏

#kahaibeachlampung#pantaikahaibeach#wisatakaliandalampungselatan#explorelampungselatan#gunungkrakatau#kahaibeachhotel#desabatubalakkahai#lampunghits#wisatalampungselatankekinian",Amenities,Krakatau Kahai Beach Hotel,art school,indoor,nursing home,martial arts gym,outdoor,art studio,kindergarden classroom,art gallery,ballroom,classroom
https://www.instagram.com/p/CwdKXX8PSKO/,514.jpg,8/27/2023 17:00,"Ga butuh snorkeling 🏊
.
.
Ossan cuma mantengin alias memandang indahnya taman terumbu karang di Pulau Umang Umang 🤗🏝️😍
.
.
#familytouring2023 #familyadventure #3rdtouring2023 #touringlintaspulau #touringlintasprovinsi #lampung #lampungselatan #explorelampung #explorelampungselatan #bakauhenilampung #travel #terumbukarang #kalianda #pulausebuku #pulausebesi #pulauumang #pulauumangumang #perahu #gelombang #wave #waves #ombak #laut #sea #sealife #beach #pantai #pulaumenggunang #tejangpulausebesi",Attraction,,swimming hole,raft,river,natural,islet,lagoon,creek,beach,marsh,pond
https://www.instagram.com/p/CV9XoKAJgjF/,515.jpg,11/7/2021 3:04,"Duduk santai di tepi pantai
Kopi hitam pahit rasanya
Jalan jalan kesana kesini
Kapan nih ke pantai berdua
•
📍Pantai Minang Rua, Lampung Selatan, Lampung.
•
Mari kita jaga bersama lingkungan disekitar kita. Salam lestari 🌱
•
#sahabatalam #pesonaindonesia #pesonaalam #pesonalampung #lampuung #lampunghits #minangruabeach #minangrua #lampungselatan #lampunggeh #potretlampung #pejalanlampung #petualanglampung #kaliandaig #explorelampung #explorelampungselatan #lampungnatureadventure",Attraction,,islet,lagoon,natural,cliff,coast,river,mountain,glacier,ice shelf,valley
https://www.instagram.com/p/CRvuTpfLB75/,516.jpg,7/25/2021 9:48,"📷@rhemaayu28 

#beachvibes #lampungselatan #explorelampungselatan #pulausebesi #sebesiisland",Attraction,,islet,lagoon,coast,harbor,ocean,mountain,volcano,beach house,beach,natural
https://www.instagram.com/p/CWk82M9F1hN/,517.jpg,11/22/2021 12:00,"You are mineral without ral

#eaaa #gunungbatulampung #ootdhijab #holiday #ootd #explore #explorelampung #explorelampungselatan #kalianda #explorekalianda #dress #likeme #ffff #likememore",Attraction,,golf course,rice paddy,pasture,lawn,field road,rainforest,mountain,park,hayfield,cultivated
https://www.instagram.com/p/CM5lBaxhBME/,518.jpg,3/26/2021 23:02,"Tabik Pun...!!!

...
Cecakhah way pekhos kalianda lampung selatan ☑️

Kalian udah ke sini belum ??? 

Jangan lupa tonton vlog nya di YouTube channel MISRI VLOG..
Besok pagi jam 06:30 
..
..

🖼️ Shoot by : @perjalanankita.ig
Repost @misrivlog 

#lampungeksis #kaliandaig #travelerkece #travel2lampung #ijilampung #mata_lampungku #apalampung #selampung #exploreindonesia #explorelampung #explorelampungselatan #lampung #lampungfun #lampungeksis #kalianda #kaliandaig #wisatalampung #lampung #selebgramindonesia  #selebgramlampung #selebgramaceh #vidgram #travelvlog #fff💋 #fff #fff😊ff💋ff👌ff💕4f❤️🔝🔫💣44follow４followforfollow４f4frs4likeforlikeforfollow4likeforlikesback44likes4me4lramahhits #ffxiv #bffs #likesforlike #lb #followforfollowback

@cecakhah_waypekhos",Attraction,,creek,waterfall,swimming hole,river,rainforest,hot spring,fishpond,japanese garden,pond,grotto
https://www.instagram.com/p/CX5Tt48Lh-s/,519.jpg,12/25/2021 6:16,"the view of lampung
#lampung 
#explolampung
#menarasiger
#explorelampungselatan
#bakauheni",Attraction,,interior,construction site,fire escape,elevator shaft,patio,lock chamber,bridge,office building,exterior,skyscraper
https://www.instagram.com/p/CnQtZvtvtka/,520.jpg,1/11/2023 4:14,"Tangan udah gatel klo ngeliat tanah.
👌👌👌💨💨💨

#bmwg310gs #Santaipastisampai #explorlampung #explorelampungselatan #soulmatra",Attraction,,badlands,mountain path,wild,canyon,butte,mountain,excavation,archaelogical excavation,cliff,valley
https://www.instagram.com/p/CNJXQKaAuwQ/,521.jpg,4/2/2021 2:09,"Nasib baik adalah pertemuan antara persiapan dan kesempatan.

📍🏞lok :Kalianda.
( Kebun Edukasi 
Lampung Selatan)

#explorelampungselatan
#wonderfulllampungselatan
#kebunedukasilampungselatan
#sahabattravellerlampung
#mata_lampungku
#travel2lampung
#ijilampung
#lampunggeh
#agrowisatalampung
#kelilinglampung
#tempat_wisata_lampung",Attraction,,vineyard,volcano,valley,vegetable garden,cultivated,roof garden,patio,water park,sky,formal garden
https://www.instagram.com/p/COZo_8pHZ7t/,522.jpg,5/3/2021 6:24,#pahawang #pulau #pantai #dermaga #pano #panorama #laut #pulaupahawang #lampung #trip #gunung #pemandangan #alam #pulaupahawang #pahawangislamd #lampunghits #lampunggeh #lamsel #lampungselatan #keren #pelabuhan #perahu  #villa #iskhasulistia,Attraction,,lagoon,swimming hole,natural,river,marsh,natural,swamp,pond,islet,hot spring
https://www.instagram.com/p/CVabOVIvJJs/,523.jpg,10/24/2021 13:22,"Reposted from @shdyt_ Sejauh mana pun kaki mu melangkah, ingatlah ada rumah yang menjadi tempatmu untuk pulang.
.
.
.
.
.
.
.
.
.
.
.
.
#trip #traveling #lampung #airterjun #curug #wisatalampung #triplampung #kuymain #healing #traveller #lampungselatan #potretlampung #airterjunwaykalam #lamsel #jelajahlampung",Attraction,,waterfall,rainforest,creek,mountain,canyon,broadleaf,forest path,cliff,river,hot spring
https://www.instagram.com/p/CnF7oh5S4RC/,524.jpg,1/6/2023 23:47,"Liburan tidak mesti jauh jauh gaes di lampung juga kalian udah bisa menikmati alam seperti ini .

#menyapalampung 
#lampungmenyapa 
#lampung
#lamsel 
#lampungselatan 
#explorelampung 
#kalianda
#ff #fff #fpy 
#jelajahlampung 
#jelajahsumatera 
#jalanjalanmen 
#trip 
From : @apriyadii532",Attraction,,swimming hole,lagoon,hot spring,islet,grotto,natural,boathouse,cliff,pond,natural
https://www.instagram.com/p/Cm8TFcUSJUy/,525.jpg,1/3/2023 5:59,"Selamat tahun baru 2023 👋 

••••••••••••••••••••••••••••••••••••••••••••••••••••••••
Layanan wisata Lampung Selatan

✓ Local guide south Lampung 🔻

🔻 Paket wisata & trip Lampung Selatan DM or wa : 0857-6867-5339

Follow tiktok : Lamselexplore
Facebook : Lampung Selatan explore
YouTube : Lamselexplore

..

Follow @lampungselatanexplore
Hastag #lampungselatanexplore

Tiktok : Lamselexplore 
YouTube : Lamsel explore

Foto by : @w_apriyanii

📍 Pantai guci batu kapal, Kalianda Lampung Selatan

#lampung #lampungeksis #lampungselatanexplore #lampungexplore #ootdhijab #hijabstyle #lfl #lfl💛 #lampunggeh #ootdhijab
#ootdfashion #kalianda #wisatalampung
#fff #lfl❤️ #follow4followback #followforfollowback #fyp #ootdhijabindonesia
#hijabstyle
#ootdstyle
#flowers #lb #flowerstagram #wisatalampung #kalianda #bakauheni",Attraction,,beach,coast,ocean,lagoon,wave,watering hole,river,cliff,natural,swimming hole
https://www.instagram.com/p/CQ0-isZLMA0/,526.jpg,7/2/2021 14:14,"𝘠𝘢𝘯𝘨 𝘵𝘪𝘥𝘢𝘬 𝘣𝘪𝘴𝘢 𝘸𝘢𝘯𝘪𝘵𝘢 𝘵𝘢𝘩𝘢𝘯 𝘪𝘵𝘶 𝘢𝘪𝘳 𝘮𝘢𝘵𝘢, 𝘤𝘦𝘮𝘣𝘶𝘳𝘶 𝘥𝘢𝘯 𝘳𝘢𝘴𝘢 𝘪𝘯𝘨𝘪𝘯 𝘵𝘢𝘩𝘶... 
(𝘓𝘢𝘯𝘫𝘶𝘵 𝘚𝘦𝘯𝘥𝘪𝘳𝘪²😂)🌸💙
.
.
#apalampung
#Allahmahabaik 
#Alhamdulillahsyukur
#explorelampungselatan
#Lampungselatanexplore 
#Lampungselatanamazing",Amenities,,indoor,outdoor,outdoor,plaza,mausoleum,arch,ticket booth,outdoor,fountain,palace
https://www.instagram.com/p/CwNa0UsvQcI/,527.jpg,8/21/2023 14:16,"Ga usah banyak gaya n pose.... 🤣
.
.
Cukup duduk2 santuy saja sambil mainan pasir di pantai ..🤗
.
.
Sudah enak dilihat kok beneran 🤗🤣😍🌴🏝️🗻🌊
.
.
#3rdtouring2023 #familyadventure #familytouring #touringlintaspulau #touringlintasprovinsi #lampung #lampungselatan #explorelampung #explorelampungselatan #bakauhenilampung #travel #pelabuhancanti #kalianda #pulausebuku #pulausebesi #pulauumang #pulauumangumang #perahu #gelombang #wave #waves #ombak #laut #sea #sealife #beach #pantai #tejang #tejangpulausebesi",Attraction,,lagoon,beach,ocean,coast,islet,beach house,wave,sky,cliff,promenade
https://www.instagram.com/p/CNRET6MsVuG/,528.jpg,4/5/2021 1:58,"guide dan Balawista pantai minangrua
.
.
.
.
.
.
.
@pantai_minangrua 
@dinaspariwisata.lampungselatan 
@yoexplore 
.
.
.
.
.
.
.
.
#pantaiminangrua#pokdaarwisMinangruaBahari 
#potretlampung #wisatapantai#pantailampung🌴 
#informasilpg #cooking #jalanjalanlampung #jelajahwisatalampung #lampungjuara #lampunghits #explorelampung #explorelampungselatan #indonesiaku#indonesiahebat
#pokdarwisindonesia #pokdarwisnasional",Accessibility,,raft,islet,natural,river,picnic area,lagoon,boat deck,beach,coast,swamp
https://www.instagram.com/p/Cjb46o8vDQk/,529.jpg,10/8/2022 2:21,"Make sure your vacation is a good and fun moment, trust us !!!
Liburan di pantai, tapi bukan sekedar pantai.
Pantai minangrua menyajikan rekreasi alam yg berbeda.
Selain pantai, di Minangrua juga ada destinasi wisata lain.
Seperti, Air Terjun Dan Green Canyon.

Your family story must be happy!!
 ________________________
This is👉. Pantai Minangrua - Desa Kelawi - Bakauheni - Lampung Selatan.
________________________
Hurry up, follow us, because we are processing something amazing!!!
NOTE!!!
(Lodging on this beach is very limited)

More info & Reservasi: HP/WA: 081272250665
________________________
Don't miss out on information!!

Tag dan follow 👇👇

@minangruabeach_inn
@minangruabeach_inn
@minangruabeach_inn 

Sertakan #minangruabeach
❎ Vacation is a necessity too
________________________
•Don't focus too much on money•
________________________
#minangruabeachinn #minangruabeach #pantaiminangrua #bakauheni #lampungselatan #lampung #sebalang #pahawang #tegalmas #pahawanglampung #selebriti #viral #jakarta #bandung #palembang #travel #explore #tourism #trip #lfl #beach #sunset #photography #likeforlikes #explore",Attraction,,beach,vegetation,coast,ocean,slum,landfill,archaelogical excavation,village,art studio,sandbox
https://www.instagram.com/p/CW67wmPPTxo/,530.jpg,12/1/2021 0:54,"Sudah ada agenda dan rencana mau liburan kemana??
Sudah atau belum, bisa hubungi kami di @junatrip 
Anda bisa memilih tempat tujuan liburan anda di sini!!!
__
Kami akan mempermudah rencana liburan anda!!!
Dan estimasi biaya akan kami sesuaikan!!!
Destinasi tujuan wisata kami sesuaikan.
__
Adapun Destinasi:
Pantai Minangrua
Pulau Pahawang
Pulau Tegal Mas
Pulau Mengkudu
Pantai Gigi Hiu
Krakatau
Dan seluruh destinasi wisata di Lampung!!!
__
More info: 081278582021
________________________
Easy way to repost?
Tag dan follow akun @junatrip
________________________
•Don't focus too much on money•
________________________
#junatrip #pantaiminangrua #bakauheni #lampungselatan #lampung #sebalang #pahawang #tegalmas #pahawanglampung #selebriti #viral #jakarta #bandung #palembang #travel #explore #tourism #trip #lfl #beach #sunset #sunrise #photography #likeforlikes #song #explore",Amenities,,sandbox,childs room,nursery,art school,ice cream parlor,art studio,playroom,kindergarden classroom,playground,hospital room
https://www.instagram.com/p/CZDsmEVP_Kz/,531.jpg,1/23/2022 3:37,"Salah satu pulau yang harus kalian kunjungi yang letaknya tidak jauh dari pulau mengkudu. 
➖➖➖➖➖➖➖➖➖➖

Lokasi: Pulau Sekepel, Desa Totoharjo, Kec Bakauheni, Kab Lampung Selatan 
➖➖➖➖➖➖➖➖➖➖

Fg: @ardiwijay04
➖➖➖➖➖➖➖➖➖➖

#lampuung #lampuunggeh #lampunginsta #ilovelampung #kaliandaig #lampungeksis #inilampungyay #alamlampung #explorelampung #wajahlampung #explorelampungselatan #pulausekepel",Attraction,,islet,lagoon,natural,river,coast,beach,valley,tundra,cliff,marsh
https://www.instagram.com/p/Cd7AMh9v4wL/,532.jpg,5/24/2022 1:12,"Perjalanan masih panjang, jauh dan berliku, persiapkanlah bekal yang cukup  untuk menjalaninya.
.
.
.
.
.
#RamahTamahJelajah
#KhaduSantaiMakkung 
#Pantai_Minangrua
#PokdarwisMinangrua
#Selamatkhatong
#Explorelampungselatan
#Dinaspariwisatalampungselatan 
#sahabattravelerlampung
#wajahlampung
#lampungselatanAmazing
#lampungselatanexplore
#lampungexist
#informasilpg",Ancillary,,beach,coast,ocean,cliff,valley,mountain,glacier,swimming hole,wave,lagoon
https://www.instagram.com/p/CMqLpTEhk_0/,533.jpg,3/20/2021 23:32,"Tabik Pun...!!!

Selamat berlibur... 
Jangan lupa mandi gengs .... 

Dok by @misrivlog 

#travelerkece #explorealamindonesia #pecintaalam #dutawisata #exploreindonesia #pendakiindonesia #airterjun #explorelampung #explorelampungselatan #lampung #lampungfun #lampungeksis #kalianda #kaliandaig #wisatalampung #lampung #selebgramindonesia #selebgramjakarta #selebgramlampung #selebgramaceh #vidgram #travelvlog #fff💋 #fff #fff😊ff💋ff👌ff💕4f❤️🔝🔫💣44follow４followforfollow４f4frs4likeforlikeforfollow4likeforlikesback44likes4me4lramahhits #ffxiv #bffs #likesforlike #lb #followforfollowback",Attraction,,waterfall,rainforest,mountain,hot spring,canyon,creek,grotto,swimming hole,river,broadleaf
https://www.instagram.com/p/DKD3bnFTfCq/,534.jpg,5/25/2025 2:50,"Thank you for visiting at minangrua beach🌊☀
— SNORKELING Rp:75.000/pax all fasilitas 

Make sure your vacation is a good and fun moment, trust us !!!

Liburan di pantai, tapi bukan sekedar pantai.
Pantai minangrua menyajikan rekreasi alam yg berbeda.
Selain pantai, di Minangrua juga ada destinasi wisata lain.
Seperti, Air Terjun Dan Green Canyon.

Your family story must be happy!!
 ________________________
This is👉. Pantai Minangrua - Desa Kelawi - Bakauheni - Lampung Selatan.

Rute: 1.5 jam dari kota Bandar lampung. 10 menit dari Pelabuhan Bakauheni. 
________________________
Hurry up, follow us, because we are processing something amazing!!!
NOTE!!!
(Lodging on this beach is very limited)
__
Pos HTM: 10k/orang (non higeseason) 
__
Green Canyon HTM: 15k/orang 
__
Family Gathering Mulai Rp:170.000/orang
__
Snorkeling mulai Rp: 75.000/orang 

More info & Reservasi: HP/WA: 081272250665
________________________
Don’t miss out on information!!

Tag dan follow 👇👇

@minangruabeach_inn
@pantaiminangrua_lampung

Sertakan #minangruabeach 
❎ Vacation is a necessity too
________________________
•Don’t focus too much on money•
________________________
#minangruabeachinn #minangruabeach #pantaiminangrua #bakauheni #lampungselatan #lampung #lampung #bandung #palembang #travel #explore #tourism #trip #explore",Attraction,,ocean deep,aquarium,ocean,coast,islet,cliff,beach,wave,natural,lagoon
https://www.instagram.com/p/CPpudbwL0cg/,535.jpg,6/3/2021 8:51,"Good sore ...

Jangan lupa mantai lah sob ...
..
..

Subscribe bYouTube channel MISRI VLOG, klik link in bio 👉
..
..

#lampungselatanexplore  #semukuk #pantaisemukuk #kaliandaig #wajahlampung #kelampunggeh #travel2lampung #lampungeksis #lampung #selampung #pariwisatalampung #selebgramindonesia #selebgramjakarta #selebgramlampung #selampung #pesonalampung #pariwisataindonesia #pariwisatalampung #explorelampungselatan #exploreindonesia #jelajahindonesia #lampungfun #lampungeksis #explorealam #adbenture #mtma #jejakpetualang #beach",Attraction,,lagoon,ocean,cliff,coast,beach,sky,badlands,butte,vegetation,sand
https://www.instagram.com/p/CidD0zBpVqR/,536.jpg,9/13/2022 16:44,"Cium aroma laut, rasakan langit, biarkan jiwa²mu pergi

#masyaallahtabarakallah #like4likes #instatravel #morningvibes #grandeltykrakatoa #kaliandaresort #lampungwisata #lampung#explorelampungselatan",Attraction,,pier,boat deck,ocean,interior,coast,beach,promenade,bridge,cliff,natural
https://www.instagram.com/p/CLlBoBMnMQn/,537.jpg,2/22/2021 2:56,"#blueseaview 
#bluesea🌊 
#jumping 
#kapalferry 
#holidaytrip #travelphotography #travelingindonesia #potography📷 #jalanjalanmen #pelariindonesia #pelarikece #freeletictangerang #indonesiaberlari #runbib#yeuah #explorelampungselatan #selatsunda 
Kesempatan kadang tak datang dua kali .maka nikmatilah kesempatan itu selagi kamu bisa ,walau hanya sebentar tpi kita tak bisa mengulang kembali waktu itu , walaupun tujuan utamanya wedding party tpi bisa d manfaatkan demi hobby traveling ,jgn d pikir seberapa deketny tpi seberapa kamu bisa menikmati keindahan nya , liburan itu penting wat rilexasi d tengah rutinitas yg tiada henti foto by @yusuf_swd @freeleticstgr",Accessibility,,outdoor,indoor,water park,boat deck,pier,ocean,harbor,beach house,lagoon,coast
https://www.instagram.com/p/DOTb4c_k_LD/,538.jpg,9/7/2025 14:03,"Vitamin sea ☀️🌊
.
.
.
📍Rio The Beach , Lampung
#pantailampungselatan #explorelampungselatan #pantailampung #kaliandalampungselatan #pesonaindonesia_id #wonderful #riothebeachlampung",Amenities,,beach house,outdoor,village,promenade,coast,beach,water park,raft,lagoon,ocean
https://www.instagram.com/p/DJrR4SAPf1b/,539.jpg,5/15/2025 13:40,"Team Orang Senang
Jawa Barat Lintas Sumatra 🤟😎
Next Kemana Lagi Kita🔥

#lampung #bandarlampung #sumatra #singerlampung #travelinglampung #explorelampungselatan",Accessibility,,arch,bridge,viaduct,highway,outdoor,pavilion,outdoor,campus,castle,hospital
https://www.instagram.com/p/DNzjUwz4vjf/,540.jpg,8/26/2025 4:52,"Ga ada kalimat yang bisa deskripsiin secantik apa tempat ini 💖

#explorelampungselatan #exploreindonesia #indonesia_traveler #girl #beach #pulausebesi #tripotocommunity #pulau #beachvibes #pulausebesi #exploreeverything #ootd #beachtime",Attraction,,lagoon,beach,ocean,coast,islet,swimming hole,wave,beach house,cliff,sky
https://www.instagram.com/p/DO_IWiFk0MI/,541.jpg,9/24/2025 13:19,"Referensi trip yang gak perlu cuti:
"" Open Trip Pulau Sebesi ""

Katanya mau liburan? 
Jangan cuma scroll doang cong!
Buruan booking slotnya! Di @explorepulausebesi 
Kapan lagi opentrip destinasinya dapet pantai dan gunung sekaligus?
Harganya start 400rban aja udah bisa nyebrang ke pulau Sumatera.
Bener2 worth it!

#exploreindonesia #explorelampungselatan #anakgunungkrakatau #explorepulausebesi #bandaneiralampung #wisatalampung #opentripanakgunungkrakatau #pulauumangumang",Attraction,,mountain snowy,volcano,glacier,mountain,ice shelf,lagoon,hot spring,iceberg,ice floe,valley
https://www.instagram.com/p/Ctom7gpJP_l/,542.jpg,6/18/2023 14:08,"[2 6 23]
Rekomend ni yg mau nangis tapi gk mau ketauan nangis ngecamp dipantai aja prenddd suara ombak nya keras bangett sambil teriakk juga amann sii ini🌊🌴
.
.
.📍Pantai Sanggar🏝Kalianda, Lampung
#sanggarbeach_lpg #explorelampungselatan #lampunggeh",Amenities,,campsite,junkyard,parking lot,outdoor,yard,excavation,beer garden,outdoor,driveway,playground
https://www.instagram.com/p/CwczWVZrqJF/,543.jpg,8/27/2023 13:39,"Manfaatkan liburan kamu untuk melepaskan semua beban agar pikiran dan tubuh menjadi sehat kembali.

#liburan #lfl #beach #island #explorelampungselatan #lampung #visitindonesia #exploreindonesia #kemenparekraf #pariwisatalampung #wonderfulindonesia #jelajahlampung #jelajahindonesia #lfl❤️ #lfl💛 #fffffffffffffffffffffffffffffffffffffffffffffffffffffffffffffffffffffffffffffffffffffffffffffffffffffffffffffffffffffffffffffffffffffffffffffffffffff #likesforlike",Attraction,,lagoon,beach,coast,ocean,swimming hole,river,valley,natural,cliff,rainforest
https://www.instagram.com/p/CwMRRyrL1ei/,544.jpg,8/21/2023 3:34,"Senikmat inikah rasanya liburan .... 🌊🌴🌴
..
..

Kaos keren dari : @lampungselatanexplore

#liburan #lfl #beach #island #explorelampungselatan #lampung #visitindonesia #exploreindonesia #kemenparekraf #pariwisatalampung #wonderfulindonesia #jelajahlampung #jelajahindonesia #lfl❤️ #lfl💛 #fffffffffffffffffffffffffffffffffffffffffffffffffffffffffffffffffffffffffffffffffffffffffffffffffffffffffffffffffffffffffffffffffffffffffffffffffffff #likesforlike",Attraction,,lagoon,beach,coast,ocean,swimming hole,river,sky,wave,natural,outdoor
https://www.instagram.com/p/Cd299S_htiu/,545.jpg,5/22/2022 11:36,"LAMPUNG : “Lamunan rindu yang tak tertampung”
.
.
.
.
.
#explorelampungselatan 
#selampung 
@selampung",Attraction,,vineyard,boardwalk,village,beach house,rainforest,cultivated,botanical garden,valley,rice paddy,orchard
https://www.instagram.com/p/C0-6fyNyJKp/,546.jpg,12/18/2023 5:42,".
.
Kalo ada orang ngiri, ga usah pusing sebaiknya kita nganan aja biar ga nabrak 😌
.
.
.
📍MBeach, Starlight Cabin, Kalianda
Lampung Selatan
.
#explorelampung #explorelampungselatan #pantaipasirputih #whitesandbeach #travelphotography #traveling #traveler #travelblogger #starlightcabin #holiday #staycation",Attraction,,beach,lagoon,ocean,coast,islet,wave,outdoor,vegetation,beach house,sky
https://www.instagram.com/p/ColU_r_y1zC/,547.jpg,2/13/2023 0:56,"🏝🏝
#pantaimarina #pantaimarinakalianda #explorelampung #explorelampungselatan #wisatakalianda #fyp #fypシ",Attraction,,archaelogical excavation,picnic area,playground,sandbox,desert road,hot spring,coast,trench,beach,outdoor
https://www.instagram.com/p/DB5ILfFTWKs/,548.jpg,11/3/2024 2:34,"Sunmori NXR Tangerang.
Rio By The Beach Kalianda Lampung Selatan
#explorelampung 
#explorelampungselatan 
#pantairiobythebeach",Amenities,,picnic area,beach house,outdoor,beach,pavilion,coast,lagoon,ocean,exterior,campsite
https://www.instagram.com/p/CrpWEDkSyHS/,549.jpg,4/30/2023 3:57,"Enjoy moment ....

📍Bukit Slimpuyang, Sidomulyo Lampung selatan

#bukitslimpuyang #lampungselatan #kalianda #lampung #lampungexplore #explorelampungselatan #potretlampung #pikniklampung #sigerlampung #trendinglampung #tempatwisatalampung #berandalampung #indonesia #instagram",Amenities,,campsite,archaelogical excavation,tundra,marsh,farm,picnic area,pond,rice paddy,watering hole,river
https://www.instagram.com/p/DN5JDKbk370/,550.jpg,8/28/2025 8:58,"Pernah baca quotes ini : “Worrying gets you nowhere” dan makin kesini makin sadar, diam di tempat nggak akan bawa kita kemana-mana. Lebih baik mulai jalan, walau pelan🫶🏽🧡.

#exploresebesi #explorelampungselatan #anakkrakatau #opentrip #sebesiisland",Attraction,,mountain,volcano,mountain snowy,butte,mountain path,badlands,valley,ice shelf,tundra,glacier
https://www.instagram.com/p/CgmDnbIvxXX/,551.jpg,7/29/2022 11:32,"I ❤️ U

#kahaibeachlampung#pantaikahaibeach#wisatakaliandalampungselatan#explorelampungselatan#gunungkrakatau#kahaibeachhotel#desabatubalakkahai#lampunghits#wisatalampungselatankekinian",Attraction,,ocean,boat deck,harbor,coast,ice shelf,pier,beach,ice floe,iceberg,arch
https://www.instagram.com/p/DOV6gh0Ez1H/,552.jpg,9/8/2025 13:09,"✈️ September S-nya Siap Kabur!
Siapa nih yang lagi nyari slot opentrip dadakan buat healing sebelum quarter life crisis menyerang? 😂

Tag temen travel kamu biar makin rame jalan-jalannya! 🌍🧡.

#septemberchallenge #septembervibes #explorelampungselatan #liburanasik #anakgunungkrakatau #sebesiisland",Attraction,,lagoon,boat deck,river,ocean,raft,natural,coast,beach,islet,swimming hole
https://www.instagram.com/p/DMpSxd7xW6X/,553.jpg,7/28/2025 8:44,"Banda Neira Lampung 
#pulausebesi #pulausebesilampung #bandaneira #lampung #explorelampungselatan",Attraction,,islet,lagoon,volcano,mountain,natural,coast,beach,cliff,butte,river
https://www.instagram.com/p/CwQTA_wP_UN/,554.jpg,8/22/2023 17:06,"Ini pulau indahnya itu beda banget 😍🗻
.
.
.
#3rdtouring2023 #familyadventure #familytouring #touringlintaspulau #touringlintasprovinsi #lampung #lampungselatan #explorelampung #explorelampungselatan #bakauhenilampung #travel #pelabuhancanti #kalianda #pulausebuku #pulausebesi #pulauumang #pulauumangumang #perahu #gelombang #wave #waves #ombak #laut #sea #sealife #beach #pantai #tejang #tejangpulausebesi",Attraction,,lagoon,islet,beach house,coast,beach,ocean,harbor,boat deck,cliff,village
https://www.instagram.com/p/CwQRXKgPqXk/,555.jpg,8/22/2023 16:51,"Hijau dan biru membuat mata & hatiku tertuju padamu 🗻
.
.
.
#3rdtouring2023 #familyadventure #familytouring #touringlintaspulau #touringlintasprovinsi #lampung #lampungselatan #explorelampung #explorelampungselatan #bakauhenilampung #travel #pelabuhancanti #kalianda #pulausebuku #pulausebesi #pulauumang #pulauumangumang #perahu #gelombang #wave #waves #ombak #laut #sea #sealife #beach #pantai #tejang #tejangpulausebesi",Accessibility,,lagoon,islet,beach,coast,ocean,harbor,promenade,pier,natural,sky
https://www.instagram.com/p/CwiOTKzvPV-/,556.jpg,8/29/2023 16:11,"Kita kembali lagi ke Pulau Sebesi 🗻🏝️😍❤️🌴🌴🌴🌴
.
.
#familytouring2023 #familyadventure #3rdtouring2023 #touringlintaspulau #touringlintasprovinsi #lampung #lampungselatan #explorelampung #explorelampungselatan #bakauhenilampung #travel #terumbukarang #kalianda #pulausebuku #pulausebesi #pulauumang #pulauumangumang #perahu #gelombang #wave #waves #ombak #laut #sea #sealife #beach #pantai #pulaumenggunang #tejangpulausebesi",Attraction,,botanical garden,rainforest,broadleaf,picnic area,swamp,orchard,tree farm,indoor,rice paddy,park
https://www.instagram.com/p/CkiLRfYvSjX/,557.jpg,11/4/2022 9:28,"Handover ceremony Area pantai kahai beach hotel dan wahana-wahana lainnya dari kahai beach hotel ke pelangi hotel internasional.

#kahaibeachlampung#pantaikahaibeach#wisatakaliandalampungselatan#explorelampungselatan#gunungkrakatau#kahaibeachhotel#desabatubalakkahai#lampunghits#wisatalampungselatankekinian",Amenities,,indoor,plaza,outdoor,outdoor,ticket booth,outdoor,indoor,outdoor,ice cream parlor,indoor
https://www.instagram.com/p/CcN2I0XPU6q/,558.jpg,4/11/2022 15:47,"Jagalah hatiku ini .agar tak pergi kelain hati
#explorelampungselatan
#wisatalampungselatan",Attraction,,waterfall,rainforest,mountain,creek,hot spring,canyon,mountain path,rope bridge,cliff,forest path
https://www.instagram.com/p/CwNfGIyvj5m/,559.jpg,8/21/2023 14:54,"Hidupku dulu tak begini ....
.
.
Kini happy n indah sekali 🤗🤣🤣🏝️🌊🏊🗻
.
.
#3rdtouring2023 #familyadventure #familytouring #touringlintaspulau #touringlintasprovinsi #lampung #lampungselatan #explorelampung #explorelampungselatan #bakauhenilampung #travel #pelabuhancanti #kalianda #pulausebuku #pulausebesi #pulauumang #pulauumangumang #perahu #gelombang #wave #waves #ombak #laut #sea #sealife #beach #pantai #tejang #tejangpulausebesi",Attraction,,lagoon,beach,ocean,coast,islet,water park,hot spring,outdoor,wave,swimming hole
https://www.instagram.com/p/CgEF9mdJ2Jv/,560.jpg,7/16/2022 6:59,"Cottage Minakha Khua adalah penginapan yang memiliki konsep bangunan rumah panggung sederhana dengan suasana pedesaan pesisir pantai dengan halaman yang luas

- 𝐊𝐚𝐩𝐚𝐬𝐢𝐭𝐚𝐬 𝐌𝐚𝐤𝐬𝐢𝐦𝐚𝐥 𝟏𝟖 𝐎𝐫𝐚𝐧𝐠
- 𝟐 𝐊𝐚𝐦𝐚𝐫 𝐓𝐢𝐝𝐮𝐫
- 𝐑𝐮𝐚𝐧𝐠 𝐒𝐚𝐧𝐭𝐚𝐢 & 𝐁𝐞𝐫𝐤𝐮𝐦𝐩𝐮𝐥 𝐊𝐞𝐥𝐮𝐚𝐫𝐠𝐚
- 𝐊𝐚𝐦𝐚𝐫 𝐌𝐚𝐧𝐝𝐢 (Bangunan Terpisah)

𝘊𝘰𝘵𝘵𝘢𝘨𝘦 𝘔𝘪𝘯𝘢𝘬𝘩𝘢 𝘒𝘩𝘶𝘢 𝘥𝘪𝘭𝘦𝘯𝘨𝘬𝘢𝘱𝘪 𝘥𝘦𝘯𝘨𝘢𝘯 𝘧𝘢𝘴𝘪𝘭𝘪𝘵𝘢𝘴 𝘴𝘦𝘣𝘢𝘨𝘢𝘪 𝘣𝘦𝘳𝘪𝘬𝘶𝘵:
𝟏. 𝐒𝐢𝐧𝐠𝐥𝐞 𝐁𝐞𝐝 (Double Size)
𝟐. 𝐊𝐢𝐩𝐚𝐬 𝐀𝐧𝐠𝐢𝐧
𝟑. 𝐃𝐢𝐬𝐩𝐞𝐧𝐬𝐞𝐫

𝘗𝘳𝘪𝘤𝘦:
𝐑𝐩.𝟏.𝟎𝟎𝟎.𝟎𝟎𝟎.-/𝐧𝐢𝐠𝐡𝐭 (Weekday & Weekend)
_________________________

UNTUK RESERVASI PENGINAPAN DAN INFO KETERSEDIAAN KAMAR, SERTA INFO DETAIL LAINNYA SILAHKAN HUBUNGI KONTAK YANG TERTERA DI KOLOM KONTAK PROFILE ATAU KUNJUNGI WEBSITE RESMI KAMI: 𝐦𝐢𝐧𝐚𝐧𝐠𝐫𝐮𝐚.𝐜𝐨𝐦

'𝐀𝐉𝐀𝐊 𝐊𝐄𝐂𝐀𝐌𝐔 𝐊𝐇𝐀𝐌 𝐍𝐘𝐀𝐍𝐈𝐊 𝐂𝐄𝐊𝐇𝐈𝐓𝐀 𝐃𝐈 𝐃𝐈𝐉𝐀'

#minangrua #pantaiminangrua #ramahtamahjelajah #lampung #explorelampungselatan #explorelampung #visitlampung #lampunggeh #letsgosomewhere #summer #summertime #summervibes #holiday #holidayseason #goodvibes #beach #beachlife #beachday #beachvibes #travel #travelphotography #vacation",Amenities,,outdoor,outdoor,fastfood restaurant,chalet,ticket booth,porch,ice cream parlor,outdoor,restaurant patio,motel
https://www.instagram.com/p/CJlmHXUjI5N/,561.jpg,1/3/2021 15:12,"Menikmati indahnya alam semesta..
#pantaikunjirkalianda #explorelampungselatan #explorelampung",Attraction,,islet,lagoon,ocean,coast,beach,ice floe,natural,cliff,swimming hole,river
https://www.instagram.com/p/COpa5t4n_OZ/,562.jpg,5/9/2021 9:28,"-
-
Air terjun way kalam saat ini sedang berbenah diri Demi kenyamanan para pengunjung nya..mulai dari akses jalan yg dulu berbatu menjadi cor betoon kyak tol..membuat post loket 1pintu untk masuk area karena mengingat way kalam sekrng mempunyai 2 air terjun berikut anakkan way kalam .dri pihak Pokdarwis jg membuat jembatan coor beton...jdi dlu jembatan bambu nya sudah tidak ada lagi .jdi skrng untuk nyebrang ke air terjun sudah enak Krn ada jembatan..nah untuk masalh tiket buat pengunjung permotor nya di kenakan 15ribu..gpp ya ...itung2  cara kita suport Pokdarwis untuk kemajuan mengelola wisata berkelanjutan..siap kan stamina krna untk smpai air terjun kita akan menuri anak tangga...beda hal nya dengan anakkan way kalam yg jlnnya bnyk datar...
Yg belum kemari wajib coba yg udah coba yuuk dtng lgi....
. . . .
. . .
. . 
.
🌍Air terjun way kalam.desa way kalam kec penengahan kab Lampung selatan
📷 @kutaheriawan 
. . . .
#Repost - @syah_herwan 
. . .
. .
.
#gengkwaci _explore
#jelajahsumatera 
#wajahlampuung
#wilayahlampung 
#ilovelampung
#pesona_lampungkita 
#lampungeksis 
#lampunggeh
#gerbangsumateraa 
#lampungholiday_ 
#curugmanialampung 
#jejaklampung 
#jejakwisatalampung
#pikniklampung 
#kelampung_geh 
#kelampungaja 
#lampungdong 
#lampungme 
#airterjunwaykalam
#explorelampungselatan",Attraction,,waterfall,creek,rainforest,japanese garden,mountain,rope bridge,valley,bridge,hot spring,river
https://www.instagram.com/p/CNOzgzmAQOI/,563.jpg,4/4/2021 4:53,"Yg mengaudit dan yg diaudit... Disatukan dalam satu kamar, jadi rasa temen main... 🤭 see you ibu @sukmayunani_ 🥰
.
#auditbpkp2021 #pusrilampung #staycationlampung #staycationlampungselatan #explorelampungselatan #explorelampung #kahaibeach #kahaibeachlampung #kahaibeachresort",Attraction,,coast,ocean,islet,cliff,lagoon,beach,natural,park,beach house,interior
https://www.instagram.com/p/CNXZ7p2MDpG/,564.jpg,4/7/2021 13:02,"Sunset
.
.
.
.
.
.
.
.
#sunsets #sunsetpantaiminangrua 
#yoexplore #explorelampungselatan 
#explorewisatalampungselatan 
#pesonapantailampung #lampungindonesia❤️ 
#informasilpg #Amazinglampungselatan",Attraction,,ocean,coast,sky,wave,cliff,beach,islet,valley,butte,lagoon
https://www.instagram.com/p/CJzw3Run81O/,565.jpg,1/9/2021 0:00,"Karena di setiap perjalanan terdapat hikmah dan cerita yang berbeda
#visitindonesia 
#indonesiakeren 
#visitlampung
#visitlampungselatan 
#visitkalianda 
#lestarialamku
#purna1261-1262
#saudaratunaskelapa",Attraction,,army base,racecourse,watering hole,landfill,vegetation,construction site,desert road,promenade,excavation,trench
https://www.instagram.com/p/C7cPbnCyJ5n/,566.jpg,5/27/2024 0:00,"Weekend Getaway, naik motor cuma 3 jam dari jakarta sudah dapat experience selengkap ini…\nSebagai Mekhanai lampung Selatan 2006 , I highly recommend to Visit Lampung Selatan .\nYang mau di spill budget, dan objek wisata apa aja yang menarik di lampung selatan bisa comment dibawah !\n#lampung #shortgetaway #touringwisata",Accessibility,,parking lot,highway,amusement park,carrousel,raceway,palace,campsite,promenade,sand,vegetation
https://www.instagram.com/p/C7sslk7yE2V/,567.jpg,6/2/2024 0:00,"Tabik pun… 🙏
.
.
.
.
.
#visitlampung #visitlampungselatan #beach #riobythebeach",Amenities,,amphitheater,vegetation,butte,outdoor,archaelogical excavation,outdoor,plaza,kasbah,campsite,mountain
https://www.instagram.com/p/DSeSGqcj5mm/,568.jpg,12/20/2024 0:00,"Make your day sweeter with a scoop of happiness 🍦\nVisit Setigi Sundae at Setigi Heni Lampung!\nBooking and Reservation:\nWhatsapp +62 821 2200 2098\n—\nPantai Setigi Heni\nCanggung, Lampung Selatan\n#SetigiHeni #HarmonyWithNature #BatokKelapaBeachCafe #ShellOfFlavor #HiddenGem #Canggung #LampungSelatan",Amenities,,park,patio,ticket booth,restaurant patio,outdoor,picnic area,outdoor,beer garden,playground,staircase
https://www.instagram.com/p/C3ZLjxnvTOc/,569.jpg,2/16/2024 0:00,What a dreamy island to visit! #lampungselatan,Attraction,,mountain path,landfill,excavation,trench,archaelogical excavation,desert road,tundra,valley,beach,coast
https://www.instagram.com/p/C6x6E29vT2l/,570.jpg,5/10/2024 0:00,"NOT Santorini, but Lampung! 🥰🌟👍🏼
Must visit Pantai Marina. 
.
#lampung #lampungselatan #indonesia #santorini #beach #sumatera @yennyhs",Attraction,,roof garden,patio,zen garden,courtyard,staircase,plaza,formal garden,botanical garden,alley,restaurant patio
https://www.instagram.com/p/CaxC8ZKvVfi/,571.jpg,3/6/2022 0:00,"Menunggu yang akan berlalu.
Menanti yang akan pergi
Walaupun cuma sesaat ku nikmati .
Esok pagi akan menyapa kembali  dgn penuh berseri
#lampung
#visitlampungselatan
@explorewisatalampung
@pulaumengkudu
@wisatalampungselatan",Attraction,,islet,coast,lagoon,ocean,beach,harbor,cliff,natural,river,watering hole
https://www.instagram.com/p/CfTl7xMBhCY/,572.jpg,6/27/2022 0:00,"Ketukan nada kehidupan yang slalu membangunkan mimpi panjang ku

Pict @nurrhasanah237

📍Pantai Sebalang, Tarahan, Katibung, Lampung Selatan.

Visit 👉 www.ayokelampung.com

#ayokelampung #travel #tour #wisata #holiday #pesonaindonesia #travelphotography #visitindonesia #jalanjalan #wonderfulindonesia #like4like #wisataindonesia #lfl #wisatalampung #lampunggeh #lampung #genpilampung #bandarlampung #lampunginsta #lampungselatan #lampungbarat #lampunghits #lampungtengah #lampungtimur #lampungwisata #lampungkece #lampungyay #lampungeksis #lampungkeren #lampunggham",Attraction,,promenade,harbor,pier,ice floe,beach,ocean,coast,river,boat deck,lagoon
https://www.instagram.com/p/CsJZSDYyFu6/,573.jpg,5/12/2023 0:00,"masjidbsi_bakauheni 
#visitlampung #visitlampungselatan",Amenities,,pavilion,outdoor,arch,outdoor,outdoor,building facade,outdoor,exterior,plaza,mansion
https://www.instagram.com/p/Cd8QJO7hF6B/,574.jpg,5/24/2022 0:00,"Yakinlah setiap perbuatan akan kembali ke diri kita sendiri, maka fokuslah untuk berfikir baik, berkata baik, dan berhati baik:)

Pict @rikahdyni

📍Pantai Marina, Kalianda Lampung Selatan

Visit 👉 www.ayokelampung.com

#ayokelampung #travel #tour #wisata #holiday #pesonaindonesia #travelphotography #visitindonesia #jalanjalan #wonderfulindonesia #like4like #wisataindonesia #lfl #wisatalampung #lampunggeh #lampung #genpilampung #bandarlampung #lampunginsta #lampungselatan #lampungbarat #lampunghits #lampungtengah #lampungtimur #lampungwisata #lampungkece #lampungyay #lampungeksis #lampungkeren #lampunggham",Attraction,,lagoon,islet,coast,cliff,ocean,beach,sky,beach house,harbor,lighthouse
https://www.instagram.com/p/DFwGI7uyS2r/,575.jpg,2/17/2025 0:00,"Gua Maria Ngison Nando, Kalianda, Lampung Selatan. Lokasinya di pinggir jalan utama, dan cukup luas untuk rombongan bus. Susteran yang juga bisa digunakan untuk retreat.

Must visit kalau sedang di area Lampung 🤗",Amenities,,japanese garden,botanical garden,fishpond,formal garden,vegetable garden,asia,aquarium,park,pond,pagoda
https://www.instagram.com/p/CJTUkW-Mx3l/,576.jpg,12/27/2021 0:00,"Ada rindu mendekam dijiwa
Seperti merindukan senja disudut kota
Ada rindu yang selalu jatuh
Diterik sepi yang lupa berteduh
Semoga hati ini tak kan Rapuh
#pejuangLDR
#rindukamu
#dailyhijabootd#dailyhijabtraveller
#keduwarnakalianda#lampunghits
#lampungeksis#lampunggeh#visitlampung
#visitlampungselatan#lampungselatan
#kelampungyuk#kelampunggeh#keduwarna",Attraction,,beach,ocean,coast,wave,lagoon,outdoor,promenade,beach house,cliff,sky
https://www.instagram.com/p/DF5CoH1JSzz/,577.jpg,2/10/2025 0:00,"DEPARTURE INDUSTRY VISIT SMK N 1 NATAR LAMPUNG SELATAN Tahun 2025 bersama Puma Tour 
.
.
.
#pumatour #terbaik #bus #travel #kunjunganindustri #tour",Accessibility,,airplane cabin,discotheque,car interior,beer hall,beauty salon,bar,bus interior,train interior,ice cream parlor,indoor
https://www.instagram.com/p/DRgsJFhki2X/,578.jpg,11/26/2025 0:00,"⏩(Balam) - Wakil Gubernur Lampung, Jihan Nurlela, meninjau site visit feasibility study pengembangan nilai ekonomi karbon di kawasan Perhutanan Sosial Desa Way Kalam, Kecamatan Penengahan, Lampung Selatan, Selasa (25/11/2025).
.
.
Dalam kunjungan itu, Wagub bersama rombongan dari Otoritas Jasa Keuangan (OJK) dan Dinas Kehutanan Provinsi Lampung menyusuri jalur hutan yang rimbun. Suasana alami dengan pepohonan besar, kicauan burung, dan aliran sungai menambah kesejukan perjalanan.
.
.
Jihan menilai, kawasan perhutanan sosial di Way Kalam memiliki potensi besar untuk dikembangkan, baik dari sisi konservasi lingkungan, penguatan ekonomi masyarakat, maupun nilai ekonomi karbon.
.
.
“Pengembangan potensi perhutanan sosial ini sangat luas, terutama jika berbicara tentang ekonomi karbon. Tapi kita juga perlu merapikan manajemen dari hal-hal kecil agar potensi ini benar-benar bisa dioptimalkan,” ujarnya.
.
.
Selama peninjauan, Wagub berhenti di beberapa titik strategis, termasuk area sumber mata air dan jalur menuju Air Terjun Anakan di Hutan Register Way Kalam. 
.
.
Di sana, ia mendapat penjelasan terkait keberadaan satwa dilindungi serta peran masyarakat desa dalam menjaga kawasan konservasi.
.
.
Wagub Jihan juga mengapresiasi keberadaan Peraturan Desa (Perdes) yang mengatur pengelolaan wisata alam di kawasan tersebut, seperti area camping, jalur trekking, dan dua lokasi air terjun.
.
.
“Sekarang kita berada di dekat sumber mata air. Kalau di bawah itu ada Air Terjun Way Kalam yang besar. Tempat ini cocok sekali untuk aktivitas seperti yoga. Ke depan, mungkin bisa diukur pH airnya agar diketahui kandungan oksigennya, ini bisa jadi nilai tambah untuk promosi wisata,” tambahnya.
.
.
Pemerintah Provinsi Lampung berharap hasil kajian ini dapat memperkuat pengelolaan perhutanan sosial secara berkelanjutan. Selain menjaga kelestarian alam, program ini juga diharapkan mampu meningkatkan kesejahteraan masyarakat sekitar.
.
.
Ikuti update terus via www.beritalampung.id
.
.
#BeritaLampungid #TrendingLampung #Lampungid",Ancillary,,outdoor,botanical garden,japanese garden,rainforest,waterfall,formal garden,supermarket,fishpond,aquarium,pet shop
https://www.instagram.com/p/CbTzsJgJGB_/,579.jpg,3/20/2022 0:00,"Continue…
Karena sudah malam setelah nengok saudara jadilah makan di nasi uduk toha karena dia buka sampe lewat tengah malam
Nasi uduk toha 3/5
Besok pagi habis papa acara keluarga besar mama di hotel jam 12 kita makan di baso sony dan pempek tenda biru kemudian beli oleh2x…
Baso sony  3/5
Pempek tenda biru 4.25/5

Sambil menunggu kapal fery jam 18:45
Kita ke @aranglampung dari bandar lampung 1,5jam via tol tetapi jika sudah masuk jalanan desa jlananya aga berlubang, klo sudah masuk kawasan wisatanya jalanya berbatu…

Tiket masuk dewasa 3 orang (anak anak dibawah 5thn free) total 150k 
Tetapi sudah termasuk mobil HLUX antar jemput pantai dan free voucher makan @100k total voucher 300k ( makananya bisa di bilang overpriced) menu makanan yg dipesan :
Sirloin meltic,french fries 300gr, beef slice 250gr, nasi goreng ayam,lecy tea, kelapa batok 2, free sauce/bumbu grill dan alat bakar+arang…total mkan sktr 400an tetapi krn tiket masuk sdh termasuk voucher makan maka kami membayar sisanya 130k
Total makan, tiket masuk dan sewa hilux ke pantai = 150k+130k=280k worth it sh karena pantai bersih bisa renang ada tempat untuk rebahan free, adem tetapi hati hati krn ombaknya lumayan tinggi..

Tips bawa anak : 
1. Download video yutub di hp/tab anak
2. Bawa cemilan, susu, dll
3. Bawa buku favorit anak
4. Bed cover dan bantal buat rebahan
5. Bawa vitamin anak

Sayang banget mendadak tidak prepare apapun next insyAllah explore pantai lampung lagi pantainya bagus pake kamera hp udah bagus, dari arang beach ke pelabuhan 1.5jam lumayan liburan tipis2 btw kita di sini cuma 2jam krn cuma nunggu jadwal kapal fery..jgn lupa reservasi dulu nomornya ada di ig @aranglampung 

#arangbeach #visitlampungselatan #familytime #masyaallahtabarakallah #33weekspregnant",Attraction ,,beach,coast,ocean,lagoon,cliff,hot spring,landfill,wave,islet,iceberg
https://www.instagram.com/p/CQFKodfMFpw/,580.jpg,6/14/2021 0:00,""" Kau tunduk kepada alam selama belum melihat Penciptanya. Jika kau telah menyaksikan-Nya maka alam akan tunduk kepadamu."" 

 ~  Ibnu Athaillah ~

Running and Swimming Time 

#running 
#swimming 
#runforhumanity 
#runforibadah 
#justicerunners 
#bugarsepanjangusia 
#keepstrong 
#staystrong 
#visitlampung 
#visitlampungselatan 
#silahturahmi
#ayolebihbaik",Attraction ,,lagoon,beach,islet,coast,ocean,swimming hole,promenade,cliff,natural,river
https://www.instagram.com/p/CVO8oMMJw9B/,581.jpg,10/20/2021 0:00,".
Pantai Marina Lampung Selatan 🌊

📸Repost @riinaa23_ 

Salam Generasi Pesona Indonesia
Lapah Gham Jamo-Jamo Ngelestareiken Bumi Lampung

Visit www.genpilampung.com

@jokowi @kemensetneg.ri 
@sandiuno @kemenparekraf.ri 
@dwita_ria @ellanuryamah 
@dr.muhammad.kadafi.sh.mh @dpr_ri
@ustadzabdulhakim @jihanchalim
@bustami_zainudin32 @dpdri
@arinal_djunaidi @pemprov.lampung
@mbak_nunik @pemprovlampung_
@rianasariarinal @pkk_provinsi_lampung
@edarwan1962 @pariwisata_lampung
@vera_moz76 @ekraf.lampun @lyanda_melly
@elhannidjafar @heliana.dewi @perindaglampung
@ellywahyuni.s @ade_ui @vittorio_dwison @lestyputriii @wahrulfauzisilalahi @agiriakbar @dprdlampung 
@dharmasetyawan.com_ @payungiuniversity
@mustika_edi23 @ayokelampung.com_ @lampung.media
@mbakjhe @genpiindonesia @wonderful.indonesiaku
@abdulrohmanwahidone @genpi_lampung @infogeh

#genpi #genpilampung #genpilampung2021 #generasipesonaindonesia #pesonaindonesia #wonderfulindonesia #salamgenpigasgasgas #AyokeLampung #kelampungkeren #dilampungaja #diindonesiaaja #lampung #bandarlampung #kotametro #lampungbarat #lampungutara #lampungtimur #lampungtengah #lampungselatan #tanggamus #pringsewu #pesawaran #pesisirbarat #mesuji #waykanan #tulangbawang #tulangbawangbarat #love #lampungberjaya #pesonalampung",Attraction ,,lagoon,swimming hole,coast,beach,watering hole,ocean,cliff,hot spring,river,islet
https://www.instagram.com/p/DRHkCFOk0bf/,582.jpg,11/16/2025 0:00,"What a majestic place to visit 🥹✨
📍Anak Gunung Krakatau, Selat Sunda, Lampung
Selatan

Saksi bisu letusan dahsyat yang pernah mengguncang dunia pada tahun 1883. Semoga tidurmu masih panjang ya anak baik..
Note: Kesana harus sama guide atau ikut Open Trip ya!

Jun ‘25",Attraction ,,islet,volcano,coast,beach,ocean,cliff,mountain,lagoon,tundra,ice shelf
https://www.instagram.com/p/DEBi4CYzoFz/,583.jpg,12/26/2024 0:00,"
drh_m.munawaroh
 
70w
I am and @farooqehtishamahmad  at @suak.sumatera  visit at PT Juang Jaya Abdi Alam Lampung Selatan..26.12.24",Attraction ,,beach,lagoon,coast,ocean,islet,watering hole,natural,ice floe,landfill,river
https://www.instagram.com/p/CdPlX_Pv2uQ/,584.jpg,5/7/2022 0:00,"The sunset sky speaks of a thousand of colors 

📍 one of the tours that you can visit in the Lampung Province “Arang Lampung” 

📸 @beryds 

#swissbelhotel 
#swissbelhotellampung 
#tourism 
#beachvibes 
#lampungselatan 
#aranglampung",Attraction ,,hayfield,farm,golf course,lawn,yard,pasture,picnic area,sky,orchard,cultivated
https://www.instagram.com/p/DBfqu9xvpXV/,585.jpg,10/21/2024 0:00,"Holla! We are now serving grilled fresh seafood. 
Visit us at our booth “Setigi BBQ” 🦐🦑🐟

Booking and Reservation:
Whatsapp +62 821 2200 2098

—
Pantai Setigi Heni
Canggung, Lampung Selatan

#SetigiHeni #HarmonyWithNature #BatokKelapaBeachCafe #ShellOfFlavor #HiddenGem #Canggung #LampungSelatan",Amenities,,railroad track,outdoor,viaduct,bridge,outdoor,amusement park,staircase,tree house,pharmacy,fire escape
https://www.instagram.com/p/CJ5k_foAHit/,586.jpg,1/11/2021 0:00,"visit lampung yuuk , ada yg tau ga aku lagi piknik dimanaa ??! g kalah cantik kan sama pemandangan gunung fuji hheee 😀 , aku kemaren piknik dan berenang di laut kalianda lampung selatan, tepatnya di @elty_krakatoa , lautnya jernih bgt dan ombaknya relatif tenang kalian bs berenang, bs main floatis juga disana sambil nikmatin indahnya gunung rajabasa 😍, liburan dan tetap patuhi protokol kesehatan ya  #grandeltykrakatoa #pariwisatalampung #pantaikalianda",Attraction,,park,picnic area,lawn,yard,campsite,playground,topiary garden,botanical garden,orchard,sandbox
https://www.instagram.com/p/DSC6JTJDRBL/,587.jpg,12/9/2025 0:00,"Wagub Lampung Tinjau Potensi Ekonomi Karbon Way Kalam

LAMSEL- Wakil Gubernur Lampung Jihan Nurlela mengunjungi Studi Kelayakan Kunjungan Lapangan (Site Visit Feasibility Study) Pengembangan Nilai Ekonomi Karbon di kawasan Perhutanan Sosial Desa Way Kalam, Kecamatan Penengahan, Lampung Selatan, Selasa (25/11/2025). Kunjungan dilakukan dengan menyusuri jalur hutan yang rimbun. Wagub didampingi tim dari OJK dan Dinas Kehutanan Provinsi Lampung. Rombongan disambut suasana alami yang sejuk, dengan pepohonan besar, suara satwa, dan aliran sungai....

https://inspiratif.co.id/wagub-lampung-tinjau-potensi-ekonomi-karbon-way-kalam/",Attraction,,rainforest,waterfall,creek,hot spring,mountain,japanese garden,beer garden,botanical garden,canyon,picnic area
https://www.instagram.com/p/C7qw29KSL7x/,588.jpg,6/1/2024 0:00,"Lanjutan video sebelumnya, karena banyak yang tanya di platform sebelah ? Klo menurut kalian apakah termasuk traveling low budget ? 
.
.
.
.
@kedasresort_hotel @minangruaofficial @minangrua_undersea 

#visitlampungselatan #beachvibes #watersport #riding #overland #roadtrip #healing #budgetfriendly #budgettravel #komunitasmotor #gasajadulubarucurhat",Attraction,,pier,harbor,ocean,coast,river,lagoon,boat deck,natural,boardwalk,sky
https://www.instagram.com/p/CTzR2qKhtad/,589.jpg,9/14/2021 0:00,"📍Bukit Pematang Sunrise, Bakauheni Lampung Selatan. 

📸 @putrikintann

 Visit 👉 www.ayokelampung.com

@jokowi @kemensetneg.ri  @sandiuno @kemenparekraf.ri  @arinal_djunaidi @mbak_nunik @edarwan1962
@pariwisata_lampung @ekraf.lampung @rianasariarinal @ardito_wijaya @dharmasetyawan.com_ @payungiuniversity  @genpiindonesia @genpi_lampung 
.
#ayokelampung #travel #tour #wisata #holiday #pesonaindonesia #travelphotography #visitindonesia #jalanjalan #wonderfulindonesia #like4like #wisataindonesia #lfl #wisatalampung #lampunggeh #lampung #genpilampung #bandarlampung #lampunginsta #lampungselatan #lampungbarat #lampunghits #lampungtengah #lampungtimur #lampungwisata #lampungkece #lampungyay #lampungeksis #lampungkeren #lampunggham",Attraction,,lagoon,picnic area,islet,coast,ocean,cliff,beach,natural,beach house,swimming hole
https://www.instagram.com/p/CTylCr-hlmo/,590.jpg,9/14/2021 0:00,"Waktu dimana sebelum semuanya berubah :)

📍 Pantai Marina, Kalianda, Lampung Selatan
Visit 👉 www.ayokelampung.com

Repost from : @gadisfrh_19

@jokowi @kemensetneg.ri  @sandiuno @kemenparekraf.ri  @arinal_djunaidi @mbak_nunik @edarwan1962
@pariwisata_lampung @ekraf.lampung @rianasariarinal @ardito_wijaya @dharmasetyawan.com_ @payungiuniversity  @genpiindonesia @genpi_lampung 
.
#ayokelampung #travel #tour #wisata #holiday #pesonaindonesia #travelphotography #visitindonesia #jalanjalan #wonderfulindonesia #like4like #wisataindonesia #lfl #wisatalampung #lampunggeh #lampung #genpilampung #bandarlampung #lampunginsta #lampungselatan #lampungbarat #lampunghits #lampungtengah #lampungtimur #lampungwisata #lampungkece #lampungyay #lampungeksis #lampungkeren #lampunggham",Attraction,,coast,ocean,beach,wave,cliff,lagoon,glacier,iceberg,hot spring,ice shelf
https://www.instagram.com/p/CROq7ApgR0H/,591.jpg,7/12/2021 0:00,"Apa pun situasi nya kalau mau holiday mh lanjut....
:
📌 Umang Umang island
  Pulau Sebesi Lampung
  Selatan
🔭🏝️🏝️🏝️🏝️
#lampungselatanindonesia #holiday #trevelerindonesia #treveling #ilovelampung #iloveindonesia #jelajahlampung #visitlampung #visitlampungselatan #wonderfullindonesia #wonderfullampung",Attraction,,lagoon,beach,islet,coast,ocean,mountain,outdoor,natural,beach house,raft
https://www.instagram.com/p/CeS7OGZBz0P/,592.jpg,6/2/2022 0:00,"Kapan terakhir kalian mantai🤔

Pict @awan_1810

📍Pantai Mbeach, Kalianda, Lampung Selatan.

Visit 👉 www.ayokelampung.com

#ayokelampung #travel #tour #wisata #holiday #pesonaindonesia #travelphotography #visitindonesia #jalanjalan #wonderfulindonesia #like4like #wisataindonesia #lfl #wisatalampung #lampunggeh #lampung #genpilampung #bandarlampung #lampunginsta #lampungselatan #lampungbarat #lampunghits #lampungtengah #lampungtimur #lampungwisata #lampungkece #lampungyay #lampungeksis #lampungkeren #lampunggham",Attraction,,promenade,beach,coast,outdoor,ocean,lagoon,picnic area,boardwalk,beach house,park
https://www.instagram.com/p/Cd05JLvBFUC/,593.jpg,5/21/2022 0:00,"Selamat pagi🙌

Pict @odi_mudirul

📍Spot Green Canyon, Pantai Minang Rua,  Lampung Selatan

Visit 👉 www.ayokelampung.com

#ayokelampung #travel #tour #wisata #holiday #pesonaindonesia #travelphotography #visitindonesia #jalanjalan #wonderfulindonesia #like4like #wisataindonesia #lfl #wisatalampung #lampunggeh #lampung #genpilampung #bandarlampung #lampunginsta #lampungselatan #lampungbarat #lampunghits #lampungtengah #lampungtimur #lampungwisata #lampungkece #lampungyay #lampungeksis #lampungkeren #lampunggham",Attraction,,swimming hole,rope bridge,rainforest,river,creek,swamp,watering hole,pond,hot spring,natural
https://www.instagram.com/p/CVu9LrVJC7v/,594.jpg,11/1/2021 0:00,".
📍bukit Pematang sunrise,Bakauheni,Lampung Selatan

Reposted from @hallooo.lilis_ Draf..

Salam Generasi Pesona Indonesia
Lapah Gham Jamo-Jamo Ngelestareiken Bumi Lampung

Visit www.genpilampung.com

@jokowi @kemensetneg.ri 
@sandiuno @kemenparekraf.ri 
@dwita_ria @ellanuryamah @dpr_ri
@ustadzabdulhakim @jihanchalim @dpdri
@arinal_djunaidi @pemprov.lampung
@mbak_nunik @pemprovlampung_
@rianasariarinal @pkk_provinsi_lampung
@edarwan1962 @ulidarebeca_ @pariwisata_lampung
@vera_moz76 @ekraf.lampun @lyanda_melly
@elhannidjafar @heliana.dewi @perindaglampung
@ellywahyuni.s @ade_ui @vittorio_dwison @lestyputriii @wahrulfauzisilalahi @garinca.reza.pahlevi
@agiriakbar @mirzano @dprdlampung 
@dharmasetyawan.com_ @payungiuniversity
@mustika_edi23 @ayokelampung.com_ @lampung.media
@mbakjhe @genpiindonesia @wonderful.indonesiaku
@abdulrohmanwahidone @genpi_lampung @infogeh
@akhyarmusthafa @myls.kotametro @payungikampungbahasa

#genpi #genpilampung #genpilampung2021 #generasipesonaindonesia #pesonaindonesia #wonderfulindonesia #salamgenpigasgasgas #AyokeLampung #kelampungkeren #dilampungaja #diindonesiaaja #lampung #bandarlampung #kotametro #lampungbarat #lampungutara #lampungtimur #lampungtengah #lampungselatan #tanggamus #pringsewu #pesawaran #pesisirbarat #mesuji #waykanan #tulangbawang #tulangbawangbarat #lampungberjaya #pesonalampung #myls.kotametro",Attraction,,picnic area,islet,lagoon,coast,tree house,beach house,outdoor,park,ocean,village
https://www.instagram.com/p/ChZ58T_P0NU/,595.jpg,8/18/2022 0:00,"Masyaallah tabarakallah 🤍
Allhamdulillah pacaran setelah halal lebih indah 
#coplegoals #halalcople #taarufnikah #muslimah #islam #coplemuslim #travelers #astetic  #visitindonesia #visitlampung #visitlampungselatan #alexanderchristie #hijabchic #adidassneakers #cordydailyinspiration #ondaindonesia",Attraction,,ocean,coast,beach,wave,cliff,islet,lagoon,ice shelf,ice floe,iceberg
https://www.instagram.com/p/CV7DzM1hNkg/,596.jpg,11/6/2021 0:00,"Memandangmu saja tak cukup apa lagi mengagumimu🌊
.
📍 Pantai Kedu Kalianda Lampung Selatan
.
Reposted from @rimachasanah25

Visit 👉 www.ayokelampung.com

@jokowi @kemensetneg.ri  @sandiuno @kemenparekraf.ri  @arinal_djunaidi @mbak_nunik @edarwan1962
@pariwisata_lampung @ekraf.lampung @rianasariarinal @ardito_wijaya @dharmasetyawan.com_ @payungiuniversity  @genpiindonesia @genpi_lampung 
.
#ayokelampung #travel #tour #wisata #holiday #pesonaindonesia #travelphotography #visitindonesia #jalanjalan #wonderfulindonesia #like4like #wisataindonesia #lfl #wisatalampung #lampunggeh #lampung #genpilampung #bandarlampung #lampunginsta #lampungselatan #lampungbarat #lampunghits #lampungtengah #lampungtimur #lampungwisata #lampungkece #lampungyay #lampungeksis #lampungkeren #lampunggham",Attraction,,beach,ocean,coast,ice shelf,lagoon,wave,iceberg,sky,cliff,ice floe
https://www.instagram.com/p/DQLK2Q9Eovi/,597.jpg,10/24/2025 0:00,"Pantai Marina, Pantai cantik di Lampung Selatan yang hanya berjarak 50km dari pusat kota Bandar Lampung. 
Meski tidak dapat berenang tapi pantai ini terkenal memilki berbagai spot foto estetik dan keindahan alam.
HTM : 30K/person
Bakalan masuk ke bucket list places to visit kamu ga nih?

Sets @noaeveryday 

#shintatraveldiaries #wheninlampung #travelwithnoa #iwearnoaeveryday #placetogo #pantaimarina #pantaimarinalampung",Attraction,,lagoon,beach,islet,coast,swimming hole,ocean,natural,river,cliff,watering hole
https://www.instagram.com/p/DVxHGe4E4aX/,598.jpg,3/12/2026 0:00,"
disparbud_lampungselatan
 
7w
Meninjau Potensi Wisata Way Tebing Ceppa

Kunjungan ke destinasi wisata Way Tebing Ceppa bersama Kepala Dinas Pariwisata dan Kebudayaan Kabupaten Lampung Selatan Dr. I Nyoman Setiawan, S.E., M.M., didampingi oleh Camat Penengahan, Sekretaris Dinas Pariwisata dan Kebudayaan, serta Kepala Bidang Kebudayaan.

Kegiatan ini dilakukan sebagai bagian dari upaya melihat langsung potensi wisata alam yang dimiliki daerah, sekaligus mendorong pengembangan dan pengelolaan destinasi agar dapat menjadi daya tarik wisata yang semakin dikenal luas serta memberikan manfaat bagi masyarakat sekitar.

Semoga keindahan alam Way Tebing Ceppa dapat terus dijaga dan dikembangkan sebagai salah satu destinasi wisata unggulan di Kabupaten Lampung Selatan. 🌿✨

#PariwisataLampungSelatan #WayTebingCeppa #PesonaLampungSelatan #VisitLampungSelatan",Attraction,,lagoon,islet,natural,natural,water,grotto,rainforest,pond,river,boathouse
https://www.instagram.com/p/DRjuVZggsOw/,599.jpg,11/27/2025 0:00,"Wagub Lampung Tinjau Way Kalam: Ekonomi Karbon & Wisata Alam Jadi Prioritas!

Wakil Gubernur Lampung, Jihan Nurlela, melakukan site visit Perhutanan Sosial Way Kalam, Lampung Selatan, untuk mengkaji potensi ekonomi karbon, konservasi lingkungan, dan pengembangan wisata kesehatan. Ia mengapresiasi Perdes manajemen wisata masyarakat yang mengatur trekking, camping, dan pengelolaan air terjun secara mandiri.

#WayKalam #PerhutananSosial #EkonomiKarbon #WisataAlam #LampungLestari #WellnessTourism #KonservasiHutan #WagubLampung #PemberdayaanMasyarakat #LingkunganHijau",Amenities,,beer garden,picnic area,restaurant patio,outdoor,park,ice cream parlor,plaza,amusement park,cafeteria,beer hall
https://www.instagram.com/p/DRZf0jHE5ne/,600.jpg,11/23/2025 0:00,"singkat, padat, berangkat 🤙🏻

#pulauumangumang #pulauumang #pulausebesi 

Pulau Umang Umang | Pulau Sebesi | Explore Lampung | Visit Lampung Selatan |",Attraction,,lagoon,islet,harbor,coast,mountain,volcano,ocean,hot spring,rainforest,river
https://www.instagram.com/p/DVXsDsBgph4/,601.jpg,3/2/2026 0:00,"Nikmati pengalaman menginap dengan panorama laut yang menenangkan di Benteng On The Beach, Kalianda – Lampung Selatan 🌊✨

Suasana nyaman, angin sepoi-sepoi, dan pemandangan pantai yang memukau siap menyambut momen liburan Anda bersama keluarga maupun sahabat. Tempat yang tepat untuk melepas penat dan menikmati keindahan pesisir Kalianda.

Reservasi sekarang juga 📞 0821-6421-9212
Yuk, rasakan sensasi menginap tepat di tepi pantai! 🌅🏖️

#BentengOnTheBeach #PariwisataKalianda #WisataLampungSelatan #VisitLampungSelatan",Amenities,,chalet,shed,motel,outdoor,staircase,outdoor,playroom,cottage,childs room,tree house
https://www.instagram.com/p/CTWe3xAvNP3/,602.jpg,9/3/2021 0:00,"Sering ngantuk di jam-jam penting?sering melewatkan kesempatan besar karena ketiduran? Cobain ni coffee V60 ala D'sas yang siap buat kamu melek seharian.

Yuk,ajak keluarga,teman dan juga pasangan kamu ngopi bareng di Cafe kami😍

#dsascafeandresto #kopienak #coffeehot #indonesiafood #kulinerlampungenak2 #kopilampung #kaliandaig #lampungkeren #lampungselatan #lfl❤️ #followforfollowback ",Amenities,,science museum,beer garden,physics laboratory,fountain,bar,aquarium,indoor,beer hall,indoor,repair shop
https://www.instagram.com/p/C29VVW4qoka/,603.jpg,2/5/2024 0:00,"Berkunjung ke Lampung, tentu tidak boleh melewatkan pergi ke Bakauheni Harbour City. Selain menyajikan pemandangan sekitar bakauheni yang menawan. Wisatawan dapat berkunjung ke objek wisata menarik yang ada di lokasi. Yuk lihat infonya di http://tinyurl.com/jnkd33xh
#travelspromo #bakauheniharbourcity #wisatalampungselatan #wisatalampung #tamanrekreasi #tamanrekreasilampungselatan #tamanrekreasilampung #informasiwisata #infowisata #infowisatalampungselatan #infowisatalampung #hargatiket #tiketmasuk #tiketmasukbakauheniharbourcity #visitlampungselatan #explorelampungselatan",Attraction,,amphitheater,outdoor,palace,asia,outdoor,oast house,castle,amusement park,pagoda,outdoor
https://www.instagram.com/p/CUtos5_pYtZ/,604.jpg,10/7/2021 0:00,"Laut nya di bungkus bolee ga sii?🙏

📍Lokasi Pantai Marina Kalianda Lampung Selatan
📸Repost @sfrausss 

Salam Generasi Pesona Indonesia
Lapah Gham Jamo-Jamo Ngelestareiken Bumi Lampung

Visit www.genpilampung.com

@jokowi @kemensetneg.ri 
@sandiuno @kemenparekraf.ri 
@dwita_ria @ellanuryamah @dpr_ri
@ustadzabdulhakim @jihanchalim @dpdri
@arinal_djunaidi @pemprov.lampung
@mbak_nunik @pemprovlampung_
@rianasariarinal @pkk_provinsi_lampung
@edarwan1962 @pariwisata_lampung
@vera_moz76 @ekraf.lampun @lyanda_melly
@elhannidjafar @heliana.dewi @perindaglampung
@ellywahyuni.s @ade_ui @vittorio_dwison @lestyputriii @wahrulfauzisilalahi @agiriakbar @dprdlampung 
@dharmasetyawan.com_ @payungiuniversity
@mustika_edi23 @ayokelampung.com_ @lampung.media
@mbakjhe @genpiindonesia @wonderful.indonesiaku
@abdulrohmanwahidone @genpi_lampung @infogeh

#genpi #genpilampung #genpilampung2021 #generasipesonaindonesia #pesonaindonesia #wonderfulindonesia #salamgenpigasgasgas #AyokeLampung #kelampungkeren #dilampungaja #diindonesiaaja #lampung #bandarlampung #kotametro #lampungbarat #lampungutara #lampungtimur #lampungtengah #lampungselatan #tanggamus #pringsewu #pesawaran #pesisirbarat #mesuji #waykanan #tulangbawang #tulangbawangbarat #love #lampungberjaya",Attraction,,beach,lagoon,coast,ocean,wave,cliff,islet,sky,beach house,promenade
https://www.instagram.com/p/CUedKibBtW8/,605.jpg,10/1/2021 0:00,"📍Desa Taman Baru, Kecamatan penengahan, kabupaten Lampung Selatan

Repost From : @hallooo.lilis_ o.is

Visit 👉 www.ayokelampung.com

@jokowi @kemensetneg.ri  @sandiuno @kemenparekraf.ri  @arinal_djunaidi @mbak_nunik @edarwan1962
@pariwisata_lampung @ekraf.lampung @rianasariarinal @ardito_wijaya @dharmasetyawan.com_ @payungiuniversity  @genpiindonesia @genpi_lampung 
.
#ayokelampung #travel #tour #wisata #holiday #pesonaindonesia #travelphotography #visitindonesia #jalanjalan #wonderfulindonesia #like4like #wisataindonesia #lfl #wisatalampung #lampunggeh #lampung #genpilampung #bandarlampung #lampunginsta #lampungselatan #lampungbarat #lampunghits #lampungtengah #lampungtimur #lampungwisata #lampungkece #lampungyay #lampungeksis #lampungkeren #lampunggham",Attraction,,rainforest,swimming hole,river,bamboo forest,creek,hot spring,raft,natural,rope bridge,waterfall
https://www.instagram.com/p/CiBo3puhKPs/,606.jpg,9/3/2022 0:00,"EduFun bersama Paud Mandiri Desa Hargo Pancuran, Rajabasa, Lamsel

Belajar sambil bermain untuk pengembangan saraf motorik anak. Seru dan asyik sekali 😊

Yuk ke @inkragarden_lampung 
Buka : setiap hari

#paud#anakbermain#berenang#wisata#edufunwithkids#kidsentertaining#swimmingpool#latepost#visitlampung#visitrajabasa#visitlampungselatan#dikbudlampung#dikbudlampungselatan#happy#pariwisatalamsel#happyfamily#happylearning",Attraction,,water park,outdoor,amusement park,playground,ball pit,outdoor,park,indoor,sandbox,outdoor
https://www.instagram.com/p/CeC8oG8hZSh/,607.jpg,5/27/2022 0:00,"Beach 🏝️

Pict @exmeda

📍Pantai Sebalang, Tarahan, Kec. Katibung, Kabupaten Lampung Selatan, Lampung.

Visit 👉 www.ayokelampung.com

#ayokelampung #travel #tour #wisata #holiday #pesonaindonesia #travelphotography #visitindonesia #jalanjalan #wonderfulindonesia #like4like #wisataindonesia #lfl #wisatalampung #lampunggeh #lampung #genpilampung #bandarlampung #lampunginsta #lampungselatan #lampungbarat #lampunghits #lampungtengah #lampungtimur #lampungwisata #lampungkece #lampungyay #lampungeksis #lampungkeren #lampunggham",Attraction,,beach,lagoon,coast,ocean,islet,swimming hole,sky,outdoor,pier,natural
https://www.instagram.com/p/CNXXn5pgMLL/,608.jpg,4/7/2021 0:00,"Jak iyay @dentaabung 
📍Grand Elty Kalianda Resort - Kalianda - Lampung Selatan.

•
•
➡➡➡➡➡➡➡➡➡➡➡➡➡➡➡➡➡➡➡➡➡
•
•
.
.
Jika ingin Hits atu dan iyay segalow
.
Follow akun @lampungsegalow
.
Tag photo terbaik atu iyay @lampungsegalow
.
Jangan lupa hastag nya #lampungsegalow 
.
.
Info Kerja Sama, Hunting Mimin..
WA : 08111870069 
DM Instagram @lampungsegalow
.
.
Mohon maaf jika mimin ada salah, kepada Tuhan Yg Maha Esa mimin mohon ampun..
Salam Sayang Segalow 🤗
.
.
.
.
.
.
.
.
.
.
.
.
.
#bandarlampung#metrolampung#lampungselatan#pesawaran#pringsewu#tanggamus#pesisirbarat#lampungbarat#waykanan#lampungtimur#lampungtengah#lampungutara#tulangbawangbarat#tulangbawang#mesuji#lfl#fff#jj#igers#love#viral#vscogood#travelrack#liveofadventure#indonesiantraveler#explore#visit",Attraction,,natural,river,pier,sky,lagoon,coast,ocean,beach,marsh,boathouse
https://www.instagram.com/p/CZY6Zr_Pso8/,609.jpg,1/31/2022 0:00,"Jika engkau ingin berbahagia, janganlah kau bandingkan kelemahanmu dengan kekuatan orang lain.
.
Yuk mabar
. 
.
.
.
.
.
.
.
.
.
.
.
.
.
.
.
.
.
#motivasiilmu #katabijak #TravelerDadakan #indonesia #lampung #lampungselatan #laut #pantai #pantaikedu #kalianda #awan #sunset #repost #repostindonesian #pesonaindonesia #jelajahindonesia #jelajahlampungselatan #jelajahsumatera #jelajahlampung #visitindonesia #visitlamsel #visitlampung #visitlampungselatan #trip #indonesia #likeforlikes #like4likes #likeforfollow #jalanjalan #travelling",Attraction,,campsite,volcano,boat deck,beach,sky,mountain,ocean,coast,valley,tundra
https://www.instagram.com/p/CTzgLLEp3Rd/,610.jpg,9/14/2021 0:00,"Nothing to lose ☁️

📍Lokasi Pantai Tepak Kera Kabupaten Lampung Selatan
📸Repost @allyaps 

Salam Generasi Pesona Indonesia
Lapah Gham Jamo-Jamo Ngelestareiken Bumi Lampung

Visit www.genpilampung.com

@jokowi @kemensetneg.ri 
@sandiuno @kemenparekraf.ri 
@arinal_djunaidi @mbak_nunik 
@rianasariarinal @pkk_provinsi_lampung
@edarwan1962 @pariwisata_lampung
@vera_moz76 @ekraf.lampun @perindaglampung
@ade_ui @wahrulfauzisilalahi @dprdlampung 
@dharmasetyawan.com_ @payungiuniversity
@infogeh @ayokelampung.com_ @lampung.media
@mbakjhe @genpiindonesia @wonderful.indonesiaku
@abdulrohmanwahidone @genpi_lampung
@selampung @pahawang_island_lampung

#genpi #genpilampung #genpilampung2021 #generasipesonaindonesia #pesonaindonesia #wonderfulindonesia #salamgenpigasgasgas #AyokeLampung #kelampungkeren #dilampungaja #diindonesiaaja #lampung #bandarlampung #kotametro #lampungbarat #lampungutara #lampungtimur #lampungtengah #lampungselatan #tanggamus #pringsewu #pesawaran #pesisirbarat #mesuji #waykanan #tulangbawang #tulangbawangbarat #love #pahawangisland #holiday",Attraction,,islet,lagoon,rope bridge,coast,ocean,beach,cliff,wave,swimming hole,river
https://www.instagram.com/p/CUmxTUKhSk7/,611.jpg,10/4/2021 0:00,"Luangkan waktu untuk membuat jiwamu bahagia✨

📍Pantai Semungkuk Kalianda Lampung Selatan

Visit 👉 www.ayokelampung.com

@jokowi @kemensetneg.ri  @sandiuno @kemenparekraf.ri  @arinal_djunaidi @mbak_nunik @edarwan1962
@pariwisata_lampung @ekraf.lampung @rianasariarinal @ardito_wijaya @dharmasetyawan.com_ @payungiuniversity  @genpiindonesia @genpi_lampung 
.
#ayokelampung #travel #tour #wisata #holiday #pesonaindonesia #travelphotography #visitindonesia #jalanjalan #wonderfulindonesia #like4like #wisataindonesia  #wisatalampung #lampunggeh #lampung #genpilampung #bandarlampung #lampunginsta #lampungselatan #lampungbarat #lampunghits #lampungtengah #lampungtimur #lampungwisata #lampungkece #lampungyay #lampungeksis #lampungkeren #lampunggham",Attraction,,cliff,coast,ocean,watering hole,lagoon,beach,islet,creek,tundra,hot spring
https://www.instagram.com/p/CZjhBDKPc8k/,612.jpg,2/4/2022 0:00,"Terkadang kamu tersenyum, bukan karena ada hal yang menyenangkan hatimu, tapi karena kamu tahu bersedih takkan selesaikan masalah
.
.
.
.
.
.
.
.
.
.
.
.
.
.
.
.
.
.
.
#motivasiilmu #katabijak #TravelerDadakan #indonesia #lampung #lampungselatan #laut #pantai #pantaikedu #kalianda #awan #sunset #repost #repostindonesian #pesonaindonesia #jelajahindonesia #jelajahlampungselatan #jelajahsumatera #jelajahlampung #visitindonesia #visitlamsel #visitlampung #visitlampungselatan #trip #indonesia #likeforlikes #like4likes #likeforfollow #jalanjalan #travelling",Attraction,,art gallery,ice shelf,hot spring,sky,ice floe,glacier,snowfield,art studio,volcano,aquarium
https://www.instagram.com/p/C9UK1caydDP/,613.jpg,7/12/2024 0:00,"Keduwarna beach, kalianda, lampung selatan, Lampung, Indonesia 🇮🇩.. 
Please visit here. 

#wisatalampung #lampung #capcut #indonesiabeach #keindahanalam #adventure #petualang #hijrahku #keduwarna #fyp #alamindonesia #kalianda #pantai #indonesia",Attraction,,beach,promenade,coast,ocean,lagoon,boardwalk,outdoor,cliff,vegetation,wave
https://www.instagram.com/p/CU9ZHQ8Byaj/,614.jpg,10/13/2021 0:00,"📍Pantai sebalang, Lampung
Repostd from @aisah_embun

Visit 👉 www.ayokelampung.com

@jokowi @kemensetneg.ri  @sandiuno @kemenparekraf.ri  @arinal_djunaidi @mbak_nunik @edarwan1962
@pariwisata_lampung @ekraf.lampung @rianasariarinal @ardito_wijaya @dharmasetyawan.com_ @payungiuniversity  @genpiindonesia @genpi_lampung 
.
#ayokelampung #travel #tour #wisata #holiday #pesonaindonesia #travelphotography #visitindonesia #jalanjalan #wonderfulindonesia #like4like #wisataindonesia #lfl #wisatalampung #lampunggeh #lampung #genpilampung #bandarlampung #lampunginsta #lampungselatan #lampungbarat #lampunghits #lampungtengah #lampungtimur #lampungwisata #lampungkece #lampungyay #lampungeksis #lampungkeren #lampunggham",Attraction,,islet,coast,ocean,lagoon,cliff,rock arch,beach,grotto,sky,arch
https://www.instagram.com/p/CRneZ6dgwV4/,615.jpg,7/22/2021 0:00,"Preparation Dive 
--------------
📍 Laut Canti - Kalianda, Lampung Selatan
📸 @sandidwipranata_
.
.
Always dive safely and keep the ocean clean during your visit
.
.
.
.
.
#INDOUNDERWATER #INDONESIAUNDERWATER #goprohero5  #divepics #underwater_world #underwaterlicious #uwphoto #reeflife #marinelife #underwaterphoto #underwaterpics #salvimar #uwphotography #underwaterphotography #diving #scubadiving #underwaterworld #sealife #freediving #cressi #ocean #uwphoto #sea #ocean #divingindonesia #savesharks #photography #coralreef #photographer  #scubadive #coral #nature",Attraction,,ice floe,raft,islet,ice shelf,lagoon,beach,ocean,sky,coast,boat deck
https://www.instagram.com/p/CTgvJMCFv9Z/,616.jpg,9/7/2021 0:00,"Mengkudu Island is one of the interesting and unique destinations in South Lampung. Its uniqueness and beauty is an attraction that you deserve to visit and enjoy. Invite your family or friends with you.
___
___
📍. Pulau Mengkudu, Totoharjo, Kalianda, Lampung Selatan.

#herijunna #lampung #island #kalianda #explore #travel #indozone #explorelampung #exploreindonesia #beach #instadaily #lampunghits
#lampunginsta #mengkuduisland #pulaumengkudu #lampungable ",Attraction,,swimming hole,lagoon,natural,hot spring,river,beach,islet,watering hole,pond,coast
https://www.instagram.com/p/CTzS6azPf1O/,617.jpg,9/14/2021 0:00,"Satu persatu sesal kini jadi Syukur yang patah tumbuh dan yang hilang pun akan berganti dan perlahan membawaku pada rasa candu 🌿
.
📍 Pantai Semukuk Kalianda Lampung Selatan
.
Cek Google MAPS ya 😊
Reposted from @rimachasanah25

Visit 👉 Facebook PANTAI SEMUKUK INDAH

@jokowi @kemensetneg.ri  @sandiuno @kemenparekraf.ri  @arinal_djunaidi @mbak_nunik @edarwan1962
@pariwisata_lampung @ekraf.lampung @rianasariarinal @ardito_wijaya @dharmasetyawan.com_ @payungiuniversity  @genpiindonesia @genpi_lampung 
.
#ayokelampung #travel #tour #wisata #holiday #pesonaindonesia #travelphotography #visitindonesia #jalanjalan #wonderfulindonesia #like4like #wisataindonesia #lfl #wisatalampung #lampunggeh #lampung #genpilampung #bandarlampung #lampunginsta #lampungselatan #lampungbarat #lampunghits #lampungtengah #lampungtimur #lampungwisataku #lampungyay #lampungeksis #lampungkeren",Attraction,,landfill,swimming hole,coast,river,mountain path,mountain,creek,cliff,hot spring,rainforest
https://www.instagram.com/p/CdxfLbwBsFQ/,618.jpg,5/20/2022 0:00,"Pohon terpencil tumbuh dari air di pantai terkenal yang indah dengan pemandangan matahari terbenam ini.

Pict @momo_edp

📍 Pantai Sebalang, Tarahan, Katibung, Lampung Selatan. 

Visit 👉 www.ayokelampung.com

#ayokelampung #travel #tour #wisata #holiday #pesonaindonesia #travelphotography #visitindonesia #jalanjalan #wonderfulindonesia #like4like #wisataindonesia #lfl #wisatalampung #lampunggeh #lampung #genpilampung #bandarlampung #lampunginsta #lampungselatan #lampungbarat #lampunghits #lampungtengah #lampungtimur #lampungwisata #lampungkece #lampungyay #lampungeksis #lampungkeren #lampunggham",Attraction,,pier,harbor,promenade,bridge,boat deck,ocean,lock chamber,oilrig,boardwalk,rope bridge
https://www.instagram.com/p/CaPiS4Rvfei/,619.jpg,2/21/2022 0:00,"Pantai Kedu merupakan salah satu jenis pantai berpasir putih yang halus dan salah satu pantai yang biasa dijelajahi.
Pantai Kedu populer karena keunikannya yang menghadap ke arah barat. Hal ini menjadikan posisi pantai yang satu ini sangat cocok untuk melihat sunset. Tidak hanya itu, pantai ini dihiasi oleh gugusan Pulau Krakatau dan tampak elok pemandangan gunung Rajabasa yang memang seolah-olah menampakan dirinya di atas air laut
.
.
.
.
.
.
.
.
.
.
.
.
.
.
.
.
.
.
#motivasiilmu #katabijak #TravelerDadakan #indonesia #lampung #lampungselatan #laut #pantai #pantaikedu #kalianda #awan #sunset #repost #repostindonesian #pesonaindonesia #jelajahindonesia #jelajahlampungselatan #jelajahsumatera #jelajahlampung #visitindonesia #visitlamsel #visitlampung #visitlampungselatan #trip #indonesia #likeforlikes #like4likes #likeforfollow #jalanjalan #travelling",Attraction,,sky,lighthouse,pier,cultivated,windmill,wind farm,railroad track,bridge,farm,barn
https://www.instagram.com/p/CUrqxlWpuYY/,620.jpg,10/6/2021 0:00,"Main dulu ah😂
#Repost @nurhdy.s 

📍 Perengan Anteng, Jati Agung Lampung Selatan
Visit 👉www.ayokelampung.com

Salam Generasi Pesona Indonesia
Lapah Gham Jamo-Jamo Ngelestareiken Bumi Lampung

Visit www.genpilampung.com

@jokowi @kemensetneg.ri 
@sandiuno @kemenparekraf.ri 
@dwita_ria @ellanuryamah @dpr_ri @ustadzabdulhakim @jihanchalim @dpdri
@arinal_djunaidi @pemprov.lampung
@mbak_nunik @pemprovlampung_
@rianasariarinal @pkk_provinsi_lampung
@edarwan1962 @pariwisata_lampung
@vera_moz76 @ekraf.lampun @lyanda_melly
@elhannidjafar @heliana.dewi @perindaglampung
@ellywahyuni.s @ade_ui @vittorio_dwison @lestyputriii
@wahrulfauzisilalahi @dprdlampung 
@dharmasetyawan.com_ @payungiuniversity
@infogeh @ayokelampung.com_ @lampung.media
@mbakjhe @genpiindonesia @wonderful.indonesiaku
@abdulrohmanwahidone @genpi_lampung

#genpi #genpilampung #genpilampung2021 #generasipesonaindonesia #pesonaindonesia #wonderfulindonesia #salamgenpigasgasgas #AyokeLampung #kelampungkeren #dilampungaja #diindonesiaaja #lampung #bandarlampung #kotametro #lampungbarat #lampungutara #lampungtimur #lampungtengah #lampungselatan #tanggamus #pringsewu #pesawaran #pesisirbarat #mesuji #waykanan #tulangbawang #tulangbawangbarat #love #lampungberjaya",Attraction,,rope bridge,tree house,tree farm,playground,golf course,rainforest,mountain path,ski slope,amusement park,indoor
https://www.instagram.com/p/CaG___0rulY/,621.jpg,2/18/2022 0:00,"📌Tidak apa-apa jika kamu tidak menyukaiku. Tidak semua orang memiliki selera yang baik.

📍Arang Lampung Grill & Beach, Kalianda, Lampung Selatan

Pict @siaudhiarga

Visit 👉 www.ayokelampung.com

#ayokelampung #travel #tour #wisata #holiday #pesonaindonesia #travelphotography #visitindonesia #jalanjalan #wonderfulindonesia #like4like #wisataindonesia #lfl #wisatalampung #lampunggeh #lampung #genpilampung #bandarlampung #lampunginsta #lampungselatan #lampungbarat #lampunghits #lampungtengah #lampungtimur #lampungwisata #lampungkece #lampungyay #lampungeksis #lampungkeren #lampunggham",Attraction,,islet,beach,coast,ocean,lagoon,picnic area,cliff,beach house,sky,campsite
https://www.instagram.com/p/CVVT5tjh2oH/,622.jpg,10/22/2021 0:00,"""Nyatanya kita hanya ditakdirkan bertemu,bukan bersatu ""
.
.
⛳ WTC (way tebing cepa) 
Bitting,taman baru penengahan ,lampung selatan. 
.

Reposted from @ritaariyana96

Visit 👉 www.ayokelampung.com

@jokowi @kemensetneg.ri  @sandiuno @kemenparekraf.ri  @arinal_djunaidi @mbak_nunik @edarwan1962
@pariwisata_lampung @ekraf.lampung @rianasariarinal @ardito_wijaya @dharmasetyawan.com_ @payungiuniversity  @genpiindonesia @genpi_lampung 
.
#ayokelampung #travel #tour #wisata #holiday #pesonaindonesia #travelphotography #visitindonesia #jalanjalan #wonderfulindonesia #like4like #wisataindonesia #lfl #wisatalampung #lampunggeh #lampung #genpilampung #bandarlampung #lampunginsta #lampungselatan #lampungbarat #lampunghits #lampungtengah #lampungtimur #lampungwisata #lampungkece #lampungyay #lampungeksis #lampungkeren #lampunggham",Attraction,,swimming hole,hot spring,rainforest,river,creek,pond,raft,natural,watering hole,fishpond
https://www.instagram.com/p/CZqx_r0PHmh/,623.jpg,2/7/2022 0:00,"Berbicara dan berlakulah dengan baik kepada orang yang menjahati Anda. Mereka boleh jahat, tapi Anda tetap baik
.
.
.
.
.
.
.
.
.
.
.
.
.
.
.
.
.
.
.
#motivasiilmu #katabijak #TravelerDadakan #indonesia #lampung #lampungselatan #laut #pantai #pantaikedu #kalianda #awan #sunset #repost #repostindonesian #pesonaindonesia #jelajahindonesia #jelajahlampungselatan #jelajahsumatera #jelajahlampung #visitindonesia #visitlamsel #visitlampung #visitlampungselatan #trip #indonesia #likeforlikes #like4likes #likeforfollow #jalanjalan #travelling",Attraction,,art gallery,ice shelf,volcano,hot spring,glacier,cliff,iceberg,mountain,aquarium,mountain snowy
https://www.instagram.com/p/DSeSGqcj5mm/,624.jpg,12/20/2025 5:15,"Make your day sweeter with a scoop of happiness 🍦
Visit Setigi Sundae at Setigi Heni Lampung!

Booking and Reservation:
Whatsapp +62 821 2200 2098

—
Pantai Setigi Heni
Canggung, Lampung Selatan

#SetigiHeni #HarmonyWithNature #BatokKelapaBeachCafe #ShellOfFlavor #HiddenGem #Canggung #LampungSelatan",Amenities,,park,patio,ticket booth,restaurant patio,outdoor,picnic area,outdoor,beer garden,playground,staircase
https://www.instagram.com/p/C6x6E29vT2l/,625.jpg,5/10/2024 7:36,"NOT Santorini, but Lampung! 🥰🌟👍🏼
Must visit Pantai Marina. 
.
#lampung #lampungselatan #indonesia #santorini #beach #sumatera @yennyhs",Attraction,,roof garden,patio,zen garden,courtyard,staircase,plaza,formal garden,botanical garden,alley,restaurant patio
https://www.instagram.com/p/CdPlX_Pv2uQ/,626.jpg,5/7/2022 4:31,"The sunset sky speaks of a thousand of colors 

📍 one of the tours that you can visit in the Lampung Province “Arang Lampung” 

📸 @beryds 

#swissbelhotel 
#swissbelhotellampung 
#tourism 
#beachvibes 
#lampungselatan 
#aranglampung",Attraction,,hayfield,farm,golf course,lawn,yard,pasture,picnic area,sky,orchard,cultivated
https://www.instagram.com/p/CVO8oMMJw9B/,627.jpg,10/20/2021 2:23,".
Pantai Marina Lampung Selatan 🌊

📸Repost @riinaa23_ 

Salam Generasi Pesona Indonesia
Lapah Gham Jamo-Jamo Ngelestareiken Bumi Lampung

Visit www.genpilampung.com

@jokowi @kemensetneg.ri 
@sandiuno @kemenparekraf.ri 
@dwita_ria @ellanuryamah 
@dr.muhammad.kadafi.sh.mh @dpr_ri
@ustadzabdulhakim @jihanchalim
@bustami_zainudin32 @dpdri
@arinal_djunaidi @pemprov.lampung
@mbak_nunik @pemprovlampung_
@rianasariarinal @pkk_provinsi_lampung
@edarwan1962 @pariwisata_lampung
@vera_moz76 @ekraf.lampun @lyanda_melly
@elhannidjafar @heliana.dewi @perindaglampung
@ellywahyuni.s @ade_ui @vittorio_dwison @lestyputriii @wahrulfauzisilalahi @agiriakbar @dprdlampung 
@dharmasetyawan.com_ @payungiuniversity
@mustika_edi23 @ayokelampung.com_ @lampung.media
@mbakjhe @genpiindonesia @wonderful.indonesiaku
@abdulrohmanwahidone @genpi_lampung @infogeh

#genpi #genpilampung #genpilampung2021 #generasipesonaindonesia #pesonaindonesia #wonderfulindonesia #salamgenpigasgasgas #AyokeLampung #kelampungkeren #dilampungaja #diindonesiaaja #lampung #bandarlampung #kotametro #lampungbarat #lampungutara #lampungtimur #lampungtengah #lampungselatan #tanggamus #pringsewu #pesawaran #pesisirbarat #mesuji #waykanan #tulangbawang #tulangbawangbarat #love #lampungberjaya #pesonalampung",Attraction,,lagoon,swimming hole,coast,beach,watering hole,ocean,cliff,hot spring,river,islet
https://www.instagram.com/p/CvjiRBtyXQN/,628.jpg,8/5/2023 7:53,"مَاشَاءَ اللهُ تَبَارَكَ اللهُ

Late post 
#krakataupark #lampung #lampungselatan #bakauheni #visitlampung #visitlampungselatan",Attraction,,carrousel,amusement park,candy store,toyshop,supermarket,pet shop,gift shop,amusement arcade,water park,ice cream parlor
https://www.instagram.com/p/DM4ZwpsyUDC/,629.jpg,8/3/2025 5:33,"must visit place every year: kalianda beach🏝️🫧
📍Senaya Beach, Kalianda, Lampung Selatan",Attraction,,beach,ocean,coast,lagoon,ice floe,pier,islet,boat deck,promenade,ice shelf
https://www.instagram.com/p/Cd7-yn2BS3k/,630.jpg,5/24/2022 10:19,"Kayak nya mulai sekarang suka pantai aja deh, kalo suka kamu pasang surut langsung berubah

Pict @a_dhienda

📍Pantai Kedu Warna, Jalan Sinar Laut No.54, RT/RW 01/01, Kelurahan Way Urang, Kalianda, Lampung.

Visit 👉 www.ayokelampung.com

#ayokelampung #travel #tour #wisata #holiday #pesonaindonesia #travelphotography #visitindonesia #jalanjalan #wonderfulindonesia #like4like #wisataindonesia #lfl #wisatalampung #lampunggeh #lampung #genpilampung #bandarlampung #lampunginsta #lampungselatan #lampungbarat #lampunghits #lampungtengah #lampungtimur #lampungwisata #lampungkece #lampungyay #lampungeksis #lampungkeren #lampunggham",Attraction,,vegetation,campsite,beach,watering hole,desert road,coast,ocean,natural,picnic area,lagoon
https://www.instagram.com/p/CfTl7xMBhCY/,631.jpg,6/27/2022 10:55,"Ketukan nada kehidupan yang slalu membangunkan mimpi panjang ku

Pict @nurrhasanah237

📍Pantai Sebalang, Tarahan, Katibung, Lampung Selatan.

Visit 👉 www.ayokelampung.com

#ayokelampung #travel #tour #wisata #holiday #pesonaindonesia #travelphotography #visitindonesia #jalanjalan #wonderfulindonesia #like4like #wisataindonesia #lfl #wisatalampung #lampunggeh #lampung #genpilampung #bandarlampung #lampunginsta #lampungselatan #lampungbarat #lampunghits #lampungtengah #lampungtimur #lampungwisata #lampungkece #lampungyay #lampungeksis #lampungkeren #lampunggham",Attraction,,promenade,harbor,pier,ice floe,beach,ocean,coast,river,boat deck,lagoon
https://www.instagram.com/p/DRHkCFOk0bf/,632.jpg,11/16/2025 12:57,"What a majestic place to visit 🥹✨
📍Anak Gunung Krakatau, Selat Sunda, Lampung
Selatan

Saksi bisu letusan dahsyat yang pernah mengguncang dunia pada tahun 1883. Semoga tidurmu masih panjang ya anak baik..
Note: Kesana harus sama guide atau ikut Open Trip ya!

Jun ‘25",Attraction,,islet,volcano,coast,beach,ocean,cliff,mountain,lagoon,tundra,ice shelf
https://www.instagram.com/p/Cd51wtihkOA/,633.jpg,5/23/2022 14:22,"Tak masalah jika pada akhirnya terbuang. Setidaknya dengan itu, kamu mampu memilih, siapa siapa yang pantas kau ajak berjuang

Pict @agramdhn

📍Merak Belantung, Lampung Selatan

Visit 👉 www.ayokelampung.com

#ayokelampung #travel #tour #wisata #holiday #pesonaindonesia #travelphotography #visitindonesia #jalanjalan #wonderfulindonesia #like4like #wisataindonesia #lfl #wisatalampung #lampunggeh #lampung #genpilampung #bandarlampung #lampunginsta #lampungselatan #lampungbarat #lampunghits #lampungtengah #lampungtimur #lampungwisata #lampungkece #lampungyay #lampungeksis #lampungkeren #lampunggham",Attraction,,golf course,lagoon,coast,watering hole,ocean,beach,cliff,wave,marsh,islet
https://www.instagram.com/p/Cal6YvNrimf/,634.jpg,3/2/2022 7:03,"Sebenernya kehidupan itu sederhana. Hanya saja kitalah yang selalu mempersulitnya, tidak bersyukur adalah salah satunya.

📍Pantai Batu Lapis, Ds Totoharjo, Kec.Bakauheni, Kab Lampung Selatan

Foto: @siaudhiarga

Visit 👉 www.ayokelampung.com

#ayokelampung #travel #tour #wisata #holiday #pesonaindonesia #travelphotography #visitindonesia #jalanjalan #wonderfulindonesia #like4like #wisataindonesia #lfl #wisatalampung #lampunggeh #lampung #genpilampung #bandarlampung #lampunginsta #lampungselatan #lampungbarat #lampunghits #lampungtengah #lampungtimur #lampungwisata #lampungkece #lampungyay #lampungeksis #lampungkeren #lampunggham",Attraction,,swimming hole,cliff,lagoon,coast,islet,beach,ocean,raft,river,creek
https://www.instagram.com/p/CUS6Wv-hR0t/,635.jpg,9/26/2021 18:49,".
""Cintai hidup yang kamu jalani.
Jalani hidup yang kamu cintai""
🌍

📸Repost @nurulvekycahyanii

Visit 👉🏻 www.ayokelampung.com_

@jokowi @kemensetneg.ri  @sandiuno @kemenparekraf.ri  @arinal_djunaidi @mbak_nunik @edarwan1962
@pariwisata_lampung @ekraf.lampung @rianasariarinal @ardito_wijaya @dharmasetyawan.com_ @payungiuniversity  @genpiindonesia @genpi_lampung 
.
#ayokelampung #travel #tour #wisata #holiday #pesonaindonesia #travelphotography #visitindonesia #jalanjalan #wonderfulindonesia #like4like #wisataindonesia #lfl #wisatalampung #lampunggeh #lampung #genpilampung #bandarlampung #lampunginsta #lampungselatan #lampungbarat #lampunghits #lampungtengah #lampungtimur #lampungwisata #lampungkece #lampungyay #lampungeksis #lampungkeren #lampunggham",Attraction,,swimming hole,lagoon,rainforest,river,natural,hot spring,islet,raft,rope bridge,swamp
https://www.instagram.com/p/DIf565Hyzs5/,636.jpg,4/16/2025 7:08,"April 10, 2025, before returning to Central Java, I intended to visit the stone monument in the rice fields that I used to pass by after school. I intended to capture it with Google Pixel. But when I got there, everything had changed. The stone monument was gone, buried, replaced by a tourist spot. For a moment I was sad because the most nostalgic place was gone. But when I visited the tourist spot, my sadness disappeared and instead turned into happiness because of the aesthetics offered. I was quite satisfied.

This trip is the closing part of The Beginning of the year (Jan - April 2025).

#TEAMPIXEL #googlepixel #madebygoogle #waterworldlampung #wayhuwi #lampungselatan",Attraction,,outdoor,water park,indoor,beach house,lagoon,indoor,outdoor,exterior,ocean,outdoor
https://www.instagram.com/p/CUtos5_pYtZ/,637.jpg,10/7/2021 3:54,".
Laut nya di bungkus bolee ga sii?🙏

📍Lokasi Pantai Marina Kalianda Lampung Selatan
📸Repost @sfrausss 

Salam Generasi Pesona Indonesia
Lapah Gham Jamo-Jamo Ngelestareiken Bumi Lampung

Visit www.genpilampung.com

@jokowi @kemensetneg.ri 
@sandiuno @kemenparekraf.ri 
@dwita_ria @ellanuryamah @dpr_ri
@ustadzabdulhakim @jihanchalim @dpdri
@arinal_djunaidi @pemprov.lampung
@mbak_nunik @pemprovlampung_
@rianasariarinal @pkk_provinsi_lampung
@edarwan1962 @pariwisata_lampung
@vera_moz76 @ekraf.lampun @lyanda_melly
@elhannidjafar @heliana.dewi @perindaglampung
@ellywahyuni.s @ade_ui @vittorio_dwison @lestyputriii @wahrulfauzisilalahi @agiriakbar @dprdlampung 
@dharmasetyawan.com_ @payungiuniversity
@mustika_edi23 @ayokelampung.com_ @lampung.media
@mbakjhe @genpiindonesia @wonderful.indonesiaku
@abdulrohmanwahidone @genpi_lampung @infogeh

#genpi #genpilampung #genpilampung2021 #generasipesonaindonesia #pesonaindonesia #wonderfulindonesia #salamgenpigasgasgas #AyokeLampung #kelampungkeren #dilampungaja #diindonesiaaja #lampung #bandarlampung #kotametro #lampungbarat #lampungutara #lampungtimur #lampungtengah #lampungselatan #tanggamus #pringsewu #pesawaran #pesisirbarat #mesuji #waykanan #tulangbawang #tulangbawangbarat #love #lampungberjaya",Attraction,,beach,lagoon,coast,ocean,wave,cliff,islet,sky,beach house,promenade
https://www.instagram.com/p/CURava3h_ax/,638.jpg,9/26/2021 4:54,"📍 Pantai arang, Kalianda, Lampung Selatan
Visit 👉 www.ayokelampung.com

Repost from : @repern

@jokowi @kemensetneg.ri  @sandiuno @kemenparekraf.ri  @arinal_djunaidi @mbak_nunik @edarwan1962
@pariwisata_lampung @ekraf.lampung @rianasariarinal @ardito_wijaya @dharmasetyawan.com_ @payungiuniversity  @genpiindonesia @genpi_lampung 
.
#ayokelampung #travel #tour #wisata #holiday #pesonaindonesia #travelphotography #visitindonesia #jalanjalan #wonderfulindonesia #like4like #wisataindonesia #lfl #wisatalampung #lampunggeh #lampung #genpilampung #bandarlampung #lampunginsta #lampungselatan #lampungbarat #lampunghits #lampungtengah #lampungtimur #lampungwisata #lampungkece #lampungyay #lampungeksis #lampungkeren #lampunggham",Attraction,,campsite,picnic area,park,lawn,coast,playground,sky,beer garden,farm,restaurant patio
https://www.instagram.com/p/CT7JA6HByWN/,639.jpg,9/17/2021 13:15,"📍Pantai Kedu, Kalianda

📸 @asranii_d

 Visit 👉 www.ayokelampung.com

@jokowi @kemensetneg.ri  @sandiuno @kemenparekraf.ri  @arinal_djunaidi @mbak_nunik @edarwan1962
@pariwisata_lampung @ekraf.lampung @rianasariarinal @ardito_wijaya @dharmasetyawan.com_ @payungiuniversity  @genpiindonesia @genpi_lampung 
.
#ayokelampung #travel #tour #wisata #holiday #pesonaindonesia #travelphotography #visitindonesia #jalanjalan #wonderfulindonesia #like4like #wisataindonesia #lfl #wisatalampung #lampunggeh #lampung #genpilampung #bandarlampung #lampunginsta #lampungselatan #lampungbarat #lampunghits #lampungtengah #lampungtimur #lampungwisata #lampungkece #lampungyay #lampungeksis #lampungkeren #lampunggham",Attraction,,beach,lagoon,ocean,coast,sky,wave,promenade,cliff,islet,outdoor
https://www.instagram.com/p/CTePuINhWyx/,640.jpg,9/6/2021 7:56,"Bawa Santai aja kawan... Panas panas gini enak nya emang berjemur dipantai ya😅

Reposted from @agilswd_

Visit 👉 www.ayokelampung.com

@jokowi @kemensetneg.ri  @sandiuno @kemenparekraf.ri  @arinal_djunaidi @mbak_nunik @edarwan1962
@pariwisata_lampung @ekraf.lampung @rianasariarinal @ardito_wijaya @dharmasetyawan.com_ @payungiuniversity  @genpiindonesia @genpi_lampung 
.
#ayokelampung #travel #tour #wisata #holiday #pesonaindonesia #travelphotography #visitindonesia #jalanjalan #wonderfulindonesia #like4like #wisataindonesia #lfl #wisatalampung #lampunggeh #lampung #genpilampung #bandarlampung #lampunginsta #lampungselatan #lampungbarat #lampunghits #lampungtengah #lampungtimur #lampungwisata #lampungkece #lampungyay #lampungeksis #lampungkeren #lampunggham",Attraction,,beach,lagoon,coast,ocean,wave,beach house,sky,islet,promenade,cliff
https://www.instagram.com/p/CaMLXbarM5c/,641.jpg,2/20/2022 7:11,"Selamat berakhir pekan 🙌

🍁 Air Terjun Cijuwet, Rajabasa, Lampung Selatan.

Foto @deniikristianto

Visit 👉 www.ayokelampung.com

#ayokelampung #travel #tour #wisata #holiday #pesonaindonesia #travelphotography #visitindonesia #jalanjalan #wonderfulindonesia #like4like #wisataindonesia #lfl #wisatalampung #lampunggeh #lampung #genpilampung #bandarlampung #lampunginsta #lampungselatan #lampungbarat #lampunghits #lampungtengah #lampungtimur #lampungwisata #lampungkece #lampungyay #lampungeksis #lampungkeren #lampunggham",Attraction,,waterfall,rainforest,creek,mountain,canyon,hot spring,river,grotto,fountain,cliff
https://www.instagram.com/p/CeAeTXyh0DC/,642.jpg,5/26/2022 4:12,"Cintailah sewajarnya 
Bencilah sewajarnya 
Tapi kalo terjebak antara cinta & benci 
Nah itu yang gak wajar

Pict @ardwijaya04

📍Pulau Sekepel, Totoharjo, Bakauheni, Lampung Selatan

Visit 👉 www.ayokelampung.com

#ayokelampung #travel #tour #wisata #holiday #pesonaindonesia #travelphotography #visitindonesia #jalanjalan #wonderfulindonesia #like4like #wisataindonesia #lfl #wisatalampung #lampunggeh #lampung #genpilampung #bandarlampung #lampunginsta #lampungselatan #lampungbarat #lampunghits #lampungtengah #lampungtimur #lampungwisata #lampungkece #lampungyay #lampungeksis #lampungkeren #lampunggham",Attraction,,lagoon,islet,natural,coast,beach,river,field road,sky,cliff,tundra
https://www.instagram.com/p/CZbeqh8rJ0a/,643.jpg,2/1/2022 9:17,"Kurangi Stres Dan Nikmati Yang Terbaik.

📍 Bendungan UmbulSelawe U25, Sidomukti Tanjung Bintang, Lampung Selatan

Repost @siaudhiarga

Visit 👉 www.ayokelampung.com

@jokowi @kemensetneg.ri @sandiuno @kemenparekraf.ri @arinal_djunaidi @mbak_nunik @edarwan1962
@pariwisata_lampung @ekraf.lampung @rianasariarinal @ardito_wijaya @dharmasetyawan.com_ @payungiuniversity @genpiindonesia @genpi_lampung
.
#ayokelampung #travel #tour #wisata #holiday #pesonaindonesia #travelphotography #visitindonesia #jalanjalan #wonderfulindonesia #like4like #wisataindonesia #lfl #wisatalampung #lampunggeh #lampung #genpilampung #bandarlampung #lampunginsta #lampungselatan #lampungbarat #lampunghits #lampungtengah #lampungtimur #lampungwisata #lampungkece #lampungyay #lampungeksis #lampungkeren #lampunggham",Attraction,,lagoon,marsh,natural,swamp,natural,pond,swimming hole,islet,pier,river
https://www.instagram.com/p/CcITI3Jr5iy/,644.jpg,4/9/2022 12:05,"Kalau bukan kamu yang menguatkan diri kamu sendiri untuk berjuang lalu siapa lagi yang bisa diandalkan?

Loc. : Pantai Minang rua Bakauheni

Pict. @bagas.geh

Visit 👉 www.ayokelampung.com

#ayokelampung #travel #tour #wisata #holiday #pesonaindonesia #travelphotography #visitindonesia #jalanjalan #wonderfulindonesia #like4like #wisataindonesia #lfl #wisatalampung #lampunggeh #lampung #genpilampung #bandarlampung #lampunginsta #lampungselatan #lampungbarat #lampunghits #lampungtengah #lampungtimur #lampungwisata #lampungkece #lampungyay #lampungeksis #lampungkeren #lampunggham",Attraction,,swimming hole,pier,lagoon,river,natural,islet,harbor,swamp,marsh,boat deck
https://www.instagram.com/p/CeAQol0BoEH/,645.jpg,5/26/2022 2:12,"Tubuh lelah
Pikiran goyah
Semangat patah

  Terkadang perjalanan semenyebalkan itu, tapi ingin lagi...

Pict @alvinrhmanda

📍Pantai Marina, Kalianda, Lampung Selatan.

Visit 👉 www.ayokelampung.com

#ayokelampung #travel #tour #wisata #holiday #pesonaindonesia #travelphotography #visitindonesia #jalanjalan #wonderfulindonesia #like4like #wisataindonesia #lfl #wisatalampung #lampunggeh #lampung #genpilampung #bandarlampung #lampunginsta #lampungselatan #lampungbarat #lampunghits #lampungtengah #lampungtimur #lampungwisata #lampungkece #lampungyay #lampungeksis #lampungkeren #lampunggham",Attraction,,ocean,coast,islet,cliff,wave,beach,rock arch,lighthouse,lagoon,sky
https://www.instagram.com/p/CJzw3Run81O/,646.jpg,1/9/2021 3:16,"Karena di setiap perjalanan terdapat hikmah dan cerita yang berbeda
#visitindonesia 
#indonesiakeren 
#visitlampung
#visitlampungselatan 
#visitkalianda 
#lestarialamku
#purna1261-1262
#saudaratunaskelapa",Attraction,,army base,racecourse,watering hole,landfill,vegetation,construction site,desert road,promenade,excavation,trench
https://www.instagram.com/p/DIGF61LvtK6/,647.jpg,4/6/2025 6:33,"Visit one of our stalls, Setigi Sundae! Taste the various of ice cream there 🍨
Delight in every frozen bite!

Booking and Reservation:
Whatsapp +62 821 2200 2098

—
Pantai Setigi Heni
Canggung, Lampung Selatan

#SetigiHeni #HarmonyWithNature #BatokKelapaBeachCafe #ShellOfFlavor #HiddenGem #Canggung #LampungSelatan",Amenities,,ticket booth,outdoor,loading dock,outdoor,porch,campus,exterior,plaza,outdoor,outdoor
https://www.instagram.com/p/Cbev3QlLn4w/,648.jpg,3/24/2022 8:48,"Sedikit healing biar gak pusing🤪
.
📍Persawahan Kalianda - Lampung Selatan
.
Pict. @indhmeilia

Visit 👉 www.ayokelampung.com

#ayokelampung #travel #tour #wisata #holiday #pesonaindonesia #travelphotography #visitindonesia #jalanjalan #wonderfulindonesia #like4like #wisataindonesia #lfl #wisatalampung #lampunggeh #lampung #genpilampung #bandarlampung #lampunginsta #lampungselatan #lampungbarat #lampunghits #lampungtengah #lampungtimur #lampungwisata #lampungkece #lampungyay #lampungeksis #lampungkeren #lampunggham",Attraction,,wild,boardwalk,highway,rice paddy,sky,valley,forest road,cultivated,promenade,vineyard
https://www.instagram.com/p/CT2FeyNhmzv/,649.jpg,9/15/2021 14:08,"Jangan hanya menikmati keindahan alam saja, tapi juga cintai alam dengan tidak membuang sampah sembarangan, gaboleh ya😋

Repost from : @indhmeilia 

📍Bukit Pematang Sunrise, Bakauheni -Lampung Selatan

Visit 👉 www.ayokelampung.com

@jokowi @kemensetneg.ri  @sandiuno @kemenparekraf.ri  @arinal_djunaidi @mbak_nunik @edarwan1962
@pariwisata_lampung @ekraf.lampung @rianasariarinal @ardito_wijaya @dharmasetyawan.com_ @payungiuniversity  @genpiindonesia @genpi_lampung 
.
#ayokelampung #travel #tour #wisata #holiday #pesonaindonesia #travelphotography #visitindonesia #jalanjalan #wonderfulindonesia #like4like #wisataindonesia #lfl #wisatalampung #lampunggeh #lampung #genpilampung #bandarlampung #lampunginsta #lampungselatan #lampungbarat #lampunghits #lampungtengah #lampungtimur #lampungwisata #lampungkece #lampungyay #lampungeksis #lampungkeren #lampunggham",Attraction,,islet,lagoon,coast,ocean,beach,cliff,harbor,boardwalk,tundra,pier
https://www.instagram.com/p/CfgnpWppmmC/,650.jpg,7/2/2022 12:20,Mengawali bulan Juli bersama rekan kerja visit ke Kota Bandar Lampung tepatnya Pantai Sebalang - Lampung Selatan #beatifulindonesia,Attraction,,beach,coast,ocean,promenade,natural,outdoor,watering hole,lagoon,harbor,picnic area
https://www.instagram.com/p/CVu9LrVJC7v/,651.jpg,11/1/2021 12:44,".
📍bukit Pematang sunrise,Bakauheni,Lampung Selatan

Reposted from @hallooo.lilis_ Draf..

Salam Generasi Pesona Indonesia
Lapah Gham Jamo-Jamo Ngelestareiken Bumi Lampung

Visit www.genpilampung.com

@jokowi @kemensetneg.ri 
@sandiuno @kemenparekraf.ri 
@dwita_ria @ellanuryamah @dpr_ri
@ustadzabdulhakim @jihanchalim @dpdri
@arinal_djunaidi @pemprov.lampung
@mbak_nunik @pemprovlampung_
@rianasariarinal @pkk_provinsi_lampung
@edarwan1962 @ulidarebeca_ @pariwisata_lampung
@vera_moz76 @ekraf.lampun @lyanda_melly
@elhannidjafar @heliana.dewi @perindaglampung
@ellywahyuni.s @ade_ui @vittorio_dwison @lestyputriii @wahrulfauzisilalahi @garinca.reza.pahlevi
@agiriakbar @mirzano @dprdlampung 
@dharmasetyawan.com_ @payungiuniversity
@mustika_edi23 @ayokelampung.com_ @lampung.media
@mbakjhe @genpiindonesia @wonderful.indonesiaku
@abdulrohmanwahidone @genpi_lampung @infogeh
@akhyarmusthafa @myls.kotametro @payungikampungbahasa

#genpi #genpilampung #genpilampung2021 #generasipesonaindonesia #pesonaindonesia #wonderfulindonesia #salamgenpigasgasgas #AyokeLampung #kelampungkeren #dilampungaja #diindonesiaaja #lampung #bandarlampung #kotametro #lampungbarat #lampungutara #lampungtimur #lampungtengah #lampungselatan #tanggamus #pringsewu #pesawaran #pesisirbarat #mesuji #waykanan #tulangbawang #tulangbawangbarat #lampungberjaya #pesonalampung #myls.kotametro",Attraction,,picnic area,islet,lagoon,coast,tree house,beach house,outdoor,park,ocean,village
https://www.instagram.com/p/CWsU6UWBKAa/,652.jpg,11/25/2021 8:45,"Paint the sky. Make it yours 🌈

Repost 
📷 @ineskusuma 
.
follow  @pantai.marina.official Official account of Pantai Marina Lampung
.
Visit 👉 www.ayokelampung.com

@jokowi @kemensetneg.ri  @sandiuno @kemenparekraf.ri  @arinal_djunaidi @mbak_nunik @edarwan1962
@pariwisata_lampung @ekraf.lampung @rianasariarinal @ardito_wijaya @dharmasetyawan.com_ @payungiuniversity  @genpiindonesia @genpi_lampung 
.
#ayokelampung #travel #tour #wisata #holiday #pesonaindonesia #travelphotography #visitindonesia #jalanjalan #wonderfulindonesia #like4like #wisataindonesia #lfl #wisatalampung #lampunggeh #lampung #genpilampung #bandarlampung #lampunginsta #lampungselatan #lampungbarat #lampunghits #lampungtengah #lampungtimur #lampungwisata #lampungkece #lampungyay #lampungeksis #lampungkeren #lampunggham",Attraction,,campsite,sandbox,lagoon,beach,coast,ocean,vegetation,watering hole,swimming hole,raft
https://www.instagram.com/p/Cd9sW4RhHz-/,653.jpg,5/25/2022 2:17,"Sungguh indah ciptaan mu 

📍pantai marina

Visit 👉 www.ayokelampung.com

#ayokelampung #travel #tour #wisata #holiday #pesonaindonesia #travelphotography #visitindonesia #jalanjalan #wonderfulindonesia #like4like #wisataindonesia #lfl #wisatalampung #lampunggeh #lampung #genpilampung #bandarlampung #lampunginsta #lampungselatan #lampungbarat #lampunghits #lampungtengah #lampungtimur #lampungwisata #lampungkece #lampungyay #lampungeksis #lampungkeren #lampunggham",Attraction,,ocean,wave,coast,iceberg,ice floe,beach,ice shelf,sky,cliff,lagoon
https://www.instagram.com/p/CR8uzM2hVDa/,654.jpg,7/30/2021 11:02,"I come back 💪💪💪

📸@kusnandri 
📍 Sebalang tarahan Lampung Indonesia 🇮🇩

Visit 👉 www.ayokelampung.com

@jokowi @kemensetneg.ri  @sandiuno @kemenparekraf.ri  @arinal_djunaidi @mbak_nunik @edarwan1962
@pariwisata_lampung @ekraf.lampung @rianasariarinal @ardito_wijaya @dharmasetyawan.com_ @payungiuniversity  @genpiindonesia @genpi_lampung 
.
#ayokelampung #travel #tour #wisata #pesonaindonesia #travelphotography #visitindonesia #jalanjalan #wonderfulindonesia #like4like #wisataindonesia #lfl #wisatalampung #lampunggeh #lampung #lampungkeren #genpilampung #bandarlampung #lampunginsta #lampungselatan #lampungbarat #lampunghits #lampungtengah #lampungtimur #lampungwisata #lampungkece #lampungyay #lampungeksis #lampungkeren #lampunggham",Attraction,,sky,harbor,ocean,pier,coast,beach,boardwalk,boathouse,promenade,lighthouse
https://www.instagram.com/p/CUmxTUKhSk7/,655.jpg,10/4/2021 11:55,"#Repost @shellayuanda_
...
Luangkan waktu untuk membuat jiwamu bahagia✨

📍Pantai Semungkuk Kalianda Lampung Selatan

Visit 👉 www.ayokelampung.com

@jokowi @kemensetneg.ri  @sandiuno @kemenparekraf.ri  @arinal_djunaidi @mbak_nunik @edarwan1962
@pariwisata_lampung @ekraf.lampung @rianasariarinal @ardito_wijaya @dharmasetyawan.com_ @payungiuniversity  @genpiindonesia @genpi_lampung 
.
#ayokelampung #travel #tour #wisata #holiday #pesonaindonesia #travelphotography #visitindonesia #jalanjalan #wonderfulindonesia #like4like #wisataindonesia  #wisatalampung #lampunggeh #lampung #genpilampung #bandarlampung #lampunginsta #lampungselatan #lampungbarat #lampunghits #lampungtengah #lampungtimur #lampungwisata #lampungkece #lampungyay #lampungeksis #lampungkeren #lampunggham",Attraction,,cliff,coast,ocean,watering hole,lagoon,beach,islet,creek,tundra,hot spring
https://www.instagram.com/p/CekWnbDBYP-/,656.jpg,6/9/2022 2:37,"Duduk di tempat teduh di hari yang cerah, dan memandangi pemandangan, adalah penyegaran yang paling sempurna. 

Pict @laila.isti.988

📍pantai merak belantung kaliada lampung selatan

Visit 👉 www.ayokelampung.com

#ayokelampung #travel #tour #wisata #holiday #pesonaindonesia #travelphotography #visitindonesia #jalanjalan #wonderfulindonesia #like4like #wisataindonesia #lfl #wisatalampung #lampunggeh #lampung #genpilampung #bandarlampung #lampunginsta #lampungselatan #lampungbarat #lampunghits #lampungtengah #lampungtimur #lampungwisata #lampungkece #lampungyay #lampungeksis #lampungkeren #lampunggham",Attraction,,zen garden,trench,driveway,yard,archaelogical excavation,tree farm,bamboo forest,sandbox,park,orchard
https://www.instagram.com/p/CeXwbsFhlQA/,657.jpg,6/4/2022 5:13,"Ternyata, senjapun enggan membawamu bersamaku 🍂

Pict @cc.dxwyy_

📍Pantai marina

Visit 👉 www.ayokelampung.com

#ayokelampung #travel #tour #wisata #holiday #pesonaindonesia #travelphotography #visitindonesia #jalanjalan #wonderfulindonesia #like4like #wisataindonesia #lfl #wisatalampung #lampunggeh #lampung #genpilampung #bandarlampung #lampunginsta #lampungselatan #lampungbarat #lampunghits #lampungtengah #lampungtimur #lampungwisata #lampungkece #lampungyay #lampungeksis #lampungkeren #lampunggham",Attraction,,ocean,coast,beach,wave,cliff,islet,lagoon,rock arch,sky,lighthouse
https://www.instagram.com/p/CZW18vvJaVn/,658.jpg,1/30/2022 14:05,"Don't worry
Beach happy 💙
.
.
📍Pantai Setigiheni Kalianda Lampung Selatan
.

Repost from @rimachasanah25

Visit 👉 www.ayokelampung.com

@jokowi @kemensetneg.ri @sandiuno @kemenparekraf.ri @arinal_djunaidi @mbak_nunik @edarwan1962
@pariwisata_lampung @ekraf.lampung @rianasariarinal @ardito_wijaya @dharmasetyawan.com_ @payungiuniversity @genpiindonesia @genpi_lampung
.
#ayokelampung #travel #tour #wisata #holiday #pesonaindonesia #travelphotography #visitindonesia #jalanjalan #wonderfulindonesia #like4like #wisataindonesia #lfl #wisatalampung #lampunggeh #lampung #genpilampung #bandarlampung #lampunginsta #lampungselatan #lampungbarat #lampunghits #lampungtengah #lampungtimur #lampungwisata #lampungkece #lampungyay #lampungeksis #lampungkeren #lampunggham",Attraction,,beach,lagoon,ocean,wave,coast,sky,islet,snowfield,cliff,swimming hole
https://www.instagram.com/p/CeQ6cg6hDtx/,659.jpg,6/1/2022 13:25,"🌊

📍pantai Marina 

Visit 👉 www.ayokelampung.com

#ayokelampung #travel #tour #wisata #holiday #pesonaindonesia #travelphotography #visitindonesia #jalanjalan #wonderfulindonesia #like4like #wisataindonesia #lfl #wisatalampung #lampunggeh #lampung #genpilampung #bandarlampung #lampunginsta #lampungselatan #lampungbarat #lampunghits #lampungtengah #lampungtimur #lampungwisata #lampungkece #lampungyay #lampungeksis #lampungkeren #lampunggham",Attraction,,cliff,islet,coast,ocean,beach,lagoon,wave,swimming hole,butte,hot spring
https://www.instagram.com/p/Cb9luFUrlAj/,660.jpg,4/5/2022 8:16,"Kata kamu yg melihat gitu,kata saya yg menjalani gini🤘

📍Kaki Gunung Rajabasa,Lampung Selatan.

Pict @nindyzero_

Visit 👉 www.ayokelampung.com

#ayokelampung #travel #tour #wisata #holiday #pesonaindonesia #travelphotography #visitindonesia #jalanjalan #wonderfulindonesia #like4like #wisataindonesia #lfl #wisatalampung #lampunggeh #lampung #genpilampung #bandarlampung #lampunginsta #lampungselatan #lampungbarat #lampunghits #lampungtengah #lampungtimur #lampungwisata #lampungkece #lampungyay #lampungeksis #lampungkeren #lampunggham",Attraction,,pasture,field road,farm,sky,valley,hayfield,rice paddy,mountain,mountain path,burial chamber
https://www.instagram.com/p/CZ8hNNhrAk-/,661.jpg,2/14/2022 5:14,"📌""Bersyukur untuk hari ini, ikhlas untuk apa yang telah berlalu""

📍Pulau Mengkudu, Ds. Totoharjo, Kec. Bakauheni, Kab. Lampung Selatan

Repost @siaudhiarga

.Visit 👉 www.ayokelampung.com

@jokowi @kemensetneg.ri @sandiuno @kemenparekraf.ri @arinal_djunaidi @mbak_nunik @edarwan1962
@pariwisata_lampung @ekraf.lampung @rianasariarinal @ardito_wijaya @dharmasetyawan.com_ @payungiuniversity @genpiindonesia @genpi_lampung
.
#ayokelampung #travel #tour #wisata #holiday #pesonaindonesia #travelphotography #visitindonesia #jalanjalan #wonderfulindonesia #like4like #wisataindonesia #lfl #wisatalampung #lampunggeh #lampung #genpilampung #bandarlampung #lampunginsta #lampungselatan #lampungbarat #lampunghits #lampungtengah #lampungtimur #lampungwisata #lampungkece #lampungyay #lampungeksis #lampungkeren #lampunggham",Attraction,,lagoon,beach,islet,ocean,coast,wave,cliff,sky,beach house,promenade
https://www.instagram.com/p/CTIoBjOBZXl/,662.jpg,8/28/2021 22:25,"Syukuri selagi bisa, nikmati selagi ada.
.
Loc. Bukit Pematang Sunrise, Lampung Selatan
.
Reposted from @whyuungroho

Visit 👉 www.ayokelampung.com

@jokowi @kemensetneg.ri  @sandiuno @kemenparekraf.ri  @arinal_djunaidi @mbak_nunik @edarwan1962
@pariwisata_lampung @ekraf.lampung @rianasariarinal @ardito_wijaya @dharmasetyawan.com_ @payungiuniversity  @genpiindonesia @genpi_lampung 
.
#ayokelampung #travel #tour #wisata #holiday #pesonaindonesia #travelphotography #visitindonesia #jalanjalan #wonderfulindonesia #like4like #wisataindonesia #lfl #wisatalampung #lampunggeh #lampung #genpilampung #bandarlampung #lampunginsta #lampungselatan #lampungbarat #lampunghits #lampungtengah #lampungtimur #lampungwisata #lampungkece #lampungyay #lampungeksis #lampungkeren #lampunggham",Attraction,,natural,islet,swamp,coast,watering hole,ocean,river,marsh,lagoon,sky
https://www.instagram.com/p/CaObD0RJhN1/,663.jpg,2/21/2022 4:07,"Difficult roads lead to beautiful destinations🌊
.
📌 Titian Mutiara Beach, Kalianda Lampung Selatan - Lampung
Reposted from @amelmia

Visit 👉 www.ayokelampung.com

#ayokelampung #travel #tour #wisata #holiday #pesonaindonesia #travelphotography #visitindonesia #jalanjalan #wonderfulindonesia #like4like #wisataindonesia #lfl #wisatalampung #lampunggeh #lampung #genpilampung #bandarlampung #lampunginsta #lampungselatan #lampungbarat #lampunghits #lampungtengah #lampungtimur #lampungwisata #lampungkece #lampungyay #lampungeksis #lampungkeren #lampunggham",Attraction,,picnic area,playground,swamp,rope bridge,campsite,tree house,bamboo forest,park,broadleaf,rainforest
https://www.instagram.com/p/DSC6JTJDRBL/,664.jpg,12/9/2025 14:06,"Wagub Lampung Tinjau Potensi Ekonomi Karbon Way Kalam

LAMSEL- Wakil Gubernur Lampung Jihan Nurlela mengunjungi Studi Kelayakan Kunjungan Lapangan (Site Visit Feasibility Study) Pengembangan Nilai Ekonomi Karbon di kawasan Perhutanan Sosial Desa Way Kalam, Kecamatan Penengahan, Lampung Selatan, Selasa (25/11/2025). Kunjungan dilakukan dengan menyusuri jalur hutan yang rimbun. Wagub didampingi tim dari OJK dan Dinas Kehutanan Provinsi Lampung. Rombongan disambut suasana alami yang sejuk, dengan pepohonan besar, suara satwa, dan aliran sungai....

https://inspiratif.co.id/wagub-lampung-tinjau-potensi-ekonomi-karbon-way-kalam/",Ancillary,,rainforest,waterfall,creek,hot spring,mountain,japanese garden,beer garden,botanical garden,canyon,picnic area
https://www.instagram.com/p/DFwGI7uyS2r/,665.jpg,2/7/2025 0:28,"Gua Maria Ngison Nando, Kalianda, Lampung Selatan. Lokasinya di pinggir jalan utama, dan cukup luas untuk rombongan bus. Susteran yang juga bisa digunakan untuk retreat.

Must visit kalau sedang di area Lampung 🤗",Amenities,,japanese garden,botanical garden,fishpond,formal garden,vegetable garden,asia,aquarium,park,pond,pagoda
https://www.instagram.com/p/CQFKodfMFpw/,666.jpg,6/14/2021 0:36,""" Kau tunduk kepada alam selama belum melihat Penciptanya. Jika kau telah menyaksikan-Nya maka alam akan tunduk kepadamu."" 

 ~  Ibnu Athaillah ~

Running and Swimming Time 

#running 
#swimming 
#runforhumanity 
#runforibadah 
#justicerunners 
#bugarsepanjangusia 
#keepstrong 
#staystrong 
#visitlampung 
#visitlampungselatan 
#silahturahmi
#ayolebihbaik",Attraction,,lagoon,beach,islet,coast,ocean,swimming hole,promenade,cliff,natural,river
https://www.instagram.com/p/CNOvj-XH77w/,667.jpg,4/4/2021 4:18,"The Amazing lampung selatan
@elty_krakatoa 
#eltykrakatoaresort
#visitlampung 
#visitlampungselatan",Attraction,,lagoon,beach,natural,marsh,coast,picnic area,river,swimming hole,swamp,ocean
https://www.instagram.com/p/CcAkeLhrgkw/,668.jpg,4/6/2022 12:03,"Pict @idho.ha

Loc. Alau Alau Boutique Resort Kalianda

Visit 👉 www.ayokelampung.com

#ayokelampung #travel #tour #wisata #holiday #pesonaindonesia #travelphotography #visitindonesia #jalanjalan #wonderfulindonesia #like4like #wisataindonesia #lfl #wisatalampung #lampunggeh #lampung #genpilampung #bandarlampung #lampunginsta #lampungselatan #lampungbarat #lampunghits #lampungtengah #lampungtimur #lampungwisata #lampungkece #lampungyay #lampungeksis #lampungkeren #lampunggham",Attraction,,beach,lagoon,coast,ocean,beach house,promenade,islet,outdoor,cliff,picnic area
https://www.instagram.com/p/CJ5k_foAHit/,669.jpg,1/11/2021 9:27,"visit lampung yuuk , ada yg tau ga aku lagi piknik dimanaa ??! g kalah cantik kan sama pemandangan gunung fuji hheee 😀 , aku kemaren piknik dan berenang di laut kalianda lampung selatan, tepatnya di @elty_krakatoa , lautnya jernih bgt dan ombaknya relatif tenang kalian bs berenang, bs main floatis juga disana sambil nikmatin indahnya gunung rajabasa 😍, liburan dan tetap patuhi protokol kesehatan ya  #grandeltykrakatoa #pariwisatalampung #pantaikalianda",Attraction,,park,picnic area,lawn,yard,campsite,playground,topiary garden,botanical garden,orchard,sandbox
https://www.instagram.com/p/CcC7LM9LnHm/,670.jpg,4/7/2022 10:00,"Lelah karena hobby adalah hal yang menyenangkan

Loc : Titian mutiara beach Kalianda Lampung

Pict: @bagas.geh

Visit 👉 www.ayokelampung.com

#ayokelampung #travel #tour #wisata #holiday #pesonaindonesia #travelphotography #visitindonesia #jalanjalan #wonderfulindonesia #like4like #wisataindonesia #lfl #wisatalampung #lampunggeh #lampung #genpilampung #bandarlampung #lampunginsta #lampungselatan #lampungbarat #lampunghits #lampungtengah #lampungtimur #lampungwisata #lampungkece #lampungyay #lampungeksis #lampungkeren #lampunggham",Attraction,,ocean,promenade,coast,pier,beach,beach house,picnic area,boat deck,lagoon,boardwalk
https://www.instagram.com/p/CNbbKx8H09_/,671.jpg,4/9/2021 2:30,"Bismillah.
.
Alhamdulillah pertemuan dengan bapak bupati Nanang Ermanto dan ibu Winarni Nanang Ermanto sebagai Ketua Dekranasda Lamsel, berjalan lancar dan sukses.
.
Untuk live instagram bisa ditonton di IGTV.
Semoga pariwisata Lamsel dan UMKM nya bisa semakin berkembang .
.
Thank you for the hospitality during our visit. 
.
#asahkebaikan 
#asahkebaikantrip 
#asahkebaikangoestolampung 
#lampungselatan 
#dekranasdalampungselatan
#kalianda 
#alhamdulillah",Ancillary,,outdoor,water park,arch,amusement park,rock arch,plaza,park,topiary garden,outdoor,racecourse
https://www.instagram.com/p/CUrqxlWpuYY/,672.jpg,10/6/2021 9:34,".
Main dulu ah😂
#Repost @nurhdy.s 

📍 Perengan Anteng, Jati Agung Lampung Selatan
Visit 👉www.ayokelampung.com

Salam Generasi Pesona Indonesia
Lapah Gham Jamo-Jamo Ngelestareiken Bumi Lampung

Visit www.genpilampung.com

@jokowi @kemensetneg.ri 
@sandiuno @kemenparekraf.ri 
@dwita_ria @ellanuryamah @dpr_ri @ustadzabdulhakim @jihanchalim @dpdri
@arinal_djunaidi @pemprov.lampung
@mbak_nunik @pemprovlampung_
@rianasariarinal @pkk_provinsi_lampung
@edarwan1962 @pariwisata_lampung
@vera_moz76 @ekraf.lampun @lyanda_melly
@elhannidjafar @heliana.dewi @perindaglampung
@ellywahyuni.s @ade_ui @vittorio_dwison @lestyputriii
@wahrulfauzisilalahi @dprdlampung 
@dharmasetyawan.com_ @payungiuniversity
@infogeh @ayokelampung.com_ @lampung.media
@mbakjhe @genpiindonesia @wonderful.indonesiaku
@abdulrohmanwahidone @genpi_lampung

#genpi #genpilampung #genpilampung2021 #generasipesonaindonesia #pesonaindonesia #wonderfulindonesia #salamgenpigasgasgas #AyokeLampung #kelampungkeren #dilampungaja #diindonesiaaja #lampung #bandarlampung #kotametro #lampungbarat #lampungutara #lampungtimur #lampungtengah #lampungselatan #tanggamus #pringsewu #pesawaran #pesisirbarat #mesuji #waykanan #tulangbawang #tulangbawangbarat #love #lampungberjaya",Attraction,,rope bridge,tree house,tree farm,playground,golf course,rainforest,mountain path,ski slope,amusement park,indoor
https://www.instagram.com/p/CSYy8vWBAkk/,673.jpg,8/10/2021 8:37,"Pulau Mengkudu, Desa Totoharjo, Kecamatan Kalianda, Kabupaten Lampung Selatan. 

Repost @indsundarii21

Visit 👉 www.ayokelampung.com

@jokowi @kemensetneg.ri  @sandiuno @kemenparekraf.ri  @arinal_djunaidi @mbak_nunik @edarwan1962
@pariwisata_lampung @ekraf.lampung @rianasariarinal @ardito_wijaya @dharmasetyawan.com_ @payungiuniversity  @genpiindonesia @genpi_lampung 
.
#ayokelampung #travel #tour #wisata #holiday #pesonaindonesia #travelphotography #visitindonesia #jalanjalan #wonderfulindonesia #like4like #wisataindonesia #lfl #wisatalampung #lampunggeh #lampung #genpilampung #bandarlampung #lampunginsta #lampungselatan #lampungbarat #lampunghits #lampungtengah #lampungtimur #lampungwisata #lampungkece #lampungyay #lampungeksis #lampungkeren #lampunggham",Attraction,,lagoon,beach,islet,coast,ocean,cliff,wave,sky,boat deck,harbor
https://www.instagram.com/p/CeXzHKnBeup/,674.jpg,6/4/2022 5:36,"Terbangun di Surga, Vitaminsea❤️

Pict @_ayuafita

📍Pantai Kedu Warna, Kalianda, Lampung Selatan. 

Visit 👉 www.ayokelampung.com

#ayokelampung #travel #tour #wisata #holiday #pesonaindonesia #travelphotography #visitindonesia #jalanjalan #wonderfulindonesia #like4like #wisataindonesia #lfl #wisatalampung #lampunggeh #lampung #genpilampung #bandarlampung #lampunginsta #lampungselatan #lampungbarat #lampunghits #lampungtengah #lampungtimur #lampungwisata #lampungkece #lampungyay #lampungeksis #lampungkeren #lampunggham",Attraction,,beach,ice shelf,ocean,coast,sky,lagoon,ice floe,snowfield,hot spring,glacier
https://www.instagram.com/p/CUFiVsohRj-/,675.jpg,9/21/2021 14:09,"Lampung Selatan juga punya wisata air terjun yang indah loh, namanya adalah air terjun way tayas.
Suasana air terjun ini terbilang sangat alami dan memberi rasa tenang.

Repost from : @samudraikwanul 

📍Air Terjun Way Tayas Kalianda, Lampung Selatan

Visit 👉 www.ayokelampung.com

@jokowi @kemensetneg.ri  @sandiuno @kemenparekraf.ri  @arinal_djunaidi @mbak_nunik @edarwan1962
@pariwisata_lampung @ekraf.lampung @rianasariarinal @ardito_wijaya @dharmasetyawan.com_ @payungiuniversity  @genpiindonesia @genpi_lampung 
.
#ayokelampung #travel #tour #wisata #holiday #pesonaindonesia #travelphotography #visitindonesia #jalanjalan #wonderfulindonesia #like4like #wisataindonesia #lfl #wisatalampung #lampunggeh #lampung #genpilampung #bandarlampung #lampunginsta #lampungselatan #lampungbarat #lampunghits #lampungtengah #lampungtimur #lampungwisata #lampungkece #lampungyay #lampungeksis #lampungkeren #lampunggham",Attraction,,waterfall,mountain,canyon,creek,rainforest,cliff,valley,river,butte,hot spring
https://www.instagram.com/p/CVKW5rBPqY6/,676.jpg,10/18/2021 7:37,"""Gingercoffee""
Nikamat nya aroma kopi berpadu dengan hangat nya jahè murni,bikin ngopi kamu makin nikmat😉

Yuk,ajak keluarga,teman dan juga pasangan kamu ngopi bareng di Cafe kami😍

#dsascafeandresto #kopienak #coffeehot #indonesiafood #kulinerlampungenak2 #kopilampung #kaliandaig #kopinikmat #lampungkeren #lampungselatan #lfl❤️ #followforfollowback 

Buka setiap hari :
Pukul 09.00 s/d 21.00 WIB

Visit us,
📍Jl trans sumatra km,57 kec,kalianda kab,lampung selatan 35513 indonesia (Depan kodim kalianda,lampung selatan)",Amenities,,zen garden,fountain,beer garden,public,indoor,tree house,botanical garden,outdoor,pavilion,indoor
https://www.instagram.com/p/CTHUhgPhvk-/,677.jpg,8/28/2021 10:15,"🌊 Pantai Kedu Warna, Sinar Laut, Kalianda Lampung Selatan

Masih tentang senja.....
.
Reposted from @01_zulkifli 
.
Visit 👉 www.ayokelampung.com

@jokowi @kemensetneg.ri  @sandiuno @kemenparekraf.ri  @arinal_djunaidi @mbak_nunik @edarwan1962
@pariwisata_lampung @ekraf.lampung @rianasariarinal @ardito_wijaya @dharmasetyawan.com_ @payungiuniversity  @genpiindonesia @genpi_lampung 
.
#ayokelampung #travel #tour #wisata #holiday #pesonaindonesia #travelphotography #visitindonesia #jalanjalan #wonderfulindonesia #like4like #wisataindonesia #lfl #wisatalampung #lampunggeh #lampung #genpilampung #bandarlampung #lampunginsta #lampungselatan #lampungbarat #lampunghits #lampungtengah #lampungtimur #lampungwisata #lampungkece #lampungyay #lampungeksis #lampungkeren #lampunggham",Attraction,,beach,playground,ocean,campsite,lagoon,coast,raft,outdoor,pier,boat deck
https://www.instagram.com/p/CdsXPKmBjwo/,678.jpg,5/18/2022 8:45,"Metamorfase dari ulat menjadi kupu-kupu

Pict @sitimdwmh

📍Pantai Marina, Kalianda Lampung Selatan

Visit 👉 www.ayokelampung.com

#ayokelampung #travel #tour #wisata #holiday #pesonaindonesia #travelphotography #visitindonesia #jalanjalan #wonderfulindonesia #like4like #wisataindonesia #lfl #wisatalampung #lampunggeh #lampung #genpilampung #bandarlampung #lampunginsta #lampungselatan #lampungbarat #lampunghits #lampungtengah #lampungtimur #lampungwisata #lampungkece #lampungyay #lampungeksis #lampungkeren #lampunggham",Attraction,,beach,ocean,coast,islet,wave,lagoon,cliff,snowfield,rock arch,ice floe
https://www.instagram.com/p/CaEVYvrLf7C/,679.jpg,2/17/2022 6:05,"Latih piikiran supaya lebih kuat dari perasaaan 🍃
.
🍁 Air Tejun Way Tayas, Rajabasa, Lampung Selatan.

Pict @aisyhnraini

Visit 👉 www.ayokelampung.com

#ayokelampung #travel #tour #wisata #holiday #pesonaindonesia #travelphotography #visitindonesia #jalanjalan #wonderfulindonesia #like4like #wisataindonesia #lfl #wisatalampung #lampunggeh #lampung #genpilampung #bandarlampung #lampunginsta #lampungselatan #lampungbarat #lampunghits #lampungtengah #lampungtimur #lampungwisata #lampungkece #lampungyay #lampungeksis #lampungkeren #lampunggham",Attraction,,waterfall,mountain,rainforest,creek,canyon,hot spring,valley,cliff,river,swimming hole
https://www.instagram.com/p/CbM30Dgri1-/,680.jpg,3/17/2022 10:11,"Shine ✨
.
Loct : Pulau Sekepal, Bakauheni, Lampung Selatan

Repost @odi_mudirul

Visit 👉 www.ayokelampung.com

#ayokelampung #travel #tour #wisata #holiday #pesonaindonesia #travelphotography #visitindonesia #jalanjalan #wonderfulindonesia #like4like #wisataindonesia #lfl #wisatalampung #lampunggeh #lampung #genpilampung #bandarlampung #lampunginsta #lampungselatan #lampungbarat #lampunghits #lampungtengah #lampungtimur #lampungwisata #lampungkece #lampungyay #lampungeksis #lampungkeren #lampunggham",Attraction,,natural,lagoon,river,valley,islet,campsite,tundra,mountain,swimming hole,raft
https://www.instagram.com/p/CeivLC6Br4x/,681.jpg,6/8/2022 11:33,"🤍🕊

Pict @marchellaandaniii

📍kalianda

Visit 👉 www.ayokelampung.com

#ayokelampung #travel #tour #wisata #holiday #pesonaindonesia #travelphotography #visitindonesia #jalanjalan #wonderfulindonesia #like4like #wisataindonesia #lfl #wisatalampung #lampunggeh #lampung #genpilampung #bandarlampung #lampunginsta #lampungselatan #lampungbarat #lampunghits #lampungtengah #lampungtimur #lampungwisata #lampungkece #lampungyay #lampungeksis #lampungkeren #lampunggham",Attraction,,lagoon,coast,beach,islet,ocean,cliff,swimming hole,hot spring,wave,natural
https://www.instagram.com/p/CbmVUTULA-d/,682.jpg,3/27/2022 7:30,"Wisata Keluarga cek 👉
Terletak di Lampung Selatan guys. Dekat sekali dari pusat kota bandar Lampung.
Cocok banget untuk berwisata bersama keluarga sambil mancing bersama.. uhmm 🤤
-

Lokasi. 📍 Villa Pemancingan Raja, Sabah balau, Lampung Selatan.
@villapemancinganraja

Repost: @chorysefrika

Visit 👉 www.ayokelampung.com

#ayokelampung #travel #tour #wisata #holiday #pesonaindonesia #travelphotography #visitindonesia #jalanjalan #wonderfulindonesia #like4like #wisataindonesia #lfl #wisatalampung #lampunggeh #lampung #genpilampung #bandarlampung #lampunginsta #lampungselatan #lampungbarat #lampunghits #lampungtengah #lampungtimur #lampungwisata #lampungkece #lampungyay #lampungeksis #lampungkeren #lampunggham",Amenities,,chalet,exterior,tree house,playground,shed,pavilion,outdoor,outdoor,outdoor,staircase
https://www.instagram.com/p/CZZW6vcJCM0/,683.jpg,1/31/2022 13:31,"Sudah banyak drama yg telah di lalui brodii..

📍 Air terjun waytayas Kalianda Lampung Selatan

Repost from @jndn169

Visit 👉 www.ayokelampung.com

@jokowi @kemensetneg.ri @sandiuno @kemenparekraf.ri @arinal_djunaidi @mbak_nunik @edarwan1962
@pariwisata_lampung @ekraf.lampung @rianasariarinal @ardito_wijaya @dharmasetyawan.com_ @payungiuniversity @genpiindonesia @genpi_lampung
.
#ayokelampung #travel #tour #wisata #holiday #pesonaindonesia #travelphotography #visitindonesia #jalanjalan #wonderfulindonesia #like4like #wisataindonesia #lfl #wisatalampung #lampunggeh #lampung #genpilampung #bandarlampung #lampunginsta #lampungselatan #lampungbarat #lampunghits #lampungtengah #lampungtimur #lampungwisata #lampungkece #lampungyay #lampungeksis #lampungkeren #lampunggham",Attraction,,waterfall,rainforest,mountain,creek,swimming hole,cliff,hot spring,canyon,river,fountain
https://www.instagram.com/p/Cb4UdTiL_qt/,684.jpg,4/3/2022 7:09,"Dan pada akhirnya,sebagai mana yg sudah tertakar,tidak kan pernah tertukar.
➖➖➖➖➖➖➖➖➖➖➖➖

Pict @nindyzero_

📍@titianmutiarabeach
Pantai Titian Mutiara,Lampung Selatan.

Visit 👉 www.ayokelampung.com

#ayokelampung #travel #tour #wisata #holiday #pesonaindonesia #travelphotography #visitindonesia #jalanjalan #wonderfulindonesia #like4like #wisataindonesia #lfl #wisatalampung #lampunggeh #lampung #genpilampung #bandarlampung #lampunginsta #lampungselatan #lampungbarat #lampunghits #lampungtengah #lampungtimur #lampungwisata #lampungkece #lampungyay #lampungeksis #lampungkeren #lampunggham",Attraction,,ocean,coast,sky,beach,ice floe,iceberg,wave,cliff,islet,ice shelf
https://www.instagram.com/p/DFTsNX_TOd2/,685.jpg,1/26/2025 23:43,"Good Morning, Happy Long Weekend everyone❗️

#liburan #sisaliburan #liburanmurah #liburpanjang #holiday #morning #pagi #love #🤩 #lampunggeh #lamsel #palas #bangunan",Accessibility,,boat deck,promenade,pier,harbor,boardwalk,ocean,boxing ring,bridge,outdoor,interior
https://www.instagram.com/p/CXfT3kILnfo/,686.jpg,12/15/2021 3:57,"Menyukai bukan berarti harus memiliki 
Itulah aku ketika buka shopee 

Shopee cod 
Shopee cod
Bayar - bayar di tempat 

______________________________________

#shoope_id #shoope #liburan #menarasiger #sunset #traveling #lampunggehh #lamsel",Attraction,,lighthouse,natural,river,water tower,marsh,vegetation,pond,lagoon,tower,coast
https://www.instagram.com/p/CWh4Ubqhiqi/,687.jpg,11/21/2021 7:23,"Hey hey Muli Mekhanai tetap patuhi prokes ya jngan lupa pakai masker
Inget jaga diri kalian dan syangi keluarga kalian
•
•
•
•
Fot by
📷@paltra54
______________________
Info tempat : @sebalangyay 
________________________
#lampungbikinkeren
 #sebalangbeach #sebalangbeachlampung #sebalang #lampungselatan #wisata #kalianda #explorelampung #wisata #pantai #kelilinglampung #pencintaalam #indonesia #sunset #lamsel #lampungexsis #lampung #anakselatan #camp#sebalangcamp
#sebalang #selatan
#bandarlampung #hits #viral #senja #sunset #sebalang #sebalangbeachlampung
#selatan #sunset #viral #hitslampung #hits #holidays #holiday #virallucu #liburan 
#pantailampungselatan""",Attraction,,ocean,coast,beach,outdoor,vegetation,campsite,water park,boat deck,ice floe,ice shelf
https://www.instagram.com/p/CYL4YBFPT7q/,688.jpg,1/1/2022 11:23,"Mengisi liburan tahun baru merupakan tradisi di masyarakat, ttak terkecuali warga masyarakat yang ada di Lampung Selatan.

Seperti yang terlihat hari ini, Sabtu (01/01/2022), sejumlah warga sekitar Kota Kalianda berduyun-duyun datang dan memadati Kebun Edukasi yang ada dikomplek  Rumah Dinas Bupati Lamsel. Sejak pagi hari hingga petang ini, antusias masyarakat Kalianda dan sekitarnya tampak besar sekali untuk mengunjungi wahana kebanggan Bapak Nanang Ermanto ini. 

Contoh seperti yang dikatakan Ifan (32) warga Way Panji, mulanya mereka bermaksud pergi ke pantai, namun pantai yang ada di seputaran Kota Kalianda sudah ramai ditambah jalan menuju kesana macet, jadi dia memilih ke Kebun Edukasi untuk tempat rekreasi hari ini. 

""Tadinya saya bermaksud  pergi ke pantai bersama keluarga mas, tapi ternyata disana sudah ramai, jadi tadi ada usulan dari keluarga untuk ke Kebun Edukasi ini saja, eh ternyata di Kebun Edukasi ini tempatnya cukup bagus, nyaman dan banyak lokasi untuk foto-foto juga, "" kata Ifan dengan mimik senang.

Ditambahkan Ifan, yang berprofesi sebagai pedagang gabah ini, Kebun Edukasi yang santer selama ini ternyata memang mengasyikkan dikunjungi. 

""Ya walaupun saya dari desa, sudah biasa lihat tanaman, tapi disini lain daripada yang lain mas. Ada tanaman yang sangat subur, karena dirawat dengan baik juga lengkap dengan pondokan segala. Ditambah lagi banyak wahana bermain anak-anak. Pokoknya kami sangat senang mas datang kesini. Ada air mancur pula, banyak sekali spot untuk berfoto disini. Besok-besok kami akan datang lagi kesini bersama keluarga dan tetangga kami,"" ujar Ifan lagi. 

Dari pantauan sore ini , Kebun edukasi, nampak masih dipadati pengunjung, parkiran sampai penuh kendaraan baik roda 2 maupun roda 4, ternyata Kebun Edukasi ini juga bisa di jadikan tempat liburan alternatif di tahun baru, selain gratis, juga sudah di lengkapi juga dengan berbagai fasilitas penunjang, mulai dari Mushola, Wi Fi, kuliner, dan terutama gratis masuknya gaes. (pra/mp)",Attraction,slide 2,village,playground,outdoor,amphitheater,rope bridge,formal garden,archaelogical excavation,rice paddy,farm,park
https://www.instagram.com/p/CMtVEZcMQUK/,689.jpg,3/22/2021 4:52,"Pantai Sebalang

Tabik pun
Selamat siang muli mekhanai, selamat beraktifitas jangan lupa untuk rehat sejenak,tenangin fikiran 
Gmna? Udah tau mau liburan atau piknik kmana?kalau masih bingung langsung aja ke @sebalangyay , kalian bsa di manjain dengan sunset yang cukup bagua bnget,trus suasana Bean ban ala ala Bali gitu hehehe
•
•
•
•
Foto by
📷@ameliaprs
______________________
Pengen foto/video nya direpost?
Tag dan follow akun @sebalangyay 
Sertakan #sebalangyay 
#Repost @sebalangyay
________________________
________________________
#sebalangyay #sebalangbeach #sebalangbeachlampung #sebalang #lampungselatan #wisata #kalianda #explorelampung #wisata #pantai #kelilinglampung #pencintaalam #indonesia #sunset #lamsel #lampungexsis #lampung #anakselatan #camp#sebalangcamp
#sebalang #selatan
#bandarlampung #hits #viral #senja #sunset #sebalang #sebalangbeachlampung
#selatan #sunset #viral #hitslampung #hits #holidays #holiday 
#pantailampungselatan",Amenities,,water park,beach,campsite,promenade,playground,beach house,coast,outdoor,amusement park,playroom
https://www.instagram.com/p/CWe33zPhAfJ/,690.jpg,11/20/2021 3:21,Liburan tipis2 di sela kesibukan yg padat @ kedas resort pantai Minangrua lamsel,Attraction,,swimming hole,hot spring,raft,landfill,creek,river,rope bridge,cliff,rainforest,slum
https://www.instagram.com/p/CMSHOOCrwFH/,691.jpg,3/11/2021 15:11,"Selamat malam selamat libur panjang semoga hari hari kita menyenangkan , long weekend at  @wartawan_beach 🌴🌊☺️

#pantaiwartawan #pantaiindonesia #oyoindonesia #lampungselatanexplore #pesonaindonesia #pesonaid_travel #wonderfulindonesia #wonderfull_places #liker #likeforlikealways #ijilampung #lampungmoment #potretlampung #potretmalam #lampunghits #ilovelampung #lampungbarat #kelilinglampung #weekend #holiday #liburan #piknik #nuansabali #lamsel #lampungbarat #pariwisatalampung #vitaminsea",Amenities,,amusement park,carrousel,patio,corn field,junkyard,tree house,bamboo forest,yard,playground,botanical garden
https://www.instagram.com/p/CYBqEf9PrxA/,692.jpg,12/28/2021 12:05,"Cuti dirumah aja?
Pergi liburan donk😁
Foya Foya setitik ya gaes : Menikmati Suasana pantai dan menginap di Grand Elty Krakatoa,Kalianda,Lampung Selatan (Lamsel) bareng adik bungsuku & kedua temannya🥰",Attraction,,beach,ocean,coast,promenade,outdoor,lagoon,wave,boardwalk,boat deck,vegetation
https://www.instagram.com/p/CKMGvJGMJLm/,693.jpg,1/18/2021 14:09,"Pantai Bahari Sebalang Tarahan Lampung Selatan

Pantai sebalang, banyak orang yang bilang bali nya Lampung,pencetus pertama pantai yang mengusung nuansa bali, dengan mengubah konsep pantai menggunakan bean bag dan payung ala bali
Sehingga banyak pantai atau tempat wisata dilampung yang mengikuti semoga pariwasata dilampung makin terekspos,dan dikenal dinasional atau pun internasional, sehingga membuat UMKM di Lampung berkembang dengan baik,
______________________
Pengen foto/video nya direpost?
Tag dan follow akun @sebalangyay 
Sertakan #sebalangyay 
#Repost @sebalangyay
________________________
________________________
#kaliandaig
#sebalangyay #sebalangbeach #sebalangbeachlampung #sebalang #lampungselatan #wisata #kalianda #explorelampung #wisata #pantai #kelilinglampung #pencintaalam #indonesia #sunset #lamsel #lampungexsis #lampung 
#sebalang #selatan
#bandarlampung #hits #viral #senja #sunset #sebalang #sebalangbeachlampung
#selatan #sunset #viral #hitslampung #hits #holidays #holiday #virallucu #liburan 
#pantailampungselatan2",Amenities,,village,beach house,coast,promenade,landfill,water park,ocean,beach,harbor,slum
https://www.instagram.com/p/DTLsBQCk-_U/,694.jpg,1/6/2026 20:27,Way Tebing Ceppa @way_tebing_ceppa di Lamsel merupakan tempat pemandian air yang langsung dari pegunungan tanpa kaporit dan sungguh adem sekali airnya #liburan #wisatawan #waytebingceppa #lampungselatan #fyp MasyaAllah Tabarakallah...,Accessibility,,rope bridge,park,outdoor,botanical garden,archaelogical excavation,tree farm,rainforest,rice paddy,trench,playground
https://www.instagram.com/p/CTz3T-nhZdD/,695.jpg,9/14/2021 17:26,"Karaoke Night setiap hari senin, selasa, kamis, dan Jumat ya gaeesss.. live music setiap hari Rabu, sabtu, dan minggu.. cuss lahh yukk.. udah lama gak yukk.. @sebalang_space 😁

Tabik pun Muli Mekhanai @sebalang_space Ada promo ni buat kalian yang suka ke pantai @sebalangyay 
Minimal pembelian 300k 
Kalian dapet free Bean bag 5 loh
Kuy buruan jngan sampai ketinggalan
Persyaratan nya:
1.harus boking h-1
2.tag & follow @sebalang_space 
3.tag & follow @sebalangyay 

📷 @adinerik02
Follow 
@sebalang_space @holiday_lampung
Loc
@sebalang_space
______________________
Pengen foto/video nya direpost?
-Pakai makser
-Tag dan follow akun @sebalangyay 
-Sertakan #sebalangyay 
________________________
________________________
#sebalangyay #sebalangbeach #sebalangbeachlampung #sebalang #lampungselatan #wisata #kalianda #explorelampung #wisata #pantai #kelilinglampung #pencintaalam #indonesia #sunset #lamsel #lampungexsis #lampung #anakselatan #camp#sebalangcamp
#sebalang #selatan
#bandarlampung #hits #viral #senja #sunset #sebalang #sebalangbeachlampung
#selatan #sunset #viral #hitslampung #hits #holidays #holiday #viralindonesia",Amenities,,river,marsh,boathouse,boat deck,pier,beach,lagoon,natural,corn field,bookstore
