Post URL,File,Post Date,Caption,Anotasi,Catatan,Scene1,Scene2,Scene3,Prob1,Prob2,Prob3
https://www.instagram.com/p/DXyhP25j7o3/,1.jpg,5/1/2026 8:29,"The beach is fun, while the mountains are calming🌊🏝️⛰️
#gunungkratau #pantaisebesi #lampungselatan #pulausebesi",Attraction,,lagoon,islet,beach,0.807023,0.08503,0.032469
https://www.instagram.com/p/C-Id93hyegu/,2.jpg,8/1/2024 15:27,"Pantai Slimpuyang , Sidomulyo , Lampung selatan.
.
. 
. 
Repost : @anandamdini_ 
. 
. 
#LampungInsta #Lampung #kelilinglampung #ExploreLampung #bandarlampung #indonesia #indonesiaku #alamindonesia #wonderfulindonesia #tamanindonesiakaya #indonesiaindah #kalianda #lampungselatan",Attraction,,ocean,coast,snowfield,0.225066,0.163583,0.160183
https://www.instagram.com/p/DRY11KTj8nt/,3.jpg,11/23/2025 6:00,"A welcoming spot where groups can find shade, connect, and enjoy a peaceful break!

Booking and Reservation:
Whatsapp +62 821 2200 2098

—
Pantai Setigi Heni
Canggung, Lampung Selatan

#SetigiHeni #HarmonyWithNature #BatokKelapaBeachCafe #ShellOfFlavor #HiddenGem #Canggung #LampungSelatan",Amenities,,exterior,zen garden,pavilion,0.396235,0.209566,0.205575
https://www.instagram.com/p/DBFjvtxyijQ/,4.jpg,10/14/2024 1:54,"The beach is the answer to relieve fatigue from busy routines
°°°
@nata_ari77
@danangichwandii

°°°

Pantai Aruna Lampung
Jl. H. Muthalib, Desa Merak Belantung, Kec. kalianda
Lampung Selatan
📞 081541398534 (Kania) 

#lampung #lampungselatan #lampungtimur
#lampungtengah #pantai #metime #tulangbawang #tulangbawangbarat #travellerlampung #beachlife #beachvibes #jalanjalan #metime #campervan
#pantai #pantaiindonesia #lampungtimur #bandarlampung #ffff #detik #girl #ceweindonesia #lampungtengah #lampungselatan #palembang #tulangbawang #mata_lampungku #pikniklampung",Attraction,,lagoon,beach,ocean,0.449777,0.170465,0.081923
https://www.instagram.com/p/DMzwtWsx-N1/,5.jpg,8/1/2025 10:18,"Thank you for visiting at minangrua beach🌊☀
— SNORKELING Rp:75.000/pax all fasilitas 

Make sure your vacation is a good and fun moment, trust us !!!

Liburan di pantai, tapi bukan sekedar pantai.
Pantai minangrua menyajikan rekreasi alam yg berbeda.
Selain pantai, di Minangrua juga ada destinasi wisata lain.
Seperti, Air Terjun Dan Green Canyon.

Your family story must be happy!!
 ________________________
This is👉. Pantai Minangrua - Desa Kelawi - Bakauheni - Lampung Selatan.

Rute: 1.5 jam dari kota Bandar lampung. 10 menit dari Pelabuhan Bakauheni. 
________________________
Hurry up, follow us, because we are processing something amazing!!!
NOTE!!!
(Lodging on this beach is very limited)
__
Pos HTM: 10k/orang (non higeseason) 
__
Green Canyon HTM: 15k/orang 
__
Family Gathering Mulai Rp:170.000/orang
__
Snorkeling mulai Rp: 75.000/orang 

More info & Reservasi: HP/WA: 081272250665
________________________
Don’t miss out on information!!

Tag dan follow 👇👇

@minangruabeach_inn
@pantaiminangrua_lampung

Sertakan #minangruabeach 
❎ Vacation is a necessity too
________________________
•Don’t focus too much on money•
________________________
#minangruabeachinn #minangruabeach #pantaiminangrua #bakauheni #lampungselatan #lampung #lampung #bandung #palembang #travel #explore #tourism #trip #explore",Ancillary,,boat deck,lagoon,islet,0.465501,0.113254,0.087197
https://www.instagram.com/p/DKTkK9kvUDx/,6.jpg,5/31/2025 5:10,"Langkah kecil menuju laut, harapan besar untuk alam 🌊🐢 Mari jaga laut dan kehidupan yang ada di dalamnya! 

Booking and Reservation:
Whatsapp +62 821 2200 2098

—
Pantai Setigi Heni
Canggung, Lampung Selatan

#SetigiHeni #HarmonyWithNature #BatokKelapaBeachCafe #ShellOfFlavor #HiddenGem #Canggung #LampungSelatan",Attraction,,zen garden,ice floe,vegetation,0.366236,0.209327,0.113899
https://www.instagram.com/p/DDTir0zvvzA/,7.jpg,12/8/2024 5:17,"The pile of coral reef 🌊 

Booking and Reservation:
Whatsapp +62 821 2200 2098

—
Pantai Setigi Heni
Canggung, Lampung Selatan

#SetigiHeni #HarmonyWithNature #BatokKelapaBeachCafe #ShellOfFlavor #HiddenGem #Canggung #LampungSelatan",Attraction,,landfill,archaelogical excavation,beach,0.419378,0.209436,0.050143
https://www.instagram.com/p/CvLuYZsPOeM/,8.jpg,7/27/2023 1:57,"bentar lagi udah mau weekend aja nih, kalian udah punya rencana mau berwisata kemana? kalau belum ada coba deh datang berwisata ke Pantai Marina.

Pantai yang menyuguhkan indahnya spot bebatuan karang ini sudah memiliki fasilitas penunjang lainnya seperti spot foto dan kuliner. yuk berwisata ke pantai yang ada di kalianda.

Loc: Pantai Marina, Kalianda, Lampung Selatan.

#tempatwisatalampung #marinabeach #pantaimarina #wonderfulindonesia #wisatalampungselatan #beach #wisatalampung #wisataindonesia",Attraction,,water park,amusement park,beer garden,0.143907,0.060328,0.05263
https://www.instagram.com/p/CoZOKbtp71U/,9.jpg,2/8/2023 8:06,"photo family
#couplesyah#kalianda #wisatakalianda #wisatalampungselatan #pantaikalindalampung #kaliandahits #pantaikalianda #jalanjalankalianda #pantailampungselatan #kalianda #pantaiaranglampung #jasaphotopantaikalinda #tempatwisatalampung #wisatalampungselatan #photofamilykalinda #photofamily #photofamilyoutdoor #farrsofampict",Attraction,,picnic area,lawn,yard,0.409677,0.104139,0.040019
https://www.instagram.com/p/CoRTEOnpF_2/,10.jpg,2/5/2023 6:14,"photofamily

#kalianda #wisatakalianda #wisatalampungselatan #pantaikalindalampung #kaliandahits #pantaikalianda #jalanjalankalianda #pantailampungselatan #kalianda #pantaikeduwarna #jasaphotopantaikalinda #wisatalampungselatan #photofamilykalinda #photofamily #photofamilyoutdoor #farrsofampict",Attraction,,beach,coast,ocean,0.674632,0.123092,0.07518
https://www.instagram.com/p/C-P1IPVp4Dk/,11.jpg,8/4/2024 12:04,#waytayaskaliandalampungselatan #wisatalampungselatan #pesonaindonesia,Attraction,,rope bridge,rainforest,creek,0.196343,0.091779,0.07173
https://www.instagram.com/p/CVy29UNvwqn/,12.jpg,11/3/2021 1:07,"Lampung Selatan banyak banget punya destinasi wisata pantai, salah satu fasilitas yang disukai oleh traveler adalah adanya fasilitas perlengkapan camping yang disediakan oleh pengelola pantai.
.
.
.
.
.
📸 @putrimaharanis15 
🌱 Mbeach, Kalianda, Lampung Selatan
.
.
.
.
.
.
#mbeach 
#pantaikalianda 
#wisatalampungselatan 
#tempatwisatalampung 
#wonderfulinfonesia",Attraction,,beach,lagoon,coast,0.465799,0.461497,0.027988
https://www.instagram.com/p/DXv1jH8jpWO/,13.jpg,4/30/2026 7:28,"Let the fun roll!
Ajak temen-temen kamu buat ngerasain serunya rolling donuts di green canyon!
.
.
#greencanyonminangrua #rollingdonut #wisatalampungselatan #kedashotelresort #wisatalampung",Attraction,,lagoon,ocean,islet,0.582519,0.107072,0.076768
https://www.instagram.com/p/Cj4WZjBPFuU/,14.jpg,10/19/2022 3:37,"Pantai @mbeachkalianda 
tiket masuk 35K weekend. pantainya bersih. #lampung #wisatalampungselatan #pantailampung",Attraction,,lagoon,beach,coast,0.352649,0.309691,0.090041
https://www.instagram.com/p/CrsDYTAAxpp/,15.jpg,5/1/2023 5:11,"#wisatalampungselatan 
#kalianda",Attraction,,football,park,baseball,0.153654,0.129407,0.11413
https://www.instagram.com/p/DH7LclUzoP7/,16.jpg,4/2/2025 0:49,💦🌸🏖️ #wisatalampungselatan,Attraction,,promenade,water park,playground,0.248003,0.212766,0.097814
https://www.instagram.com/p/C6TWOBmSR1U/,17.jpg,4/28/2024 10:46,"Rio by the beach 🌈🏝️
.
.
.
#pantaikaliandalampung #wisatalampungselatan",Attraction,,outdoor,vegetation,ocean,0.99425,0.001552,0.000698
https://www.instagram.com/p/CWcwpQkFLXB/,18.jpg,11/19/2021 7:39,"#wisatalampungselatan
#waykalamkalianda",Attraction,,rainforest,waterfall,creek,0.430703,0.396391,0.043819
https://www.instagram.com/p/C7Y_8aTPC5J/,19.jpg,5/25/2024 11:58,"Pesona matahari tenggelam di pantai Sebalang 
#pantaisebalanglampung
#sunset
#wisatapantai 
#wisatalampungselatan",Attraction,Sunset,ocean,beach,coast,0.328791,0.216301,0.213194
https://www.instagram.com/p/CrtQKOfPeDq/,20.jpg,5/1/2023 16:22,"weekend vacation🌊
#pantaisetigiheni 
#wisatalampungselatan",Attraction,,promenade,beach,outdoor,0.319891,0.14035,0.068102
https://www.instagram.com/p/DH73EG8TmFa/,21.jpg,4/2/2025 7:10,With the girl’s  @debyrskspttri & @deanurarlikafasa ❤️ #wisatalampungselatan,Attraction,,rope bridge,park,plaza,0.213911,0.110159,0.087614
https://www.instagram.com/p/C6bC0rtPk69/,22.jpg,5/1/2024 10:30,"Gak perlu hebat dari orang lain
cukup lebih baik dari diri kita yang kemarin
hidup bukan tentang siapa yang terbaik 
tapi siapa yang berbuat baik
dan tidak pura pura baik

#riobythebeach 
#wisatalampungselatan",Attraction,,beach,promenade,coast,0.150739,0.148649,0.136589
https://www.instagram.com/p/DM4Y1Y2zsC6/,23.jpg,8/3/2025 5:25,"Cuacanya cerah langitnya biru dan pohon2 yang hijau, ada kolam renang air nya seger dari gunung rajabasa,  anak anak pun seneng dan happy menikmati nya,
ini weekend tipis2 kita... 
#wayhalim
#waypenaga
#wtc
#wisatalampungselatan",Attraction,,swimming hole,hot spring,water park,0.604158,0.138642,0.090699
https://www.instagram.com/p/C3o0h2HSDR0/,24.jpg,2/22/2024 5:20,"5 Februari 2022 🌊

#love #lfl #pantaimarinalampung #lampung #wisatalampungselatan",Attraction,Pantai (Lowres),beach,lagoon,ocean,0.415144,0.308873,0.111381
https://www.instagram.com/p/CWF-Y3HvYzM/,25.jpg,11/10/2021 11:17,"Menikmati Indahnya Sunset di Pantai Semukuk
.
.
.
.
.
.
.
.
.
.
📍 @pantai.semukuk
🌏 Jl. Pesisir Desa pauh Tanjung Iman Kec. kalianda kab. LAMPUNG SELATAN
📸 @lilymuchsin9
.
.
.
.
.
.
.
.
#pantaisemukuk
#pantaikalianda
#wisatalampungselatan 
#wonderfullampung 
#tempatwisatalampung",Attraction,Sunset,coast,ocean,beach,0.32326,0.29801,0.0809
https://www.instagram.com/p/DFc1m6PPmK1/,26.jpg,1/30/2025 12:58,"Jadilah bagian dari proses ini 🌱

#krakataupark #wisatalampung #wisatalampungselatan #jalanjalanlampung",Attraction,,amusement park,playground,water park,0.601041,0.11889,0.078456
https://www.instagram.com/p/CXnPotYPm9k/,27.jpg,12/18/2021 5:54,"Disini siapa yang belum pernah berkunjung ke Pantai Batu Ceper😊, 

Yang belum coba deh, bebatuan karang di tepi Pantainya estetik Benget, cocok nih buat yang hobi foto-foto
.
.
.
.
.
.
.
📸 @jakadwisaputra_ 
🌱 Pantai Batu Ceper, Lampung Selatan -
.
.
.
.
.
.
#pantaibatuceper 
#pantaikalianda 
#wisatalampungselatan 
#wonderfullampung 
#tempatcampinglampung 
#tempatwisatalampung 
#instagramtravel",Attraction,,ocean,coast,wave,0.322236,0.270115,0.105517
https://www.instagram.com/p/DNcOq5pBFak/,28.jpg,8/17/2025 3:29,"""Indahnya alam Lampung Selatan berpadu dengan semangat Merah Putih.
Di setiap langkah wisata, ada cinta pada negeri yang kita jaga bersama. ❤️🤍
Dirgahayu Republik Indonesia ke-80! 🇮🇩
#PesonaMerahPutihLampungSelatan #HUTke80RI #WisataLampungSelatan #Radityoegi #SyaifulAnwar #KawasanMenaraSigerg #LampungSelatanMaju #BismillahBisa""",Attraction,,interior,boat deck,ocean,0.342951,0.098782,0.075893
https://www.instagram.com/p/CVHI-YlhIEE/,29.jpg,10/17/2021 1:37,"Anak Pantai... Cinta Damai..

#pantaikalianda 
#wisatalampungselatan",Attraction,,beach,islet,lagoon,0.368287,0.218268,0.197669
https://www.instagram.com/p/Cs2fZQSrPqm/,30.jpg,5/30/2023 3:00,"Bingung cari tempat healing. Datang saja ke Batu Granit. Selain menawarkan suasana sepi dan tenang. Tiket masuknya juga gratis. Selengkapnya baca di https://tinyurl.com/2haaty8f
#travelspromo #batugranit #wisatalampungselatan #wisatalampung #wisataalam #wisataalamlampungselatan #wisataalamlampung #informasiwisata #infowisata #infowisatalampungselatan #infowisatalampung #hargatiket #tiketmasuk #tiketmasukbatugranit #visitlampung #explorelampung",Attraction,,watering hole,field road,farm,0.126788,0.10855,0.077306
https://www.instagram.com/p/CXWDSt0Prj3/,31.jpg,12/11/2021 13:39,"Ketika berwisata ke Pulau Mengkudu ada beberapa spot foto menarik yang dapat kamu temukan, salah satunya view pulau ini.

Bukan hanya itu, buat yang suka snorkeling, kamu juga dapat mencoba melihat keindahan biota laut pulau ini ya.
.
.
.
.
.
📸 @rian_saputra892
📍 Pulau Mengkudu Island , Desa Tutoharjo, Kec.Bakauheni, Kab. Lampung Selatan.
.
.
.
.
.
#pulaumengkuduisland 
#wisatalampungselatan 
#wisatapulau 
#indonesiaindah 
#wonderfulinfonesia",Attraction,,lagoon,beach,islet,0.702554,0.151448,0.105133
https://www.instagram.com/p/Cbw3j-LPimy/,32.jpg,3/31/2022 9:42,"""Alonly Tree""
Lokasi : Pantai Sebalang, Lampung Selatan, Lampung

INUB 31 Maret 2022
UPLOAD BERSAMA

@INSTANUSANTARA
@instanusantarabelampung
#instanusantara 
#instanusantara_742
#instanusantaralampung_742
#instanusantaralampung
#inbe
#seleksimemberinbe2022_002

""Seangkonan ngelestariko budaya sai bumi ruwai jurai""

#nikond600 #tokina1116 #knfilters #nikonindonesia #lampunglandscapers #wisatalampungselatan #lampung",Attraction,,natural,lagoon,boathouse,0.233266,0.154469,0.119566
https://www.instagram.com/p/DLop5cTPoKN/,33.jpg,7/3/2025 6:15,"[ NIKMATIN KEINDAHAN PANTAI DENGAN SERU-SERUAN NAIK ATV ]
.
🥰 Explore keindahan pantai dengan bermain activity yang seru yups ATV, cuma ada di @sanggarbeach_lpg. Yuk explore wisata Lampung bareng Restu Bumi Adventure.
_______________________
🏝️ RBA - TOUR PACKAGES 
▪️Family & Corporate Gathering
▪️Outbound Training & Team Building
▪️Minat Khusus (Wisata Alam & Wisata Desa)
▪️Experiental Learning (Training & Workshop)
▪️Event Organizer & Tour Domestik/Internasional
.
----More information-----
• Kontak :
> 081271046209 (Admin 1) 
> 081272477622 (Admin 2)
• Instagram : @restubumiadventure 
• Facebook : Restu Bumi Adventure 
• Tik Tok : @restubumiadventure64
• Youtube : Restu Bumi Adventure 
• Website : www.restutour.co.id
• Email : restubumiadventure64@gmail.com
.
#restubumiadventure #restubumioutbound #restubumioverland #restubumi #adventure #pariwisata #pantaisanggar #sanggarbeach #kalianda #lamsel #triplampung #wisatalampung #lampung #gatheringlampung #wisatalampungselatan #pariwisatalampung #jalanjalanlampung #kelampung #atv #pariwisatalampungselatan",Ancillary,Kelompok Wisata,promenade,beach,ocean,0.410832,0.104492,0.067655
https://www.instagram.com/p/DNcJfP3TYQ_/,34.jpg,8/17/2025 2:44,"Ikan hiu makan kayu, egi syaiful i love you💓💓
#PESONAMERAHPUTIHLAMPUNGSELATAN
#HUTKE80RI #WISATALAMPUNGSELATAN #RADITYOEGI #SYAIFULANWAR #KAWASANMENARASIGER #LAMPUNGSELATANMAJU #BISMILLAHBISA",Attraction,,water park,boardwalk,promenade,0.256287,0.229671,0.137899
https://www.instagram.com/p/DNcbTvPSFdq/,35.jpg,8/17/2025 5:20,"Semangat juang tak pernah padam! 🇮🇩✨
Satpol PP Lampung Selatan turut mempersembahkan formasi angka 80 sebagai wujud syukur dan kebanggaan di Hari Ulang Tahun Kemerdekaan Republik Indonesia ke-80.
Dirgahayu Republik Indonesia!
‘Terus Melaju untuk Indonesia Maju’ 💪🔥

#PESONAMERAHPUTIHLAMPUNGSELATAN
#HUTKE80RI
#WISATALAMPUNGSELATAN
#RADITYOEGI
#SYAIFULANWAR
#KAWASANMENARASIGER
#LAMPUNGSELATANMAJU
#BISMILLAHBISA",Attraction,,promenade,outdoor,water park,0.351058,0.204543,0.092596
https://www.instagram.com/p/DIYToPKhqgE/,36.jpg,4/13/2025 8:19,"Let’s create sunny memories with the ones you love!

Ajak si kecil bermain pasir, berlari di tepi ombak, dan nikmati quality time bareng keluarga di Rio by the Beach.

Sunshine, laughter, and family moments await!

#RioByTheBeach #FamilyGetaway #PantaiAsik #LiburanKeluarga #pantailampung #pantailampungselatan #wisatalampung #wisatalampungselatan #pariwisatalampung",Attraction,,sandbox,playground,art school,0.991138,0.001659,0.001494
https://www.instagram.com/p/C6BxBYwSj66/,37.jpg,4/21/2024 14:53,"Lokasi :📍pantai marina,Kec. Kalianda, Kabupaten Lampung Selatan, Lampung 35551
Pantai Marina Lampung terletak di Desa Merak Belatung, Kecamatan Kalianda, Kabupaten Lampung Selatan. Pantai Marina Lampung kerap menjadi salah satu destinasi wisata untuk menikmati keindahan wisata bahari.

#vnvideoedit
#vneditor #cinematic #vnindonesia #vnvideoindonesia  #vnaesthetics #dronedji #dronedjimini3pro
#lampungkece #lampunggeh #wisatalampungsai #wisatakenallampung #pantaimarina 
#wisatalampungselatan #wisatalampung
#pikniklampung #hellolampung #kelampunggeh #lampunginsta #lampungkece #lampunghits #pantaimarinalampung #pantaimarinakalianda #pantaimarina",Attraction,,coast,cliff,beach,0.119793,0.11704,0.10321
https://www.instagram.com/p/DBoNPMLzT4j/,38.jpg,10/27/2024 12:51,"I Love This Game ❤️ Piranha Slowpitch Tournamen 2024
Pengalaman seru main slowpitch di Pantai apalagi Pantainya keren bgt @riobythebeach 🏖
semoga slowpitch di Lampung makin banyak peminatnya yaa & makin jaya ... 🥰 🥎
thank you @mohicans2001 dan teman2 slowpitch semua udh mau berbagi kebersamaannya Lope You 
💜🩷🩵
#slowpitch #slowpitchtournament #pantaikece #wisatalampungselatan #mohicans",Amenities,,ice shelf,ski slope,outdoor,0.363628,0.20294,0.162843
https://www.instagram.com/p/CfAvUEPpaxz/,39.jpg,6/20/2022 3:12,"''So,,kalo belum tau ''nyatanya'' jangan menilai orang dari ''katanya''
.
.
.
.
.
#wisatalampung #wisatalampungselatan #wisatakalianda #lampunggeh #wisataindonesiakeren🇲🇨",Attraction,,sand,mountain path,wild,0.292298,0.136113,0.097014
https://www.instagram.com/p/C9heccXzmNA/,40.jpg,7/17/2024 12:01,"Fresh view
🌷🕊🫧🌊

@sanggarbeach_lpg 
@pantai.lampung 

Spall spill, link Milkshake in bio
🦩cardi + inner (link Milkshake no 4)
🦩rok tutu premium (link Milkshake no 5)

#pantai #pantailampung #sanggarbeach_lpg #sanggarbeach #sanggarbeachlampung #sanggarbeachedition #wisatalampung #wisatakalianda #wisatakaliandalampung #wisatalampungselatan #lampungexplore #viewlampung #lampungkece",Attraction,,beach,ocean,coast,0.466324,0.210136,0.140572
https://www.instagram.com/p/DNcLdOBTYor/,41.jpg,8/17/2025 3:01,"Upacara HUT RI Ke 80

#pesonamerahputihlampungselatan #hutke80ri #wisatalampungselatan #radityoegi #msyaifulanwar #kawasanmenarasiger #lampungselatanmaju #bismillahbisa",Attraction,,oast house,outdoor,amusement park,0.361499,0.138703,0.127546
https://www.instagram.com/p/DNcGSFRyZHQ/,42.jpg,8/17/2025 2:16,"Pertama kalinya saya mengabadikan momen dan melihat secara langsung Upacara 17 Agustus 1945 Detik - Detik Proklamasi Kemerdekaan Republik Indonesia Ke - 80 dengan Pemandangan seindah ini. 
Upacara yang di gelar di Menara Siger Icon Gerbang Sumatera dan pemandangan laut serta kapal-kapal Ferry yang buat upacara ini semakin berkesan.
Menurut saya upacara ini, upacara terindah sepanjang sejarah di Lampung Selatan
@radityoegi @m_syaiful.anwar @pemkab.lampungselatan
#pesonamerahputihlampungselatan #hutke80ri #wisatalampungselatan #radityoegi #syaifulanwar #kawasanmenarasiger #
#lampungselatanmaju #bismillahbisa #hutri80indonesia🇮🇩",Attraction,,promenade,water park,amusement park,0.122468,0.065191,0.059138
https://www.instagram.com/p/CiJuJ12LW_h/,43.jpg,9/6/2022 4:29,"Manusia biasa, yang tak sempurna dan kadang salah.,
.
.
.
.
.
.
📷@ahmad.wya01 
#pesonalampung #lampunggeh#lampungselatan #wisatalampungselatan #hellolampung #lampungeksis #trendinglampung #kelampungaja",Attraction,,lagoon,islet,natural,0.575655,0.156323,0.049961
https://www.instagram.com/p/DPdxT5-AR6-/,44.jpg,10/6/2025 10:54,"sunset slide memories
.
.
at @lummayvillaresort ❤️
#villalummayresort #villalampung #wisatalampungselatan #staycationseru #lummayvillaresort #pesonaindonesia",Attraction,,boat deck,rope bridge,playground,0.107674,0.102068,0.09535
https://www.instagram.com/p/CeA20GLvxP5/,45.jpg,5/26/2022 7:46,"Sepintar dan semandiri apa pun seorang perempuan, dia tetap membutuhkan peta atau google map dari orang lain untuk menunjukkan arah perjalanannya. Sebab, kalau dibiarkan membaca peta atau google map sendiri, kerap kali dia tersesat. 

Perempuan tetap butuh kaki lain untuk membantunya melangkah.

Lampung, 25 Mei 2022
©@irmadewimeilinda

Lokasi : Curug Anakan | @airterjun_waykalam, Desa Way Kalam Kec. Penengahan Kab. Lampung Selatan

#kaliandaig
#DialogRasa #DiaryMeymey #princessmeymey #IrmaDewiMeilinda #AirTerjunWayKalam #LampungSelatan #Pariwisata #wisatalampung #wisatalampung #wisatalampungselatan #lampungselatanamazing #woderfulindonesia #writerpreneur #blogger #contentwriter #travellers #bloggertravel
Reposted from @irmadewimeilinda",Attraction,,rainforest,rope bridge,junkyard,0.283721,0.117607,0.068001
https://www.instagram.com/p/CVAMocXp_T7/,46.jpg,10/14/2021 8:55,#pantaigigihiu #wisatalampungselatan #indonesiaindah 📸📸📸 @wisata_teluk_kiluan_lampung,Attraction,,cliff,coast,ocean,0.615804,0.179273,0.035107
https://www.instagram.com/p/DNchIRIxHWW/,47.jpg,8/17/2025 6:11,"Pesona Merah Putih di atas Menara Siger 🇮🇩✨

“Bersatu, Berdaulat, Rakyat Sejahtera, Indonesia Maju”.

HUT RI ke-80 tahun 2025, 
Pesona Merah Putih di atas Menara Siger menyatukan ragam suku dan budaya di Bumi Ragom Mufakat 🌏

#pesonamerahputihlampungselatan
#hutke80ri
#wisatalampungselatan
#radityoegi
#syaifulanwar
#kawasanmenarasiger
#lampungselatanmaju
#bismillahbisa",Attraction,Siger,construction site,amphitheater,water park,0.35206,0.116848,0.051606
https://www.instagram.com/p/DSWCmayk67S/,48.jpg,12/17/2025 0:25,Pantai marina sesuai ekspektasi🥹 #pantaimarina #pantaimarinalampung #pantaimarinakalianda #pantailampungselatan #pantai🌴 #pesonalampungselatan,Attraction,,coast,islet,lagoon,0.197671,0.17439,0.16752
https://www.instagram.com/p/CTcfm7fPxaP/,49.jpg,9/5/2021 15:36,"Jangan cuman melihat hasil nya
TAPI
Nikmati & lihat proses nya #pematangsunrise 
==========================
📱Redmi 9T @xiaomi.indonesia
==========================
#pematangsunriselampung #bakauhenilampung #wisatabakauheni #wisatalampung #wisatalampungselatan #wisatabandarlampung #explorelampung #explorebandarlampung #explorelampungselatan #pesonalampung #pesonalampungselatan #pesonabandarlampung #wisatasumsel #pesonasumsel #exploresumsel #pesonasumateraselatan #exploresumateraselatan #wisatasumateraselatan #pesonaindonesia #exploreindonesia #wisataindonesia",Attraction,,picnic area,lagoon,promenade,0.156673,0.111302,0.082262
https://www.instagram.com/p/DU-exOcD65M/,50.jpg,2/20/2026 10:24,"🌿🌱

#pesonalampungselatan #airterjunwaykalamlampung #fypシ゚viralシfypシ゚ #lampungselatan",Attraction,,botanical garden,park,bamboo forest,0.165628,0.076932,0.064728
https://www.instagram.com/p/DXwZgqDGq-l/,51.jpg,4/30/2026 12:43,#pesonalampungselatan arter 9 putri #wisatalampung #kalianda,Attraction,,waterfall,creek,rainforest,0.642899,0.118192,0.082849
https://www.instagram.com/p/CfJrX2NJ5eQ/,52.jpg,6/23/2022 14:30,"🌊 Tak ada henti aku mengagumi mu...

#laut #Lampung #pantailampung #pantaiarangkalianda #pesonalampunng #pesonalampungselatan",Attraction,,iceberg,ice floe,ice shelf,0.306902,0.222764,0.146551
https://www.instagram.com/p/C3rGRSOPRKY/,53.jpg,2/23/2024 2:34,"Golden Hour

#pesonalampungselatan #gunungrajabasa",Attraction,,islet,lagoon,natural,0.629629,0.085987,0.061695
https://www.instagram.com/p/CJlToTahQfy/,54.jpg,1/3/2021 12:31,"Pantai pertama di tahun 2021 🦂

#pantaiketang #pesonalampungselatan #pesonapantailampung  #pesonaindonesia
#pantaibaturameketang",Attraction,,ocean,coast,beach,0.307973,0.289129,0.181531
https://www.instagram.com/p/CLJZgNfMzPM/,55.jpg,2/11/2021 9:26,"Sukses Selalu Pokdarwis
@pantai_minangrua
@airterjun_waykalam 
@dinaspariwisata.lampungselatan
🔸
🔸

📷 In frame

➖➖➖➖➖➖➖➖➖➖➖➖➖
Repost
•  akun @airterjun_waykalam
• Gunakan hastag #airterjunwaykalam
• Tag akun @airterjun_waykalam
. Cekin Lokasi cari Air Terjun Waykalam

#airterjun #airterjunwaykalam #airterjunlampungselatan #airterjunlampung #waykalam  #eksplorewaykalam #lampungselatan #pesonalampungselatan #ekaplorelampungselatan #lampung #eksplorelampung #pesonalampung #indonesia  #pesonaindonesia #holiday #waterfall",Ancillary,Kelompok wisata,amphitheater,raft,picnic area,0.299566,0.118917,0.110969
https://www.instagram.com/p/CT6mumHFvVj/,56.jpg,9/17/2021 8:16,"Orang"" : sendirian aja..?
Me : ehehe...iya lagi susah 
.
.
.
.
.
#latepost #kalianda #lampungselatan #lampung #pantaimarinakalianda #lampunghits #lampunggeh #lampungtraveller #pesonalampungselatan #pesonaindonesia",Attraction,,badlands,landfill,volcano,0.401378,0.093746,0.088967
https://www.instagram.com/p/Cg6EfU5rP6h/,57.jpg,8/6/2022 6:05,"Pasar Sidomulyo Lampung Selatan

📸 Readmi Note 10

🔜 
Izin Taq / Tandai Kak 🙏?
DM Jika Ini Tidak Diizinkan 📩🚫
KASIH LOVE 💗 dulu sebelumnya ya, biar semangat update setiap harinya berbagi MOMENT⏳ yang sudah terlewatkan🔙😊
------------------------------------
📢📱Follow Instagram Admin Kak
🌏 @evan_nurhakim
🌏 @evan_nurhakim
🌏 @evan_nurhakim
===========================
Klik titik 3 di sudut kanan, pilih TURN ON NOTIFICATION / TAMPILKAN NOTIFIKASI🔔 agar Anda tidak ketinggalan update inspirasi setiap harinya 😘😘
___
🌏INFO UPTUDATE JOIN NOW👇
📢📱Facebook ""Evan Nurhakim""
📢📱Channel Youtube ""Evan Aksi""
___
Silahkan Tag / Tandai, Mention dan Gunakan Hastag #evannurhakimlovers Kak Di Photo Anda Jika Pernah Bersama Admin Kak, Report Postingan Jika Beruntung.
➖➖➖➖➖➖➖➖➖➖➖➖➖➖➖
#infolampungselatan #infolamsel #ssclampung #readminote10 #sidomulyo #sidomulyolampungselatan #lampungselatan #genpi #genpilampung #genpilampungselatan #masjida #generasipesonaindonesia  #pesonalampungselatan #pariwisatalampungselatan #pariwisata_lampungselatan #pariwisatalampung #dilambarkhia #lfl💛 #fff #fff💋 #fff😊 #fff❤ #lfl❤️ #lfl💛lfllflfllffllflflflflflflflflfllflflflflflflflflflflflflflflflflflflflflflflflflflflflflfllflflflflflflflflfllflfllflflflflflflfllflflflflflllfl",Amenities,Pasar,courthouse,outdoor,outdoor,0.099931,0.075919,0.071472
https://www.instagram.com/p/CdwqziHBEH9/,58.jpg,5/20/2022 0:53,"Driver baru 😁
.
.
.
#sedangsehat #pulaupahawang #driver #mainairyuk #tripmurahpahawang #pesonalampungselatan #pesonaindonesia📷 #olahragalaut #permainanseawalker 👌👌",Attraction,(Lowres),outdoor,ski slope,ice shelf,0.313157,0.108325,0.075645
https://www.instagram.com/p/CSolC28FR1h/,59.jpg,8/16/2021 11:43,"Kerjakanlah apa yang membuat mu senang!
.
.
.
📍 Pantai Sebalang Bandar Lampung
#sebalangbeach #bandarlampung #pantaisebalanglampung #explorelampungselatan #jelajahpantai #pesonalampungselatan",Attraction,Pantai,lagoon,ocean,swimming hole,0.459949,0.186804,0.088586
https://www.instagram.com/p/CQ52GbrssCk/,60.jpg,7/4/2021 11:37,"Surga yang tersembunyi di dusun kayu tabu desa kelawi kecamatan Bakauheni Lampung Selatan .
PANTAI Batu Alif
PANTAI minangrua
NTMLYKD
.
.
.
.
.
@dinaspariwisata.lampungselatan 
@iftaassociation 
@yoexplore 
.
.
.
.
.
.
Pokdarwis Minangrua bahari 🇲🇨
.
.
.
.
.
.
#goifta #disparbudlamsel #RamahTamahJelajah
#TamuAdalahKeluarga
#informasilpg#explor_lampungselatan
#wisatalampungku #lampung_modifhits 
#Amazinglampungselatan#pesonalampungselatan
#pesonalampung #pesonaindonesia#wisataalamlampungselatan
#wisatapantailampungselatan #sahabat_traveler 
#lampunghits#kelampungaja#kelampungyuk
#jagajarak
#pakemasker 
#cucitanganpakesabun
#hindarikerumunan 
#protokolkesehatan",Attraction,Pantai,islet,ocean,lagoon,0.225433,0.221934,0.149642
https://www.instagram.com/p/CKiEb8YMN8d/,61.jpg,1/27/2021 2:52,"Semakin sulit jalan menuju ke suatu tempat sesungguhnya ada suatu kepuasan saat titik akhir perjalanan itu tercapai 
🔸
🔸

📷 In frame : @xxbili76_

➖➖➖➖➖➖➖➖➖➖➖➖➖
Repost
•  akun @airterjun_waykalam
• Gunakan hastag #airterjunwaykalam
• Tag akun @airterjun_waykalam
. Cekin Lokasi cari Air Terjun Waykalam

#airterjun #airterjunwaykalam #airterjunlampungselatan #airterjunlampung #waykalam  #eksplorewaykalam #lampungselatan #pesonalampungselatan #ekaplorelampungselatan #lampung #eksplorelampung #pesonalampung #indonesia  #pesonaindonesia #holiday #waterfall",Attraction,Air Terjun,indoor,botanical garden,rope bridge,0.277886,0.23588,0.085138
https://www.instagram.com/p/CPCUXdBlKSJ/,62.jpg,5/19/2021 1:32,"❤️❤️❤️😍😍😍 best moment....
-
-
-
🏝️ @pesona_kelagianbesar_lpg 🎉🎊 
-
-
-
#pantailampung #kelagianbesar #kelagianisland #kelagian #liburlebaran #liburan #refresing #refreshing #mainair #pantaikelagian #senang #gembira #bahagia #menikmatialam #pesonalampungselatan #pesonaindonesiaofficial #berlibur #ceria #kelagianisland",Attraction,,park,sandbox,outdoor,0.223766,0.178172,0.151096
https://www.instagram.com/p/CUm_UxWvg8Y/,63.jpg,10/4/2021 13:57,"Pura Segara Pantai Batu Putih, Ketapang Lampung Selatan

#lampungselatanhits 
#lampungselatanamazing 
#kaliandaig 
#kaliandahits 
#ketapanglampung 
#wisatalampungselatan 
#pesonalampungselatan 
#lampungselatan 
#pariwisatalampungselatan 
#lampungselatanexplore 
#lampunginsta 
#lampunggeh 
#lampungpose 
#lampungyay 
#lampungmoment 
#lampungkeren
#bullssyndicate",Attraction,Pura,pagoda,asia,palace,0.528438,0.449469,0.013938
https://www.instagram.com/p/CK6h3klsYVA/,64.jpg,2/5/2021 14:51,"😎 yukkk ke @wartawan_beach 

#inilampungyay 
#lampunghitss 
#pesonaindonesia 
#pesonalampung 
#pesonalampungselatan 
#tvrilampung
#lampunginsta",Attraction,,islet,swimming hole,lagoon,0.309012,0.21189,0.156956
https://www.instagram.com/p/DNcN0L9SYE8/,65.jpg,8/17/2025 3:22,"Upacara peringatan HUT RI ke 80 di menara siger 🇮🇩
Lampung Selatan majuu ✊✊

#lampung #lampungselatanbisa #pesonalampungselatan #wisatalampung 
@radityoegi @m_syaiful.anwar @tempat_wisata_lampung @wisata_lampung.id @pemkab.lampungselatan @menara_siger",Attraction,Siger,promenade,outdoor,boardwalk,0.574012,0.138197,0.063183
https://www.instagram.com/p/CcYAvjGPUMH/,66.jpg,4/15/2022 14:32,"𝐖𝐈𝐒𝐀𝐓𝐀 𝐀𝐋𝐀𝐌 𝐆𝐔𝐍𝐔𝐍𝐆 𝐁𝐀𝐓𝐔 🍃
______________________________

destinasi wisata unik berupa  bongkahan batu-batu raksasa yang sangat intagramable 
sambil menikmati keindahan panorama alam yg segar , alami dan indah ..

📍Berlokasi di Desa Srikaton, Tanjung Bintang - wisata Gunung Batu

📷 by : @davidsetiyo_  @daisyphoto___ 

#lampunggeh #lampungselatan #gunungbatu  #desasrikaton #wisatagunungbatu #tanjungbintang #pesonalampungselatan #pikniklampung #jalanjalandilampung 

@gunungbatu_tanjungbintang @desasrikaton_tj.bintang 
@lampuung @lampung.eksis @hellolampuung @tanjungbintangeksis @lampunginsta
Reposted from @ummuhanii89",Attraction,Gunung Batu,mountain path,rainforest,forest path,0.312233,0.198408,0.111368
https://www.instagram.com/p/CP7lMPGNRxh/,67.jpg,6/10/2021 7:16,"Cinta kepada Allah SWT adalah sebuah Cahaya terang, yang mana jika kamu tanpa -Nya, maka kamu akan berada dalam lautan kegelapan.  Kehidupan mu akan selalu terang benderang jika Allah jadi tujuan..

Repost @muhamad_herdiawan
• • • • • •
Pantai Kedu, Kalianda Lampung Selatan

#explorewisatalampung
#pesonakalianda #pesonalampungselatan #pesonalampung #pesonaindonesia #pesonaalam #pesonaalamresort #lampungme #infokyai #infokyailampung #infokyaitravel #ilovelampung #lampunggeh #lampungyay #lampungyay🙌 #lampunghits #lampunginsta #lampunggham #lampungtrip #lampungfun #lampungku #lampungkece #explorelampung #instalampung #pikniklampung #lampung #lampungpunyacerita #lampungpunya #lampungweh",Attraction,Sunset,cliff,lighthouse,sky,0.245207,0.188715,0.088517
https://www.instagram.com/p/CLHKw17sK88/,68.jpg,2/10/2021 12:39,"Air Terjun Way Kuya
.
Way Kalam, sebuah desa yang berada di atas Gn.Rajabasa Kecamatan Penengahan Lampung Selatan

Mendengar kata way kalam kita langsung tertuju pada air terjun nya, ya way kalam mempunyai air terjun yang sangat indah dan banyak lokasinya pun sangat mudah diakses.
.
Air Terjun way kalam Indukan dan Air Terjun Anakan ada satu air terjun yang belom orang ketahui, namanya ""Air Terjun Way Kuya""

air terjun Way Kuya diambil dari nama hewan Kura-kura, konon ceritanya disini dulunya banyak spesies kura-kura sungai penduduk lokal orang #waykalam menyebutnya ""Bulus""
itulah kenapa dikatakan ""Air Terjun Way Kuya""
.
Air nya mengalir dari atas bebatuan dan tumbuhan rambat membuat keindahan ciptaan sangpencipta semakin membuat kagum akan kebesaranya.
.
lokasinya masih tersembunyi dan treknnya masih setapak sehingga kami belom bisa buka untuk umum, 😀
.
Nextnprojek kami selanjutnya
.
Terimakasih Atas Kunjungan nya pak Camat kec. Penengahan dan bpk serta ibu dari @pmdt_lampung , sudah berkunjung untuk yang ke sekian kali nya, dan mensuport kegiatan Pariwisata yang ada di tempat kami khususnya Wilayah Kec. Penengahan
.
🔸
🔸

📷 In frame Admin 😀

➖➖➖➖➖➖➖➖➖➖➖➖➖
Mau diRepost 
•  akun @airterjun_waykalam
• Gunakan hastag #airterjunwaykalam
• Tag akun @airterjun_waykalam
. Cekin Lokasi cari Air Terjun Waykalam
.

#airterjun #airterjunwaykalam #airterjunlampungselatan #airterjunlampung #waykalam  #eksplorewaykalam #lampungselatan #pesonalampungselatan #ekplorelampungselatan #lampung #eksplorelampung #pesonalampung #indonesia  #pesonaindonesia #holiday #waterfall",Attraction,,rainforest,forest path,creek,0.229474,0.122439,0.063105
https://www.instagram.com/p/CJn6QSHspzF/,69.jpg,1/4/2021 12:47,"""Teruslah berlari mencapai mimpi-mimpimu,sampai suara cemo'oh menjadi tepuk tangan yang abadi'

Potret by 📸@mhmd_ashari30 and @pirdaus.alisyahbana 

.
.
.
.
.
.
.
.

#sahabattrevelerlampung 
#alamlampung 
#kelampunggeh 
#wajahlampung 
#gelerylampung 
#kalianda_ig 
#potretlampung
#pesonalampungselatan 
#lampungdong 
#lampunghits 
#wisatalampung 
#lampungselatanamazing 
#wonderfulllampung 
#wonderfulllampungselatan",Attraction,,outdoor,water park,golf course,0.216284,0.199021,0.113559
https://www.instagram.com/p/CUEmLKnJRCk/,70.jpg,9/21/2021 5:23,".
Pesona Lampung yang begitu indah sekali.

📍Lokasi Pantai Minang Rua, Bakauheni Lampung
Taken by : @peri_one_

Salam Generasi Pesona Indonesia
Lapah Gham Jamo-Jamo Ngelestareiken Bumi Lampung

Visit www.genpilampung.com

 @jokowi @kemensetneg.ri 
@sandiuno @kemenparekraf.ri 
@dwita_ria @dpr_ri @ustadzabdulhakim @dpdri
@arinal_djunaidi @mbak_nunik 
@rianasariarinal @pkk_provinsi_lampung
@edarwan1962 @pariwisata_lampung
@vera_moz76 @ekraf.lampun @lyanda_melly
@heliana.dewi @perindaglampung
@ade_ui @wahrulfauzisilalahi @dprdlampung 
@dharmasetyawan.com_ @payungiuniversity
@infogeh @ayokelampung.com_ @lampung.media
@mbakjhe @genpiindonesia @wonderful.indonesiaku
@abdulrohmanwahidone @genpi_lampung
@alindabukhori @genpi_lampungselatan
@selampung @dinaspariwisata.lampungselatan

#genpi #genpilampung #genpilampung2021 #generasipesonaindonesia #pesonaindonesia #wonderfulindonesia #salamgenpigasgasgas #AyokeLampung #kelampungkeren #dilampungaja #diindonesiaaja #lampung #bandarlampung #kotametro #lampungbarat #lampungutara #lampungtimur #lampungtengah #lampungselatan #tanggamus #pringsewu #pesawaran #pesisirbarat #mesuji #waykanan #tulangbawang #tulangbawangbarat #love #pesonalampungselatan #genpilampungselatan",Attraction,,cliff,lagoon,coast,0.494374,0.122416,0.119159
https://www.instagram.com/p/CKlgFjrsXgl/,71.jpg,1/28/2021 10:51,"Terimakasih Atas Kunjunganya Bu kadis @dinaspariwisata.lampungselatan bunda @riniariasih ke tempat kami
.
mohon maaf tadi Mimin gx bisa ikut
.
🔸
🔸

📷 In frame

➖➖➖➖➖➖➖➖➖➖➖➖➖
Repost
•  akun @airterjun_waykalam
• Gunakan hastag #airterjunwaykalam
• Tag akun @airterjun_waykalam
. Cekin Lokasi cari Air Terjun Waykalam

#airterjun #airterjunwaykalam #airterjunlampungselatan #airterjunlampung #waykalam  #eksplorewaykalam #lampungselatan #pesonalampungselatan #ekaplorelampungselatan #lampung #eksplorelampung #pesonalampung #indonesia  #pesonaindonesia #holiday #waterfall",Attraction,,waterfall,rainforest,mountain,0.744026,0.085512,0.048933
https://www.instagram.com/p/CKqh906slfy/,72.jpg,1/30/2021 9:44,"🔸
🔸

📷 In frame

➖➖➖➖➖➖➖➖➖➖➖➖➖
Repost
•  akun @airterjun_waykalam
• Gunakan hastag #airterjunwaykalam
• Tag akun @airterjun_waykalam
. Cekin Lokasi cari Air Terjun Waykalam

#airterjun #airterjunwaykalam #airterjunlampungselatan #airterjunlampung #waykalam  #eksplorewaykalam #lampungselatan #pesonalampungselatan #ekaplorelampungselatan #lampung #eksplorelampung #pesonalampung #indonesia  #pesonaindonesia #holiday #waterfall",Attraction,,rainforest,waterfall,creek,0.391294,0.368932,0.063385
https://www.instagram.com/p/CT15wwLpSib/,73.jpg,9/15/2021 12:26,".
Pantai Minangrua Bakauheni Lampu Hidup saya nomaden, berpindah-pindah dari 1 tempat wisata ke wisata yang lain, wisata yang gratis tapi.(ihza_mahendra20)

📌 Minang Rua Cave, Lampung

Karya Sahabat @ihza_mahendra20

Salam Generasi Pesona Indonesia
Lapah Gham Jamo-Jamo Ngelestareiken Bumi Lampung

Visit www.genpilampung.com

@jokowi @kemensetneg.ri 
@sandiuno @kemenparekraf.ri 
@arinal_djunaidi @mbak_nunik 
@rianasariarinal @pkk_provinsi_lampung
@edarwan1962 @pariwisata_lampung
@vera_moz76 @ekraf.lampun @perindaglampung
@ade_ui @wahrulfauzisilalahi @dprdlampung 
@dharmasetyawan.com_ @payungiuniversity @alamlampung_
@infogeh @ayokelampung.com_ @lampung.media
@mbakjhe @genpiindonesia @wonderful.indonesiaku
@abdulrohmanwahidone @genpi_lampung
@selampung @dinaspariwisata.lampungselatan

#genpi #genpilampung #genpilampung2021 #generasipesonaindonesia #pesonaindonesia #wonderfulindonesia #salamgenpigasgasgas #AyokeLampung #kelampungkeren #dilampungaja #diindonesiaaja #lampung #bandarlampung #kotametro #lampungbarat #lampungutara #lampungtimur #lampungtengah #lampungselatan #tanggamus #pringsewu #pesawaran #pesisirbarat #mesuji #waykanan #tulangbawang #tulangbawangbarat #love #pesonalampung #pesonalampungselatan",Attraction,,ocean,coast,cliff,0.16801,0.121406,0.107912
https://www.instagram.com/p/CJq3sWDA8bY/,74.jpg,1/5/2021 16:22,"Cinta adalah kecantikan jiwa
🔸
🔸

📷 In frame @mararqqa_

➖➖➖➖➖➖➖➖➖➖➖➖➖
Repost
•  akun @pesonawaykalam
• Gunakan hastag #pesonawaykalam
• Tag akun @pesonawaykalam

#pesonawaykalam #airterjun #airterjunwaykalam #waykalam  #eksplorewaykalam #lampungselatan #pesonalampungselatan #ekaplorelampungselatan #lampung #eksplorelampung #pesonalampung #indonesia  #pesonaindonesia #holiday #waterfall",Attraction,,waterfall,creek,swimming hole,0.843398,0.050288,0.032494
https://www.instagram.com/p/CLrSdARF8GK/,75.jpg,2/24/2021 13:19,"The use of traveling is to regulate imagination with reality, and instead of thinking of how things may be, see them as they are -Samuel Jhonson
. 
. 

📷 In frame @sastika1688

➖➖➖➖➖➖➖➖➖➖➖➖➖
Repost
•  akun @pesonawaykalam
• Gunakan hastag #pesonawaykalam
• Tag akun @pesonawaykalam

#pesonawaykalam #airterjun #airterjunwaykalam #airterjunlampungselatan #airterjunlampung #waykalam  #eksplorewaykalam #lampungselatan #pesonalampungselatan #ekaplorelampungselatan #lampung #eksplorelampung #pesonalampung #indonesia  #pesonaindonesia #holiday #waterfall",Attraction,,waterfall,creek,mountain,0.897054,0.065467,0.009029
https://www.instagram.com/p/CJv9_WklcNs/,76.jpg,1/7/2021 15:54,"Golek cah Lanang Ojo seng wes mapan,sekali mapan malah babalas keturon🤣
.
.
.
.
#lampunghits 
#lampunggeh 
#bukitpematangsunrise 
#lampungviral 
#pesonalampungselatan",Attraction,,lagoon,coast,ocean,0.181457,0.123025,0.113001
https://www.instagram.com/p/CMQ9NiTFcJZ/,77.jpg,3/11/2021 4:24,"Memenuhi kebutuhan Vitamin Sea... Yang dah lama ga terpenuhi.
.
.
Main-main ke Pesisir Lampung Selatan... KALIANDA. Tujuan pertama, ke pantai yang masih relatif sepi ini Yap Pantai KEDU.  Disituasi pandemi gini agak gimana gitu kalau ketempat yang rame orang.. 😀😀
.
.
Tapi lumayan asyiklah kepantai ini walau kalau yang suka selfi-selfi dengan ornamen buatan masih belum banyak. Namun, bolehlah selfi dengan latar belakang pantai, laut dan kapal karam yang entah apa ceritanya. Kok bisa kapalnya karam gitu.
.
.
Tiket masuk kesini, satu orang Rp. 5.000. Kemarin dua orang dengan kendaraan dan parkir Rp. 30.000. Ya relatif murah buat menyenangkan mata dan hati.
.
.
#pantaikedukalianda 
#pantaikedu
#pesonalampungselatan
#pariwisatalampungselatan",Attraction,,beach,coast,wave,0.354637,0.194479,0.146527
https://www.instagram.com/p/COsDN-AF2Gy/,78.jpg,5/10/2021 9:59,"-
-
Jika engkau menginginkan sesuatu yang belum pernah kau rasakan dan yang belum kau punya........
Maka kau harus melakukan sesuatu yang belum pernah sama sekali engkau lakukan
*******************************************
Coba tebak air terjun mana ini???
📸@syah_herwan @andri.stwn2
.

.#Repost - @lucky.sputra 
.

📌 Desa Bakau heni ,kec Bakau heni 
Kab Lampung selatan, Lampung.

#wajahlampung
#informasilampung
#wonderfullampungselatan
#traveler2lampung
#jalanjalanlampung
#sahabattravellerlampung
#pesonalampungselatan
#kalianda.ig
#mata_lampungku
#pesonalampung
#potretlampung
#petualanglampung
#selampung
#wonderfullampungselatan
#wonderfullampung",Attraction,,waterfall,rainforest,fountain,0.938182,0.018522,0.008634
https://www.instagram.com/p/C84EyIExZY6/,79.jpg,7/1/2024 10:08,"Tidak perlu menjelaskan dirimu kepada siapa pun, karna yg menyukaimu tidak butuh itu dan yang membencimu tidak akan mempercai itu

Ali bin Abi Thalib
(Khalifah ke empat sekaligus sepupu Rasulullah SAW 599H - 699H) 

Note: jgn liat slide terakhir 😅

📷 @ang_yusuf_27
📍 #pesonalampungselatan
🌄 #senja #penikmatsenja
🏍 @gallerycbr150indonesia

#fypage #fypシ #fyp #fypviral #photo #lbb #lbbdelhi #lbbbangalore #fl #flowers #flstudio #iff #iffhs #iffym #ifl #ifl❤️ #ifl💛 #iflifliflifliflifliflifliflifliflifliflifliflifliflifliflifl #flflflflflflflflflflfl❤️ #flfl💛",Attraction,,beach,promenade,coast,0.100275,0.068919,0.052247
https://www.instagram.com/p/CcgwKS1Pv0s/,80.jpg,4/19/2022 0:01,"𝐖𝐈𝐒𝐀𝐓𝐀 𝐀𝐋𝐀𝐌 𝐆𝐔𝐍𝐔𝐍𝐆 𝐁𝐀𝐓𝐔 🍃 ______________________________ destinasi wisata unik berupa bongkahan batu-batu raksasa yang sangat intagramable sambil menikmati keindahan panorama alam yg segar , alami dan indah .. 

📍Berlokasi di Desa Srikaton, Tanjung Bintang - wisata Gunung Batu 
📷 by : @davidsetiyo_ @daisyphoto___ 

#tempatwisatalampung
#lampunggeh #lampungselatan #gunungbatu #desasrikaton #wisatagunungbatu #tanjungbintang #pesonalampungselatan #pikniklampung #jalanjalandilampung",Attraction,,mountain path,rainforest,forest path,0.307931,0.189548,0.110929
https://www.instagram.com/p/CUUzUDLJU_z/,81.jpg,9/27/2021 12:26,"😍😍

#grandeltykrakatoanirwanaresort #grandeltykrakatao #lampungselatanindonesia #explorelampung #lampunginstagram #pesonalampungselatan #lampungselatanexplore #lampunghitz_bangetzzz #lampungtraveler#lampungtravellers #lampungpunyacerita #wisatalampung",Amenities,,swimming hole,river,bridge,0.339988,0.099686,0.076156
https://www.instagram.com/p/CQA6edbM3qr/,82.jpg,6/12/2021 8:58,"Temui aku di sini 
..
..
..
..
..
..
..
..
@pantai_minangrua 
@dinaspariwisata.lampungselatan 
@Disparbud
..
..
..
..
..
..
..
..
#lampungselatanamazing #lampungselatan_explore 
#wonderfullampungselatan #wondelfullindonesia 
#Wonderfulllampung #PesonaLampungSelatan 
#pesonalampung #pesonaindonesia
#sahabat_traveler #kelampungaja_ #lampungku_lampungmu #kelampungyuk #kelampung_geh #yoexplore #informasilpg
#indonesiaku#indonesiahebat",Attraction,,beach,ocean,coast,0.390655,0.197791,0.193587
https://www.instagram.com/p/CUrqMenFru8/,83.jpg,10/6/2021 9:29,"Dear Me.
Sabar ya. Gak harus semua sekarang. It takes time to get better, menghargai sebuah proses adalah hal terbaik yang bisa kita lakukan
🌼
🏝
#pesonalampungselatan #lampung eksis#lampungbautyfull#lampungkeren
#pantaimarinakalianda🌴
#mantulombaknya 🌊🌊",Attraction,,cliff,coast,islet,0.302659,0.192406,0.163874
https://www.instagram.com/p/CTd7bAel2kq/,84.jpg,9/6/2021 4:59,"Trimaksi untuk kakak kakak Lampung tengah,sudah liburan ke pulau kelagian besar lampung!🤍
•
•
•
•
🌎 Pulau kelagian besar Pesawaran Lampung.
___________________________________________________

#lampungindonesia #pesonalampungselatan #satusaudara #kelagianbesarisland #kelagianbesar",Attraction,,beach,boat deck,sandbox,0.108513,0.101819,0.07877
https://www.instagram.com/p/CVPF8TiPjui/,85.jpg,10/20/2021 3:45,"Sudah pada ngopi belum... 
 ~Utamakan kopi jangan CINTA. 
Karena otak butuh inspirasi, bukan air mata""
•
•
📍desa tanjung sari natar, lampung selatan
~
~
#lampunghits 
#wisatalampung 
#wisatalampungselatan 
#kecelampung
#pesonalampung 
#pesonalampungselatan
#ayokelampung 
#lampunggeh 
#pesonaalam
#piknik 
#pikniklampung
#pikniklampungkuy 
#gayapopuler 
#gayapria 
#jelajahlampung 
#jelajahlampungyuk
#pendakilampung
#potokekinian 
#lampungkeren 
#lampungkeceh 
#lampungindah",Amenities,,picnic area,staircase,amphitheater,0.163148,0.109827,0.091313
https://www.instagram.com/p/CRSszi8nIKZ/,86.jpg,7/14/2021 3:17,"📍 Pantai ketapang, pesawaran lampung selatan
.
.
.
#lampung #lampungselatan #kalianda #kaliandalampungselatan #traveling #travelingindonesia #wisatalampung #wisatalampungselatan #wisata #keindahanlampung #potret #potretlampung #pesonalampung #pesonalampungselatan #bandarlampung #pesawaran #pesawaranlampung #talangpadang #keindahanlampung",Attraction,,rainforest,rope bridge,botanical garden,0.140635,0.097973,0.088392
https://www.instagram.com/p/CO6nAhFl_gC/,87.jpg,5/16/2021 1:41,"""Jangan risaukan apa yang tidak kita miliki, tapi risaukan hati saat tak bersungguh-sungguh mensyukuri setiap pemberian-Nya""

Pesisir Pantai Kalianda, Lampung Selatan

#lampungku #lampungwisata #lampungyay #lampungyay #lampunggeh #lampung #lampunggham #lampungme #lampunginsta #lampunghits #lampungwawai #lampungwalk #lampung_geh #lampunghelau #lampungtourism #ayodolan #pesonalampungselatan #pesisirkalianda #infokyai #infokyailampung #santriindonesia #pesonalampung #wisatalampung #masjidlampung #exploremasjidlampung #ilovelampung #pantaikalianda #ayokelampung #inilampungyay #inilampung #explorelampung",Attraction,,indoor,interior,beach house,0.486539,0.283394,0.035941
https://www.instagram.com/p/CJq1QuUASCB/,88.jpg,1/5/2021 16:01,"Kamu adalah salah satu yang menjadi alasan untuk ku tersenyum. Iyaa kamuu... 
🔸
🔸

📷 In frame @ardi_ar04

➖➖➖➖➖➖➖➖➖➖➖➖➖
Repost
•  Akun @pesonawaykalam
•  Hastag #pesonawaykalam
• Tag akun @pesonawaykalam

#pesonawaykalam #airterjun #airterjunwaykalam #waykalam  #eksplorewaykalam #lampungselatan #pesonalampungselatan #ekaplorelampungselatan #lampung #eksplorelampung #pesonalampung #indonesia  #pesonaindonesia #holiday #waterfall",Attraction,,raft,water park,swimming hole,0.223939,0.17589,0.108769
https://www.instagram.com/p/CLZM5zflB5c/,89.jpg,2/17/2021 12:44,"Even when you're unfair, nature still provides what you need in life

🔸

📷 In frame @rajesh_ow

➖➖➖➖➖➖➖➖➖➖➖➖➖
Repost
•  akun @pesonawaykalam
• Gunakan hastag #pesonawaykalam
• Tag akun @pesonawaykalam

#pesonawaykalam #airterjun #airterjunwaykalam #airterjunlampungselatan #airterjunlampung #waykalam  #eksplorewaykalam #lampungselatan #pesonalampungselatan #ekaplorelampungselatan #lampung #eksplorelampung #pesonalampung #indonesia  #pesonaindonesia #holiday #waterfall",Attraction,,waterfall,creek,mountain,0.705122,0.122922,0.044628
https://www.instagram.com/p/CNXXKFDlAZN/,90.jpg,4/7/2021 12:38,"Woi piknik gak? Piknik lah, masa egk!

#piknik #piknikpantai #pikniklampung #motovloglampung #motovlogindonesia🇮🇩 #pantaikeduwarna #pantailampung #pesonaindonesia #pesonalampungselatan #lampunghitz #lampunghits",Attraction,,volcano,mountain,landfill,0.292685,0.1558,0.115383
https://www.instagram.com/p/CO4cKUAFQtD/,91.jpg,5/15/2021 5:28,"Holiday Eceknya😁

#fl#love#pantaiindahkapuk#pantaiterbaya#pesonaindonesia#pesonalampung#pesonaalam#pesonalampungselatan#flfl💛",Attraction,,playground,river,bridge,0.086267,0.074,0.048241
https://www.instagram.com/p/CKqgg4Vs0G9/,92.jpg,1/30/2021 9:31,"Sungguh indah ciptaan Tuhan, air mengalir kebawah itulah sungai ,😀
🔸
🔸
📷 In frame : admin

➖➖➖➖➖➖➖➖➖➖➖➖➖
Repost
•  akun @airterjun_waykalam
• Gunakan hastag #airterjunwaykalam
• Tag akun @airterjun_waykalam
. Cekin Lokasi cari Air Terjun Waykalam

#airterjun #airterjunwaykalam #airterjunlampungselatan #airterjunlampung #waykalam  #eksplorewaykalam #lampungselatan #pesonalampungselatan #ekaplorelampungselatan #lampung #eksplorelampung #pesonalampung #indonesia  #pesonaindonesia #holiday #waterfall",Attraction,,waterfall,rainforest,creek,0.755036,0.115127,0.037744
https://www.instagram.com/p/CKA1ERFMtRC/,93.jpg,1/14/2021 5:03,"Lomba jukung
....
....
....
....
....
....
....
....
....
#perahu 
#perahudayung #perahutradisional #perahunelayan #nelayan #nelayanindonesia #nelayanlampung  #informasilampung #lampunggeh#lampungsai #wisatalampung#explore #exploreindonesia #Explorelampungselatan #Explorelampung #lampungselatanamazing #pesonalampung #pesonalampungselatan #pesonaindonesiaofficial #indonesiaku #indonesiahebat🇮🇩 #pokdarwisminangruabahari #PokdarwisLampungSelatan #PokdarwisLampung #pokdarwisindonesia#traveler #travelerindonesia #travelerlampung",Attraction,,lagoon,beach,raft,0.374418,0.224787,0.06144
https://www.instagram.com/p/CJz73Zdg66G/,94.jpg,1/9/2021 4:52,"Jika kau bosan carilah suasana yang tidak biasa, dan jika kau lelah maka istirahatlah. 
🔸
🔸

📷 In frame @ahmad_syaifudin__

➖➖➖➖➖➖➖➖➖➖➖➖➖
Repost
•  akun @pesonawaykalam
• Gunakan hastag #pesonawaykalam
• Tag akun @pesonawaykalam

#pesonawaykalam #airterjun #airterjunwaykalam #waykalam  #eksplorewaykalam #lampungselatan #pesonalampungselatan #ekaplorelampungselatan #lampung #eksplorelampung #pesonalampung #indonesia  #pesonaindonesia #holiday #waterfall",Attraction,,waterfall,rainforest,mountain,0.579501,0.167621,0.085485
https://www.instagram.com/p/CNMF_3nMdtK/,95.jpg,4/3/2021 3:36,"Lakuin dulu masalah berhasil apa gak yah itu belakangan kawan.
_____________________
_____________________
_____________________

#Repost @asepantoni1504_
• • • • • •
☑️Loc: Wisata Pantai Minang Rua
____________________________________________
🖼️ Ingin foto/vidiomu di repost 🔄

☑️Follow & tag foto/ vidio mu ke @lampungselatanexplore

☑️ Cantumkan lokasi nya 🖼️
☑️ spam like ❤️
☑️ hastag #lampungselatanexplore

🔺 Note : akun jangan di privat ❌ 
_______________________________________
____

☑️Follow halaman Facebook : lampung selatan Explore

☑️ Subscribe youtube channel :
Link in bio 👉👉

☑️ Mau trip keliling lampung selatan Silahkan dm me 📥
#lampungselatanexplore #wonderfulindonesia #wonderfullampungselatan #wonderfullampung #pesonaindonesiaofficial #pesonaindonesia #pesonalampungselatan #pesonalampung #lampungselatanamazing #amazinglampung #lampung #lampungeksplore  #lampungeksis #lampunggeh #kelampungyuk #lampungdong #lampungku #lampunghits #lampungtripyay #kelampungaja #lampungasik #pikniklampung #wisatakunusantara #mata_lampungku #wisataterbaiklampung #alamlampung #pantaiminangrua",Attraction,,lagoon,beach,coast,0.290344,0.153584,0.131118
https://www.instagram.com/p/Ciq4fr8P0ZS/,96.jpg,9/19/2022 1:34,rindu kampung halaman #lampung#pesonalampungselatan,Attraction,,arch,highway,bridge,0.486477,0.177179,0.133951
https://www.instagram.com/p/CKiEpvrMTGh/,97.jpg,1/27/2021 2:54,"🔸
🔸

📷 In frame : @aaryapratama

➖➖➖➖➖➖➖➖➖➖➖➖➖
Repost
•  akun @airterjun_waykalam
• Gunakan hastag #airterjunwaykalam
• Tag akun @airterjun_waykalam
. Cekin Lokasi cari Air Terjun Waykalam

#airterjun #airterjunwaykalam #airterjunlampungselatan #airterjunlampung #waykalam  #eksplorewaykalam #lampungselatan #pesonalampungselatan #ekaplorelampungselatan #lampung #eksplorelampung #pesonalampung #indonesia  #pesonaindonesia #holiday #waterfall",Attraction,,waterfall,mountain,creek,0.552696,0.135917,0.097418
https://www.instagram.com/p/CPQgdOcBom0/,98.jpg,5/24/2021 13:47,#lampunghits #lampungselatan #lampunggeh #wisatalampung #pesonalampungselatan #matalampungku,Attraction,,lagoon,islet,beach,0.306828,0.235269,0.091234
https://www.instagram.com/p/DNcNXdqv3EJ/,99.jpg,8/17/2025 3:18,Upacara HUT Ri ke 80 th di Bakauheni Harbour city Ampliteater Bakauheni Upacara Bupati Lampung Selatan  @radityoegi  dan seluruh Pegawai dan masyarakat setempat 17 Agustus 2025 #pemkablampungselatan #pesonalampungselatan #hutke80ri #wisatalampungselatan #radityoegi #sayfulanwar #kawasanmenarasiger #lampungselatanmaju #bismillahbisa,Attraction,Siger,plaza,palace,asia,0.202229,0.148208,0.141215
https://www.instagram.com/p/CNg9TVUJeDC/,100.jpg,4/11/2021 6:04,"Pantai Kedu, Kalianda, Lampung Selatan.
.
.
.
#pesonakalianda #pesonalampungselatan #lampungexplore #lampungexplore #lampunggeh #lampunghits #lampungselatan",Attraction,Sunset,ocean,coast,sky,0.355854,0.191105,0.152453
https://www.instagram.com/p/CNb0kn-lgQT/,101.jpg,4/9/2021 6:12,Tuhan ciptakan dunia bukan hanya untuk manusia tetapi untuk semua makhluk hidup seperti lautan ini #exploreindonesia #explorelampung #explorelampungselatan #explorekalinda #pesonaindonesia #pesonalampung #pesonalampungselatan #lampunghits #lampung,Attraction,,islet,lagoon,coast,0.242484,0.178997,0.109843
https://www.instagram.com/p/Cd3ln7XhBPj/,102.jpg,5/22/2022 17:22,"Di belakang sya ada permainan baru lohh( sea Walker) astronot bawah laut !!! bisa hubungi via wa/tlfn:083122507957
.
.
.

 #pulaupahwang
#pahawanglampung
#pesonalampungselatan #mainairyuk #wisataalamindonesia #pahawangmurah #tripmurahpahawang #wisatabawahlaut#olahargalaut#palembanghitz#pantaipahawang",Amenities,Wahana SeaWalker,art studio,boat deck,indoor,0.119579,0.106853,0.050022
https://www.instagram.com/p/CKbep6eFlXe/,103.jpg,1/24/2021 13:26,"Semakin sulit jalan menuju ke suatu tempat sesungguhnya ada suatu kepuasan saat titik akhir perjalanan itu tercapai 
🔸
🔸

📷 In frame @latifsntna

➖➖➖➖➖➖➖➖➖➖➖➖➖
Repost
•  akun @pesonawaykalam
• Gunakan hastag #pesonawaykalam
• Tag akun @pesonawaykalam

#pesonawaykalam #airterjun #airterjunwaykalam #airterjunlampungselatan #airterjunlampung #waykalam  #eksplorewaykalam #lampungselatan #pesonalampungselatan #ekaplorelampungselatan #lampung #eksplorelampung #pesonalampung #indonesia  #pesonaindonesia #holiday #waterfall",Attraction,,swimming hole,waterfall,river,0.291038,0.281225,0.125313
https://www.instagram.com/p/CRSscRQnC0c/,104.jpg,7/14/2021 3:13,"📍 Pantai alau-alau, kalianda lampung selatan
.
.
.
#lampung #lampungselatan #kalianda #kaliandalampungselatan #traveling #travelingindonesia #wisatalampung #wisatalampungselatan #wisata #keindahanlampung #potret #potretlampung #pesonalampung #pesonalampungselatan",Attraction,,beach,lagoon,coast,0.630815,0.212895,0.062662
https://www.instagram.com/p/CJprR0Mgo2w/,105.jpg,1/5/2021 5:15,"Besar pasak daripada tiang
Besarkan perut daripada mulut
. 
. 
Sukses tidak datang dari tempat yang nyaman
🔸
🔸

📷 In frame @jejaksi_ohm

➖➖➖➖➖➖➖➖➖➖➖➖➖
Repost
•  Akun @pesonawaykalam
•  Hastag #pesonawaykalam
• Tag akun @pesonawaykalam

#pesonawaykalam #airterjun #airterjunwaykalam #waykalam  #eksplorewaykalam #lampungselatan #pesonalampungselatan #ekaplorelampungselatan #lampung #eksplorelampung #pesonalampung #indonesia  #pesonaindonesia #holiday #waterfall",Attraction,,waterfall,swimming hole,canyon,0.536991,0.103569,0.099669
https://www.instagram.com/p/CJq5Xt5AVeH/,106.jpg,1/5/2021 16:37,"Mari jaga alam agar keindahanya dapat kita nikmati bersama
🔸
🔸

📷 In frame @ekamaulanaiqbal_18

➖➖➖➖➖➖➖➖➖➖➖➖➖
Repost
•  akun @pesonawaykalam
• Gunakan hastag #pesonawaykalam
• Tag akun @pesonawaykalam

#pesonawaykalam #airterjun #airterjunwaykalam #waykalam  #eksplorewaykalam #lampungselatan #pesonalampungselatan #ekaplorelampungselatan #lampung #eksplorelampung #pesonalampung #indonesia  #pesonaindonesia #holiday #waterfall",Attraction,,rainforest,waterfall,mountain,0.439388,0.399698,0.042695
https://www.instagram.com/p/CJuT4i9ggB-/,107.jpg,1/7/2021 0:26,"Melelahkan dan tidak mudah 
🔸
🔸

📷 In frame @desma.kartiko

➖➖➖➖➖➖➖➖➖➖➖➖➖
Repost
•  akun @pesonawaykalam
• Gunakan hastag #pesonawaykalam
• Tag akun @pesonawaykalam

#pesonawaykalam #airterjun #airterjunwaykalam #waykalam  #eksplorewaykalam #lampungselatan #pesonalampungselatan #ekaplorelampungselatan #lampung #eksplorelampung #pesonalampung #indonesia  #pesonaindonesia #holiday #waterfall",Attraction,,waterfall,rainforest,mountain,0.429448,0.171438,0.149628
https://www.instagram.com/p/CQCLVAyt9NY/,108.jpg,6/12/2021 20:45,"Hidup adalah 10% apa yang kamu Fikirkan, 90% apa yang kamu lakukan.

Foto ini merupakan jepretan yang tidak disengaja, karna ketika bersiap untuk berfoto tiba-tiba ombak Besar datang, Spontanitas jadi kaget dan langsung Loncat.. he..he..

Repost @muhamad_herdiawan
• • • • • •

Pantai Batu Rame Kalianda, Lampung Selatan.

#explorwisatalampung
#rajabasa #rajabasalampung #rajabasamountain #gunungrajabasa #kalianda #kaliandaresort #kaliandalampungselatan #kaliandaig #pesonakalianda #pesonalampungselatan #pesonalampung #pesonaindonesia #infokyai #infokyailampung #infokyainusantara #lampungyay #lampungme #lampung #lampunghits #lampunggeh #lampunginsta #lampungwalk #lampunggham #lampungpedia #lampungweh #lampungkeren #ilovelampung #lampungtrip",Attraction,,cliff,ocean,coast,0.189407,0.12448,0.12191
https://www.instagram.com/p/CKJosp8Bzv1/,109.jpg,1/17/2021 15:08,"Tidak ada yang abadi baik bahagia maupun luka.

Suatu saat kita akan tiba di titik menertawakan rasa yang dulu sakit atau menangisi rasa yang dulu indah .

@gvr.travellinglampung@lampung_milenial
@explorelampung @wisata_lampunghits @kelilinglampung_ @traveller_lampung @tempat_wisata_lampung @gvr.travellinglampung @wisata_lampunghits @wisata_lampungme @explorewisatalampung @wisatabandarlampung @wisatalampungku @wisata_lampung.id @wisatalampung_repost @wisatalampungselatan @pantai.sebalang.hits @sebalangyay @sebalanglampung @sebalangbeach
#quetescinta #quetesbaper #sebalang #sebalangbeach #sebalangbeachlampung #sebalangyay #sebalangkuy #sebalanglampung #sebalang#pantailampungselatan #pantaisebalang #pantaisebalanglampung #pantaisebalangtarahan #pantaisebalangtarahan_lampung #wisatalampungku #wisatabandarlampung #wisatalampung #pesonalampung #pesonalampungselatan #pesonalampungkita #pikniklampung #pikniklampungkuy #lampungselatanhits #lampungmoment #lampungpunyacerita #lampungyay #potretmileniallampung #lampunghitz #lampungkerenyay #lampungme",Attraction,,amusement park,outdoor,orchestra pit,0.192302,0.125006,0.082681
https://www.instagram.com/p/CJq4agYAfc0/,110.jpg,1/5/2021 16:29,"Selagi kamu tak ada perasaan halus saa melihat alam, jiwamu tak hidup
🔸
🔸

📷 In frame @karmila_0512

➖➖➖➖➖➖➖➖➖➖➖➖➖
Repost
•  akun @pesonawaykalam
• Gunakan hastag #pesonawaykalam
• Tag akun @pesonawaykalam

#pesonawaykalam #airterjun #airterjunwaykalam #waykalam  #eksplorewaykalam #lampungselatan #pesonalampungselatan #ekaplorelampungselatan #lampung #eksplorelampung #pesonalampung #indonesia  #pesonaindonesia #holiday #waterfall",Attraction,,waterfall,rainforest,canyon,0.910799,0.019592,0.014242
https://www.instagram.com/p/CLjQl5zM4X-/,111.jpg,2/21/2021 10:29,"Santai sejenak gaesss
.
.
.
.
.
.
.
.
#pantaijandong 
#pesisirrajabasa 
#wisatalampungselatan #lampungselatanamazing 
#lampungselatan_explore #lampungselatanexis 
#PokdarwisLampungSelatan #PokdarwisMinangruaBahari 
#pokdarwisindonesia #Dinaspariwisatalampungselatan 
#wisatalampungsai #PesonaLampungSelatan 
#pesonapantaiindonesia #pesonapantailampung 
#pesonaindonesia #anakpantai",Amenities,Santai di fasilitas istirahat,boat deck,sandbox,interior,0.286018,0.274246,0.198246
https://www.instagram.com/p/CKkaAAeMc3z/,112.jpg,1/28/2021 0:39,"SELAMAT PAGI 
🔸
🔸

📷 In frame @melanyfikran

➖➖➖➖➖➖➖➖➖➖➖➖➖
Repost
•  akun @airterjun_waykalam
• Gunakan hastag #airterjunwaykalam
• Tag akun @airterjun_waykalam
. Cekin Lokasi cari Air Terjun Waykalam

#airterjun #airterjunwaykalam #airterjunlampungselatan #airterjunlampung #waykalam  #eksplorewaykalam #lampungselatan #pesonalampungselatan #ekaplorelampungselatan #lampung #eksplorelampung #pesonalampung #indonesia  #pesonaindonesia #holiday #waterfall",Attraction,,rainforest,waterfall,botanical garden,0.753058,0.097702,0.027329
https://www.instagram.com/p/CLdsLo4AjxA/,113.jpg,2/19/2021 6:34,"Loc. Air Terjun Anakan di Desa Way Kalam, Kalianda, Lampung Selatan
#instalampung  #pesonalampungselatan  #explorelampung  #explorelampungselatan",Attraction,,waterfall,creek,rainforest,0.815525,0.059193,0.024718
https://www.instagram.com/p/CJpsEuugu4F/,114.jpg,1/5/2021 5:22,"Tenang belum tentu tidak menghanyutkan
🔸
🔸

📷 In frame @desma.kartiko

➖➖➖➖➖➖➖➖➖➖➖➖➖
Repost
•  Akun @pesonawaykalam
•  Hastag #pesonawaykalam
• Tag akun @pesonawaykalam

#pesonawaykalam #airterjun #airterjunwaykalam #waykalam  #eksplorewaykalam #lampungselatan #pesonalampungselatan #ekaplorelampungselatan #lampung #eksplorelampung #pesonalampung #indonesia  #pesonaindonesia #holiday #waterfall",Attraction,,waterfall,rainforest,mountain,0.496557,0.345221,0.037884
https://www.instagram.com/p/CdfuMv8vtF_/,115.jpg,5/13/2022 10:56,"Berhenti merasa Anda begitu kecil. Anda adalah alam semesta yang bergembira. 
. 
. 
. 
#lfl #explorelampung #explorelampungselatan #airterjunwaykalam #pesonalampungselatan #explorekalianda",Attraction,,waterfall,rainforest,mountain,0.639349,0.132067,0.102099
https://www.instagram.com/p/CL4Xpn7LRep/,116.jpg,3/1/2021 15:14,"Maret kembali datang, 

Semoga yang tergenggam tak pernah hilang, 

Yang sedang diusahakan kunjung datang, 

Dan yang terlanjur hilang, tenggelam tanpa menyisakan bayang-bayang 🍂
______________________________________________________________
#pesonalampung 
#pesonalampungselatan 
#pantailampung 
#pantailampungselatan 
#temanjalan 
#hobbyjalan 
#sukapantainusantara 
#sukagunung 
#sukakamu
#langkahmungilleks",Attraction,,landfill,coast,ocean,0.266188,0.188771,0.131083
https://www.instagram.com/p/CRrAWpchuZp/,117.jpg,7/23/2021 13:49,"Sadar Sabar Syukur
.
.
.
#waytebingceppa  #kalianda  #wisatalamsel #wisataindonesia #wisatalampung",Attraction,,rope bridge,swimming hole,waterfall,0.571273,0.115598,0.046084
https://www.instagram.com/p/CTi4kosJkss/,118.jpg,9/8/2021 3:10,"Yang ngingetin makan akan kalah sama yang ngasih makan...
.
.
.
.
.
.
#kelampungaja #pikniklampung #wisatalampung #lampung #lampungexplore #lampunggeh #lampungkeren #lampunghits #ilovelampung #kelilinglampung #lampungeksis #berandalampung #wajahlampung #wisatapringsewu #wisatalamsel #wisatakrui #wisatabdl #wisatametro #wisatakalianda #wisatakotabumi #wisatalambar #wisatatanggamus #pesawaran #ifl #ifl💛 #lfl💛 #lfl",Attraction,,beach,ocean,coast,0.357227,0.322995,0.148412
https://www.instagram.com/p/CfRHnq8rFDx/,119.jpg,6/26/2022 11:52,"Ingat selalu kebaikan orang lain terhadap kita, 
Lupakan kebaikan kita terhadap orang lain.

Explore wisata Lampung

#keduwarna
#wisatalamsel 
#wisatalampung 
#wisatamurah 
#wisataramah 
#piknik 
#liburan",Attraction,,promenade,coast,beach,0.628515,0.11149,0.099933
https://www.instagram.com/p/CRrMxTah5iT/,120.jpg,7/23/2021 15:38,"Arti filosofi air dalam kehidupan: 

1. Selalu mengalir ke tempat – tempat yang lebih rendah, ini mengajarkan kita untuk selalu rendah hati.

2. Air bersifat lembut tetapi juga bisa menjadi kuat bila dibutuhkan, ini mengajarkan kita keseimbangan.

3. Tetesan air dapat melubangi kerasnya batu karang, ini mengajarkan kita tentang kegigihan dalam kehidupan.

4. Air selalu mengisi ruang – ruang yang kosong ini mengajarkan kita untuk selalu saling tolong menolong dan selalu berbagi dalam kehidupan sehari – hari kita.

Sumber: Pandawa FM

#waytebingceppa #wisatalamsel #wisatalampung #wisataindonesia #filosofiair #inspirasi #motivasi",Attraction,,swimming hole,pond,hot spring,0.646653,0.132278,0.048554
https://www.instagram.com/p/CXQIIClPvwm/,121.jpg,12/9/2021 6:26,"Menghealing sejenak menikmati keindahan alam Lampung 😍
.
Karya Hebat @biaqiashiramya
.
Tayang bareng keluarga @lensanuswantara
.
#lensanuswantara
#ln_20211127
#ln_biaqiashiramya
.
Kembangkan Nusantara Bersama Lensanuswantara
.
📍 Kalianda Lampung Selatan
.
========================================
Jangan lupa tag postinganmu dan bagikan keaslian Lampung yang keren banget bersama Aseli Lampung 😉. Tag @aselilampung, tambahkan hastag #aselilampung dan #aselijaklampung 👍👍👍
========================================
#lampung #lampungselatan #kalianda #pantai #laut #drone #natgeo #aselilampung #wisatalampung #pesonalamsel #wisatalamsel #aselijaklampung #explorelampung #lampungadventure #lampungkece #lampunghelau #lamsel #pantaiindonesia #lautindonesia #internationaldestination",Attraction,,cliff,coast,lagoon,0.474378,0.255068,0.078948
https://www.instagram.com/p/CQaId8jgQts/,122.jpg,6/22/2021 4:02,"Dulu ke kedu sinar laut sekarang ke pantai kedu warna dong . 😂
Sebenernya mau flashback tapi gak deh.. 🤭 
#explorkalianda 
#kaliandaig 
#keduwarna 
#lampunghits 
#lamsel 
#kaliandahits 
#lampunginsta 
#wajahlampung 
#potretlampung
#sahabatpiknik 
#wisatalamsel 
#wisatalampung 
#jelajahwisatalampung",Attraction,,bridge,water park,outdoor,0.212556,0.14228,0.118566
https://www.instagram.com/p/Cc7x1JTJ7Wu/,123.jpg,4/29/2022 11:55,"Alone desa lubuk bais way Galih Lampung Selatan 

#gowesjelajahalam #gowesblusukankampung #pacificbikeofficial #cylingphoto #visitbogor #sepedamtbbogor #bogormtb #gowesphotophoto #crashmtbe #sepedagunungbogor #stravacyclingphotos
#kelampungaja #pikniklampung #wisatalampung #lampung #lampungexplore #lampunggeh #lampungkeren #lampunghits #ilovelampung #kelilinglampung #lampungeksis #berandalampung #wajahlampung #wisatapringsewu #wisatalamsel #wisatakrui #wisatabdl #wisatametro #wisatakalianda",Attraction,,rope bridge,boardwalk,bridge,0.996852,0.001644,0.000737
https://www.instagram.com/p/Cxzefg0vpOQ/,124.jpg,9/30/2023 5:31,"[ Yuk Agendakan Traveling Terbaik Anda Bersama Kami Restu Bumi Adventure ]
.
👋🏻 Haii haiii sobat RBA, cerita terbaik adalah kehidupan yang berwarna warni. Kehidupan dengan dipenuhi oleh warna warni akan membuat hidup semakin lebih berarti. 

🙌🏻 Rencanakan kegiatan wisata terbaikmu bersama kami yah @restubumiadventure, segera reservasi dan jadwalkan kegiatannya.
_______________________
🏝️ RBA - TOUR PACKAGES 
▪️Wisata Alam
▪️Wisata Desa
▪️Minat Khusus
▪️Outbound Training
▪️Family & Corporate Gathering
.
----More information-----
• Kontak : 
> 081271046209 (Admin 1) 
> 081272477622 (Admin 2)
• Instagram : @restubumiadventure 
• Facebook : Restu Bumi Adventure 
• Tik Tok : @restubumiadventure64
• Youtube : Restu Bumi Adventure 
• Website : www.restutour.co.id
• Email : restubumiadventure64@gmail.com
.
#restubumiadventure #restubumi #adventure #pariwisata #paketwisatalampung #paketwisatamurah #paketberwisata #triplampung #biroperjalananwisata #travelling #bpwlampung #lampung #jalanjalan #berpergian #healing #traveling #berwisatadilampung #bandarlampung #lampunggeh #pantaimarina #marinabeach #pantaikalianda #wisatalamsel #pantailamsel #pariwisatalampungselatan #pariwisatalamsel",Ancillary,Kelompok Wisata,performance,indoor,outdoor,0.321114,0.164794,0.137382
https://www.instagram.com/p/C7QJttXPAQS/,125.jpg,5/22/2024 1:30,"Bismillah 

Maa Syaa Allah Tabarakallah 
Allahumma baarik 

Pantai Rio by the Beach🏝️🌅🌴🌴🌴
Lampung Selatan 

Bersama adikku 

#visitlampung#visitlampungselatan#pantairiobythebeach#liburan#liburankeluarga #pesonapantai#pesonaindonesia#piknik#refreshing#holiday#santai#pantairio#indonesia#pantaibersih#pantaiindah#pasirluas#riomotret#riobythebeach",Attraction,,campsite,picnic area,sandbox,0.321258,0.177902,0.099514
https://www.instagram.com/p/CsJZSDYyFu6/,126.jpg,5/12/2023 14:40,"@masjidbsi_bakauheni 
#visitlampung #visitlampungselatan",Amenities,Bank Syaria Indonesia Bakauheni,pavilion,outdoor,arch,0.132649,0.085884,0.084163
https://www.instagram.com/p/CaxC8ZKvVfi/,127.jpg,3/6/2022 14:50,"Menunggu yang akan berlalu.
Menanti yang akan pergi
Walaupun cuma sesaat ku nikmati .
Esok pagi akan menyapa kembali  dgn penuh berseri
#lampung
#visitlampungselatan
@explorewisatalampung
@pulaumengkudu
@wisatalampungselatan",Attraction,,islet,coast,lagoon,0.656212,0.06408,0.047603
https://www.instagram.com/p/CaPiZF2h-Tb/,128.jpg,2/21/2022 14:30,"#sunset
.
Pantai Kedu merupakan salah satu jenis pantai berpasir putih yang halus dan salah satu pantai yang biasa dijelajahi.
Pantai Kedu populer karena keunikannya yang menghadap ke arah barat. Hal ini menjadikan posisi pantai yang satu ini sangat cocok untuk melihat sunset. Tidak hanya itu, pantai ini dihiasi oleh gugusan Pulau Krakatau dan tampak elok pemandangan gunung Rajabasa yang memang seolah-olah menampakan dirinya di atas air laut
.
.
.
.
.
.
.
.
.
.
.
.
.
.
.
.
.
.
#motivasiilmu #katabijak #TravelerDadakan #indonesia #lampung #lampungselatan #laut #pantai #pantaikedu #kalianda #awan #sunset #repost #repostindonesian #pesonaindonesia #jelajahindonesia #jelajahlampungselatan #jelajahsumatera #jelajahlampung #visitindonesia #visitlamsel #visitlampung #visitlampungselatan #trip #indonesia #likeforlikes #like4likes #likeforfollow #jalanjalan #travelling",Attraction,Sunset,sky,lighthouse,pier,0.285538,0.052322,0.031228
https://www.instagram.com/p/CZysb4MvgmS/,129.jpg,2/10/2022 9:40,"#sunset
.
Sunset mengajarkan kita bahwa hidup tak selalu cemerlang dan bersinar
.
.
.
.
.
.
.
.
.
.
.
.
.
.
.
.
.
.
#motivasiilmu #katabijak #TravelerDadakan #indonesia #lampung #lampungselatan #laut #pantai #pantaikedu #kalianda #awan #sunset #repost #repostindonesian #pesonaindonesia #jelajahindonesia #jelajahlampungselatan #jelajahsumatera #jelajahlampung #visitindonesia #visitlamsel #visitlampung #visitlampungselatan #trip #indonesia #likeforlikes #like4likes #likeforfollow #jalanjalan #travelling",Attraction,Sunset,sky,ocean,beach,0.268542,0.218516,0.122641
https://www.instagram.com/p/CZqyHhvhba6/,130.jpg,2/7/2022 7:56,"#sunset
.
Berbicara dan berlakulah dengan baik kepada orang yang menjahati Anda. Mereka boleh jahat, tapi Anda tetap baik
.
.
.
.
.
.
.
.
.
.
.
.
.
.
.
.
.
.
.
#motivasiilmu #katabijak #TravelerDadakan #indonesia #lampung #lampungselatan #laut #pantai #pantaikedu #kalianda #awan #sunset #repost #repostindonesian #pesonaindonesia #jelajahindonesia #jelajahlampungselatan #jelajahsumatera #jelajahlampung #visitindonesia #visitlamsel #visitlampung #visitlampungselatan #trip #indonesia #likeforlikes #like4likes #likeforfollow #jalanjalan #travelling",Attraction,Sunset,art gallery,ice shelf,volcano,0.143753,0.109236,0.08712
https://www.instagram.com/p/CZjhBDKPc8k/,131.jpg,2/4/2022 12:12,"#sunset
.
Terkadang kamu tersenyum, bukan karena ada hal yang menyenangkan hatimu, tapi karena kamu tahu bersedih takkan selesaikan masalah
.
.
.
.
.
.
.
.
.
.
.
.
.
.
.
.
.
.
.
#motivasiilmu #katabijak #TravelerDadakan #indonesia #lampung #lampungselatan #laut #pantai #pantaikedu #kalianda #awan #sunset #repost #repostindonesian #pesonaindonesia #jelajahindonesia #jelajahlampungselatan #jelajahsumatera #jelajahlampung #visitindonesia #visitlamsel #visitlampung #visitlampungselatan #trip #indonesia #likeforlikes #like4likes #likeforfollow #jalanjalan #travelling",Attraction,Sunset,art gallery,ice shelf,hot spring,0.166507,0.095207,0.065922
https://www.instagram.com/p/CZg3whphycN/,132.jpg,2/3/2022 11:33,"#sunset
.
Sirik, tanda tak mampu. Disiriki adalah tanda Anda lebih bahagia darinya. Bersyukurlah, dan doakan kebaikan baginya
.
.
.
.
.
.
.
.
.
.
.
.
.
.
.
.
.
.
.
#motivasiilmu #katabijak #TravelerDadakan #indonesia #lampung #lampungselatan #laut #pantai #pantaikedu #kalianda #awan #sunset #repost #repostindonesian #pesonaindonesia #jelajahindonesia #jelajahlampungselatan #jelajahsumatera #jelajahlampung #visitindonesia #visitlamsel #visitlampung #visitlampungselatan #trip #indonesia #likeforlikes #like4likes #likeforfollow #jalanjalan #travelling",Attraction,Sunset,hot spring,art gallery,ocean,0.093777,0.080869,0.077311
https://www.instagram.com/p/CZcTKvzhSSX/,133.jpg,2/1/2022 16:56,"Jika engkau ingin berbahagia, janganlah kau bandingkan kelemahanmu dengan kekuatan orang lain.
.
Yuk mabar
. 
.
.
.
.
.
.
.
.
.
.
.
.
.
.
.
.
.
#motivasiilmu #katabijak #TravelerDadakan #indonesia #lampung #lampungselatan #laut #pantai #pantaikedu #kalianda #awan #sunset #repost #repostindonesian #pesonaindonesia #jelajahindonesia #jelajahlampungselatan #jelajahsumatera #jelajahlampung #visitindonesia #visitlamsel #visitlampung #visitlampungselatan #trip #indonesia #likeforlikes #like4likes #likeforfollow #jalanjalan #travelling",Attraction,Sunset,campsite,volcano,boat deck,0.688125,0.062779,0.026482
https://www.instagram.com/p/CZbhSVdvqCu/,134.jpg,2/1/2022 9:40,"Jika seseorang menghinamu, berterima kasih lah, karena sesungguhnya mereka telah mengorbankan waktunya hanya untuk membantumu menjadi lebih baik
.
.
Yuk hiling
.
.
.
.
.
.
.
.
.
.
.
.
.
.
.
.
.
#motivasiilmu #katabijak #TravelerDadakan #indonesia #lampung #lampungselatan #laut #pantai #pantaikedu #kalianda #awan #sunset #repost #repostindonesian #pesonaindonesia #jelajahindonesia #jelajahlampungselatan #jelajahsumatera #jelajahlampung #visitindonesia #visitlamsel #visitlampung #visitlampungselatan #trip #indonesia #likeforlikes #like4likes #likeforfollow #jalanjalan #travelling",Attraction,,campsite,playground,ski slope,0.694423,0.016575,0.014813
https://www.instagram.com/p/C65bu7fPYWx/,135.jpg,5/13/2024 5:45,"[ TRIP MENYENANGKAN DENGAN RBA ]
. 
✨ Yuk segera booking dan jadwalkan liburan di Lampung bareng kami. Pasti seru dan dijamin puas, info lebih lanjut dan reservasi bisa hubungi admin kami yah 🥰. 
.
_______________________
🏝️ RBA - TOUR PACKAGES 
▪️Wisata Alam
▪️Wisata Desa
▪️Minat Khusus
▪️Outbound Training
▪️Family & Corporate Gathering
.
----More information-----
• Kontak : 
> 081271046209 (Admin 1) 
> 081272477622 (Admin 2)
• Instagram : @restubumiadventure 
• Facebook : Restu Bumi Adventure 
• Tik Tok : @restubumiadventure64
• Youtube : Restu Bumi Adventure 
• Website : www.restutour.co.id
• Email : restubumiadventure64@gmail.com
.
#restubumiadventure #restubumi #adventure #pariwisata #jasaoutboundmurah #fungameslampung #outboundlampung #lampungoutbound #gamesoutbound #pantailampug #paketwisatamurah #paketberwisata #triplampung #wisatalampung #pantaimarina #marinabeach #lampung #paketoutbound #gatheringlampung #healinglampung #liburanlampung #pariwisatalampung #pantaisanggar #pantailampung #marina #lamseltrip #disparbudlamsel #pariwisatalamsel #lampungselatan",Ancillary,Kelompok Wisata,beach,outdoor,coast,0.477678,0.142578,0.125451
https://www.instagram.com/p/C6NuqDkPdid/,136.jpg,4/26/2024 6:24,"[ TRAVELING BERSAMA RBA BIKIN BAHAGIA ]
. 
✨ Yuk segera booking dan jadwalkan liburan di Lampung bareng kami. Pasti seru dan dijamin puas, info lebih lanjut dan reservasi bisa hubungi admin kami yah 🥰. 
.
_______________________
🏝️ RBA - TOUR PACKAGES 
▪️Wisata Alam
▪️Wisata Desa
▪️Minat Khusus
▪️Outbound Training
▪️Family & Corporate Gathering
.
----More information-----
• Kontak : 
> 081271046209 (Admin 1) 
> 081272477622 (Admin 2)
• Instagram : @restubumiadventure 
• Facebook : Restu Bumi Adventure 
• Tik Tok : @restubumiadventure64
• Youtube : Restu Bumi Adventure 
• Website : www.restutour.co.id
• Email : restubumiadventure64@gmail.com
.
#restubumiadventure #restubumi #adventure #pariwisata #jasaoutboundmurah #fungameslampung #outboundlampung #lampungoutbound #gamesoutbound #pahawang #paketwisatamurah #paketberwisata #triplampung #wisatalampung #pantaimarina #pantaisanggar #lampung #paketoutbound #gatheringlampung #healinglampung #liburanlampung #pariwisatalampung #pantaisanggar #pantailampung #sanggarbeach #lamseltrip #disparbudlamsel #pariwisatalamsel #lampungselatan",Ancillary,,volcano,mountain,valley,0.316257,0.243054,0.076522
https://www.instagram.com/p/CfgnJYOLFD_/,137.jpg,7/2/2022 12:16,"Bukan healing just feeling better...

#kalianda #lampungselatan #mytrip #pesonalampungselatan #bukananakpantai",Attraction,,beach,picnic area,coast,0.341735,0.31169,0.088054
https://www.instagram.com/p/CeiwHk7PLxm/,138.jpg,6/8/2022 11:41,"Cuacanya bersahabat.
..
..
..
..
..
#pantai_minangrua 
#RamahTamahJelajah
#KhaduSantaiMakkung 
#Selamatkhatong
#menahakhua
#DisParBudLamSel
#ExploreLampungSelatan
#LampungSelatanAmazing
#PesonaLampungSelatan",Attraction,,heliport,harbor,landing deck,0.474773,0.164525,0.049737
https://www.instagram.com/p/CdXg4-npKoa/,139.jpg,5/10/2022 6:25,"Keluarga besar SVC
... 
... 
... 
📸 : @yellinafiah
📄: pantai marina kalianda Lam Sel
.. 
.. 
#pesonalampung #pesonalampungselatan",Attraction,,rope bridge,grotto,bridge,0.337117,0.076265,0.049826
https://www.instagram.com/p/DWaU1LOk-AV/,140.jpg,3/28/2026 2:27,"Mt. Ratai 1.682 MDPL

 Gunung Ratai adalah gunung setinggi 1.682 mdpl yang terletak di Kecamatan Padang Cermin/Way Ratai, Pesawaran, Lampung, dan dikenal dengan jalur pendakian “Punggung Naga” yang menawarkan panorama pesisir Teluk Lampung. Gunung ini menawarkan suasana pendakian yang asri dengan kombinasi pemandangan hutan dan laut, dekat dengan Pulau Pahawang. 
Ratai , 25 Maret 2026

#gunungratai1682mdpl #pendaki #explorelampungselatan #lampung",Attraction,,volcano,mountain,valley,0.38157,0.20787,0.169497
https://www.instagram.com/p/DVLgFXzE4EM/,141.jpg,2/25/2026 11:45,"OPEN TRIP SEBESI – KRAKATAU

📌 Snorkeling Pulau Sebuku
📌 Explore Pulau Umang-Umang
📌 Stay di Pulau Sebesi
📌 Trekking Anak Krakatau
📌 Free Dokumentasi Drone

⚠ Slot terbatas setiap keberangkatan
⚠ Harga bisa naik sewaktu-waktu
⚠ First pay = first secure seat

Kalau kamu serius mau ikut, DM sekarang sebelum full.

Jangan tunggu next batch.
Biasanya yang nunda-nunda nggak jadi😭

#opentripsebesi #anakkrakatau #explorelampungselatan #sebesiisland",Ancillary,Kelompok Wisata,ice shelf,tundra,landing deck,0.10492,0.087394,0.060694
https://www.instagram.com/p/DUk4aH8k9tD/,142.jpg,2/10/2026 11:48,"Langit berwarna pink–ungu memantul di permukaan laut yang tenang, sementara nelayan melintas dengan perahu kecil. Di kejauhan terlihat siluet kompleks Gunung Krakatau (Anak Krakatau) yang tampak jelas saat cuaca cerah.

Alam Lampung memang selalu punya cara membuat sore terasa lebih bermakna.🌅
#travel #photography #explorelampungselatan #exploreindonesia #wonderfulindonesia #sunset #explorepage✨ #canon #canonphotography",Attraction,,islet,volcano,mountain,0.477819,0.143001,0.102998
https://www.instagram.com/p/DUDdt6OEkps/,143.jpg,1/28/2026 12:19,"Di Kota, gamau panas2an takut gosong.
Di Pantai, yaudasi gosong doank namanya juga traveller😝

#explorepulausebesi #lampung #explorelampungselatan",Attraction,,lagoon,beach,coast,0.322517,0.251037,0.093899
https://www.instagram.com/p/DT4wb59k5NQ/,144.jpg,1/24/2026 8:31,"At least gak wacana doang!

Kalo temen jawabannya “insyaallah” tuh kemungkinan bakal ikut kan ya?😁🤭

#sebesiisland #anakkrakatau #explorelampungselatan",Attraction,,beach,ocean,coast,0.448687,0.214676,0.149381
https://www.instagram.com/p/DTri2EnErfs/,145.jpg,1/19/2026 5:23,"Hidden gem Lampung unlocked 🔓🌊

Bangkitkan jiwa petualangmu dan tembus batas cakrawala Selat Sunda! Di Pulau Sebuku, alam tidak hanya menyuguhkan pemandangan, tapi juga sebuah pengalaman yang sangat menyenangkan. Bayangkan dirimu meluncur di atas air laut yang jernih dan berkilau seperti permata, lalu menyelam lebih dalam lagi untuk berjumpa dengan ribuan makhluk laut yang bergerak aktif di sekitar bangkai kapal perang Jepang yang legendaris. ✨⛴️

​Rasakan hembusan angin yang segar saat berdiri di atas pasir putih yang masih sangat murni, sementara di kejauhan, siluet Kepulauan Krakatau terlihat gagah dan seolah memanggilmu untuk terus menjelajah. Suasana pulau yang terpencil dan asri ini akan membuatmu merasa seperti pemilik dari surga kecil di pesisir Lampung Selatan.

Pulau Sebuku adalah bukti nyata bahwa Lampung memiliki sejuta pesona yang tak ada habisnya. Siapkan nyalimu, kemas perlengkapanmu, dan biarkan alam Lampung memikat hatimu dengan cara yang paling indah!

​Jangan cuma disimpan di wishlist, yuk wujudkan perjalananmu ke ​📍 Pulau Sebuku, Lampung Selatan.

​Klik tombol Share untuk ajak teman-temanmu berpetualang bersama! 🎒✨

#explorelampung
​#explorelampungselatan
#wonderfulindonesia🇮🇩
#pulausebuku
#pariwisatalampung

Sumber foto: Walter Pinem, Get Lost ID, Traverse.id

Postingan ini dibuat untuk memenuhi tugas mata kuliah Bahasa Indonesia.
​
Identitas penulis
Nama: Vera Bela
NPM: 25311031
Program Studi: Sistem Informasi 
Materi: Copywriting 
Dosen Pengampu: @ghufronianars",Attraction,,water park,outdoor,lagoon,0.200592,0.187102,0.18471
https://www.instagram.com/p/DTpPdghAeKQ/,146.jpg,1/18/2026 7:55,"sea you soon, umang-umang island🌊<33

#explorelampungselatan #umangumang #lampung",Attraction,,islet,lagoon,volcano,0.563989,0.325748,0.038561
https://www.instagram.com/p/DTSH3qrk-DM/,147.jpg,1/9/2026 8:26,"Not about how far we go, but who we go with.

✨ The right place
✨ The right time
✨ The right person

Sometimes, the best therapy is traveling together 🧡

#sebesiisland #coupletrip #anakkrakatau #explorelampungselatan",Attraction,,volcano,mountain,mountain snowy,0.40946,0.153359,0.100175
https://www.instagram.com/p/DTRl5FUgWNA/,148.jpg,1/9/2026 3:29,"sebuku island🏝️

#explorelampungselatan #beach #sebuku #lampung",Attraction,,lagoon,beach,islet,0.627854,0.167604,0.084558
https://www.instagram.com/p/DSyPhvsE8zn/,149.jpg,12/27/2025 23:17,"Setigi batu beach
Rajabasa kalianda📌 

#pantai #explorelampungselatan #instagram",Attraction,,beach,coast,ocean,0.192952,0.148242,0.12696
https://www.instagram.com/p/DSced1Ogdha/,150.jpg,12/19/2025 12:24,"Chasing waves and sunny rays… 🌊🌞 
.
.
.
#waves 
#sunny 
#beach 
#seas 
#vitaminsea 
#beachview 
#sunkissed 
#snorkling 
#nemo 
#sebesiisland 
#sebuku 
#explorelampungselatan",Attraction,,lagoon,boat deck,ocean,0.433018,0.107258,0.103655
https://www.instagram.com/p/DSaAkPlkhwB/,151.jpg,12/18/2025 13:24,"Warm tones, calm space. Mushola ala Maroko di Pantai Marina emang cocok banget untuk foto-foto 🥰❤️

#pantaimarinalampung #wisatalampung #explorelampungselatan",Amenities,Mushola,medina,barndoor,martial arts gym,0.44689,0.086218,0.063797
https://www.instagram.com/p/DSXePS4Ez2V/,152.jpg,12/17/2025 13:46,"Alhamdulillah, masyaAllah, wujudin wishlist main 🛶 transparan di Lampung 🤍🫶🏻🥳

Join trip @pasarwisataid 

#travelling #traveler #travelgram #travelholic #travelinstyle #placetogo #storytelling #girlstraveldiary #kano #kanotransparan #pulauumang #pulauumangumang #explore #explorelampungselatan",Attraction,,ocean deep,aquarium,grotto,0.269205,0.124187,0.116807
https://www.instagram.com/p/DO_9EdQE5sa/,153.jpg,9/24/2025 21:00,"vitamin sea✨

#wisataindonesiakeren#wisataindonesiaku#wisataindonesiaaman#wisataindonesiaid#wisataindonesiaa_#wisataindonesiamuaantapp#wisataindonesiaindah#wisataindahkuy#wisatalampungindonesia#wisatalampungku#wisatalampung#wisatalampungselatan#wisatalampungkeren#wisatalamsel#senayabeach#senayabeachlampung#senayabeachkalianda#sflmine",Attraction,,ice floe,wave,ocean,0.598008,0.116987,0.09349
https://www.instagram.com/p/DNmlXetyzjJ/,154.jpg,8/21/2025 4:00,"[ OUTBOUND & GATHERINGNYA BARENG RESTU BUMI ADVENTURE AJA ]
.
“Tingkatakan kekompakan dengan bersama menjalin kegiatan yang seru & bermakna”
. 
✨ Employee Gathering : Pempek Tenda Biru.
.
🙌🏻 Terimakasih Pempek Tenda Biru yang telah mempercayai kami untuk kegiatannya. Sampai berjumpa dilain kesempatan yaa 🥰.
_______________________
🏝️ RBA - TOUR PACKAGES 
▪️Family & Corporate Gathering
▪️Outbound Training & Team Building
▪️Minat Khusus (Wisata Alam & Wisata Desa)
▪️Experiental Learning (Training & Workshop)
▪️Event Organizer & Tour Domestik/Internasional
.
----More information-----
• Kontak :
> 081271046209 (Admin 1) 
> 081272477622 (Admin 2)
• Instagram : @restubumiadventure 
• Facebook : Restu Bumi Adventure 
• Tik Tok : @restubumiadventure64
• Youtube : Restu Bumi Adventure 
• Website : www.restutour.co.id
• Email : restubumiadventure64@gmail.com
.
#restubumiadventure #restubumioutbound #restubumi #jasaoutboundmurah #fungameslampung #outboundlampung #lampungoutbound #gamesoutbound #sanggarbeach #triplampung #wisatalampung #lampung #gatheringlampung #wisatalamsel #pariwisatalampung",Ancillary,Kelompok Wisata,racecourse,amphitheater,outdoor,0.202402,0.177174,0.143265
https://www.instagram.com/p/C66GVBcPrLG/,155.jpg,5/13/2024 11:57,"Pantai ini namanya Pantai Batu Rame, lokasinya di Jalan Sinar Laut, Kalianda, Lampung Selatan.

Pantai ini merupakan pantai rakyat, yang artinya GRATIS gaess 😁 Disini kamu bisa foto2 berlatar belakang laut atau Gunung Rajabasa bisa sekedar main pasir pinggir pantai ataupun main air dan juga berenang, semua bisa. Hanya saja, pantai ini belum dilengkapi sarana MCK dan fasilitas umum lainnya.

Tapi pantai ini recommended buat kita2 yang punya budget seadanya, cukup buat jajan di pedagang yang banyak tersedia di pinggir pantai. Soal basah ga bisa ganti masih aman, nti tunggu aja bentar kan kering sendiri di badan 😂

Jadii yook ke Kalianda gaess 😊

#pantaiqu 
#lamselmendunia 
#lampungselatanexplore 
#lamselsayah 
#wisatalamsel",Attraction,,coast,ocean,islet,0.302843,0.2074,0.193644
https://www.instagram.com/p/C3jIqeEPGvO/,156.jpg,2/20/2024 0:21,"[ Mari Agendakan Gathering & Outbound Kalian Bersama Kami Restu Bumi Adventure ]
.
“Jangan pernah berhenti untuk menjadi yang terbaik.”
. 
✨ Capacity Building : Dinas Perikanan Kota Palembang Tahun 2024. Teruslah menjadi yang terbaik jangan pernah berhenti dan terus lakukan hal hal baru.
.
🙌🏻 Terimakasih Dinas Perikanan Kota Palembang yang telah mempercayai kami untuk kegiatannya. Sampai berjumpa dilain kesempatan yaa 🥰.
_______________________
🏝️ RBA - TOUR PACKAGES 
▪️Wisata Alam
▪️Wisata Desa
▪️Minat Khusus
▪️Outbound Training
▪️Family & Corporate Gathering
.
----More information-----
• Kontak : 
> 081271046209 (Admin 1) 
> 081272477622 (Admin 2)
• Instagram : @restubumiadventure 
• Facebook : Restu Bumi Adventure 
• Tik Tok : @restubumiadventure64
• Youtube : Restu Bumi Adventure 
• Website : www.restutour.co.id
• Email : restubumiadventure64@gmail.com
.
#restubumiadventure #restubumi #adventure #pariwisata #pariwisatalampung #wisatalampung #paketoutboundmurah #paketwisatamurah #jasaoutboundlampung #triplampung #outbond #outboundlampung #wisataalampung #lampung #kedasresort #pantaiminangrua #wisatalamsel #pariwisatalampungselatan #kegiatanwisata #gamesoutbound",Ancillary,Kelompok Wisata,water park,amusement park,park,0.584409,0.114827,0.077029
https://www.instagram.com/p/C2QzrI0vd8d/,157.jpg,1/19/2024 1:00,"[ Buatlah Momen Indah dan Tak Terlupakan Bersama Kami Restu Bumi Adventure ]
.
“Sahabat selamanya, Selamanya sahabat”
. 
✨ Silaturahmi : FH UNILA'86. Semua tentang sahabat dan persahabatan ini akan tetap abadi menjadi sebuah ikatan silaturahmi yang tak pernah putus. 
.
🙌🏻 Terimakasih FH UNILA'86 telah mempercayai kami untuk kegiatannya. Sampai berjumpa dilain kesempatan yaa 🥰.
_______________________
🏝️ RBA - TOUR PACKAGES 
▪️Wisata Alam
▪️Wisata Desa
▪️Minat Khusus
▪️Outbound Training
▪️Family & Corporate Gathering
.
----More information-----
• Kontak : 
> 081271046209 (Admin 1) 
> 081272477622 (Admin 2)
• Instagram : @restubumiadventure 
• Facebook : Restu Bumi Adventure 
• Tik Tok : @restubumiadventure64
• Youtube : Restu Bumi Adventure 
• Website : www.restutour.co.id
• Email : restubumiadventure64@gmail.com
.
#restubumiadventure #restubumi #adventure #pariwisata #paketwisatalampung #paketoutboundmurah #outboundlampung #lampungoutbound #lampungfungames #grandeltykrakatoa #paketberwisata #triplampung #wisatalampung #lampungtrip #pariwisatalampung #lampung #grandelty #gatheringlampung #familygathering #wisatalamsel #pantailampung #wisatalampungselatan #pariwisatalampungselatan",Ancillary,Kelompok Wisata,outdoor,outdoor,outdoor,0.142725,0.138485,0.125829
https://www.instagram.com/p/C2JFkepvHDe/,158.jpg,1/16/2024 1:02,"[ Paket Outbound Seru & Asyik di Lampung Hanya Bersama Biro Perjalanan Wisata Kami ]
.
“Kebahagiaan itu harus kita temukan, rasakan dan ceritakan.”
. 
✨ Fun Gathering : Cipta Karya PUTR Kota Metro. Semua itu tentang kebahagian dan dia hadir harus kita temukan, rasakan dan ceritakan.
.
🙌🏻 Terimakasih Cipta Karya PUTR Kota Metro yang telah mempercayai kami untuk kegiatannya. Sampai berjumpa dilain kesempatan yaa 🥰.
_______________________
🏝️ RBA - TOUR PACKAGES 
▪️Wisata Alam
▪️Wisata Desa
▪️Minat Khusus
▪️Outbound Training
▪️Family & Corporate Gathering
.
----More information-----
• Kontak : 
> 081271046209 (Admin 1) 
> 081272477622 (Admin 2)
• Instagram : @restubumiadventure 
• Facebook : Restu Bumi Adventure 
• Tik Tok : @restubumiadventure64
• Youtube : Restu Bumi Adventure 
• Website : www.restutour.co.id
• Email : restubumiadventure64@gmail.com
.
#restubumiadventure #restubumi #adventure #pariwisata #pariwisatalampung #wisatalampung #paketoutboundmurah #paketwisatamurah #jasaoutboundlampung #triplampung #outbond #outboundlampung #wisataalampung #lampung #wisatabalam #wiragarden #outboundspot #sanggarbeach #ciptakaryametro #gatheringlampung #wisatalamsel #wisatalampungselatan	#pantailampung #pantailampungselatan #pantaisanggar",Ancillary,Kelompok Wisata,performance,outdoor,plaza,0.158879,0.09687,0.093817
https://www.instagram.com/p/DXwokcmE72R/,159.jpg,4/30/2026 14:54,"@navaracitypark 
#lampunghits 
#lampunghitskekinian
#wisatalampungselatan",Amenities,Bianglala,water park,amusement park,playground,0.783581,0.155138,0.017889
https://www.instagram.com/p/DXn2bNTkXSV/,160.jpg,4/27/2026 5:02,#eksploreindonesia#pulausebukukecil#lampung#lampungpunyacerita#wisatalampungselatan,Attraction,,lagoon,beach,islet,0.784621,0.088855,0.062028
https://www.instagram.com/p/DXjI3ytiQVW/,161.jpg,4/25/2026 9:07,"Komunitas pecinta Jeep Willys di Lampung Selatan resmi memiliki kepengurusan baru. Pelantikan Willys Lampung Community (WLC) Korwil Lampung Selatan periode 2026–2029 diharapkan tak sekadar menjadi ajang silaturahmi, tetapi juga mendorong promosi pariwisata daerah berbasis komunitas otomotif.

Pelantikan yang digelar di kediaman Ketua WLC Korwil Lampung Selatan, Nivolin, di Desa Palembapang, Kecamatan Kalianda, Sabtu (25/4/2026), dihadiri Wakil Bupati Lampung Selatan M. Syaiful Anwar, unsur Forkopimda, camat, serta sejumlah kepala OPD.

Baca selengkapnya di www.tigapena.lampung.com

#JeepWillys #WisataLampungSelatan #WLCResmiDilantik #PesonaLampung #KomunitasJeep",Ancillary,,indoor,conference center,army base,0.790426,0.04356,0.039053
https://www.instagram.com/p/DXbvTNRiVnw/,162.jpg,4/22/2026 12:09,"Penunjukan Kabupaten Lampung Selatan sebagai tuan rumah Jambore Nasional (Jamnas) ke-XIV Persatuan Penggemar American Jeep Indonesia (PPAJI) 2026 bukan sekadar agenda komunitas otomotif. Pemerintah daerah melihatnya sebagai “kendaraan” strategis untuk mengakselerasi promosi wisata dan pergerakan ekonomi lokal.

Kepastian itu terungkap dalam audiensi antara Bupati Lampung Selatan, Radityo Egi Pratama, dengan jajaran Pengurus Daerah PPAJI Provinsi Lampung di ruang kerja bupati, Rabu (22/4/2026).

Baca selengkapnya di www.lampung.tigapena.com

#JamnasJeepLamsel
#JeepNasional2026
#WisataLampungSelatan
#PromosiDaerahLamsel
#EventJadiMagnetWisata",Ancillary,,indoor,conference center,legislative chamber,0.76732,0.035595,0.020418
https://www.instagram.com/p/DXA5_tgj3bT/,163.jpg,4/12/2026 2:03,#pantailampungselatan #mbeachlampung #wisatalampung #pantailampung #wisatalampungselatan,Attraction,,campsite,sandbox,park,0.339918,0.302146,0.033931
https://www.instagram.com/p/DWwCzD-iYUt/,164.jpg,4/5/2026 12:53,"Yang belum join next lebih ramai ya kan🤩
#minangruabeach #greencanyon #wisatalampungselatan #kalianda#viral",Attraction,,playground,rope bridge,amusement park,0.359559,0.342736,0.088745
https://www.instagram.com/p/DWfaJOpkl18/,165.jpg,3/30/2026 1:50,"Waktu Indonesia bagian liburan!!🍃🌿🚤🎉🎏

#wisatalampungselatan #greencanyon #greencanyonbakauheni #pantailampung",Attraction,,beer garden,picnic area,playground,0.152681,0.145825,0.091765
https://www.instagram.com/p/DWdJPOJlc0q/,166.jpg,3/29/2026 4:44,"UMKM buah kupas segar
#rujakenak #riobeach #wisatalampungselatan #umkm #potofyp",Amenities,UMKM ,outdoor,outdoor,shopfront,0.29385,0.152977,0.10215
https://www.instagram.com/p/DWbUT7Skyhc/,167.jpg,3/28/2026 11:42,#healing #gunungrajabasa #wisatalampungselatan,Attraction,,volcano,cultivated,corn field,0.130497,0.130145,0.12961
https://www.instagram.com/p/DWQmdS4EvRK/,168.jpg,3/24/2026 7:49,"I find my peace 🌊💙

#fypシ #explorelampung 
#wisatalampungselatan #explorepage✨",Attraction,,coast,ocean,cliff,0.432611,0.233187,0.092442
https://www.instagram.com/p/DWQEhDfGAv_/,169.jpg,3/24/2026 2:52,Wtc Lampung selatan #wisatakolamalam #wisatalampungselatan #wtc,Attraction,,slum,water park,archaelogical excavation,0.120656,0.115137,0.079623
https://www.instagram.com/p/DWNTAIGE5Zd/,170.jpg,3/23/2026 1:03,"SURPRISE! 🌊✨
Yang dari kemarin nanyain kapan buka, mana suaranya?
Air Terjun Way Kalam KEMBALI BUKA untuk publik di libur Idul Fitri 2026 ini! Kondisi air lagi jernih-jernihnya, pepohonan lagi hijau-hijaunya
Tunggu apa lagi? Langsung gasss ke Way Kalam hari ini!
📍 Desa Way Kalam, Lampung Selatan.
🕒 Jam Operasional: 08.00 - 17.00 WIB.
#WayKalamOpen #WisataLampungSelatan #AirTerjun #ExploreSumatera #healinglebaran",Attraction,,waterfall,creek,rainforest,0.490624,0.173289,0.115734
https://www.instagram.com/p/DVimpMUjw9V/,171.jpg,3/6/2026 11:05,"𝟎 𝑴𝒅𝒑𝒍 🌊

_
_
_

#pantaislimpuyang #bukitslimpuyang #lampungselatanexplore #sidomulyoexplore #wisatalampungselatan",Attraction,,mountain path,campsite,trench,0.19046,0.151344,0.114891
https://www.instagram.com/p/Cf_w1P4viD7/,172.jpg,7/14/2022 14:37,"Hari ke dua, giat Gebrak Gotong Royong Terpadu Menuju Wisata Berkelanjutan (gerot wisata) Dewi Way Ratu desa negara ratu kecamatan Natar Kabupaten Lampung Selatan..
.
#lamselbisa #lamsel #wisatalamsel #polpplamsel #satpolpplamsel",Ancillary,Gotong Royong Kelompok Wisata,outdoor,park,plaza,0.230088,0.176155,0.097392
https://www.instagram.com/p/CSnt_J4njwv/,173.jpg,8/16/2021 3:42,"Reposted from @kelampungaja ""Semua orang mempunyai caranya sendiri untuk mencintai alam, satu di antaranya adalah dengan cara menjaga dari orang-orang yang serakah di luar sana""
-
-
-
-
-
📍Air Terjun way kalam Kalianda - Lampung Selatan
-
-
-
Repost @mody.kurniawan 

Punya foto keren, punya event seputar Lampung dan fotomu mau direpost di @kelampungaja gampang caranya kak
-Tag dan follow  @kelampungaja
-Gunakan hastag #kelampungaja
-Akun tidak privat

#kelampungaja #pikniklampung #wisatalampung #lampung #lampungexplore #lampunggeh #lampungkeren #lampunghits  #ilovelampung  #kelilinglampung #lampungeksis #berandalampung #wajahlampung #wisatapringsewu #wisatalamsel #wisatakrui #wisatabdl #wisatametro #wisatakalianda #wisatakotabumi #wisatalambar #wisatatanggamus",Attraction,,waterfall,rainforest,mountain,0.711006,0.079802,0.05886
https://www.instagram.com/p/CTbKnzMJ6WW/,174.jpg,9/5/2021 3:14,"Ini jam 05.30 WIB dengan suasana sejuk menunggu sunrise 🌞

Banyak kicau burung dan dingiiin banget😍
Aku belum bisa move on dr sini view nya keren banget😍

Daan tau gak sih, ini tuh di Lampung loh! Baru tau kan ada tempat se keren ini ❤️
Yuhuuu ini di bakauheni 
Nama nya @pematang_sunrise 
Cusss kesana aja biar bisa liat ke indahan view nya ya shay😍😍

Reposted from @fitri.turono86 

#travelinglampung #pematangsunrise #tempatbagus #viewkeren#lampungkeren#wisatalampung #campingground #wisatalamsel",Attraction,,farm,natural,valley,0.087399,0.083648,0.051521
https://www.instagram.com/p/CWPt6FIBWKs/,175.jpg,11/14/2021 6:05,"Nikmatilah tantangan, karena disanalah orang hebat, orang tangguh, orang kuat, orang besar dilahirkan. (dr. Gamal Albinsaid)
.
.
.
#wisatalamsel #tanjungbintang #potretlampung #gununglanggar #inspiration #selfreminder",Attraction,Gunung,pasture,farm,hayfield,0.352153,0.159545,0.112209
https://www.instagram.com/p/CfJSe1nJmg0/,176.jpg,6/23/2022 10:53,"Suspension bridge lubuk bais village lampung selatan

#kelampungaja #pikniklampung #wisatalampung #lampung #lampungexplore #lampunggeh #lampungkeren #lampunghits #ilovelampung #kelilinglampung #lampungeksis #berandalampung #wajahlampung #wisatapringsewu #wisatalamsel #wisatakrui #wisatabdl #wisatametro #wisatakalianda #wisatakotabumi #wisatalambar #wisatatanggamus#!",Attraction,,rope bridge,boardwalk,bridge,0.994503,0.003169,0.000872
https://www.instagram.com/p/CREUJurrjVG/,177.jpg,7/8/2021 13:12,Jalan jalan ke Kampoeng bamboe yang ada di Ketapang lamsel #kampoengbamboe #wisatalampung  #wisatalamsel #wisatakalianda #wisataketapang #indonesia #lampunghits,Amenities,Kuliner,marsh,bamboo forest,pond,0.160089,0.140452,0.12899
https://www.instagram.com/p/CnUa14RrMQd/,178.jpg,1/12/2023 14:49,"Kiri Way Penaga Layung Sari 
Kanan Pemandian Alami WtC 

Memiliki kesamaan, sama-sama Pemandian Alami & air nya dari 1 Gunung Rajabasa.

Spot favorit untuk menyegarkan badan saat gerahnya panas matahari.

Tempat Wisata Favoritnya kebanggan Kecamatan Penengahan Kabupaten Lampung Selatan.

📸 Heru Agustian 
🚁 Drone DJI 

#jejaksiohm #waypenaga #waytebingceppa #wisatalamsel",Attraction,,fishpond,roof garden,pond,0.16214,0.130503,0.126882
https://www.instagram.com/p/C1meULpBJBI/,179.jpg,1/2/2024 14:25,"Pantai Pesisir Desa Way Muli Kab. Lampung Selatan

#lamselsayah 
#lamselmendunia 
#wisatalamsel",Attraction,,swimming hole,picnic area,swamp,0.213937,0.2103,0.13044
https://www.instagram.com/p/COZXp7eLynM/,180.jpg,5/3/2021 3:52,"Taman asmoro, desa jati mulyo, kecamatan jati agung, lampung selatan
#kurnianoen #kurnianoentravelling",Attraction,,boardwalk,lock chamber,park,0.141151,0.091331,0.073526
https://www.instagram.com/p/CuJgtmaycCp/,181.jpg,7/1/2023 8:48,"#Repost @izamijamal with @let.repost 
• • • • • •
Di bukit menuju air terjun dan sumber air panas di kunjir

Rombongan Tim tangguh Siap berwisata ke air terjun (way tumbai) dan air panas (geowisata) Desa Kunjir.

Ayo berkunjung ke Desa wisata Kunjir 😇

#desawisata 
#wisatakunjir 
#wisatalamsel 
#wisataindonesia",Attraction,,pasture,rice paddy,tree farm,0.127196,0.123797,0.112032
https://www.instagram.com/p/CSUN1K8JDUh/,182.jpg,8/8/2021 13:56,"😁

.
.
#kampungkuda #lampungwisata #lampungselatanhits #lampungku #wisatalamsel",Amenities,Wahana Kuda,pasture,corral,orchard,0.201444,0.193198,0.077308
https://www.instagram.com/p/CXdvSjbvZvd/,183.jpg,12/14/2021 13:18,"""Berikan yang terbaik pada alam dan alam akan berbalik memberikan terbaik kepadamu.""
.
.
Pabrik oksigen terbaik adalah rimbunya hutan 
.
.
#hutan #wisatalampung 
#lampunghits #lampung 
#lengkunglangit #explorelampung 
#jungle #bumihijau 
#greenearth #hutanhijau
#jalanjalan #demendolan 
#adventure #adventuretime
#wisatalamsel #wisatapringsewu
#insta #instagram
#alam #alamindonesia
#lampunginsta #instalampung",Attraction,,rope bridge,boardwalk,rainforest,0.526341,0.177262,0.066498
https://www.instagram.com/p/CWPtH2shoOK/,184.jpg,11/14/2021 5:59,"Kita manusia hanya mampu melihat dengan apa yang kita lihat. Tapi Allah Maha Melihat jauh dari apa yang kita lihat. (dr. Gamal Albinsaid)
.
.
.
#selfreminder #gununglanggar #wisatalamsel #tanjungbintang #potretlampung #backtonature",Attraction,,village,vineyard,tree farm,0.176292,0.158831,0.073608
https://www.instagram.com/p/CWPuxQlhCKQ/,185.jpg,11/14/2021 6:13,"Bersyukurlah dengan kesibukan tatkala kita lelah. Ingatlah boleh jadi kesibukan kita adalah mimpi mimpi orang di luar sana. (dr. Gamal Albinsaid)
.
.
.
#wisatalamsel
#wisataindonesia #selfreminder #tanjungbintang #alamlampung #bacttonature #gamalalbinsaid",Attraction,,village,tree farm,lawn,0.290971,0.077998,0.076444
https://www.instagram.com/p/CeDuF8tvY0p/,186.jpg,5/27/2022 10:27,"Kalau saling mencintai, bukan bilang ""jalani aja dulu"". Cinta tidak sebercanda itu!

Sebab, tidak ada yang lebih baik dari hubungan antara dua insan yang saling mencintai selain pernikahan. 🫰🏻🥰😇

Rasulullah shallallahu 'alaihi wa sallam bersabda dalam HR. Bukhari no. 5056, Muslim no. 1400;

""Wahai para pemuda, barangsiapa yang sudah sanggup menikah, maka menikahlah. Karena itu lebih menundukkan pandangan dan lebih menjaga kemaluan. Barangsiapa yang belum mampu, maka berpuasalah karena puasa itu obat pengekang nafsunya."" 

Kld, 27/05/2022 © IDM

Lokasi : Kebun Edukasi Kalianda, Lampung Selatan, Lampung, Indonesia

#DialogRasa #DiaryMeymey #IrmaDewiMeilinda #KebunEdukasi #kebunedukasilampungselatan #LampungSelatan #lampungselatanamazing #writerpreneur #travellers #Pariwisata #pariwisatalampung #pariwisatalamsel #wisatalamsel #inilampung #potretlampung #explorelampung #jalanjalanyuk #selfhealing",Amenities,Faslitas Edukasi,outdoor,topiary garden,outdoor,0.685584,0.111093,0.035458
https://www.instagram.com/p/C1zD6PcPLtO/,187.jpg,1/7/2024 11:44,"[ Paket Outbound Seru & Asyik di Lampung Hanya Bersama Biro Perjalanan Wisata Kami ]
.
“Liburan yang baik adalah yang dihabiskan di antara orang-orang yang gagasannya tentang waktu lebih kabur darimu.”
. 
✨ Family Gathering : DPMPTSM Lamteng. Hidup dimaksudkan untuk petualangan besar dan teman dekat.
.
🙌🏻 Terimakasih DPMPTSM Lamteng yang telah mempercayai kami untuk kegiatannya. Sampai berjumpa dilain kesempatan yaa 🥰.
_______________________
🏝️ RBA - TOUR PACKAGES 
▪️Wisata Alam
▪️Wisata Desa
▪️Minat Khusus
▪️Outbound Training
▪️Family & Corporate Gathering
.
----More information-----
• Kontak : 
> 081271046209 (Admin 1) 
> 081272477622 (Admin 2)
• Instagram : @restubumiadventure 
• Facebook : Restu Bumi Adventure 
• Tik Tok : @restubumiadventure64
• Youtube : Restu Bumi Adventure 
• Website : www.restutour.co.id
• Email : restubumiadventure64@gmail.com
.
#restubumiadventure #restubumi #adventure #pariwisata #pariwisatalampung #wisatalampung #paketoutboundmurah #paketwisatamurah #jasaoutboundlampung #triplampung #outbond #outboundlampung #wisataalampung #lampung #wisataalam #pantaimarina #outboundspot #marinabeach #pantaikalianda #wisatalamsel #gatheringlampung #DPMPTSM #LAMTENG",Ancillary,Kelompok Wisata,water park,ocean,beach,0.16391,0.093369,0.074303
https://www.instagram.com/p/CTR0ARPlPJJ/,188.jpg,9/1/2021 12:03,"Ini jam 5,30 pagi dengan suasana sejuk menunggu sunrise 🌞banyak kicau burung dan dingiiin banget😍
Aku belum bisa move on dr sini view nya keren banget😍

Daan tau gak sih ini tuh di lampung loh baru tau kan ada tempat se keren ini ❤️
Yuhuuu ini di bakauheni 
Nama nya @pematang_sunrise 
Cusss kesana aja biar bisa liat ke indahan view nya ya shay😍😍

#travelinglampung #pematangsunrise #tempatbagus #viewkeren#lampungkeren#wisatalampung #campingground #wisatalamsel",Attraction,,promenade,ocean,coast,0.10999,0.094076,0.065622
https://www.instagram.com/p/CTbs8msvmgb/,189.jpg,9/5/2021 8:14,"Ini jam 5,30 pagi dengan suasana sejuk menunggu sunrise 🌞banyak kicau burung dan dingiiin banget😍
Aku belum bisa move on dr sini view nya keren banget😍

Daan tau gak sih ini tuh di lampung loh baru tau kan ada tempat se keren ini ❤️
Yuhuuu ini di bakauheni 
Nama nya @pematang_sunrise 
Cusss kesana aja biar bisa liat ke indahan view nya ya shay😍😍

Foto @fitri.turono86

🍁bukit pematang sunrise, bakauheni, lampung selatan

#travelinglampung #pematangsunrise #tempatbagus #viewkeren#lampungkeren#wisatalampung #campingground #wisatalamsel
#bolang_lampung",Attraction,,farm,natural,valley,0.096775,0.082288,0.059024
https://www.instagram.com/p/CWJzYMTh24M/,190.jpg,11/11/2021 22:58,"Refreshing sejenak hilangkan penat 😁
Tim vaksinator PRI PENENGAHAN.

#arangLampung
#wisataKALIANDA
#WisataLAMSEL

#PENIKMATsunset
#momongbocah😘",Attraction,,campsite,outdoor,chalet,0.801599,0.027143,0.020596
https://www.instagram.com/p/CcjwUbspSML/,191.jpg,4/20/2022 4:00,"Jembatan gantung sungai way Galih Lampung Selatan,

#kelampungaja #pikniklampung #wisatalampung #lampung #lampungexplore #lampunggeh #lampungkeren #lampunghits #ilovelampung #kelilinglampung #lampungeksis #berandalampung #wajahlampung #wisatapringsewu #wisatalamsel #wisatakrui #wisatabdl #wisatametro #wisatakalianda #wisatakotatanggamus #!lambar #wisata",Attraction,,rope bridge,boardwalk,bridge,0.996852,0.001644,0.000737
https://www.instagram.com/p/Cb92x2lJKeA/,192.jpg,4/5/2022 10:45,"Gunung Langgar, lematang lampung Selatan
#kelampungaja #pikniklampung #wisatalampung #lampung #lampungexplore #lampunggeh #lampungkeren #lampunghits #ilovelampung #kelilinglampung #lampungeksis #berandalampung #cepatlampung #wisatapringsewu #wisatalamsel #wisatakrui #wisatabdl #wisatametro #wisatakalianda #wisatakotabumi #wisatalambar #!",Attraction,,pasture,farm,field road,0.269275,0.147181,0.105278
https://www.instagram.com/p/C137-2xPMWR/,193.jpg,1/9/2024 9:11,"[ Lupakan yang biasa-biasa, sambut yang luar biasa Bersama Biro Perjalanan Wisata Kami ]
.
“Cari keajaiban di setiap momen.”
. 
✨ Capacity Building: Gathering Bidang SDM RSUD Abdul Moeloek. Sikap adalah hal kecil yang membuat perbedaan besar
.
🙌🏻 Terimakasih Bidang SDM RSUD Abdul Moeloek yang telah mempercayai kami untuk kegiatannya. Sampai berjumpa dilain kesempatan yaa 🥰.
_______________________
🏝️ RBA - TOUR PACKAGES 
▪️Wisata Alam
▪️Wisata Desa
▪️Minat Khusus
▪️Outbound Training
▪️Family & Corporate Gathering
.
----More information-----
• Kontak : 
> 081271046209 (Admin 1) 
> 081272477622 (Admin 2)
• Instagram : @restubumiadventure 
• Facebook : Restu Bumi Adventure 
• Tik Tok : @restubumiadventure64
• Youtube : Restu Bumi Adventure 
• Website : www.restutour.co.id
• Email : restubumiadventure64@gmail.com
.
#restubumiadventure #restubumi #adventure #pariwisata #pariwisatalampung #wisatalampung #paketoutboundmurah #paketwisatamurah #jasaoutboundlampung #triplampung #outbond #outboundlampung #wisataalampung #lampung #wisataalam #kedasresort #kedasresortbeach #kedasresorthotel #kedasresortminangrua #outboundspot #pantaikalianda #wisatalamsel #capacitybuilding #abdulmuluk",Ancillary,Kelompok Wisata,toyshop,racecourse,amusement park,0.18014,0.12358,0.086357
https://www.instagram.com/p/CwectK7Pk0A/,194.jpg,8/28/2023 5:00,"[ Buatlah Momen Seru dan Tak Terlupakan Bersama Kami Restu Bumi Adventure ]
.
“Work Smart, Play Hard, Stay Healty With Vitamin Sea”
. 
✨ Employee Gathering : Badan Perencanaan Pembangunan Daerah (BAPPEDA) Kabupaten Tulang Bawang Tahun 2023. Kerja cerdas, usaha keras, tetap sehat dengan liburan di pantai.
.
🙌🏻 Terimakasih BAPPEDA Kabupaten Tulang Bawang telah mempercayai kami untuk kegiatannya. Sampai berjumpa dilain kesempatan yaa 🥰.
_______________________
🏝️ RBA - TOUR PACKAGES 
▪️Wisata Alam
▪️Wisata Desa
▪️Minat Khusus
▪️Outbound Training
▪️Family & Corporate Gathering
.
----More information-----
• Kontak : 
> 081271046209 (Admin 1) 
> 081272477622 (Admin 2)
• Instagram : @restubumiadventure 
• Facebook : Restu Bumi Adventure 
• Tik Tok : @restubumiadventure64
• Youtube : Restu Bumi Adventure 
• Website : www.restutour.co.id
• Email : restubumiadventure64@gmail.com
.
#restubumiadventure #restubumi #adventure #pariwisata #paketwisatalampung #paketoutboundmurah #outboundlampung #lampungoutbound #lampungfungames #fungameslampung #paketwisatamurah #paketberwisata #triplampung #wisatalampung #lampungtrip #pariwisatalampung #lampung #paketwisataindonesia #gatheringlampung #familygathering #gamesoutbound #gamessederhana #sanggarbeach #pantaisanggar #wisatalamsel #pariwisatalampungselatan #wisatalampungselatan",Ancillary,Kelompok wisata,water park,outdoor,indoor,0.816185,0.043429,0.017643
https://www.instagram.com/p/DNcIE1BPnR8/,195.jpg,8/17/2025 2:32,"Serasa Upacara di Istana Negara Upacara Hut Ri 80, Menyala Kabupaten Lampung ❤️🙏🏻😊

#PESONAMERAHPUTIHLAMPUNGSELATAN#HUTKE80RI#WISATALAMPUNGSELATAN#RADITYOEGI#SYAIFULANWAR#KAWASANMENARASIGER#LAMPUNGSELATANMAJU#BISMILLAHBISA.",Attraction,Siger,outdoor,water park,promenade,0.953261,0.010592,0.009106
https://www.instagram.com/p/DNcX3mQyIQa/,196.jpg,8/17/2025 4:50,"PESONA MERAH PUTIH DIATAS MENARA SIGER
@bakauheni.harbour.city
@pemkab.lampungselatan @radityoegi @m_syaiful.anwar
#pesonamerahputihlampungselatan #hutke80ri 
#wisatalampungselatan 
#RADITYOEGI #syaifulanwar #kawasanmenarasiger #lampungselatanmaju #bismillahbisa
@bungsu.studio.lampung",Attraction,Siger,outdoor,beach house,water park,0.661862,0.076153,0.067255
https://www.instagram.com/p/DKcSmoRzggT/,197.jpg,6/3/2025 14:29,"Pantai Kedu Kalianda lampung selatan

#fyp #wisatalampungselatan #kalianda #pantaikedu #pengikut #semuaorang",Attraction,,beach,coast,ocean,0.368604,0.140265,0.127288
https://www.instagram.com/p/DNcc7bqpRRB/,198.jpg,8/17/2025 5:34,"Menyambut HUT ke-80 RI dari sudut menara siger dan keindahan birunya selat sunda yang luar biasa

#pesonamerahputihlampungselatan 
#hutke80ri 
#wisatalampungselatan 
#radityoegi 
#syaifulanwar 
#kawasanmenarasiger 
#lampungselatanmaju 
#bismillahbisa 
#radityoegi 
#syaifulanwar 
#kawasanmenarasiger 
#lampungselatanmaju 
#bismillahbisa",Attraction,Siger Slide 2,promenade,plaza,outdoor,0.230572,0.073511,0.066286
https://www.instagram.com/p/CgWufXEJYf6/,199.jpg,7/23/2022 12:39,"Best sunset ever! ❤
The perks of living in Lampung - easy access to beaches, waterfalls, mountains, hills, islands, National parks, lakes, river, and the most beautiful sunsets! 😉
•
📍Pantai Sebalang, Lampung Selatan, Lampung.
•
Mari kita jaga bersama lingkungan disekitar kita. Salam lestari 🌱
•
#lampung  #explorelampung #wisatalampung #pantaisebalang #wonderfulindonesia  #lampungnatureadventure",Attraction,Sunset,ocean,sky,coast,0.321286,0.155609,0.131575
https://www.instagram.com/p/CpXsGPzAOSN/,200.jpg,3/4/2023 14:20,Kebersamaan Way Tebing Ceppa Kalianda Lampung Selatan✨👍🏻🌊😇😊 #waytebingceppa #wisatalampung #wisatalampungselatan,Attraction,,rope bridge,swimming hole,rainforest,0.428816,0.088247,0.071782
https://www.instagram.com/p/Cq1swfevTN-/,201.jpg,4/10/2023 2:34,"La’villa pantai minang rua 🏝️ Bakauheni Lampung Selatan
@lavilla_lembahdurian 
booking CP : 083135305300
.
.
.
#villa #ocean #nature #beach #minangruabeach #senjapantai #kaliandabeach #resort #sunset #wisatalampungselatan",Attraction,,interior,beach house,porch,0.580615,0.066278,0.059634
https://www.instagram.com/p/DNcUhXgRQoK/,202.jpg,8/17/2025 4:20,"Keindahan Wisata Pantai Kab. Lamsel dengan Nuansa Merah Putih Kemerdekaan dalam Kehangatan Keluarga Kecil Kami 🇮🇩

#pesonamerahputihlampungselatan 
#hutke80ri 
#wisatalampungselatan 
#radityoegi 
#syaifulanwar 
#kawasanmenarasiger 
#lampungselatanmaju 
#bismilahbisa 
#kodim0421 
#koramil421kalianda",Attraction,,picnic area,restaurant patio,beer garden,0.290733,0.21547,0.070459
https://www.instagram.com/p/C-7a57hpqO3/,203.jpg,8/21/2024 10:22,"Sunset Chaser 🌥️
.
📍Pantai Setigi Batu - Lampung Selatan 
.
.
#lampungupdateid #wisatalampung #wisatalampungselatan #pantailampung #lampunginsta #pantaisetigibatu #pantaisetigibatubeach",Attraction,,badlands,tundra,sky,0.284893,0.086614,0.081375
https://www.instagram.com/p/DIaayAOhqjj/,204.jpg,4/14/2025 4:00,"Nikmati pengalaman berbeda di Pantai Rio by the Beach🌊✨

pantai berpasir putih dengan pemandangan laut yang memesona. Tersedia banyak spot foto estetik yang siap melengkapi galeri liburan Anda. Ideal untuk keluarga, teman, pasangan, maupun solo traveler yang ingin mengisi ulang energi dengan suasana pantai yang damai.✨

#RioByTheBeach #FamilyGetaway #PantaiAsik #LiburanKeluarga #pantailampung #pantailampungselatan #wisatalampung #wisatalampungselatan #pariwisatalampung",Attraction,,beach,ocean,wave,0.60322,0.175875,0.079213
https://www.instagram.com/p/DEc5FyGyRpB/,205.jpg,1/5/2025 16:57,"Beautiful View😍🌊🏖️

#pantai #beach #lampung #pride #nature #alam #fotografia #lampunggeh #pantaiindonesia #wisatalampung #wisatalampungselatan",Attraction,,islet,volcano,lagoon,0.292973,0.183998,0.174908
https://www.instagram.com/p/Cgy5xJ2vOv7/,206.jpg,8/3/2022 11:16,"Just chill & enjoy 🌅

📍@muaraindahsuak 
Jl. Raya Suak Desa Suak Kec. Sidomulyo Lampung Selatan 

_______________
Follow & tag foto kamu 
IG @muaraindahsuak 
FB Muara Indah Suak 

________________
#muaraindahsuak #pantaimuaraindahsuak #pantailampung #pantailampungselatan #wisatalampung #wisatalampungselatan #piknik #healingvibes",Attraction,,lagoon,beach,swamp,0.499501,0.246482,0.068855
https://www.instagram.com/p/DNb5N19ysPP/,207.jpg,8/17/2025 0:22,"Merah Putih di Menara Siger, Menyatukan Ragam Suku dan Budaya di Bumi Ragom Mufakat.

@pemkab.lampungselatan @radityoegi @m_syaiful.anwar #PESONAMERAHPUTIHLAMPUNGSELATAN #HUTKE80RI #WISATALAMPUNGSELATAN #RADITYOEGI #SYAIFULANWAR #KAWASANMENARASIGER #LAMPUNGSELATANMAJU #BISMILLAHBISA",Attraction,Siger,asia,pagoda,palace,0.337053,0.135897,0.105383
https://www.instagram.com/p/DNch-4sSM_P/,208.jpg,8/17/2025 6:18,"Dirgahayu Indonesia-ku 🇮🇩 Selamat Hari Kemerdekaan ke-80. Indonesia Tangguh, Indonesia Tumbuh. Kemerdekaan adalah ruang bagi kita untuk tumbuh menjadi bangsa yang kuat.

#pesonamerahputihlampungselatan  #hutke80ri #wisatalampungselatan #radityoegi #syaifulanwar #kawasanmenarasiger #lampungselatanmaju #bismillahbisa",Attraction,Siger,amusement park,water park,plaza,0.133236,0.10646,0.07859
https://www.instagram.com/p/DD3W6caTsPL/,209.jpg,12/22/2024 3:07,"Cobain perahu yang ada di Pantai Bagus Kalianda dengan harga 20k/orang dan tiket masuk 20k karena weekend. Pantainya bersihh petugasnya juga ramah ramah serba sat sett deh, worth it buat acara fun game krna area nya luass bngtt besttt

@bagus_beachwalk

#pantaibagus #pantaibaguskalianda #kaliandaresort #tempat_wisata_lampung #kelampunggeh #kelampungaja #lampunginsta #wisatalampung #pariwisatalampung #lampungthetreasureofsumatra #infopantai #infopantailampung #wisatalampungselatan #lampunghits #kelampungyuk",Attraction,,rope bridge,park,outdoor,0.913975,0.012247,0.011821
https://www.instagram.com/p/Cart69tPyoC/,210.jpg,3/4/2022 13:10,"Lampung Selatan memang selalu ada saja wisata menarik untuk di kunjungi. Salah satunya adalah wisata gunung batu yang berlokasi di Desa Srikaton, Kecamatan Tanjung Bintang, Kabupaten Lampung Selatan. 
Di sini, kalian dapat melihat fenomena alam berupa hamparan bebatuan dengan ukuran yang bervariasi. Dari yang kecil hingga yang sangat besar. Kondisi sekitar Gunung Batu masih sangat alami. Dari atas bebatuan, kalian dapat melihat hamparan pepohonan, seolah2 kalian berada di hutan hijau. Sangat menarik. Wisata Gunung Batu, tempat indah tersembunyi yang belum banyak terekspos wisatawan. Parkirannya luas, terdapat gazebo untuk bersantai. Harga sewa gazebo 15 ribu rupiah. Harga tiket masuk 10 ribu rupiah.
Yuk, ke lampung selatan !
Salam, kurnianoen travelling
.
.
.
#wisatagunungbatutanjungbintanglampungselatan #wisatagunungbatulampung #culinarytravelling #kurnianoen #wisatalampungselatan #dinaspariwisatalampungselatan #pariwisatalampungselatan #lampung #gunungbatulampung #gunungbatulampungselatan #lampungselatan #gunungbatutanjungbintang #gunungbatutanjungbintanglampungselatan #gunungbatusrikaton",Attraction,,mountain path,vineyard,wild,0.209991,0.096205,0.063248
https://www.instagram.com/p/CdNg_ZgLvHJ/,211.jpg,5/6/2022 9:14,"Dulu cuma bisa liat di gambar anak sd. 
Ada pantai dibawah gunung. 
Setelah usia 31th baru bisa liat yg aslinya. 
#wisatalampungselatan #wisatalampung #pantailampung",Attraction,,ocean,beach,coast,0.367138,0.221601,0.213857
https://www.instagram.com/p/C9RvzUxSXPw/,212.jpg,7/11/2024 9:25,"Masyaallah 🌻,
Sandy beaches, ocean breezes, 
Ocean vibes only ☺️
.
.
.
#minangruabeach #wisatalampungselatan #lampunggeh #pantai🌴 #lampunginsta #lautindonesia #outfitinspiration #outfitoftheday #gayafotokekinian",Attraction,,beach,coast,ocean,0.336237,0.186332,0.157667
https://www.instagram.com/p/Ctn8LDfLV5R/,213.jpg,6/18/2023 7:54,"Why don't you have wings to fly with
Like the swallow so proud and free?
How the winds are laughing,
They laugh with all their might.
...

Alias

Menertawakan flek hitam yg muncul, akibat sunscreen yang insecure, dihadapan matahari pelabuhan, yang semangat membakar wajah selama 16 hari. Thanks.

Btw, hati yang terbakar meninggalkan flek hitam juga gak ya? OMAIGAT.

#memories #burnt #wisatalampungselatan",Attraction,,outdoor,playground,beach,0.385537,0.13643,0.13642
https://www.instagram.com/p/CT9cLmsPMD6/,214.jpg,9/18/2021 10:41,"Tempat yang nyaman buat kalian olahraga ataupun liburan nih sobat😍

Olympic pool 

#slanikwaterpark 
#slanikwaterparklampung 
#wisatalampung 
#wisataair 
#wisatalampungselatan 
#thelargestwaterparkinlampung",Attraction,,outdoor,water park,outdoor,0.663663,0.182158,0.04652
https://www.instagram.com/p/CXbX18RpWdK/,215.jpg,12/13/2021 15:15,Wisata Perengan Anteng Karang Anyar Lampung Selatan 🏞️✨😊 #wisata #wisatalampung #wisatalampungselatan #perengananteng,Attraction,,botanical garden,formal garden,park,0.452214,0.102157,0.066567
https://www.instagram.com/p/CmTXzY9LUYR/,216.jpg,12/18/2022 8:32,"Masih dengan vitamin sea🏝️
.
#janah2410 #fff💋 #lflfff❤ #lfl💛 #lfl❤️ #flfl💛 #flf❤ #flf  @tempat_wisata_lampung @selebgram.lampuung #wisatalampungselatan #selebgramlampuung @pantaimaja_official #ootdstyle #ootddaily #ootdfashion #ootdhijab #selebgramlampung_id #ootdselebgram #selebgramlampung_ #gadisindonesia37 #selebgramindonesia #remajaindonesia37 #fypindonesia #remajaindonesiaaaa #fypシ❤️💞❤️ #fypinstagram #fypシ #ａｅｓｔｈｅｔｉｃ #pantaiindonesia #beachvibes",Attraction,,outdoor,water park,amusement park,0.209466,0.169132,0.066827
https://www.instagram.com/p/CmmSKMqvWWa/,217.jpg,12/25/2022 16:48,Kebersamaan Hari ini dgn Keluarga Achmad di Pantai Villa Resort Rumayya Lampung Selatan Bakauheni 📍✨🌊👍🏻😇😊 #kebersamaan #kebersamaankeluarga #wisata #wisatalampung #wisatalampungselatan #lampungselatan #lampung #kalianda #bakauheni,Amenities,,campus,outdoor,hospital,0.208369,0.173696,0.12959
https://www.instagram.com/p/DH7Q6RwzLzc/,218.jpg,4/2/2025 1:37,Thank’s to @deanurarlikafasa 🫰yg udah fotoin ❤️ #wisatalampungselatan,Attraction,,swimming hole,natural,lock chamber,0.216518,0.140578,0.092518
https://www.instagram.com/p/Clti3_Op8Ds/,219.jpg,12/3/2022 15:57,"Like it💫
.
#janah2410 #fff💋 #lflfff❤ #lfl💛 #lfl❤️ #flfl💛 #flf❤ #flf  @tempat_wisata_lampung @selebgram.lampuung #wisatalampungselatan #selebgramlampuung @pantai_keduwarna #ootdstyle #ootddaily #ootdfashion #ootdhijab #selebgramlampung_id #ootdselebgram #selebgramlampung_ #gadisindonesia37 #selebgramindonesia #remajaindonesia37 #fypindonesia #remajaindonesiaaaa #fypシ❤️💞❤️ #fypinstagram #fypシ #ａｅｓｔｈｅｔｉｃ #nightlights #night #nightvibes",Attraction,,amusement park,campsite,playground,0.181848,0.085828,0.076737
https://www.instagram.com/p/CQlzc4vLNwW/,220.jpg,6/26/2021 16:49,"Syukuri apa yang kamu punya saat ini

#vixionjinjit_indonesia#vegator_id#inivega#fake_vega_indonesia#fakevegajupiter#fake_vega_id#vegaallseries#wisatalampung#wisatalampungselatan#vegariderbaperindonesia#bikershits_indonesia_id#selegram_bikersid#bikersbebeknusatara#bebektouring_indonesia#bikerspiknik#cbradventure#vegarider_id",Attraction,,cultivated,rice paddy,valley,0.214783,0.14172,0.135959
https://www.instagram.com/p/DNb8kGDSmCA/,221.jpg,8/17/2025 0:51,"""Indonesia tak muda lagi, namun perjuangan tak berhenti. Tetap majukan negeri dengan putra-putri sendiri""
BISMILAH LAMPUNG SELATAN MAJU BISA
@pemkab.lampungselatan
@radityoegi
@m_syaiful.anwar 
#pesonamerahputihlampungselatan
#wisatalampungselatan
#hutke80ri #radityoegi #syaifulanwar #kawasanmenarasiger #lampungselatanmaju #bismillahbisa #",Attraction,Siger,promenade,boardwalk,lock chamber,0.659203,0.139345,0.03795
https://www.instagram.com/p/C3CfY2bhZa6/,222.jpg,2/7/2024 8:04,"....................

About a Journey

#pantaimarina #pantaimarinalampung #wisatalampung #wisatalampungselatan #fotography",Attraction,,picnic area,exterior,coast,0.198898,0.091132,0.068768
https://www.instagram.com/p/Cvm1RIkPxKE/,223.jpg,8/6/2023 14:37,"Krakatau Park - Lampung
____________________________________
Terletak di bagian selatan propinsi lampung yang berdekatan dengan pelabuhan bakauheni dengan jarak 92KM dari Kota Bandar Lampung dan juga salah satu dari jatim park group.
Cocok untuk menghabiskan waktu bersama keluarga dan banyak wahana permainannya
.
.
.
#krakataupark 
#krakatauparklampung 
#lampung 
#wisatalampung 
#wisatalampungselatan 
#traveler 
#traveling 
#qualitytime 
#myfamilymyadventure",Attraction,,soccer field,outdoor,football,0.316564,0.304817,0.101378
https://www.instagram.com/p/CmmRxOlpGfU/,224.jpg,12/25/2022 16:44,Kebersamaan Hari ini dgn Keluarga Achmad di Pantai Villa Resort Rumayya Lampung Selatan Bakauheni 📍✨🌊👍🏻😇😊 #kebersamaan #kebersamaankeluarga #wisata #wisatalampung #wisatalampungselatan #lampungselatan #lampung #kalianda #bakauheni,Amenities,,outdoor,outdoor,ticket booth,0.494711,0.076688,0.073509
https://www.instagram.com/p/CkU4XyErG2d/,225.jpg,10/30/2022 5:33,"View of Kalianda beach
.
#janah2410 #fff💋 #lflfff❤ #lfl💛 #lfl❤️ #flfl💛 #flf❤ #flf #wisatalampung @tempat_wisata_lampung @pantai_keduwarna @selebgram.lampuung #wisatalampungselatan #flflflflflflflflflflfl❤️ #pantaiindonesia #pantaiminangrua #selebgramlampuung #ootdstyle #ootddaily #ootdfashion #ootdhijab #selebgramlampung_id #ootdselebgram #selebgramlampung_ #gadisindonesia37 #selebgramindonesia #remajaindonesia37 #fypindonesia #remajaindonesiaaaa #fypシ❤️💞❤️ #fypinstagram #fypシ #ａｅｓｔｈｅｔｉｃ",Attraction,,natural,pier,water,0.240017,0.093523,0.06735
https://www.instagram.com/p/Cmss4Sir1QD/,226.jpg,12/28/2022 4:37,"Save here!
.
#janah2410 #fff💋 #lflfff❤ #lfl💛 #lfl❤️ #flfl💛 #flf❤ #flf  @tempat_wisata_lampung @selebgram.lampuung @lampungselatanexplore #wisatalampungselatan #selebgramlampuung @pantai.marina.official @lampungexplore_id #ootdstyle #ootddaily #ootdfashion #ootdhijab #selebgramlampung_id #ootdselebgram #selebgramlampung_ #gadisindonesia37 #pantaimarina #remajaindonesia37 #fypindonesia #remajaindonesiaaaa #fypシ❤️💞❤️ #fypinstagram #fypシ #ａｅｓｔｈｅｔｉｃ #pantaiindonesia #beachvibes",Attraction,,ocean,coast,viaduct,0.127795,0.084587,0.075458
https://www.instagram.com/p/ChJ3KbbvkAI/,227.jpg,8/12/2022 9:16,"Just chill & enjoy 🌅

📍@muaraindahsuak 
Jl. Raya Suak Desa Suak Kec. Sidomulyo Lampung Selatan 

_______________
Follow & tag foto kamu 
IG @muaraindahsuak 
FB Muara Indah Suak 

________________
#muaraindahsuak #pantaimuaraindahsuak #pantailampung #pantailampungselatan #wisatalampung #wisatalampungselatan #piknik #healingvibes",Amenities,Fasilitas Olahraga,outdoor,playground,park,0.759965,0.087912,0.077211
https://www.instagram.com/p/DIS-BAUhDc3/,228.jpg,4/11/2025 6:34,"Pantai, pasir, dan jungle gym?
Bukan sekadar pantai—Rio by the Beach hadirkan petualangan mini lewat jungle gym yang seru dan aman untuk anak-anak ataupun dewasa✨🌊

#pantailampung #pantailampungselatan #wisatalampung #wisatalampungselatan #lampungku #riobythebeach #lampungselatan",Amenities,Fasilitas Olahraga,outdoor,beach,ocean,0.687039,0.126288,0.059481
https://www.instagram.com/p/CmnTkN0yCZm/,229.jpg,12/26/2022 2:19,"• way kalam waterfall •

Mimin minta maaf nih kalo sampe buat salah paham pass minta izin buat ambil foto ini..
😁😁

Gak bermaksud ko buat bikin masalah 🤣🤣.

.
.
Masih dalam moment ekplorasi bareng @gengkwaci_explore
Inframe . @adindasalsa_billa
.
.
.

Lokasi : 

Air Terjun Way Kalam
Desa Way Kalam
Kecamatan Penengahan
Kabupaten Lampung Selatan

Support by :
@pantai_minangrua
@airterjun_waykalam
@kopibw
@_rrrudi_yunianto
@wonderful.kalianda
@sintiafoto.ku
@tahunona
@wajahlampuung
@mtmapringsewu_lampung
@mtmakorwillampung
@ade_fadly_ig
@sewatenda_outdoorlampung

Nantikan Ekspedisi & Eksplorasi @gengkwaci_explore selanjutnya !!!
.
.

#ExplorasibersamaGengKwaci
#GengKwaciExplore
#GengKwaci
#SelaluBersamaSelaluBahagia
#WisataLampungSelatan
#PantaiMinangRua #AirTerjunWayKalam #Pokdarwis 
#kelampung_geh #kelampunggeh #nekadtravellerlampung #pesonalampung #kalianda #lampunguptodate",Attraction,,waterfall,rainforest,mountain,0.686597,0.116623,0.068929
https://www.instagram.com/p/CbAapLrvx9k/,230.jpg,3/12/2022 14:05,"Rindu aku rindu kamu..❤️
@pantai.marina.official 
#kalianda 
#lampungselatan 
#lampunghits 
#lampung 
#lampunggeh 
#wisatalampungselatan 
#wisatalampung",Attraction,,promenade,outdoor,park,0.247575,0.193392,0.140332
https://www.instagram.com/p/Cd_D87UPNzJ/,231.jpg,5/25/2022 15:02,"Sepintar dan semandiri apa pun seorang perempuan, dia tetap membutuhkan peta atau google map dari orang lain untuk menunjukkan arah perjalanannya. Sebab, kalau dibiarkan membaca peta atau google map sendiri, kerap kali dia tersesat. 

Perempuan tetap butuh kaki lain untuk membantunya melangkah.

🌍 Informasi wisata seputar Lampung Selatan 

Mau di repost ?? ..
Cara nya 
follow : 👇👇

|| @lampungselatanexplore
|| @lampungselatanexplore
|| @lampungselatanexplore

|| Hastag #lampungselatanexplore

Follow Facebook : ʟᴀᴍᴘᴜɴɢ ꜱᴇʟᴀᴛᴀɴ ᴇxᴘʟᴏʀᴇ

Foto menarik akan kami repost 😊

_______________________

Info wisata & kerjasama silahkan DM 💌
_______________________

Lampung, 25 Mei 2022
©@irmadewimeilinda

Lokasi : Curug Anakan | @airterjun_waykalam, Desa Way Kalam Kec. Penengahan Kab. Lampung Selatan

#DialogRasa  #AirTerjunWayKalam #LampungSelatan #Pariwisata #wisatalampung #wisatalampung #wisatalampungselatan #lampungselatanamazing #woderfulindonesia #writerpreneur #blogger #contentwriter #travellers #bloggertravel

#repost : @irmadewimeilinda",Attraction,,forest path,rainforest,bamboo forest,0.577729,0.212697,0.060296
https://www.instagram.com/p/CqMbgvkPA52/,232.jpg,3/25/2023 1:55,"The more I don't care, the calmer I am

#sanggarbeach_lpg#pantaikalianda #lampunghits  #wisatalampungselatan #lampunggeh #pantaiindonesia #wisataalam #flflflflflflflflflflflflflflflflflflflflflflflflflflflflflflflflflflflflfflfl💞💞💞💞💞💞💞💞 #fypシ #fypage #hijabfashion #hijabbers #muslimahindonesia #cantikberhijab #keindahanalamindonesia",Attraction,,beach,promenade,coast,0.364072,0.236119,0.091732
https://www.instagram.com/p/CresBr5BPa6/,233.jpg,4/26/2023 0:37,"Akun ini private,kalau friendly itu kan kamu
@wisatapunggungnaga01 
.
.
.

#wisatapunggungnaga #punggungnaga #punggungnagapadangcermin #punggungnagapesawaran #wisatalampung #lampunggeh #lampunghits #lampungkiyai #lampungupdateid #wisatalampungselatan #airterjun #airterjunlidahnaga #airterjunlampung #wisataairterjun",Attraction,,waterfall,creek,rainforest,0.569924,0.138621,0.12088
https://www.instagram.com/p/CWlH4vDPJzp/,234.jpg,11/22/2021 13:36,"“Apa yang datang dengan mudah belum tentu mampu bertahan lama, tapi yang bertahan dengan lama tidak akan datang dengan mudah""

📍 Pantai Marina,Kalianda

#pantai 
#pantailampung 
#lampung
#lampungselatan 
#kalianda 
#wisatalampung 
#wisatalampungselatan 
@pantai.marina.official 
@pantai_marina_official",Attraction,,coast,islet,lagoon,0.270827,0.205144,0.131533
https://www.instagram.com/p/Ca-WNxav8BK/,235.jpg,3/11/2022 18:48,"Self Healing terbaik adalah berdamai dengan diri sendiri, berdo'a, menikmati real life and istighfar is the best solution for any problem #wisatalampung #wisatalampungselatan #bukitpematangsunrise",Attraction,,hot spring,lagoon,pier,0.242837,0.15705,0.10983
https://www.instagram.com/p/CV-h_FnPclp/,236.jpg,11/7/2021 13:54,"Seandainya yang banyak itu saldo rekening ..
Bukan fikiran 🙄😆
Apalagi berat badan 🤦

📍Pantai Sebalang

#pantaisebalang 
#pantaisebalanglampung 
#pantaisebalangtarahan 
#wisatalampung 
#wisatalampungselatan",Attraction,,medina,vegetation,kasbah,0.378828,0.249191,0.050474
https://www.instagram.com/p/DNcTNrXyws3/,237.jpg,8/17/2025 4:09,"Merah putih di menara siger, menyatukan ragam suku dan budaya di bumi Ragom Mufakat
#pesonamerahputihlampungselatan #HUTKE80RI #wisatalampungselatan #radityoegipratama #syaifulanwar #kawasanmenarasiger #lampungselatanmaju #bismillahbisa",Attraction,Siger,promenade,plaza,carrousel,0.316025,0.113035,0.101107
https://www.instagram.com/p/Cd-Wl1sL9oy/,238.jpg,5/25/2022 8:26,"Santai di pantai usai pelatihan penjaga pantai
#minangrua
#kurnianoen
#pantaiminangrua
#dinaspariwisatalampungselatan 
#wisatalampungselatan 
#pariwisatalampungselatan 
@pantai_minangrua
@dinaspariwisata.lampungselatan",Amenities,,picnic area,playground,outdoor,0.178438,0.174347,0.162887
https://www.instagram.com/p/CjY81O8BbqR/,239.jpg,10/6/2022 22:57,""" White ""
.
.
.
@ini_rifandi & @rikaawd__ 
.
.
.
@asep_photography 
Info foto : 081289144788
.
.
#liburankeluarga 
#liburanmurah 
#yukliburan 
#konseptfoto 
#holidayandholiday 
#fotocasual📷 
#cassual 
#cassualstyle 
#hijabcassual 
#huntmode 
#hunthijab 
#weddingkalianda 
#weddingphotoshoot 
#preweddingoutdoormurah 
#weddingkalianda 
#kaliandaphotography 
#weddinglampungselatan 
#mystylemyway 
#womennature
#canon50mm18stm 
#nikkor50mm18g 
#wisatalampung 
#wisatalampungselatan
#preweddinglampungtimur 
#preweddinglampungselatan
#preweddingfotografer",Amenities,,hospital,exterior,alcove,0.156167,0.100572,0.078254
https://www.instagram.com/p/Ci302rXPzUY/,240.jpg,9/24/2022 2:12,"Gimana klo weekendnya ke @inkragarden_lampung aja
Berenang🏊 asyik,. Plus bacakan di taman yg ga kalah asyik 🥳🤩
Cukup bayar 5k 
bisa berenang sepuasnya 😂 ampe tutup juga boleh koq 😁
#taman#anak#kolamrenang #edukasi #edufunwithkids #happyfamily #happytime #healing #wisatalampung #wisatalampungselatan #airgunung",Attraction,,water park,outdoor,amusement park,0.579511,0.36037,0.029967
https://www.instagram.com/p/CabAWHWPO2V/,241.jpg,2/26/2022 1:24,"setelah melewati sekian purnama akhirnya bisa balik lagi ke air terjun ini, salah satu air terjun keren di Tanggamus tepatnya di desa Datar Lebuai, Kecamatan Air Naningan, masih banyak air terjun keren lainnya yang harus di kunjungi namun waktu tak cukup sehari
tanks bang @wawan._06 ya udah nganter kami explore air terjun yang keren
team explore
@myusufnugrahaa
@dedijuliandi3006
°
°
📍Air Terjun Queen, Des. Datar Lebuai, Kec. Air Naningan, Kab. Tanggamus, Lampung
°
°
#nikonindonesia #nikonteam #greatshotz #lampunglandscapers #geonusantara #geolampung #instanusantara #wisatalampungselatan #indonesiaphotography #ic_landscape #ic_longexposure  #cameraindonesia #genpilampung #lampunginsta #lampunggeh #pikniklampung #PantaiMinangRua #haidaindonesia
#siruifilters #siruiindonesia #siruiaustralia #focusonelampung #plazafotolpg #hipaae
#serikat_fi #fineart #kemenpar #composekld",Attraction,,waterfall,creek,rainforest,0.691115,0.105385,0.057784
https://www.instagram.com/p/CttifGFS4k1/,242.jpg,6/20/2023 12:05,"Rencana healing saat ini: menjauhkan diri dari omong kosong.

📍 green canyon
🌏 lampung selatan

#greencanyon #lampungwisata #kelampungaja #wisatakalianda #wisatalampungselatan",Attraction,,lagoon,islet,vegetation,0.202887,0.109902,0.075908
https://www.instagram.com/p/CayiZ2iBMyM/,243.jpg,3/7/2022 4:44,"Kpan MBK e foto kambek aku? 
  #pantaiminangrua #wisatalampung #wisatalampungselatan",Attraction,,beach,outdoor,snowfield,0.17074,0.059225,0.046191
https://www.instagram.com/p/CYsyLC5Pho4/,244.jpg,1/14/2022 6:03,"""udah pada kangen belum""
shoot terakhir bareng para suhu landscape om @amenk_alfariza dan om @gathoe18
°
°
📍@Karang Gigi Hiu, Tanggamus, Lampung
°
°
#nikonindonesia #nikonteam #greatshotz #lampunglandscapers #geonusantara #geolampung #instanusantara #wisatalampungselatan #indonesiaphotography #ic_landscape #ic_longexposure  #cameraindonesia #genpilampung #lampunginsta #lampunggeh #pikniklampung #PantaiMinangRua #haidaindonesia
#siruifilters #siruiindonesia #siruiaustralia #nikond600 #tamron1735 #focusonelampung #plazafotolpg #hipaae
#serikat_fi #fineart #kemenpar #composekld",Attraction,,coast,ocean,wave,0.291873,0.272928,0.171717
https://www.instagram.com/p/CugE6xCSOlk/,245.jpg,7/10/2023 3:08,"#pantai 
#pantaimarina 
#pantaimarinalampung 
#wisatalampung 
#wisatalampungselatan 
#kalianda",Attraction,,pagoda,asia,downtown,0.929581,0.013058,0.005756
https://www.instagram.com/p/CesPX4vBgkA/,246.jpg,6/12/2022 4:08,"Bermimpi lah dalam hidup jangan hidup dalam mimpi😚
@pantai.marina.official
#wisatalampung
#pantailampungselatan #wisatalampungselatan #pantailampung #pikniklampung #piknik",Attraction,,art studio,art school,childs room,0.225033,0.153969,0.067293
https://www.instagram.com/p/CQMu_bAJSr-/,247.jpg,6/16/2021 23:09,"we cannot es cape history🍃

#wisatalampung #wisatalampungselatan #lampungeksis #jalanjalanlampung #pantaikedu",Attraction,,beach,ocean,coast,0.336724,0.168219,0.158318
https://www.instagram.com/p/C7gaGoSPu7n/,248.jpg,5/28/2024 9:01,"Seru - seruan Di WAY PENAGA 🤗

☑ Salam kenal teman-teman, Kepoin kita dong. Yuk follow & saling support. Kunjungi channel yoututube kami juga ya (link ada di bio/profil/disematkan).

#waypenaga #seruseruanbareng #seruseruanaja #kaliandahits #wisatalampungselatan #wisatalampungku #potretkece #cekrek📷",Attraction,,rope bridge,tree house,japanese garden,0.172505,0.146865,0.123765
https://www.instagram.com/p/CR-c746JiZg/,249.jpg,7/31/2021 3:04,"#REPOST @abid_rabbani28 with @get__repost__app 😋 Hayo baru tau kan di Natar ada wisata air terjun?. Wisata ini sudah sejak lama ada tetapi belum terlalu dikenal, so kali ini gue kenalin ke kalian. Let's check it out. 
————————————————
🌍 Lokasi : Curup Pancuran Emas, Dusun Purwosari 2, Desa Negara Ratu, Kec.Natar, Kab.Lampung Selatan, Prov.Lampung, Indonesia. 
. 
#lampung #pariwisatalampung #lampunggeh #lampungeksis #apalampung #lampungindonesia #pesonalampung #traveller_lampung #selampung #travellergaul #travelingstoryy_ #bolang_lampung #pesonaairterjunsumatra #ootdlampungkece #genpilampung #backpackerlampung #gerbanglampung #disparbudlamsel #lampungselatanamazing #lampungselatan #curuppancuranemas #natar  #wisatalampungselatan #repostandroid #repostw10 #ootdlampungkece",Attraction,,rope bridge,amusement park,playground,0.670486,0.233421,0.041176
https://www.instagram.com/p/CTUkYQEPFKw/,250.jpg,9/2/2021 13:44,"𝗣𝗮𝗻𝗷𝗮𝗻𝗴 𝘂𝗺𝘂𝗿 𝘂𝘁𝗸 𝘁𝗲𝗺𝗲𝗻² 𝘆𝗴 𝘀𝗲𝗿𝗶𝗻𝗴 𝗯𝗶𝗹𝗮𝗻𝗴 : “𝗵𝗮𝗹𝗮𝗮𝗮𝗵 , 𝗸𝗮𝘆𝗮𝗸 𝘀𝗮𝗺𝗮 𝘀𝗶𝗮𝗽𝗮 𝗮𝗷𝗮”
______________________________

📍 Bendungan U25 umbulselawe , sidomukti - Lampung Selatan 

🔹🔹🔹🔹🔹🔹🔹🔹🔹🔹🔹🔹🔹🔹🔹🔹🔹
_____________________________________________

🔄 Silahkan Berbagi informasi di sini :
↪️ Share foto/Vidio mu dgn cara :

1️⃣ Follow Instagram :  @lampungselatanexplore

2️⃣ tag foto/ Vidio kalian ke @lampungselatanexplore

3️⃣ Gunakan hastag #lampungselatanexplore

4️⃣ Note : akun jangan di privat 🔐🔑

🔴 Foto / Vidio terbaik akan kami repost 🔃
___________________________________________

🌐FACEBOOK : Lampung Selatan explore

🔴Subscribe YouTube channel klik link di bio 👉👉

📩PP/indorsm DM 📩
_____________________________________________

#Repost @ummuhanii89
....
.
#pikniklampungkuy #pikniklampungselatan #potretlampunginsta #wisatalampungme #wisatalampungselatan
#ga_lampung_hits #langkahkakitraveller #gayapopuler #ijilampung #lampung446 #travellergaul #alamlampung #mampirlampung #pejalankakilampung #lampungkulampungmu #parapejalanlampung #lampungeksis #kelilinglampung #pematangsunrise #kelampungaja #wajahlampung #gerbanglampung #tempatwisatalampung #bukitpematangsunrise",Attraction,,natural,pond,campsite,0.364892,0.198143,0.099973
https://www.instagram.com/p/Cg1R3dzPcjH/,251.jpg,8/4/2022 9:25,"Tag bestie dan ayang mu gaess, ajak mingguan ke Muara Indah 😜

📍@muaraindahsuak 
Jl. Raya Suak Desa Suak Kec. Sidomulyo Lampung Selatan 

_______________
Follow & tag foto kamu 
IG @muaraindahsuak 
FB Muara Indah Suak 

________________
#muaraindahsuak #pantaimuaraindahsuak #pantailampung #pantailampungselatan #wisatalampung #wisatalampungselatan #piknik #healingvibesonly",Attraction,,lagoon,beach,coast,0.343987,0.273808,0.130767
https://www.instagram.com/p/CkDOr5wPFNL/,252.jpg,10/23/2022 9:01,"- @rio_47__ 
Beautyfull 😻🌊🐳

#lb #lbnewpost #lbc #lbworks #df #fff😊 #fblbrl #fb #virall #wisatalampung #wisatalampungselatan",Attraction,,beach,ocean,coast,0.644764,0.10601,0.080768
https://www.instagram.com/p/CMSEXcyMdRO/,253.jpg,3/11/2021 14:46,"Alhamdulillah, kita menambah gazebo baru untuk memanjakan para pengunjung menikmati keindahan sunset di Pantai Kedu Warna, kita tunggu ya kujungannya di Pantai Kedu Warna, terimakasih 🙏😀🙏
#pantai_keduwarna#sunset #sunsetphotography #wisatapantai #wisatalampungselatan #wonderfulkalianda #wonderfullampungselatan #wonderfulindonesia #kaliandaig",Amenities,Gazebo,beach house,coast,beach,0.119801,0.097426,0.09317
https://www.instagram.com/p/CkPGCMeS6sq/,254.jpg,10/27/2022 23:37,"Sudah akhir pekan aja ni kak, masih bingung mau kemana weekend kali ini, eitsss kagak usah bingung, Air terjun Citiis solusinya.

Air Terjun Citiis ini, merupakan satu dari beberapa objek wisata alam Air Terjun di Kabupaten Lampung Selatan.

Lokasi Air Terjun yang berada di bawah kaki Gunung Rajabasa dengan dikelilingi pohon-pohon hutan alami. Keindahan Air Terjun Citiis sangatlah menggoda untuk didatangi.

Hijaunya pepohonan khas Gunung Rajabasa yang masih alami, serta batu hitam dengan hiasan lumut menjadi pemandangan yang menyejukan mata.

Riak suara air yang turun dari ketinggian sekira 10-20 meter, seolah menjadi irama syahdu.
Perjuangan melelahkan, track memacu andrenalin akan terbayarkan sudah, kala mata menatap dan merasakan langsung kesegaran Air Terjun Citiis.
If @ekamaulanaiqbal_18

📍 Air Terjun Citiis, Rajabasa, Lampung Selatan.

#curug #waterfall #explorelampung #lampungselatan #wisatalampungselatan  #lampungmoment #visitlampung #wisatalampung #pesonalampung #genpilampung #pesonaindonesia #lampunggeh #lampunghits #lampungeksis #lfl #likeforlikes #likeforfollow #inilampungyay #potretlampung #lampunginsta #parapejalanlampung #pendakilampung #travellerlampung #lampungkece  #lampungpedia  #alamlampung #nature #instagood  #travelingindonesia #traveling",Attraction,,waterfall,rainforest,creek,0.860263,0.069672,0.02436
https://www.instagram.com/p/CVtdbpUPTA5/,255.jpg,10/31/2021 22:47,"Tidak pernah merasa lelah, untuk selalu berjuang melindungi keluarga.
.
Semangat hari Senin.
Semangat 1 Nopember.
Semangat pagi
Good morning

.
===========================
#landscape_photography #landscapephotography #photographylandscape
 #beautifulindonesia 
#landscapelovers  #loveindonesia  #photographylovers  #indonesiaku #lampunglandscapers  #lampunglandscape  #lampungphotography  #lampungexpoler #alamlampung_
#mata_lampungku 
#kebunkaret #jatiagunglampungselatan  #jatiagung  #pariwisatalampung  #pariwisatalampungselatan  #wisatalampung  #wisatalampungselatan  #gowescantik  #gowesholic  #gowessantai  #goweslampung  #gowesnusantara #gowessehat  #sepedaonthel",Attraction,,forest path,forest road,bamboo forest,0.844344,0.073741,0.026359
https://www.instagram.com/p/DNcNtHnyyk1/,256.jpg,8/17/2025 3:21,"Ikan sarden belinya di way Galih
Bupati keren, bupatinya lamsel niiiihh 😍🤗

Slide 1  selamat datang Bapak Bupati @radityoegi di Lapangan Menara Siger Bakauheni🙏

Alhamdulillah Bapak taun ini kami upacara 17 Agustusan gak jauh2 lagi ke kecamatan ke kabupaten, upacara cukup 150 m dr rumah dg View Menara Siger yang Luar Biasa Wah banget, bener2 di sulap jadi cuantik luar biasa😍😍

Slide 2 Ijin Bapak upload fotonya, foto penuh effort ini, banyak drama, ijin dr ajudan 1 acc tp di PHP lanjut ke ajudan 2 acc tp msh di PHP, akhirnya jalur salip sat set bisa foto bareng☺
udh dg posisi siap foto malah gak kesimpen
Nyalip2 lagi bisa foto lagi malah kaki ketendang orang, untung HP gak jatoh 😩 jadilah foto rada menyot 😀

Slide 3,4,5 Bareng temen2 tercinta @pkm_bakauheni_lampungselatan @ienha_septiana @noviantiefi2909 @astrieyannianggraini @anggarini848 @suriyatisaja @elinydodipurba @bidan_anasihombing  @hamamifarhan @niluh_maitri
@henirafka6

Slide 6 Tim Nakes Squad siap siaga jagain yg pada upacara (P3k) 💪💕

Slide 7,8 Tmn2 sing Ayu pake Baju Adat Nusantara

 Slide 10 Ngeleseh pas Abis Upacara ☺☺

Merdeeekaaa sekali merdeka 💪💪
Selama hayat masoh dikandung Badaaaann 🎵🎵🎵

DIRGAHAYU REPUBLIK INDONESIA KE-80
semoga Indonesia Semakin Maju💪 ❤‍🩹

Merah putih di Menara Siger,  menyatukan ragam suku dan budaya di bumi Ragom Mufakat 💕

@pemkab.lampungselatan 
@radityoegi 
@m_syaiful.anwar 

#pesonamerahputihlampungselatan 
#hutke80ri
#wisatalampungselatan
#radityoegi
#syaifulanwar
#kawasanmenarasiger 
#lampungselatanmaju
#bismillahbisa",Attraction,Siger,boat deck,amusement park,boardwalk,0.154391,0.110011,0.096833
https://www.instagram.com/p/CS-cxh3BXzL/,257.jpg,8/24/2021 23:34,"#Repost @johan_aza123
• • • • • •
Air Naningan

Standar

#wisatalampungselatan 
#lampunghits 
#lampungkece 
#lampungkeren 
#airnaningantanggamus 
#wisatalampungselatan 
#airterjunlampungselatan",Attraction,,waterfall,swimming hole,rainforest,0.715114,0.060384,0.027728
https://www.instagram.com/p/DNz232s5tL2/,258.jpg,8/26/2025 7:43,"Relax & recharge

#cafebakauheni #cafelampungselatan #wisatalampungselatan #wisatabakauheni 
#billiardbakauheni",Amenities,,repair shop,physics laboratory,mezzanine,0.305944,0.147993,0.064043
https://www.instagram.com/p/Cmstgq7LxHH/,259.jpg,12/28/2022 4:42,"Potret dari sudut mana aja tetap indah view nya💖
.
#janah2410 #fff💋 #lflfff❤ #lfl💛 #lfl❤️ #flfl💛 #flf❤ #flf  @tempat_wisata_lampung @selebgram.lampuung @lampungselatanexplore #wisatalampungselatan #selebgramlampuung @pantai.marina.official @lampungexplore_id #ootdstyle #ootddaily #ootdfashion #ootdhijab #selebgramlampung_id #ootdselebgram #selebgramlampung_ #gadisindonesia37 #selebgramindonesia #pantaimarina #fypindonesia #remajaindonesiaaaa #fypシ❤️💞❤️ #fypinstagram #fypシ #ａｅｓｔｈｅｔｉｃ #pantaiindonesia #beachvibes",Attraction,,watering hole,cliff,river,0.160749,0.11962,0.094836
https://www.instagram.com/p/CmbWPOSPmB5/,260.jpg,12/21/2022 10:52,"Asyiknya liburan ke @inkragarden_lampung 🤩🤗

Berenang sepuasnya 🏊🏊🏊
Bersama kawan dan keluarga

Terima kasih kunjungannya yg kesekian kali 😍😍👪💙

#inkragarden_lampung #tamanbunga #kolamrenang #kolamrenanganak #airgunung #liburankeluarga #libursekolah #liburakhirtahun #kalianda #kaliandarajabasa #hargopancuran #intaikrakatau #lampung #lampungselatan #wisatalampungselatan #wisatalampung",Attraction,,water park,amusement park,sandbox,0.652715,0.063939,0.052496
https://www.instagram.com/p/CPhG8j2M7-E/,261.jpg,5/31/2021 0:32,"Kincir ga, kincir ga, kincir ga ???
Kincir lah masa nggak ....

#wisatalampungselatan #wisatalampung",Attraction,,archaelogical excavation,creek,raft,0.194686,0.133279,0.114606
https://www.instagram.com/p/COHYqd3Fpzu/,262.jpg,4/26/2021 4:15,"Posted @withregram • @mulyasarii10 Gak Tau Kenapa Akhir-akhir ini Jarang Makan Siang 😁🤭
.
.
Semangat ya Puasanya,Happy Weekend 😎💪🌴☕
.
.
.
@bukitpematangsunrise Bakauheni,Lampung Selatan 
.
.
.
.
#jelajahsumatera #selampung #wajahlampung #lampungeksis 
#bukitpematangsunrise #wisatalampungselatan",Attraction,,islet,picnic area,coast,0.293865,0.091527,0.07136
https://www.instagram.com/p/CcMvbRuv0cj/,263.jpg,4/11/2022 5:29,"Waterboom in Krakatau Kahai Beach Hotel

#kahaibeachlampung#kahaihotel#waterboomkahaibeach#wisatalampungselatan#explorelamoung#objekwisatalampungselatan",Attraction,,campus,outdoor,plaza,0.140743,0.110648,0.068935
https://www.instagram.com/p/Cm3ZjL8yUyG/,264.jpg,1/1/2023 8:19,"Yang ku tahu kita sudah menjadi asing dan memilih jalan nya masing masing .
.
.
.
@lummayvillaresort @pantaiminangrua_lampung @wisatalampung @wisata_lampunghits @gvr.travellinglampung @explorewisatalampung @wisatalampung_lampungwisata @wisata_lampunghits @ga_lampung_hits @lampunghits__ @lampunghits.id @sobatlampung @lampung_hits01 
#lummayvillaresort #pantaiminangrua #wisatalampung #wisatalampungselatan",Amenities,Villa Resort,outdoor,pharmacy,motel,0.574129,0.070616,0.062416
https://www.instagram.com/p/CUxOI7lv9Px/,265.jpg,10/8/2021 13:19,"PANTAI SETIGI HENI
Objek wisata rekreasi keluarga yang nyaman, dengan pemandangan laut dan pasir hitam yang memanjakan mata.
 #wisatalampung 
#wisatalampungselatan 
#pecintaalam 
#peta 
#mtma 
#mapala",Attraction,,ocean,harbor,water park,0.157701,0.131223,0.118671
https://www.instagram.com/p/CnKBDa6vdcP/,266.jpg,1/8/2023 13:51,"📍Sunset di Villa wartawan demansion

Pemandangan indah dari Wartawan Demansion melihat gunung krakatau🌋
#lampungexplore #wisatalampungselatan #infolampung #sunset",Attraction,,interior,patio,restaurant patio,0.709708,0.069159,0.058625
https://www.instagram.com/p/Cbt04-kP-No/,267.jpg,3/30/2022 5:21,"Air Terjun Way Tayas
---------------------
RUN // ME TIME // VASELINE

Mungkin bagi sebagian besar orang termasuk saya, sebelum mencoba olah raga lari pasti akan berpikiran bahwa olah raga lari adalah olah raga yang sangat membosankan karna kita harus berlari berkilo-kilo meter dan menghabiskan waktu bejam-jam, dibawah teriknya nya matahari yang mempunyai efek buruk bagi kulit kita.
.
Tetapi ternyata pikiran saya salah, saya merasakan hal yang berbeda ketika memulai olah raga lari. saya merasa berlari adalah waktu yang tepat bagi diri saya mendapatkan “Me Time”, yang membuat perasaan saya senang dan tenang, saya juga selalu mendapatkan semangat/energi baru ketika setelah berlari untuk menjalani aktifitas selanjutnya, bahkan saya sangat sering mendapatkan ide-ide baru dan luar biasa ketika sedang berlari. lari sama sekali tidak pernah membuat saya merasa bosan walaupun saya berlari 4-6 kali setiap minggunya,
.
Apalagi klo larinya di temenin sama produk daily suncare andalan saya dari vaselin.
Yuppss… benar vasilin baru ngeluarin produk daily sun care yang di import langsung dari korea, seperti yang kita tahu korea adalah pusatnya tempat pembuatan produk personal care/kosmetik yang berkualitas dan karena dibuat di korea pastionya produk ini cocok untuk kita yang memiliki kulit asia. vaselin daily sun care ini yang sangat cocok untuk kita yg suka olahraga diluar ruangan karena memiliki keunggulan:
.
✅Mengandung bahan petroleum jelly yang berfungsi mengunci dan mejaga kelembapan kulit agar tetap terhidrasi
✅melindungi kulit dari paparan sinar matahari dan sinar uv 🌞
✅Waterflux Technology yang ringan dan tidak lengket serta mudah menyerap
✅No white cast yang membuat muka saya tidak belepotan sana sini.
.
Jadi gak perlu takut lagi deh untuk mendapatkan manfaat dan kebaikan lari dibawah teriknya matahari karna ada vaselin daily sun care.
.
TAMPIL PERCAYA DIRI DAN TERLINDUNG DARI SINAR MATAHARI DENGAN VASELINE SUN CARE “Chin Up Under The Sun”🌞

#ChinUpUnderTheSun #VaselineSunCareIndonesia #VaselineBerlinRun2022⁣
#berlinrun2022
#VaselineSunCareBerlinRun2022

#runhappy #lampungselatanexpore 
#wisatalampungselatan #kaliandaig 
#kaliandakeren
#running #runners #vaseline",Attraction,,waterfall,creek,rainforest,0.426535,0.177601,0.100934
https://www.instagram.com/p/C13QWDySHNa/,268.jpg,1/9/2024 2:50,"Ku tunggu kau di warung pojok🤣😂

#deogratias #begrateful #marinalampung #pantaimarinalampung #wisatalampung #wisatalampungselatan #healing",Attraction,,promenade,plaza,park,0.475562,0.074251,0.074246
https://www.instagram.com/p/CLy7ek2lxza/,269.jpg,2/27/2021 12:32,"""Alam menciptakan kemapuan, keberuntungan melengkapi Nya dengan kesempatan ;) ""

. 
. 
. 
. 

#lfl❤️ #lflfff❤ #lfl_fff_l4l_lforl_likeforlike_f4f_fforf_followforfollow💕 #lflwisataalam #wisatalampungselatan #airterjunanglowayrataipadangcermin3 #lfl❤️",Attraction,,hot spring,swimming hole,rainforest,0.444209,0.352512,0.033625
https://www.instagram.com/p/Cd8fMOwv4NF/,270.jpg,5/24/2022 15:02,"Titik 0 km masuk pulau Sumatera.
.
Lokasi : Menara Siger - pelabuhan Bakauheni - Lampung Selatan
.
Salam Sehat
.
=========================,

#landscape_photography #landscapephotography  #photooftoday #photographylandscape #photography_landscape #photography_indonesia  #beautifulindonesia 
#landscapelovers  #loveindonesia  #photographylovers  #pesonalampunginsta  #indonesiaku #lampunglandscapers #wisatapantai #wisatalampung  #lampungexpoler  #pantai #bakauheni  #beach #beachlover  #menarasiger #wisatalampungselatan #travelphotography #fff💋  #fff  #fff😊 #traveling  #travelblogger",Attraction,Siger,sky,highway,motel,0.374634,0.147432,0.109917
https://www.instagram.com/p/Cxb1bE4RWpg/,271.jpg,9/21/2023 1:10,"⛱️, Minang Rua💙

#lampungselatan #bakauheni #minangruabeach #pesonaindonesia #wisatalampungselatan #wisatalampung #wisataindonesia #beach",Attraction,,rice paddy,botanical garden,zen garden,0.746494,0.041768,0.033041
https://www.instagram.com/p/CX3fYtxpl-F/,272.jpg,12/24/2021 13:20,"Wayblerang simpur kalianda
.
.
.
#kalianda #lampunghits #insta #kaliandakeren#wisatalampungselatan",Attraction,,hot spring,rope bridge,volcano,0.838556,0.032966,0.017675
https://www.instagram.com/p/C7I9hxkS8Y5/,273.jpg,5/19/2024 6:29,"#tripbatulapis #pantaibatulapis 

13 Mei 2024 , 
Trip to Batu Lapis Kalianda kali ini jadi momen paling seru sepanjang pengalaman kami mengunjungi pantai di Lampung.

Seru dan memacu Adrenalin! 
But Worth to lving for!

Akses jalan menuju lokasi bagus dan lancar, 
2 jam jalan darat lewat Tol , di lanjudkan perjalanan 1 jam menuju Kahai beach Resort , yang alhamdulillah lancar jaya.

Parkir mobil bisa di Kahai Resort, terus jalan kaki 600m menuju pantai nelayan setempat. 
Kita harus menyebrang  utk bisa ke Pantai Batu Lapis. 

Pantai ini sepi seperti terlantar dan tak berpenghuni, kalo mau jujur agak ngeri dan Takut,

Alhamdullillah, ketemu beberapa warga Nelayan, yg masya Allah ramah2 dan baik banget
Mereka bilang, beberapa tahun sebelum Pandemi Covid19 tempat ini ramai di kunjungi Backpacker dan wisatawan yg menyukai tempat2 ekstrim dan  eksotis,
Namun Pandemi dan Letusan Gunung anak Krakatau beberapa tahun yg lalu menjadikan tempat ini sepi, terbiar  dan  tak lagi di jamah pengunjung. 

Well , karena kita udah sampe sejauh ini dan Penasaran,
Kami  naik perahu nelayan penangkap ikan , menuju ‘Hidden Paradise’  Batu Lapis.
Mengucap Syukur kepada Allah atas nikmat sehat dan kesempatan , menikmari indahnya alam ciptaan-Nya, 
Pengalaman yg menjadi momen paling berkesan sepanjang hidup 🤲🏻❤️

#hiddenparadise #pantai #wisatalampung #wisatalampungselatan #pantaibatulapis #pantaibatulapiskalianda",Attraction,,cliff,coast,ocean,0.545776,0.110602,0.059189
https://www.instagram.com/p/Ce3iE-pJyH2/,274.jpg,6/16/2022 13:23,"''Jalani yang sudah jadi jalan nya.''
.
.
.
.
.
#wisatalampungselatan #lampungselatan #kaliandalampungselatan📍 #lampunggeh #wisataindonesiakeren🇲🇨",Attraction,,ocean,coast,beach,0.381878,0.27009,0.138352
https://www.instagram.com/p/CLba4HNnpv1/,275.jpg,2/18/2021 9:25,"Tuan! Pada senja sore hari ini, kutitip salam rindu untukmu yang entah aku tidak tahu kapan Allah takdirkan kita bertemu. Satu yang pasti, semoga Allah selalu meridhai setiap langkahmu dalam hal kebaikan dan langkah kakimu segera sampai menujuku. #DiaryMeymey

📸 @andri.stwn2
🏖 @pantai_minangrua, Bakauheni, Lampung Selatan

#sajakmeymey #pantaiminangrua #pesonaindonesia #inilampungyay #explorewisatalampung #lampungselatanamazing #lampungkuindah #disparbudlamsel #lampungselatan #wonderfullkalianda #wisatalampungselatan #kaliandaig #bakauheni #lampung #Indonesia #amazing #banggatinggaldiindonesia #lampungholiday_ #traveller #travelling #pegiatliterasi #pegiatwisata #relawan #bloggers #vloggers #senja",Attraction,,watering hole,ocean,harbor,0.153598,0.128844,0.107507
https://www.instagram.com/p/ChEem9BBiUH/,276.jpg,8/10/2022 7:05,"📌@hutan_mangrovelampung 

#lampunghits #lampunggeh #wisata #wisatalampungselatan #pesawaranlampung #pesawaran #ets #procreate #photo #photograph #phorographer",Attraction,,boardwalk,swamp,marsh,0.253239,0.143843,0.09155
https://www.instagram.com/p/CJ6gy1kM23s/,277.jpg,1/11/2021 18:10,"Duduk di beanbag Bersama orang2 tersayang, menikmati sunset diiringi musik acoustik, Yaa itulah kita.. pecinta keindahan Sang Pencipta #pantai_keduwarna #wisatalampungselatan #wonderfullampungselatan #wonderfulkalianda #wonderfulindonesia #kaliandaig #pantai #sunset",Attraction,,windmill,heliport,airfield,0.672693,0.143108,0.030803
https://www.instagram.com/p/Csd3zMXy_rP/,278.jpg,5/20/2023 13:32,"Mau foto dari sudut manapun view nya tetap indah @pantai.marina.official 
.
.
.
.
#pantaimarina 
#pantaimarinakalianda 
#pantaimarinalampungselatan 
#wisatalampungselatan",Attraction,,lagoon,islet,beach,0.223288,0.19101,0.143656
https://www.instagram.com/p/CdhhB69pqUo/,279.jpg,5/14/2022 3:39,"Istirahat sejenak dari hiruk pikuk kehidupan dunia ❗
-
-
- #wisatalampungselatan  #traveling  #jalanjalan  #wisatalampung #lampunghits",Attraction,,lagoon,beach,ocean,0.464096,0.413646,0.040565
https://www.instagram.com/p/DTkyNK2EvkF/,280.jpg,1/16/2026 14:22,"memories in January
#storytime 
#intagramreels 
#holidayseason 
#lampunghits 
#lampunggeh 
#wisatalampungselatan",Attraction,,coast,ocean,marsh,0.092968,0.084077,0.079852
https://www.instagram.com/p/CU1Pz4clHn1/,281.jpg,10/10/2021 2:51,"Laksana mingke menenangkan Anelis🌻
.
.
LOC📍:Desa Sukaraja Kaki gunung Rajabasa
. 
. 
From @dimassoooooooooo
. 
. 
#kaliandahits #wisatalampungselatan #wisatalampung #kalianda #kaliandaig #gunungrajabasa #pendakicupu #backpakerindonesia #backpakerstory #nebengsehat
.
.
Jangan lupa abadikan momen petualanganmu dengan tag ke akun @pendakicupu.lampung disertai #pendakicupulampung

jangan lupa follow
@pendaki.cupu 
@pendakicupusrikandi
@pendakicupusumbar
@pendakicupusumsel
@pendakicupu.jakarta
@pendakicupuyogyakarta
@pendakicupujabar
@pendakicupu.jatim
@pendakicupujateng
@pendakicupujakarta
@pendakicupusumut
@pendakicupubengkulu
@pendakicupukaltara
@cupu.store",Attraction,,rice paddy,pasture,wild,0.259772,0.161362,0.095941
https://www.instagram.com/p/DNcOKc3hyFC/,282.jpg,8/17/2025 3:25,"""Indahnya alam Lampung Selatan berpadu dengan semangat Merah Putih.
Di setiap langkah wisata, ada cinta pada negeri yang kita jaga bersama.
Dirgahayu Republik Indonesia ke-80! 🇮🇩

#PESONAMERAHPUTIHLAMPUNGSELATAN #HUTKE8ORI #WISATALAMPUNGSELATAN #RADITYOEGI #SYAIFULANWAR #KAWASANMENARASIGER #LAMPUNGSELATANMAJU #BISMILLAHBISA.",Attraction,Siger,water park,outdoor,ski resort,0.216425,0.127744,0.097873
https://www.instagram.com/p/DUR2yclkhQJ/,283.jpg,2/3/2026 2:28,"The best is yet to come,,patient😊
#storytime 
#wisatalampungselatan 
#lampunghits 
#viralpost 
#fypシ❤️",Attraction,,interior,rope bridge,boat deck,0.789174,0.053032,0.030374
https://www.instagram.com/p/CW8HbuYvLdH/,284.jpg,12/1/2021 11:55,"Titian mutiara beach, berlokasi di desa betung, kecamatan rajabasa, kabupaten lampung selatan, provinsi lampung, Indonesia.
Titian mutiara beach adalah wisata terbaru di pesisir rajabasa.
Jika kalian dari kota kalianda, ke arah dermaga bom. Sekitar 10 menit perjalanan dari dermaga bom, sebelah kanan kalian ada jalan masuk ( jalan masuk hanya muat 1 mobil ).
 Dahulunya, tempat ini adalah lahan  kosong tidak terpakai. Atas gagasan pemilik, tempat ini di jadikan tempat wisata yang keren.
Berada di sini, seperti kita berada di bali, dengan suasana khas bali.
Di sini terdapat banyak fasilitas. Ada kolam renang yang dalam pembangunan, musholla, toilet. Selain itu ada tempat duduk dengan payung khas bali, dan ada juga beberapa gazebo untuk bersantai.
Di titian mutiara beach, terdapat way titian yang sudah ada sejak tahun 1800. Menurut cerita, way titian adalah tempat pemandian para putri raja, sebelum gunung krakatau meletus di tahun 1883. 
Oh ya, untuk tiket masuk 10 ribu rupiah. Mobil 10 ribu rupiah. Dan motor 5 ribu rupiah. Di sini terdapat makanan khas titian olahan seafood, rasanya seperti tomyam. Dan yang pastinya, ada kelapa muda yang sangat lembut, yang menjadi minuman khas di pantai titian mutiara beach.
Yuukk..wisata ke lampung selatan !
Salam, kurnianoen travelling
@titianmutiarabeach @syah_herwan @dinaspariwisata.lampungselatan @wisatalampungselatan .

#kurnianoen #wisatalampungselatan #pariwisatalampungselatan",Attraction,,picnic area,beer garden,pier,0.254679,0.157778,0.073142
https://www.instagram.com/p/C7frzxYyyT7/,285.jpg,5/28/2024 2:16,".
Terkadang sekali2 foto nampal belakang nya aja itu perlu….
Kalau depannya sudah keseringan 🤩

.
.
.

💃🏿💃🏿💃🏿💃🏿💃🏿💃🏿…..28 Mei 2024

#alhamdulillah 
#happyholiday 
#ukhticantik 
#lampung 
#pantaimarina 
#pantaimarinakalianda 
#pantaimarinakaliandalampungselatan 
#wisatalampung 
#wisatalampungselatan 
#wisatalampungexplorer 
#wisatalampungindonesia",Attraction,,clothing store,topiary garden,gift shop,0.297378,0.08881,0.045811
https://www.instagram.com/p/DDFKZjAvQ18/,286.jpg,12/2/2024 15:15,"Pindah tidur disini aja, bawa tenda tas gede, ngopi sebat Hahaa..Hiihii.. besok kita pikirkan lagi. 🏕🏝

📍Bukit Slimpuyang, Suak Sidomulyo Lampung Selatan @pantai_cukuh_perak 

Colab @squadpps_ x @mendadakmuncaklpg 

#bukitslimpuyang #wisatalampung #lampunghits #lampunginsta #lampunggeh #lampungupdate #kalianda #sidomulyolampungselatan #lampungselatan #pantaicukuhperak #pejalankakilampung #sahabatpendakilampung #pendakilampung #mendadakmuncak #pendakipalingsantuy #lampungreels #lampungkeren #pariwisatalampung #lampung #wisatalampungselatan",Attraction,,campsite,topiary garden,vegetable garden,0.205242,0.068446,0.059854
https://www.instagram.com/p/ClKaplGByVJ/,287.jpg,11/20/2022 0:32,"Life for a cause not for applause
.
.
.
.
.
.
📍Bukit Slimpuyang - Sidomulyo
.
.
#bukitslimpuyang #bukitslimpuyangsidomulyo #lampunghits #lmpunggeh #wisatalampung #wisatalampungselatan #eksplorelampung #eksplorelampungselatan #lampunginsta #lampunghits #lampungupdateid",Attraction,,coast,mountain path,cliff,0.189976,0.162948,0.132393
https://www.instagram.com/p/Cc3pU-rvLjD/,288.jpg,4/27/2022 21:23,"Pesona keindahan lampung dari Bakauheni, Bakauheni, Lampung Selatan

Walau mata tak bisa menilai, ada hati yg masih melihat .... 🤪🤪🤪

Reposted from : @agung_anugra86
📌Loc : Bukit pematang Sunrise, Bakauheni Lampung Selatan

Yuk bagikan aktivitas wisata mu di @lampungtour.id
.
.
.
.
.
.
.
.
.
.
.
#wanitaberhijab #wanitacantik #ootdhijab #hijabfashion #explorelampung #wisatalampungselatan #lfl#lfl💛lfllflfllffllflflflflflflflflfllflflflflflflflflflflflflflflflflflflflflflflflflflflflflfllflflflflflflflflfllflfllflflflflflflfllflflflflflllfl #lfl💛 #lflfff❤ #like4likes #likeforlikes #likeforfollow #follow4followback #followfollowfollow #fff #fff😊 #fff😊ff💋ff👌ff💕4f❤️🔝🔫💣44follow４followforfollow４f4frs4likeforlikeforfollow4likeforlikesback44likes4me4lramahhits #fff💋 #lff❤ #lfflfff😊ff💋ff👌ff💕4f❤️🔝🔫💣44follow４followforfollow４f4frs4likeforlikeforfollow4likeforlikesback44likes4me4lramahhit",Attraction,,exterior,water park,beach house,0.140538,0.096435,0.083802
https://www.instagram.com/p/Ck6x4S4Bxra/,289.jpg,11/13/2022 22:47,"Sabar itu mahal makanya hadiahnya surga,kalau murah hadiahnya pasti cuman dispenser 👻
.
📍Pantai Suak - Sidomulyo
.
.
.
.
.
.
#pantaitersembuyilampung #pantaisuak #pantaisuakkalianda #pantailampung #lampungpotret #lampungyay #wisatalampung #wisatalampungselatan #potretlampung #lampungeksplore #lampungyay #lampunghits",Attraction,,swimming hole,beach,lagoon,0.272074,0.23935,0.084775
https://www.instagram.com/p/CZVApzyBJLu/,290.jpg,1/29/2022 21:00,"Menembus batass...
Menara pandang @pantai_keduwarna 

#pantai_keduwarna 
#kaliandaig 
#wisatalampungselatan",Attraction,,oilrig,amusement park,tree house,0.260794,0.249011,0.149192
https://www.instagram.com/p/DNce-VHyHe6/,291.jpg,8/17/2025 5:52,"Berdiri tepat didepanmu menghadirkan berbagai macam perasaan, begitu megah dan gagah kau berkibar.
.
Terima kasih pada para pahlawanku yang telah berjuang untuk Kemerdekaan Indonesia.
.
Merah Putih di Menara Siger, menyatukan ragam suku dan budaya di Bumi Ragom Mufakat.
.
#pesonamerahputihlampungselatan 
#hut80ri 
#wisatalampungselatan 
#radityoegi 
#syaifulanwar 
#kawasanmenarasiger",Attraction,Siger,carrousel,amusement park,water park,0.861115,0.10198,0.008262
https://www.instagram.com/p/CpNZhOPvaSm/,292.jpg,2/28/2023 14:25,"Soft Opening April 2023.
Pantai Minangrua Bakauheni Lampung Selatan.
Kolaborasi @lembah_durian_farm_stable 

#beach #vacation #swimmingpool 
#villa#resort
#jalanjalan #traveling #wisatalampungselatan #minangrua",Amenities,villa Resort,exterior,roof garden,outdoor,0.508485,0.13681,0.084318
https://www.instagram.com/p/DJNaigKTs0W/,293.jpg,5/3/2025 23:19,"— Happiness comes in waves ˖°𓇼🌊⋆🐚🫧

Big thanks to @pantai_keduwarna  for the all experiences, memories, warmth, and happiness💌

#wonderfulindonesia #wisatalampungselatan  #pariwisataindonesia",Attraction,,lighthouse,interior,beach house,0.531264,0.198829,0.064646
https://www.instagram.com/p/DNcIXDapEX2/,294.jpg,8/17/2025 2:34,"Merah putih di menara siger, menyatukan ragam suku dan budaya di bumi ragom mufakat

@pemkab.lampungselatan @radityoegi @hut80ri @m_syaiful.anwar 
#pesonamerahputihlampungselatan #hutke80ri #wisatalampungselatan #radityoegi #syaifulanwar #kawasanmenarasiger #lampungselatanmaju #bismillahbisa",Attraction,Siger,outdoor,asia,amusement park,0.275461,0.14825,0.079759
https://www.instagram.com/p/DNb5Cuzzibd/,295.jpg,8/17/2025 0:20,""" "" ya tuhan jadikanlah negeri ini, negeri yg aman sentosa ,, 😇

📍 Merah putih dibumi Ragom mufakat, Bakauheni lampung Selatan 🇮🇩 

#pesonamerahputihlampungselatan
#hutke80ri
#wisatalampungselatan
#radityoegi
#syaifulanwar
#kawasanmenarasiger
#lampungselatanmaju
#bismillahbisa",Attraction,Siger,promenade,motel,asia,0.166102,0.064876,0.060526
https://www.instagram.com/p/CW8O_bHPCIk/,296.jpg,12/1/2021 13:01,"Titian mutiara beach, berlokasi di desa betung, kecamatan rajabasa, kabupaten lampung selatan, provinsi lampung, Indonesia.
Titian mutiara beach adalah wisata terbaru di pesisir rajabasa.
Jika kalian dari kota kalianda, ke arah dermaga bom. Sekitar 10 menit perjalanan dari dermaga bom, sebelah kanan kalian ada jalan masuk ( jalan masuk hanya muat 1 mobil ).
 Dahulunya, tempat ini adalah lahan  kosong tidak terpakai. Atas gagasan pemilik, tempat ini di jadikan tempat wisata yang keren.
Berada di sini, seperti kita berada di bali, dengan suasana khas bali.
Di sini terdapat banyak fasilitas. Ada kolam renang yang dalam pembangunan, musholla, toilet. Selain itu ada tempat duduk dengan payung khas bali, dan ada juga beberapa gazebo untuk bersantai.
Di titian mutiara beach, terdapat way titian yang sudah ada sejak tahun 1800. Menurut cerita, way titian adalah tempat pemandian para putri raja, sebelum gunung krakatau meletus di tahun 1883. 
Oh ya, untuk tiket masuk 10 ribu rupiah. Mobil 10 ribu rupiah. Dan motor 5 ribu rupiah. Di sini terdapat makanan khas titian olahan seafood, rasanya seperti tomyam. Dan yang pastinya, ada kelapa muda yang sangat lembut, yang menjadi minuman khas di pantai titian mutiara beach.
Yuukk..wisata ke lampung selatan !
Salam, kurnianoen travelling
@titianmutiarabeach @syah_herwan @dinaspariwisata.lampungselatan @wisatalampungselatan .

#kurnianoen #wisatalampungselatan #pariwisatalampungselatan
Reposted from @kurnianoen",Attraction,,fountain,swamp,tree house,0.194889,0.077444,0.07345
https://www.instagram.com/p/CmX0J49PjfB/,297.jpg,12/20/2022 1:56,"Luv guyss 🥰
.
.
.
More Info&Reservasi
Wa/Hp: 082110011844
#villalampung 
#wisatalampungselatan 
#virral 
#beatifullife 
#beachhouse 
#sunsets",Amenities,Villa Resort,kindergarden classroom,plaza,campus,0.142321,0.120917,0.078295
https://www.instagram.com/p/C3KzRN3P2kT/,298.jpg,2/10/2024 13:32,"Wah, selamat yah buat yang udah dapet ampao dari Pantai Aruna 😍
Jangan lupa berkunjung kembali ☺

#pantai #pantailampung #wisatalampung #wisatalampungselatan #lampungselatan #lampung #aeustetic #samsung #udarasegar #mytravelgram #hutanmangrove #bandarlampung #lampungtengah #campervan #camping #campunglife",Attraction,,pavilion,exterior,picnic area,0.757777,0.09214,0.029987
https://www.instagram.com/p/CTtT9VGPqmi/,299.jpg,9/12/2021 4:22,"Alam tak pernah gagal dalam menyuguhkan ketenangan kembali (lagi) 🍂 
______________________________________________________________
#muslimahtraveler #muslimahfashion #muslimahsyari #travelerindonesia #wisatalampung #wisatalampungselatan #wisatapesawaran #hutanmangrove #hutanmangrovelampung #lampung #eksplorelampung #pantailampung #mangrovelampung #mangrovepesawaran #mangrovelampungselatan #pantailampungselatan #langkahmungill",Attraction,,park,boardwalk,forest path,0.215455,0.154732,0.112197
https://www.instagram.com/p/C6Ae-H5va_-/,300.jpg,4/21/2024 2:56,"Hidup suka kadang-kiding jadi mari kita healing 🔥❤️

#pantaiindonesia #wisatalampungselatan #pantaisetigibatu",Attraction,,badlands,lighthouse,cliff,0.289548,0.256727,0.095386
https://www.instagram.com/p/CkU5BlsvmsW/,301.jpg,10/30/2022 5:38,"View of Kalianda beach
.
.
.
.
#tempatwisatalampung
#janah2410 #fff💋 #lflfff❤ #lfl💛 #lfl❤️ #flfl💛 #flf❤ #flf #wisatalampung @tempat_wisata_lampung @pantai_keduwarna @selebgram.lampuung #wisatalampungselatan #flflflflflflflflflflfl❤️ #pantaiindonesia #pantaiminangrua #selebgramlampuung #ootdstyle #ootddaily #ootdfashion  #selebgramlampung_id #ootdselebgram #selebgramlampung_ #gadisindonesia37 #selebgramindonesia #remajaindonesia37 #fypindonesia #remajaindonesiaaaa #fypシ❤️💞❤️ #fypinstagram #fypシ #ａｅｓｔｈｅｔｉｃ",Attraction,,natural,pier,water,0.224083,0.097297,0.06512
https://www.instagram.com/p/CXQ_Xb5JsLE/,302.jpg,12/9/2021 14:29,"Sesekali healing🤪

#lfl💛 #lfl❤️ #ootdhijab #ootdpantai #pantaiklaralampung #pantailampungselatan  #wisatalampungselatan",Attraction,,beach,lagoon,coast,0.243993,0.200952,0.174949
https://www.instagram.com/p/DJ5lZNJhV7_/,303.jpg,5/21/2025 3:00,"Langkah kaki di pasir putih, jepretan manis di Senaya Beach🌊✨

#pantailampung #pantaikaliandalampung #wisatalampung #pantailampungselatan #wisatalampungselatan #pariwisatalampung #pantailampungkece #kalianda #lampungselatan",Attraction,,beach,coast,ocean,0.62837,0.159198,0.097676
https://www.instagram.com/p/CZLJAWOpkym/,304.jpg,1/26/2022 1:00,"Pantai kedu ada 2 tempat. Pantai kedu sinar laut dan pantai kedu warna. Dalam video ini lokasinya berada di pantai kedu sinar laut, yang identik dengan kapal karamnya.
Pantai kedu sinar laut, hanya 5 menit dari pusat kota kalianda. Tepatnya berlokasi di jalan sinar laut, desa way urang, kecamatan kalianda, kabupaten lampung selatan, provinsi lampung.
Jalanan masuknya cukup luas, muat bus besar. Pantai ini cocok untuk rombongan yang ingin bersantai menikmati pemandangan indah dengan latar belakang gunung rajabasa.
Namun pantai ini tidak cocok untuk mandi di pantai, karena ombak nya begitu besar.
Pantai nya sangat bersih dengan hamparan pasir yang luas. Di sini terdapat beberapa gazebo dan beberapa warung penjual makanan. Di pintu masuk terdapat musholla dan toilet. Selain itu ada danau alami yang sangat cantik dengan beberapa spot foto.
Di sini lah salah satu sunset terbaik yang ada di lampung selatan.
Salam, kurnianoen travelling
@wisatalampungselatan @dinaspariwisata.lampungselatan
#pantaikedu #pantaikedusinarlaut #wisatapantaidekatkotakalianda #pantaikedukalianda #pantaikedukaliandalampungselatan #pantaikedulampungselatan #Pantaikedusinarlautkalianda #pantaikedusinarlautkaliandalampungselatan #Pantaikedusinarlautlampungselata #wisatakalianda #wisatalampungselatan #pariwisatalampungselatan #wisatadekatkotakalianda #Kurnianoen #wisatapantaikalianda #pantaikalianda #wisatalampung #pariwisatalampung #wisatapantailampungselatan",Attraction,,marsh,natural,swamp,0.442857,0.106873,0.106777
https://www.instagram.com/p/Coa4fJMSmAe/,305.jpg,2/8/2023 23:35,#pantaimarina #wisatakalianda #wisatakaliandalampungselatan #explorelampung #wisatalampungselatan #pantaimarinalampung,Attraction,,ruin,cliff,amphitheater,0.247857,0.08889,0.086509
https://www.instagram.com/p/CSLJnhup0DE/,306.jpg,8/5/2021 1:26,"🐎 Hewan pun mempunyai hati. Jika kita tak melukainya, maka ia pun tak akan melukai kita. 
————————————————
🌍 Lokasi : Kampung Kuda, Desa Gedung Agung Kec.Jati Agung, Kab.Lampung Selatan, Prov.Lampung, Indonesia. 
. 
#lampung #mampirlampung #pesonatraveller  #lampungtraveling #ingetlampung #jelajahlampung #lampungable #lampungselatanexplore #lampungselatanig #disparbudlamsel #lampungselatanamazing #lampungselatan #kampungkuda #jatiagung #wisatalampungselatan",Amenities,Fasiltas kuda,playground,park,amusement park,0.358568,0.284085,0.117959
https://www.instagram.com/p/CezS3ljh80L/,307.jpg,6/14/2022 21:53,"''Bagaimana bisa kau mencintai karena ALLAH, sedangkan cinta sebelum halal adalah nafsu.''
.
.
.
.
.
#wisatalampung #wisatalampungselatan #wisatakaliandalampungselatan #lampunggeh #lampungexplorer #wisataindonesiakeren🇲🇨",Attraction,,beach,outdoor,lagoon,0.484778,0.125933,0.070852
https://www.instagram.com/p/DNc39PyyJiI/,308.jpg,8/17/2025 9:30,"Bersatu, Berdaulat, Rakyat Sejahtera, indonesia maju
@radityoegi 
@m_syaiful.anwar 
@pemkab.lampungselatan 

#pesonamerahputihlampungselatan
#hutke80ri
#wisatalampungselatan 
#radityoegi
#syaifulanwar 
#kawasanmenarasiger 
#lampungselatanmaju
#bismillahbisa",Attraction,Siger,outdoor,playground,beach house,0.162969,0.089992,0.082364
https://www.instagram.com/p/Ctk4yEVvovg/,309.jpg,6/17/2023 3:27,"happy weekend...
Jangan lupa liburan bestieee...

#slanikwaterparklampung 
#slanikwaterpark 
#wisatalampungselatan 
#thelargestwaterparkinlampung 
#thetreasureofsumatra",Attraction,,water park,outdoor,playground,0.86403,0.110808,0.01145
https://www.instagram.com/p/CtGRnw1Poly/,310.jpg,6/5/2023 6:07,"Senja sore laut pantai kota kalianda 
#senja #pantai #kotakalianda #wisatalampung #wisatalampungselatan",Attraction,Sunset,marsh,watering hole,pond,0.168685,0.142938,0.066461
https://www.instagram.com/p/CRgJjv3hIbG/,311.jpg,7/19/2021 8:38,"Tak hanya indah, Cagar Alam Krakatau menawarkan keanekaragaman hayati dan menjadi laboratorium alam raksasa. Yuk intip apa saja yang menarik dari laboratorium alam di lampung selatan ini  tinyurl.com/3aaedcx8 #wisatalampung #wisatalampungselatan  #wisataalamlampung #krakatau",Attraction,,islet,lagoon,mountain,0.66543,0.141879,0.034811
https://www.instagram.com/p/CUl-KaoNRHU/,312.jpg,10/4/2021 4:28,"Pengembala kebo😁
#gunungrajabasakalianda 
#wisatalampungselatan 
#selebgramlampung 
#wisatakalianda",Attraction,,rice paddy,pasture,farm,0.316306,0.298465,0.086224
https://www.instagram.com/p/CP0U5nhMzGu/,313.jpg,6/7/2021 11:39,"Santuy sejenak menikmati indahnya sunset @pantai_keduwarna 
Thanks Repost : @hestawiarni147 
#sunsetphotography 
#sunsetatthebeach 
#wisatalampungsai 
#mata_lampungku 
#wisatalampungselatan 
#kaliandahits 
#Kaliandaig",Attraction,Sunset,campsite,dorm room,office,0.310275,0.096942,0.047173
https://www.instagram.com/p/CQS-xR5rV3v/,314.jpg,6/19/2021 9:22,"Basah KuYuppp

#lampunghits 
#lampungselatan 
#lampungfoodies 
#wisatalampungselatan",Attraction,,waterfall,rainforest,river,0.534617,0.080925,0.065229
https://www.instagram.com/p/CndXv4avWog/,315.jpg,1/16/2023 2:15,"Hai sobat ,
Sudah ada yang kangen belum tempat ini .
Hari libur telah usai .
Waktunya beraktivitas kembali ,siapakan waktu untuk kita hiling lagi .☺️

from : @_triinyuwat 

#menyapalampung
#lampungmenyapa
#infoselampung
#lampung
#lamsel
#lampungselatan
#wisata
#pariwisata
#jalanjalan
#dolan
#sunrise 
#liburan
#piknik
#wisatalampungselatan",Attraction,,pier,natural,harbor,0.168482,0.085948,0.080428
https://www.instagram.com/p/CnBOQQwBjqz/,316.jpg,1/5/2023 3:53,#wisatalampungselatan #pantai sanggar,Attraction,,lagoon,beach,beach house,0.372966,0.124236,0.059298
https://www.instagram.com/p/CW3WG6GPcZD/,317.jpg,11/29/2021 15:27,"Jukung, adalah salah satu spot foto yang berada di Menara Siger yang menampilkan keindahan laut disekitar pelabuhan ASDP Bakauheni
.
.
.
.
📸 @janah.2410 
🌱 Menara Siger Bakauheni Lampung Selatan
.
.
.
.
.
.
#menarasiger 
#siger
#wisatabakauheni 
#wisatalampungselatan 
#tempatwisatalampung",Attraction,,boardwalk,roof garden,rainforest,0.210871,0.066166,0.053086
https://www.instagram.com/p/CMWWUEGM_l2/,318.jpg,3/13/2021 6:40,"Wisata Gunung Batu, Tanjung Bintang, Lampung Selatan

✨ KUNJUNGAN KE POKDARWIS/BUMDES/KOPERASI ✨
. 
👥 Nama Mahasiswa : 
• M. Abid Rabbani (20756044)
• Nadiya Shabrina (20756046)
• Salsa Zulya Putri (20756052) 
. 
💯 Wisata Alam Gunung Batu dikelola resmi oleh Kelompok Sadar Wisata (POKDARWIS) yang bekerja sama dengan Badan Usaha Milik Desa (BUMDES) Desa Srikaton.
. 
💫 POKDARWIS sendiri merupakan lembaga kelompok masyarakat yang dibentuk untuk menjalankan kepariwisataan di Desa Srikaton serta bisa menciptakan sapta pesona. POKDARWIS Wisata Gunung Batu disahkan pada tanggal 10 Oktober 2019. Agar keberadaan kepariwisataan Gunung Batu bisa berjalan dengan baik dan kondusif maka diadakan kerja sama dengan Badan Usaha Milik Desa (BUMDES) Desa Srikaton.
. 
🌍 Lokasi : Wisata Alam Gunung Batu, Desa Srikaton, Kec.Tanjung Bintang, Kab.Lampung Selatan, Prov.Lampung, Indonesia. 
. 
#Repost @polinela_pw20b
#politekniknegerilampung #polinela #mahasiswapolinela #perjalananwisatapolinela #pwpolinela #anakpariwisata #pariwisatapolinela #kuliahpariwisata #tugaslapangan #pokdarwis #pokdarwislampung #bumdes #tatakelolaobjekwisata #anakkuliah #mahasiswalampung #mahasiswa #lampung #wisatalampung #lampungselatan #wisatalampungselatan #desasrikaton #gunungbatu",Ancillary,,formal garden,park,vegetable garden,0.201044,0.119252,0.100581
https://www.instagram.com/p/DIu2E8th8c3/,319.jpg,4/22/2025 2:23,"Rio By The Beach 😍🏝️

#riobythebeach #riobythebeachlampung #kaliandabeach #wisatalampung #wisatalampungselatan",Attraction,,outdoor,beach,coast,0.529075,0.264033,0.057348
https://www.instagram.com/p/CT5bOcoBrVR/,320.jpg,9/16/2021 21:16,"#Repost @rudy_8.2
...
Jangan cuman melihat hasil nya
TAPI
Nikmati & lihat proses nya

#pematangsunrise #pematangsunriselampung #bakauhenilampung #wisatabakauheni #wisatalampung #wisatalampungselatan #wisatabandarlampung #explorelampung",Attraction,,lagoon,hot spring,natural,0.178593,0.161113,0.085535
https://www.instagram.com/p/CaQl9NGvi0W/,321.jpg,2/22/2022 0:21,"Hormon yang terlalu mengada-ada. Rindu pantai kok sepagi ini. Bilang aja cuma mau menghindari hari yang baru Selasa dengan jadwal meeting pekanan yang horror luar biasa 💔

#pantaisetigiheni #wisatalampungselatan #pantailampungselatan #pesisirkalianda #desacanggung #beachboys",Attraction,,beach,ocean,lagoon,0.416115,0.147846,0.143428
https://www.instagram.com/p/CdsSu3CvEkd/,322.jpg,5/18/2022 8:06,"Kenal mereka, dr 2013 saat awal kuliah sampai skrng. Dr seneng, sakit, duka, udh di lewatin ya kak, mbk. 
Klw bisa ketemu ya ketemu, bisa jalan ya jalan. 
1 motor ber 3 ??? 
GassSs..
#waytebingceppa(wtcKalianda)
#wisatalampungselatan",Attraction,,swimming hole,hot spring,river,0.782812,0.049889,0.035434
https://www.instagram.com/p/Cd-gfCzvhoJ/,323.jpg,5/25/2022 9:52,"Kebone rak iso di jak poto . Rak enek bakat lah . . .

#gunungrajabasa
#kalianda
#lampungselatan
#wisatalampungselatan",Attraction,,pasture,farm,rice paddy,0.3048,0.190428,0.133447
https://www.instagram.com/p/CawCktIvGGQ/,324.jpg,3/6/2022 5:27,"Happy weekend ☕
Gaes ada wisata baru lagi nih di Lampung Selatan namanya Pesona Bumi Krawang berlokasi di Desa Krawangsari Kecamatan Natar Lampung Selatan.

Disini banyak banget wahana menarik yang siap menguji adrenalin kalian misalnya Wahana Sepeda Gantung, karpet terbang dan flying fox. Untuk info lengkap terkait tiket masuk dan fasilitas lainnya klik link di story' ya
.
.
.
.
.
#pesonabumikrawang
#wisatalampungselatan 
#weekend 
#sepedagantung 
#outdoors 
#holiday 
#traveling 
#travel",Amenities,Wahana Permainan,excavation,construction site,archaelogical excavation,0.322971,0.299685,0.182725
https://www.instagram.com/p/CWoowLevoKo/,325.jpg,11/23/2021 22:21,"Hidup bagaikan mengayuh sepeda terus bergerak sampai tujuan. Ketika berhenti mengayuh kamu akan jatuh
.
Semangat pagi
Good morning

.
===========================
#landscape_photography #landscapephotography #photographylandscape
 #beautifulindonesia 
#landscapelovers  #loveindonesia  #photographylovers  #indonesiaku #lampunglandscapers  #lampunglandscape  #lampungphotography  #lampungexpoler #alamlampung_
#mata_lampungku 
#kebunkaret #jatiagunglampungselatan  #jatiagung  #pariwisatalampung  #pariwisatalampungselatan  #wisatalampung  #wisatalampungselatan  #gowescantik  #gowesholic  #gowessantai  #goweslampung  #gowesnusantara #gowessehat  #sepedaonthel",Attraction,,forest path,forest road,bamboo forest,0.824438,0.076379,0.047148
https://www.instagram.com/p/CQogPzeMoOJ/,326.jpg,6/27/2021 17:59,"Semoga sampai ujung waktu, tempat ini bisa selalu mengukir senyuman idah kebahagiaan..
Camping malam minggu @pantai_keduwarna 
#pantai_keduwarna 
#campinglampung 
#wisatalampungselatan 
#wonderfullampungselatan 
#Kaliandaig",Attraction,,campsite,amusement park,outdoor,0.76457,0.035552,0.028659
https://www.instagram.com/p/CPLLVlcHTjI/,327.jpg,5/22/2021 12:07,"besok kemana lagi kita???

#wisatalampungselatan 
#pantaipesisirlampung 
#holidays",Attraction,,coast,beach house,beach,0.161114,0.119291,0.088484
https://www.instagram.com/p/CMV61HIMf24/,328.jpg,3/13/2021 2:40,"Pantai Kedu warna

✨ KUNJUNGAN KE POKDARWIS/BUMDES/KOPERASI ✨
. 
👥 Nama Mahasiswa : Wiwinda Silitonga (20756056) 
. 
💯 Kelompok Sadar Wisata (POKDARWIS) Pantai Kedu Warna. Pengelolaan yang ada di objek wisata ini bisa di bilang sudah cukup baik, mengapa bisa dikatakan begitu? walaupun anggota pokdarwis di pantai tersebut hanya berjumlah 8 orang saja tetapi kebersihan, jumlah pengunjung, desain spot foto, serta lokasi objek wisatanya sudah cukup amat baik.
. 
💫 Pokdarwis Pantai Kedu Warna ini sangat rutin untuk membersihkan lokasi objek wisata tersebut. Mereka mulai membersihkan lokasi tersebut mulai dari pukul 06.00 WIB pagi, hal ini membuktikan kerja keras dari pokdarwis yang ada di Pantai Kedu Warna ini begitu semangat untuk mengembangkan destinasi wisata tersebut. Rencana pengembangan Pantai Kedu Warna sedang dirancang oleh pokdarwis. 
. 
🌍 Lokasi : Pantai Kedu Warna, Sinar Laut, Kel.Way Urang, Kec.Kalianda, Kab.Lampung Selatan, Prov.Lampung, Indonesia. 
. 
#Repost @polinela_pw20b
#politekniknegerilampung #polinela #perjalananwisatapolinela #pwpolinela #anakpariwisata #kuliahpolinela #pariwisatapolinela #kuliahpariwisata #tugaslapangan #pokdarwis #pokdarwislampung #tatakelolaobjekwisata #anakkuliah #mahasiswalampung #mahasiswa #lampung #wisatalampung #lampungselatan #wisatalampungselatan #pantaikeduwarna #pantaikedu",Ancillary,Kelompok Wisata,outdoor,playground,heliport,0.384785,0.170049,0.087693
https://www.instagram.com/p/CpXrs-IrvuM/,329.jpg,3/4/2023 14:17,Kebersamaan Way Tebing Ceppa Kalianda Lampung Selatan✨👍🏻🌊😇😊 #waytebingceppa #wisatalampung #wisatalampungselatan,Attraction,,rope bridge,swimming hole,rainforest,0.403341,0.095906,0.071766
https://www.instagram.com/p/CSDgYtPhAMU/,330.jpg,8/2/2021 2:11,"Terima kasih kk kk kece 
Ditunggu ya acara camp selanjutnya 

Lokasi : @pantaikedu 
#wisatalampungselatan #wisatalampung #wisatakalianda #kaliandaig #kaliandaoutdoor",Attraction,,campsite,ball pit,playground,0.999918,4.4e-05,1.1e-05
https://www.instagram.com/p/CUhYVLfvi4_/,331.jpg,10/2/2021 9:40,"Hidup adalah 10 % hal yang terjadi pada kita ,dan 90 % bagaimana kita meresponnya.

🚢🔭📌 lok :Dermaga  Eksekutif
  Pelabuhan Bakauheni 

#kelilinglampung
#wisatalampungselatan
#explorelampung
#gengkwaciexplore
#sahabattravellerlampung
#parapejalanlampung
#mata_lampungku
#wajahlampung",Accessibility ,Dermaga,interior,patio,boat deck,0.466167,0.116592,0.103861
https://www.instagram.com/p/CPn7b3arggK/,332.jpg,6/2/2021 16:06,#kurnianoen #kurnianoentravelling #pantaiembe #embebeach #mbbeach #pantaimb #merakbelatung #wisatalampungselatan #pariwisatalampungselatan #wisatalampung,Attraction,,beach,wave,ocean,0.49638,0.220811,0.123325
https://www.instagram.com/p/CN_efAbBGw6/,333.jpg,4/23/2021 2:32,"Wisata Alam. Gunung Batu. Desa Sri  Katon. Tanjung Bintang, Lampung Selatan.
.
.
Foto @rudiafrian04 TENANGLAH
tak perlu iri kita punya takdir masing masing,
hidup yg terlihat mewah belum tentu benar-benar indah.
.
.
Follow :
@jalanjalandilampung
@parapejalanlampung
@sahabattravellerlampung
@sahabattravellerindonesia
@pesonatraveller
.
.
#wisatalampungselatan
#tanjungbintang #gunungbatu
#jalanjalanlampung #jalanjalandilampung
#lampung #ayodolan 
#idpejalan #idpetualang 
#mytripmyadventure #mtma
#indonesiantraveller #indotravels
#triplampung #traveling 
#explore #nusantarakita #exploreindonesia #travellers #indozonetravel #travellampung 
#fotonesia #adventure 
#instagood #indotravellers 
#like4like #fff #likeforfollow 
#pesonaindonesia",Attraction,,exterior,pavilion,campsite,0.620355,0.161646,0.02574
https://www.instagram.com/p/CYTCf0zLzBY/,334.jpg,1/4/2022 6:06,"Sans pinggir pantai:v
.
#janah2410 #storyaesthetic99 #ａｅｓｔｈｅｔｉｃ#selebgramlampuung #selebgramlampung_id #selebgramlampung_ #selebgramindonesia #ootdstyle #ootddaily #ootdfashion #wisatalampung #wisatalampungselatan #selebgram_lampung_id #pantaimarinakalianda #pantaimarinalampung #pantaimarina #fypシ #fypinstagram #fypindonesia #fff💋 #lfl💛 #fff😊 #lll #lflfff❤ #ombakpantai",Attraction,,lagoon,islet,cliff,0.258405,0.18978,0.111403
https://www.instagram.com/p/CU-NSWfvzDS/,335.jpg,10/13/2021 14:22,"Menurut saya, wisata terlengkap di lampung itu di kabupaten lampung selatan. Di lampung selatan, terdapat gunung, laut, belerang, air terjun, tebing, dll. bahkan gunung berapi pun ada. Di lampung selatan juga terdapat beberapa aktifitas wisata. seperti di pantai kalianda, kalian bisa surfing juga di sini #kurnianoen
#wisatalampungselatan
#surfmatrasouthlampung
#surf
#beach",Attraction,,islet,ocean,coast,0.273678,0.163291,0.124108
https://www.instagram.com/p/CZapYv9pNHx/,336.jpg,2/1/2022 1:32,"Sunset nya indah banget kek omongan kamu 🤧
.
.
.
#pariwisatalampung #parapejalanlampung #wisatalampungselatan #berandalampung #potretlampung #hijabtraveller #lampunghits #inilampungyay #lampunggeh #likeforlikes #likesforlike #likeforlikeback #like4likes #likeforfollow #lll #llllllllllllllllllllllllllllllllllllllllllllllllllllllllllllllllllllll",Attraction,,beach,ocean,coast,0.371061,0.301772,0.135854
https://www.instagram.com/p/CrHpcvwSJjy/,337.jpg,4/17/2023 1:52,"Senja mengajarkan kita bahwa keindahan tak harus datang lebih awal 🤗🤗
.
#wisatalampung 
#wisatalampungselatan 
#pantai 
#pantailampung 
#pesonaindonesia",Attraction,,playground,river,natural,0.152668,0.091013,0.075598
https://www.instagram.com/p/CbnQZqyv5WU/,338.jpg,3/27/2022 16:06,"Mendungpun tampak indah jika disitu ada cinta 😍😍

Foto repost @gfnphotography 

#pantai_keduwarna 
#preweddingphotography 
#wisatalampungselatan 
#ilovelampung 
#wisatakenallampung 
#kaliandaig",Attraction,,wave,ocean,coast,0.327415,0.131331,0.120516
https://www.instagram.com/p/Cc7AwRhPJtq/,339.jpg,4/29/2022 4:46,"Kepantai Berenang❌
Kepantai Ngamen✔️
😂🤣

#fujifilm #fujifilmxseries #fujifilmxt200 #xt200 #Siriant #SiriantPhotography #pantai #pantailampung #pantailampungselatan #pantaikalianda #pantaikaliandalampung #pantaiindonesia #mbeach #mbeachlampung #wisatalampung #wisatalampungselatan #holiday #liburan #liburlebaran",Attraction,,beach,lagoon,coast,0.595786,0.248005,0.068079
https://www.instagram.com/p/Ctv8UOEJPVL/,340.jpg,6/21/2023 10:29,"True
. 
. 
. 
. 
. 
. 
📌lok. Sanggarbeac kec. Kalianda Lampung Selatan 
. 
. 
. 
. 
. 
. 
#sanggarbeach #sanggarbeach_lpg #pantailampung #pantailampungselatan #kalianda #lampung #wisatalampung #wisatalampungselatan #lampunghits #infolampung #ily #ilyy #like #likesforlike #instalike #liketime #likes #followforfollowback #followers",Attraction,,motel,promenade,sky,0.176814,0.081976,0.045948
https://www.instagram.com/p/CyPb-aOSRBv/,341.jpg,10/11/2023 2:08,"Taman di Area Makam Pahlawan Nasional Raden Intan II

#makamradenintan
#makamradenintankalianda 
#makamradenintanII
#lampungselatan 
#wisatalampungselatan",Attraction,Makam Pahlawan,pavilion,exterior,asia,0.276549,0.253765,0.10272
https://www.instagram.com/p/CcEHEX4PQ_D/,342.jpg,4/7/2022 21:03,"Tak usah melebih - lebihkan, saya memang bukan orang baik, tapi saya tak sejahat yg kamu katakan. 

#pulauumang #pulauumangumang #pulausebesi #pulausebesilampung #rajabasa #lampungselatan #lampung #sebesiapdate #puloexplore #lampunggeh #lampunghits #wisatalampung #wisatalampungselatan #traveling #liburan",Attraction,,beach,lagoon,islet,0.288172,0.261751,0.099674
https://www.instagram.com/p/CYQo4dhPV7k/,343.jpg,1/3/2022 7:44,"Gimana kesan kalian liat Pantai Sebalang yang sekarang? 
.
.
📸 @intanpahawang 
.
#SebalangBeach #lampung #lampunginsta #potretlampung #explorelampung #wisatalampung #wisatalampungselatan #lampunghits #lampungkece",Attraction,,ocean,beach house,harbor,0.109486,0.099858,0.085503
https://www.instagram.com/p/CliCC8KB_xN/,344.jpg,11/29/2022 4:39,"The Little Pony 🌻
•
#mini #minipony #klangenan #klangenanindonesia #lampung #lampunghits #lampunggeh #wisatalampung #wisatalampungselatan",Amenities,wahana Kudu,water park,amusement park,carrousel,0.474235,0.220112,0.099731
https://www.instagram.com/p/CjLGvcfp7gW/,345.jpg,10/1/2022 13:54,"Mbuh piye carane pokok'e kudu seneng 😊

#tole
#atayamilanalfarizqi 
#radevamilanannavaran 
#liburan
#pantai
#anakpantai 
#pantaikeduwarna 
#keduwarna 
#pantaikeduwarnakalianda 
#wisatakalianda 
#wisatalampungselatan 
#wisatalampung",Attraction,,beach,lagoon,natural,0.483475,0.172369,0.058523
https://www.instagram.com/p/CV9vB4Jvn_T/,346.jpg,11/7/2021 6:29,"Yuk berwisata ke Pantai Semukuk, banyak fasilitas dan spot foto menarik disana.
.
.
.
.
.
.
.
.
.
📸@novicamailanti
📍 @pantai.semukuk
🌏 Jl. Pesisir Desa pauh Tanjung Iman Kec. kalianda kab. LAMPUNG SELATAN
.
.
.
.
#pantaisemukuk 
#wisatakalianda 
#wisatalampungselatan 
#indonesiaparadise 
#wisatalampung",Attraction,,coast,ocean,lagoon,0.141684,0.134613,0.09252
https://www.instagram.com/p/CWlg9vLh8Na/,347.jpg,11/22/2021 17:16,"Prewedding
.
.
.
.
Ms. @mardaneli_shavira & 
Mr. @trmztaher_ 
.
.
.
Mua : @_antonprastyo 
Foto : @asep_photography 
Lightning : @dull.project
Cinematik : @screen.shoot_lpg / @ahmadtri.wb
.
.
.
.
#preweddingcasual 
#preweddingoutdoor 
#preweddingalam 
#preweddingsantai 
#preweddingconcep 
#temaprewedding 
#myprewedding 
#preweddingfotography 
#thepreweddingphotography 
#kaliandaphotography 
#menujuhalal2022 
#komitmenbersama 
#preweddingsawah 
#lampungkece 
#ga_lampung_hits 
#kelampunggeh 
#wisatakalianda 
#wisatalampungselatan 
#lampunghitss 
#lampungyai 
#lampungkerenyay",Attraction,,rice paddy,farm,wheat field,0.305403,0.102985,0.102056
https://www.instagram.com/p/CUplqMVPsFi/,348.jpg,10/5/2021 14:11,"Alhamdulillah...

Field trip kj2 ke kalianda.
Wisata yang menyenangkan itu ya wisata alam...tadaburnya...ya harus itu...

#wtckalianda
Yang belum kisini sebaiknya pagi kalau udah siang pengunjungnya rame banget.

#pantai_kudu_kalianda.
Ya... sebaiknya sore ya guys
#wisatalampung 
#wisatalampungselatan",Ancillary,Kelompok Wisata,raft,plaza,martial arts gym,0.09732,0.096152,0.052006
https://www.instagram.com/p/CLPQ23Zlkp-/,349.jpg,2/13/2021 16:06,"@tamanwisatapancurindah  Liburan keluarga yg gak jauh dari Bandar Lampung, suasana Asri dengan pemandangan Alam dan udara yang bersih, tiket masuk juga terjangkau bagi masyarakat 😍
#tamanwisatapancurindah 
#wisatalampungselatan 
#explorejatiagung 
#explorelampungselatan 
#explorelampung",Attraction,,water park,outdoor,performance,0.572127,0.133585,0.113657
https://www.instagram.com/p/CR_v6kXlgfG/,350.jpg,7/31/2021 15:10,"Vit sea🌊

#pantai_keduwarna #wisatalampung #wisatalampungselatan #potretlampung #lampungkuy  #lfl💛",Attraction,,campsite,boat deck,river,0.862509,0.021896,0.011314
https://www.instagram.com/p/CdLQaRwK8w4/,351.jpg,5/5/2022 12:10,"Wanitaku🥰😘

#fujifilm #fujifilmxseries #fujifilmxt200 #xt200 #Siriant #SiriantPhotography #pantai #pantailampung #pantailampungselatan #pantaikalianda #pantaikaliandalampung #pantaiindonesia #landscapephotography #landscape #wisatalampung #wisatalampungselatan #holiday #liburan #liburlebaran",Attraction,,lagoon,beach,coast,0.39265,0.170177,0.068777
https://www.instagram.com/p/CXFaBRAPeVF/,352.jpg,12/5/2021 2:31,"Pantai Setigi Heni, salah satu pantai yang menyajikan hamparan pantai indah dengan nuansa alam yang masih sangat terjaga kelestariannya
.
.
.
.
.
📸 @septianyt_
📍Pantai Setigi Heni, kalianda, Lampung selatan

#pantaisetigiheni 
#pantaikalianda 
#wisatalampungselatan 
#tempatwisatalampung 
#wisataindonesia",Attraction,,beach,coast,ocean,0.661065,0.108875,0.085141
https://www.instagram.com/p/CPf4OPGlcs_/,353.jpg,5/30/2021 13:04,"🔥🔥🔥
.
.
📸 @redwinglady 
.
.
#SebalangBeach#lampung #lampunginsta #potretlampung #explorelampung #wisatalampung #wisatalampungselatan #lampunghits #lampungkece",Attraction,,swamp,coast,natural,0.291962,0.116245,0.085158
https://www.instagram.com/p/CUzsMsRJx63/,354.jpg,10/9/2021 12:20,"#pantaikeduwarna , #wisatalampungselatan , #wisatalampung",Attraction,,outdoor,vegetation,beach house,0.557564,0.263294,0.054328
https://www.instagram.com/p/ChmRlM0JIn0/,355.jpg,8/23/2022 10:06,"Bahagia lebih bagus 🤓🫶
#wisatapantailampungselatan #wisatapantailampung #wisatalampungselatan #boyhair #lampunghits #lampunggeh",Attraction,,archaelogical excavation,ruin,trench,0.652538,0.063969,0.043695
https://www.instagram.com/p/CWOMAMjJ86c/,356.jpg,11/13/2021 15:50,"Membaca adalah cara saya memahami semuanya.
- But, everyone doesn't want to understand me
.
@sebalangyay 
@sebalangbeach 
.
#diarygadisbiru #quotesoftheday #pathdailyquote #pathdaily #pathbaper #ruangkata #ruangrasa #kutipankata  #kutipanrasa #wisatalampung #wisatakalianda #wisatalampungselatan #explorelampungselatan",Attraction,,islet,iceberg,cliff,0.815608,0.035181,0.025947
https://www.instagram.com/p/CR_wO_PFwKI/,357.jpg,7/31/2021 15:12,"Sunsetnya😍

🌅
#pantai_keduwarna #wisatalampung #wisatalampungselatan #lampunghits #potretlampung #traveling #lfl💛",Attraction,Sunset,ocean,beach,coast,0.283246,0.194536,0.165773
https://www.instagram.com/p/CQSSgBdBEkp/,358.jpg,6/19/2021 2:55,"Natural beauty,,so clear's water, maintained beach it's cleanliness and the towering Raja Basa Mount be Complete the Panorama of Kalianda Beach - South Lampung...
Come Join Us.....!!! 😊😊😄😄
@inilampungyay
@salepisangzhayha
@pikniklampung
#visitelampungselatan 
#wisatalampungselatan 
#indonesiawonderful 
#visitelampung",Attraction,,ocean,wave,glacier,0.245932,0.121205,0.113219
https://www.instagram.com/p/CdnlS4iPp2w/,359.jpg,5/16/2022 12:12,"#sapenanbeach 
#kaliandalagi 
#wisatalampungselatan 
#16mei2022",Attraction,Slide 2 dan setrusnya,swimming hole,landfill,slum,0.171307,0.123518,0.107904
https://www.instagram.com/p/CYgQX2NLBDL/,360.jpg,1/9/2022 9:17,"#Repost @so.aditc
...
I have a lot to say.

#wisataindonesia #wisatalampung #alaualauresort #따르다 #wisatalampungselatan",Attraction,,archaelogical excavation,watering hole,sandbox,0.621726,0.056775,0.036853
https://www.instagram.com/p/CRv3Ii8Dv-Y/,361.jpg,7/25/2021 11:05,"holiday  vibe with trowback 2019🤭
#tegalmasisland #tegalmaslampung #wisatalampungselatan #wisatalampung",Attraction,,boathouse,outdoor,beach house,0.714966,0.057895,0.040278
https://www.instagram.com/p/CPHyey6NxRh/,362.jpg,5/21/2021 4:32,"Masih kecil main tembak tembakan..
Pas udah gede ga berani nembak ke orangtua..
Hiya hiya hiya..
.
.
.
.
.
.
.
.
.
.
.
.
.
.
.
📷 @denihaerjo 
#pantaimarinalampung
#kaliandabeach
#wisatalampung
#jelajahlampung 
#lampunghits 
#lampunginsta 
#pantailampungselatan 
#anakmetro 
#wonderfullampung
#lampungindonesia 
#lampungindah 
#wisatalampung 
#wisatalampungselatan 
#explorelampung",Attraction,,mountain path,cliff,tundra,0.117036,0.112762,0.110203
https://www.instagram.com/p/CPoQtErFT6_/,363.jpg,6/2/2021 19:11,"""Menikmati alam sejenak tak membuat kita mengurangi kekayaan diri malah justru menambah memori pengalaman."" 

Yuk #kembalikealam naik gunung ga se-mahal naik pelaminan kok 😁✌ 

📍Lokasi Gunung Rajabasa Lampung Selatan.
⛰@gunungrajabasa
Penyewaan alat outdoor @wayrataioutdoor

#kembalikealam #lampung #lampunggeh #wisatalampungselatan #ayokelampung
#sahabattravelerlampung #pendakigunung #pendakilampung #wisatalampung #consina #explorelampung",Attraction,,orchard,landfill,tree house,0.627072,0.052987,0.049358
https://www.instagram.com/p/C1kUPIdyajA/,364.jpg,1/1/2024 18:18,"Pelayanan garuntang Genk  di menara siger Bakauheni Lampung ,
#rentalmobilbandarlampung 
#rentallampung 
#rentalmobilbali 
#rentalmobiljogja 
# rentalmobilmurah
#sewamobilmurah 
#sewahaiacemurah 
#sewahaiacelampung 
#pariwisata 
#wisatategalmaslampung 
#wisatalampungbarat 
#wisatalampung 
#wisatalampungselatan 
#kunjungankerja 
#tour",Attraction,Siger,parking lot,junkyard,driveway,0.22937,0.200916,0.039117
https://www.instagram.com/p/ChFonkpvqpW/,365.jpg,8/10/2022 17:52,"Destinasi Wisata Alam Air Terjun Way Kalam

#wisatalampungselatan 
#kehutananprovlampung 
#kphwaypisang 

@ilya_nur_00",Attraction,,waterfall,swimming hole,creek,0.701106,0.079262,0.06706
https://www.instagram.com/p/DTxsI6hEjJW/,366.jpg,1/21/2026 14:39,"Moment With Family

Venua @pantai.marina.official 

#familytime #momentkeluarga #familyphotography #family #gatheringfamily #wisatalampungselatan #lampungselatanexplore #keindahanlaut #photoshoot #keluargabahagia #momentbersamakeluarga",Attraction,,watering hole,river,swimming hole,0.318371,0.107624,0.099852
https://www.instagram.com/p/CSoUtg6BH6X/,367.jpg,8/16/2021 9:21,"pinggiran Lampung .
.
.
.
.
..
#menarasiger #menarasigerlampung #pelabuhanbakauheni 
#lampung #lampungitukerreen #lampungituindah #lampunggeh #lampungselatan #wisatalampung #wisatalampungselatan #potretlampung #potretlampung📷 #lampunghits #lampungkeren",Attraction,,archaelogical excavation,tree farm,rice paddy,0.162407,0.085249,0.06352
https://www.instagram.com/p/CStKtv7HgTY/,368.jpg,8/18/2021 6:30,"Soreku terlalu sepi tanpa dirinya #bucinktl 
#repost 
#wisatalampungselatan 
#wisatalampung",Attraction,Sunset,harbor,beach,ocean,0.135064,0.134801,0.086792
https://www.instagram.com/p/CRnGRNbptbb/,369.jpg,7/22/2021 1:24,"👋🏻 ROJAIP (Rombongan Jadi Ngetrip) 
————————————————
🌍 Lokasi : Teropong Kota Kalianda, Desa Sumur Kumbang, Kec.Kalianda, Kab.Lampung Selatan, Prov.Lampung, Indonesia. 
.
#lampungtok #jalanjalandilampung #lampungselatanexplore #lampungberwisata #lampungselatanig #lampungtraveling #kaliandaig #surganyalampung #lampungmu #lokal_kalianda #lampungme #jejaklampung #disparbudlamsel #lampungselatanamazing #khamkalianda #wisata_lampungsai_ig #lampungselatan #teropongkotakalianda #kalianda #wisatalampungselatan",Attraction,,park,playground,picnic area,0.317486,0.147324,0.067481
https://www.instagram.com/p/Clc1-y7rMG0/,370.jpg,11/27/2022 4:17,"📍Sunset
. 
#janah2410 #fff💋 #lflfff❤ #lfl💛 #lfl❤️ #flfl💛 #flf❤ #flf  @pantai_keduwarna @selebgram.lampuung #wisatalampungselatan #selebgramlampuung #ootdstyle #ootddaily #ootdfashion #ootdhijab #selebgramlampung_id #ootdselebgram #selebgramlampung_ #gadisindonesia37 #selebgramindonesia #remajaindonesia37 #fypindonesia #remajaindonesiaaaa #fypシ❤️💞❤️ #fypinstagram #fypシ #ａｅｓｔｈｅｔｉｃ #senja #senjasore #sunset",Attraction,,beach,ocean,coast,0.276379,0.240385,0.227104
https://www.instagram.com/p/CXdwA_IlDsn/,371.jpg,12/14/2021 13:25,"Suatu saat nanti akan ada hari bahagia . . .
dimana apa yng kamu korbankan dan perjuangkan dengan tulus akan berbuah manis. . 🌸🌸
.
 Jadilah yng berbeda ketika mereka menyakiti kamu dengan sengaja. .
 balaslah dengan kebaikan do'a. . .
Karna dalam hatimu yakin, Allah adalah sebaik baik harapan yng nyata. . . 🌼🌼

Wisata @bukit_idaman_
#wisatatanggamus #gisting #wisatalampungselatan
.. 
.. 

.. 
.. 
.. 

.. 

#ukhtyndin421",Attraction,,vineyard,roof garden,formal garden,0.504313,0.130397,0.050761
https://www.instagram.com/p/CX6Fv3Mp_dc/,372.jpg,12/25/2021 13:33,Kebersamaan di Wisata Perengan Anteng Karang Anyar Lampung Selatan 🏞️✨😊 #wisata #wisatalampung #wisatalampungselatan #perengananteng,Attraction,,botanical garden,amusement park,park,0.404234,0.261323,0.10167
https://www.instagram.com/p/DAH1CgCTFUi/,373.jpg,9/20/2024 2:32,"Lantas mana yang lebih indah?
Menatap laut yg disertai ombak ,atau menatap langit disertai bintang🌊

Lokasi pantai Keduwarna Kalianda, Lampung Selatan.

#tempatwisatalampung #pantaikeduwarna #pantaikalianda #beach #wisatalampungselatan #holiday #traveling #healing #happyweekend",Attraction,,arch,kasbah,medina,0.322404,0.082,0.046718
https://www.instagram.com/p/DNcbHhITmmM/,374.jpg,8/17/2025 5:18,"""Indahnya bunga negeri di bawah megahnya atap budaya — semangat kemerdekaan terus tumbuh dan mekar di tanah air tercinta, bumi ragom mufakat 🇮🇩✨""

@radityoegi
@m_syaiful.anwar
@pemkab.lampungselatan 

#pesonamerahputihlampungselatan #hutke80ri #wisatalampungselatan #radityoegi #syaifulanwar #kawasanmenarasiger #lampungselatanmaju #bismillahbisa #lampung #hutri #indonesia",Attraction,Siger,amusement park,water park,fishpond,0.32433,0.211226,0.092023
https://www.instagram.com/p/C8pYwGPyfVJ/,375.jpg,6/25/2024 17:14,"Bendungan U25 - Umbulselawe , Tanjung sari - Lampung Selatan

Report @ummuhanii89
.
#lampunghits #lampungselatan #umbulselawe #potretlampung #wisatalampungselatan #pikniklampungkuy #eksotikalampung",Attraction,Bendungan,marsh,rice paddy,pond,0.408332,0.202593,0.138788
https://www.instagram.com/p/C7T-oe3yXvq/,376.jpg,5/23/2024 13:10,"Pantai marina Kalianda Lampung Selatan

Foto by : @alfalailaa_

#fyp #reelsinstagram #wisatalampung #wisatalampungselatan #wisatakalianda #kalianda #kaliandageh #lampungselatanexplore",Attraction,,cliff,coast,ocean,0.476767,0.182517,0.127037
https://www.instagram.com/p/C5NezEnvVvO/,377.jpg,4/1/2024 7:34,"Moments
.
#tempatwisatalampung #beach #wonderfulindonesia #traveling #holiday #healing 
#kaliandabeach
#wisatalampungselatan
#wisatalampung
#kaliandaresort",Attraction,,ocean,beach,wave,0.25096,0.222275,0.21299
https://www.instagram.com/p/DCO9AKBP-4S/,378.jpg,11/11/2024 13:59,"Sea,sun,sand and smiles 🌊

#wisata #wisatalampung #wisatalampungselatan #wisatalampungkeren #lampung #riobeachclub #pantairiobythebeach #pantai",Attraction,,wave,beach,ocean,0.336777,0.321259,0.222053
https://www.instagram.com/p/DNcQ3JYSKg4/,379.jpg,8/17/2025 3:48,"*DIRGAHAYU REPUBLIK INDONESIA KE-80*
Bersatu, Berdaulat, Rakyat Sejahtera, Indonesia Maju 🇮🇩❤️

Venue terbaik Upacara Kemerdekaan RI kali ini ada di Lapangan Menara Siger, Bakauheni Harbour City, Lampung Selatan 👑

Terima kasih pak Bupati @radityoegi sudah memperkenalkan ikon kebanggan warga Lampung Selatan 

Bergerak Berdampak, untuk Lampung Selatan Maju, Bismillah Bisa 

@pemkab.lampungselatan 
@radityoegi 
@m_syaiful.anwar 

🥻by @galeri_maura 
💄by me

#pesonamerahputihlampungselatan #hutke80ri 
#wisatalampungselatan 
#radityoegi 
#syaifulanwar 
#kawasanmenarasiger 
#lampungselatanmaju 
#bismillahbisa
#bergerakberdampak",Attraction,Siger,promenade,plaza,palace,0.27238,0.159263,0.058299
https://www.instagram.com/p/CneRvKZJtzC/,380.jpg,1/16/2023 10:42,"Keindahan Desa Suak saat senja datang 🌙
. 
. 
.

📍Jl. Raya Suak Desa Suak Kec. Sidomulyo Lampung Selatan 

_______________
Follow & tag foto kamu 
IG @desa.suak
FB Pemdes Suak

________________
#desasuak #sidomulyo #lampungselatan #pantailampungselatan #wisatalampung #wisatalampungselatan #piknik #healingvibes",Attraction,,lagoon,islet,coast,0.295034,0.239328,0.116926
https://www.instagram.com/p/CtiLplDPQbV/,381.jpg,6/16/2023 2:14,"Krakatau Wave 
Hay hay siapa yg ke Slanik Selalu nunggu kolam ombak ini 🙋‍♀🙋‍♀🙋‍♀

#slanikwaterpark 
#slanikwaterparklampung 
#wisatalampung 
#wisatalampungselatan",Attraction,,outdoor,water park,beach house,0.452016,0.179801,0.103752
https://www.instagram.com/p/CTA7EJchE81/,382.jpg,8/25/2021 22:38,"𝗣𝗮𝗻𝗷𝗮𝗻𝗴 𝘂𝗺𝘂𝗿 𝘂𝘁𝗸 𝘁𝗲𝗺𝗲𝗻² 𝘆𝗴 𝘀𝗲𝗿𝗶𝗻𝗴 𝗯𝗶𝗹𝗮𝗻𝗴 : “𝗵𝗮𝗹𝗮𝗮𝗮𝗵 , 𝗸𝗮𝘆𝗮𝗸 𝘀𝗮𝗺𝗮 𝘀𝗶𝗮𝗽𝗮 𝗮𝗷𝗮”
______________________________
.
#pikniklampungkuy #pikniklampungselatan #potretlampunginsta #wisatalampungme #wisatalampungselatan@wisatalampungku

Photo © Reposted from @ummuhanii89

Location: #Bendungan U25 Umbulselawe , Sidomukti - Lampung Selatan,  Lampung 

© All Rights and Credits reserved to the respective owner(s). Please contact us for credit or removal.

#selampung
#semestalampung
#fotolampung
#lampung2021
#agustusselampung",Attraction,,natural,pond,campsite,0.368318,0.208823,0.143237
https://www.instagram.com/p/DC-40rLzxu_/,383.jpg,11/30/2024 4:46,"Masyaallah 🌻,
Every exit leads us to a new entrance 🥰
.
.
.
#pantaimarinakalianda
#pantailampung #pantaiindah #wisatalampung #wisatalampungselatan",Attraction,,medina,courtyard,playroom,0.231656,0.070655,0.066608
https://www.instagram.com/p/CZeUP1JvzVN/,384.jpg,2/2/2022 11:44,"Happinnes come in waves 🌊🥰
.
.
📸 @fikaafns 
.
#SebalangBeach #lampung #lampunginsta #potretlampung #explorelampung #wisatalampung #wisatalampungselatan #lampunghits #lampungkece",Attraction,,beach,lagoon,coast,0.735672,0.132037,0.053218
https://www.instagram.com/p/CkGLWuPSoCJ/,385.jpg,10/24/2022 12:30,"Way tebing cepa✨

#wisatalampungselatan",Attraction,,lock chamber,natural,river,0.201488,0.143812,0.129048
https://www.instagram.com/p/CsDTY7jJv_O/,386.jpg,5/10/2023 5:53,#masyaallahtabarakallah #meanddaughter #krakataupark #bakauheni #wisatalampungselatan,Amenities,Wahana Permainan,heliport,windmill,industrial area,0.1278,0.10181,0.084784
https://www.instagram.com/p/Cel5TH3Juie/,387.jpg,6/9/2022 16:59,"""Selain pengalaman, petualangan juga akan mempertemukanmu dengan sebuah keluarga lain.""
.
.
.
.
.
#wisatalampungselatan #lampungexplorer #wisatakaliandalampungselatan #wisatalampung #wisataindonesiakeren🇲🇨",Attraction,,islet,coast,lagoon,0.437716,0.10419,0.100232
https://www.instagram.com/p/CMLz9W9n8ai/,388.jpg,3/9/2021 4:27,"👥 Manusia yang katanya raja, namun akan rendah di hadapan semesta. 
. 
🌍 Lokasi : Wisata Alam Gunung Batu, Desa Srikaton, Kec.Tanjung Bintang, Kab.Lampung Selatan, Prov.Lampung, Indonesia. 
. 
#parapejalanlampung #jalanjalandilampung #mampirlampung #gerbanglampung #lampungselatanexplore #lampungselatanig #lampunghey #lampungmu #lampungdong #lampunginsta #jelajahlampung #infolampungku #pesonatraveller #bolang_lampung #selampung #lampungkuy #surganyalampung #infokyaitravel #lampungtok #lampungselatan #wisatalampung #wisatalampungselatan #gunungbatu",Attraction,,vineyard,village,picnic area,0.098747,0.084555,0.082915
https://www.instagram.com/p/CNqEKtJsitX/,389.jpg,4/14/2021 18:58,"Buka Puasa di Pantai Kedu Warna yuks.., selain melepas dahaga, mata kita insyaalloh akan dimanjakan dgn Sunset ciptaan Alloh yg  luarrr biasaaa..😍😍😍
#pantai_keduwarna 
#wisatalampungselatan
#wisatalampung #bglampungkece 
#lampumgkece 
#lampunghitz 
#lampunggeh 
#potretlampung
#lampunginsta 
#kaliandaig",Attraction,,sky,harbor,industrial area,0.435443,0.108303,0.043327
https://www.instagram.com/p/Cle18DDBZPA/,390.jpg,11/27/2022 22:55,"Dunia itu berputar makannya banyak pusingnya
.
.
.
📍pantai kedu
#pantaikedu #pantaikeduwarna #wisatalampung #eksplorlampung #potretlampung #wisatalampungselatan #lampunghits #lampunginsta #lampunggeh",Attraction,,lawn,yard,pasture,0.858676,0.040155,0.028308
https://www.instagram.com/p/CNhGWdlFeET/,391.jpg,4/11/2021 7:24,"Kesumbawa beli tinta, abis ketawa kok jadi cinta *Ehh 🙊
.
.
.
Mimin juga cinta sama mbaknyah 📸 @meri_yunida 
.
#SebalangBeach #lampung #lampunginsta #potretlampung #explorelampung #wisatalampung #wisatalampungselatan #lampunghits #lampungkece",Attraction,,outdoor,sandbox,playground,0.393123,0.16322,0.07007
https://www.instagram.com/p/CZFaCN9B3KF/,392.jpg,1/23/2022 19:34,"Don't just enjoy this nature, but take care of it is also necessary✨
#pantaisemukuk #lampung #l  #sunset #lampungpunya #likesforlike #lampungselatan #explorelampung #bikinkerenlampung #wisatalampung #wisatalampungselatan",Attraction,,promenade,outdoor,coast,0.396689,0.240348,0.102168
https://www.instagram.com/p/Cp2pc9NyYDL/,393.jpg,3/16/2023 14:53,"Bukan senja namanya jika tak sendu
Bukan senja namanya jika tak sunyi
Dan bukan senja nama nya jika tak menciptakan rindu
.
.
#sanggarbeach #pelampungtrip #kalinda #katakatabijak #katakatarindu #bapakinstagram #boys 
#wisatalampung #pikniklampung #piknikasik
#wisatalampungselatan 
At @sanggarbeach_lpg",Attraction,,beach,ocean,coast,0.48166,0.230197,0.193111
https://www.instagram.com/p/CNSPjzPrDn6/,394.jpg,4/5/2021 12:55,"Berlokasi di jalan raya trans, kecamatan kalianda, kabupatan lampung selatan.
Tepat di belakang rumah dinas bupati lampung selatan.
Menuju ke kebun edukasi, kita melewati pusat kuliner dengan beragam makanan.
Begitu masuk, mata kita di manjakan oleh pemandangan indah berlatar belakang gunung rajabasa.
Di kebun edukasi terdapat banyak jenis tanaman buah dan bunga. 
Kebun edukasi ini dulu nya hanya lahan kosong, berkat gagasan Bapak Bupati Lampung Selatan, Bapak H Nanang Ermanto, tempat ini menjadi wisata yang indah.
Di kebun edukasi ada tembok lukisan yang mengelilingi kebun ini. lukisan dari komunitas pelukis Lampung Selatan, yang membuat kebun edukasi semakin menarik.
Selain itu ada gazebo, kolam, area bermain anak, taman burung, beberapa spot foto, toilet, dan masih banyak lain nya.
Tempat ini masih terus dikembangkan dan dipercantik. 
Tempat nya sangat luas sekali, mengelilingi kebun edukasi ini, anggap saja kita berwisata sambil berolahraga. Hehehe 

@wisatalampungselatan
@riniariasih
@sedulur_nanang
@pandukesumadewangsa1

Salam, kurnianoen travelling
#kurnianoen #kurnianoentravelling #kebunedukasikalianda #kebunedukasilampungselatan #wisatalampungselatan #pariwisatalampungselatan #kebunedukasikaliandalampungselatan",Attraction,,staircase,japanese garden,formal garden,0.297316,0.129751,0.075475
https://www.instagram.com/p/CyPbriXSYc_/,395.jpg,10/11/2023 2:05,"Patung Raden Intan II Lampung Selatan

#makamradenintan
#makamradenintankalianda 
#makamradenintanII
#lampungselatan 
#wisatalampungselatan",Attraction,,topiary garden,formal garden,botanical garden,0.797474,0.106861,0.029106
https://www.instagram.com/p/C4DKFSVr3X1/,396.jpg,3/3/2024 10:49,"Wisata Air Terjun Way Kalam 
#WayKalam
#wisatalampungselatan",Attraction,,waterfall,rainforest,beer garden,0.321604,0.195896,0.072946
https://www.instagram.com/p/DNcW_Oepzj-/,397.jpg,8/17/2025 4:42,"Terus lah berkibar MERAH PUTIH KU walau pun kami berbeda tapi tetap bersatu untuk kejayaan MU. SEKALI MERDEKA TETAP MERDEKA 💪🇮🇩🇮🇩
@pemkab.lampungselatan @radityoegi @m_syaiful.anwar #pesonamerahputihlampungselatan #hutke80ri #wisatalampungselatan #radityoegi #syaifulanwar #kawasanmenarasiger #lampungselatanmaju #bismilahbisa",Attraction,Siger,amphitheater,outdoor,outdoor,0.797547,0.016768,0.014691
https://www.instagram.com/p/CmnGBiSPXNQ/,398.jpg,12/26/2022 0:21,"Ketenangan untuk diri sendiri ituperlu 
😌. Namaste

.
Mari kita jaga bersama lingkungan disekitar kita. Salam lestari 🌱
•

#lampungmenyapa 
#menyapalampung 
#nyapalampung 
#lampungmenyapanew#lampungselatan #wisatalampungselatan #explorelampung #lampung  #exploreindonesia #fff #fff😊 #fff💋 #followforfollowback
#lampung #senjasore #sunset #sunrise
#bandarlampung #pariwisatalampung #explorelamsel #wisatalampung #aranglampung #wonderfulindonesia  #lampungnatureadventure
Reposted from @donniarjanggi",Attraction,,coast,beach,ocean,0.273515,0.264743,0.251013
https://www.instagram.com/p/CfVzRe1v-U7/,399.jpg,6/28/2022 7:30,"Masya Allah tabarokallah
bermain bersama adam 🍄🍄@jatiagro ❗❗

kolam renang deket rumah nih 🤩bosen dikit renang 😆 canda Masuknya murah meriah cuman 10 ribu anak"" renang 15 ribu. Karcisnya bisa di tuker jdi minuman juga. 
Tempat nya luas enak si buat nyore apa mau jalan bareng ama ayang tapi ga mau jauh bisa disini loh maps aj ""jatiagro""

#wisatalampung #wisatalampungselatan #jatimulyo #bandarlampung #wisatabandarlampung #lampung #lampunggeh",Amenities,,chalet,cottage,oast house,0.223666,0.087657,0.071105
https://www.instagram.com/p/CnA6zLDvuSP/,400.jpg,1/5/2023 1:03,"Ada yang tau caraa menghilangkan kepenatan di tengah kota.? 
..
.
.
🚩 Batu lapis, Lampung Selatan
.
.
#lampungmenyapa #menyapalampung #nyapalampung #pariwisatalampung #pariwisata 
#lamsel #humas
#wisatalampungselatan #protokol #batulapis
#tempatwisatalampung #gayafotokekinian #ga_lampung_hits #bandarlampung #lampungpose
#lampungexsis #lampungsemakinexis #lampungexplore #lampungsemakinexis #lampunginsta #tapakjejaklampung #tempatwisata #tempatwisatalampung #bolanglampung #destinasilampung #petualanglampung #pesonalampung #pesonabandarlampung #gayapopuler #fff #like4likes #followforfollowback",Attraction,,coast,cliff,lagoon,0.267777,0.227453,0.101462
https://www.instagram.com/p/CpbQzPgS-Jg/,401.jpg,3/5/2023 23:38,"Setelah weekend lanjut dengan rutinitas kembali..💪

Terimakasih yang sudah berkunjung menghabiskan weekend ke Desa Suak dengan Panorama wisata Pantainya dan bukit yang menjadi spot foto favorit para pengunjung🌊🏝🏖🏕..
.
.
📍Jl. Raya Suak Desa Suak Kec. Sidomulyo Lampung Selatan 

_______________
Follow & tag foto kamu 
IG @desa.suak
FB Pemdes Suak

________________
#desasuak #desawisata #sidomulyo #lampungselatan #pantailampungselatan #wisatalampung #wisatalampungselatan n #piknik_asik #healingvibes",Attraction,,rice paddy,vineyard,corn field,0.187252,0.149195,0.143712
https://www.instagram.com/p/CWnAj6EsOXn/,402.jpg,11/23/2021 7:11,"𝗖𝗶𝗻𝘁𝗮 𝗮𝗸𝘂 𝗸𝗲 𝗸𝗮𝗺𝘂 𝗶𝘁𝘂 , 𝗸𝗮𝘆𝗮𝗸 𝗸𝗲𝗰𝗮𝗽 𝗯𝗮𝗻𝗴𝗼 ..

𝙎𝙤𝙖𝙡 𝙧𝙖𝙨𝙖 , 𝙜𝙖 𝙗𝙞𝙨𝙖 𝙗𝙤𝙝𝙤𝙣𝙜 ..
☺️☺️☺️
.
.
📍 Bendungan U25 - umbul selawe , Tanjung sari - Lampung Selatan
________________________
#potretlampung #jalanjalanlampung #pikniklampung #wisatalampungselatan #bendunganU25 #umbulselawe #lampunghits #ootdhijab #holidayvibes 

@potretlampung @pikniklampung @lampuung @lampung.eksis @inilampungyay @lampunginsta @cahayapicture__",Attraction,Bendungan,pond,marsh,rice paddy,0.374486,0.150304,0.122831
https://www.instagram.com/p/C05G5m4Smcs/,403.jpg,12/15/2023 23:34,"""Peresmian Homestay dan Cafe desa, di Desa Wisata Muara Indah Desa Suak Kecamatan Sidomulyo""

Jumat, 15 Desember 2023

  Peresmian Homestay dan Cafe Desa, atas Program Tanggung jawab sosial dan Lingkungan (TJSL).
 PT Pelindo Regional 2 Panjang Bandar Lampung
Peresmian dihadiri oleh Staff Ahli Bidang Keuangan, Kadis PMD, Plt Kadis Pariwisata, Manajer Keuangan dan SDM PT  @pelindo  Regional 2 Panjang, Kepala Desa Suak, Bumdes Jejama Jaya Suak.

  Dengan adanya Penambahan Sarana dan Prasarana berupa Homestay dan Cafe Desa tersebut, diharapkan dapat lebih menarik minat Masyarakat untuk berkunjung dan berwisata dipantai muara indah, Mengingat Desa Suak memiliki banyak objek wisata khususnya wisata Pantai,

  Selain itu  dengan Bertambahnya Jumlah Pengunjung yang berwisata ke Desa Suak maka akan berdampak pada peningkatan ekonomi, serta Pemberdayaan Masyarakat di Desa Suak.

#semangatmembangundesa 
#tingkatkansumberdayaalam 
#wisatalampungselatan",Amenities,cafe,outdoor,pavilion,outdoor,0.468056,0.176954,0.057502
https://www.instagram.com/p/CMnuPMKFEVb/,404.jpg,3/20/2021 0:36,"Sudah akhir pekan aja ni kak, masih bingung mau kemana weekend kali ini, so engga usah bingung, Air terjun Way Tayas solusinya.

Air Terjun Way Tayas ini, merupakan satu dari beberapa objek wisata alam Air Terjun di Kabupaten Lampung Selatan.

Lokasi Air Terjun yang berada di bagian punggung Gunung Rajabasa dengan kebun cengkeh dan pohon-pohon hutan alami. Tapi keindahan Air Terjun Way Tayas sangatlah menggoda untuk didatangi.

Adapun Perjalanan tidaklah terlalu jauh dari Kalianda. Hanya sekira perjalan menempuh waktu 20-30 menit untuk sampai di Dusun Pangkul, Desa Sukaraja dari Kalianda melalui jalan pesisir Rajabasa dengan menggunakan kendaraan sepeda motor.

Namun lelah kaki melangkah menyusuri jalan setapak di sisi tebing seketika terbayarkan kala titik embun air menerpa wajah memberikan kesejukan.

Hijaunya pepohonan khas Gunung Rajabasa yang masih alami, serta didik batu hitam dengan hiasan lumut menjadi pemandangan yang menyejukan mata.

Riak suara air yang turun dari ketinggian sekira 30 meter, seolah menjadi irama syahdu.

Perjuangan melelahkan dan memacu andrenalin, terbayarkan sudah, kala mata menatap Air Terjun Way Tayas.
Sumber : Tribunlampung.co.id/Dedi Sutomo
........................................
...................................
..............................
..........................
......................
..................
...............
............ 
..........
........
......
....
...
..
.
📍 Air Terjun Way Tayas Kalianda

#curug #waterfall #explorelampung #lampungselatan #wisatalampungselatan  #lampungmoment #visitlampung #wisatalampung #pesonalampung #genpilampung #pesonaindonesia #lampunggeh #lampunghits #lampungeksis #lampungyay #inilampungyay #potretlampung #lampunginsta #parapejalanlampung #pendakilampung #travellerlampung #lampungkece  #lampungpedia #airterjunwaytayas #alamlampung #nature #instagood  #travelingindonesia #traveling #waterfalls",Attraction,,waterfall,rainforest,mountain,0.636598,0.125109,0.059944
https://www.instagram.com/p/CvEBpzYymLH/,405.jpg,7/24/2023 2:12,"Tetaplah Pacaran Meskipun Sdh Menikah❤️

#pantaiarang #pantailampung #wisatalampung #wisatalampungselatan #pantaiselatan #bersenangsenang #bersamapasangan #akongama #nenekgaul #grandmigrandpi #keluargailibi❤️ #ilibi",Attraction,,campsite,park,lawn,0.256678,0.165153,0.072662
https://www.instagram.com/p/CsNL-LBvQeU/,406.jpg,5/14/2023 2:01,"Our hearts speak the same language 😊

#thetyos #travellercouple #adventurouscouple #growoldtogether #kakeknenekpetualang #pantaipasirputihlampung #pantaipasirputihlampungselatan #pantailampung #pantailampungselatan #wisatalampung #wisatalampungselatan #lampunghits #explorelampung #explorelampungselatan #wisatapantailampung #wisatapantailampungselatan",Attraction,,natural,park,river,0.16634,0.122425,0.089622
https://www.instagram.com/p/CdtAgEMvk0w/,407.jpg,5/18/2022 14:46,"back with a better version🤍
.
.

🌍 Informasi wisata seputar Lampung Selatan 

Mau di repost ?? ..
Cara nya 
follow : 👇👇

|| @lampungselatanexplore
|| @lampungselatanexplore
|| @lampungselatanexplore

|| Hastag #lampungselatanexplore

Follow Facebook : Lampung Selatan Lampung

Foto menarik akan kami repost 😊

_______________________

Info wisata & kerjasama silahkan DM 💌
_______________________

© Pic : @hallo_agstn19
...

.
.
.
#lampung #lampungeksis #lampunghits #lampungexplore #explorelampung #ilovelampung #wisatalampungme #wisataterbaiklampung #wajahlampung #pikniklampung #travellerlampung #travelling #pesonatraveller #ootdhijab #hijabstyle #lfl #lfl💛 #lampunggeh
#lampungselatanexplore #kalianda #wisatalampungselatan",Attraction,,mountain path,valley,mountain,0.238512,0.11106,0.104755
https://www.instagram.com/p/CMlijY0hhcq/,408.jpg,3/19/2021 4:16,""" Lampung keren "" ❤️❤️❤️

Prewedding
@wulandarimakeup_ & @diki_wahyu04 

@asep_photography
@doldedoank
@_antonprastyo 
@alena_hennaart 
@pematang.sunrise 
@bukitpematangsunrise 

#preweddingkalianda 
#preweddingoutdor 
#mypreweddingphoto 
#wisatalampung 
#wisatahits 
#wisatalampungselatan 
#kaliandakeren 
#kaliandaig 
#weddingkalianda 
#lokasiwisata 
#wajahlampung 
#bakauheuni",Attraction,,water park,islet,beach,0.173012,0.066471,0.050246
https://www.instagram.com/p/ChMdhkQv8YR/,409.jpg,8/13/2022 9:30,"Terimakasih sudah berkunjung 😊🙏

📍@muaraindahsuak 
Jl. Raya Suak Desa Suak Kec. Sidomulyo Lampung Selatan 

_______________
Follow & tag foto kamu 
IG @muaraindahsuak 
FB Muara Indah Suak 

________________
#muaraindahsuak #pantaimuaraindahsuak #pantailampung #pantailampungselatan #wisatalampung #wisatalampungselatan #piknik #healingvibesonly",Attraction,,ocean,coast,beach,0.408962,0.199442,0.17213
https://www.instagram.com/p/C3KNX1Ar1N3/,410.jpg,2/10/2024 8:01,"[FEBRUARI]
Sama seperti lagunya awan dan alam saling menyatu☁️🌿

#wisatalampung #tempat_wisata_lampung #wisata #wisatalampungselatan #lautlampung #lampunginsta #lampunghits #mercusuar #diataspermukaanlaut #menyatudenganalam🌱🌳🌲 #menyatudenganalam #post #likesforlike #like kelampungyuk #kelampung_geh #lampungku #lampungkuybareng #lampungkuybareng #jalanjalan #jalanjalanbareng #wisatalampung #lampungeksis #lampungstore #wonderful #infolampung #infolampungtengah #Bandarlampung #inilampungyay #inilampung #wisata_lampungme",Attraction,,ocean,cliff,coast,0.219243,0.189466,0.188957
https://www.instagram.com/p/CK0T6F9l5d8/,411.jpg,2/3/2021 4:53,"Bangun dan sadarlah bahwa ada pemandangan indah diluar rumahmu yg sedang menunggumu 

#mytripmyadventure 
#pesonaindonesia 
#travellerindonesia 
#jalanjalan 
#wisatalampungselatan 

@mytrip_myadvntrindonesia 
@pesona_lampung 
@backpakerindonesia 
@sahabattravellerlampung 
.
.
.
.
.
.
.
LOKASI :// Bukit Pematang Sunrise - Dusun Kayutabu, Kelawi, Kec. Bakauheni, Kabupaten Lampung Selatan, Lampung 35592
.
.
.",Attraction,,rice paddy,archaelogical excavation,cultivated,0.658543,0.158792,0.092258
https://www.instagram.com/p/CPoDWOWsGCM/,412.jpg,6/2/2021 17:15,"Biasa nya cuaca lagi panas atau hujan lebat, enak nya neduh sambil ngopi sembari melihat arus air yang terus mengalir tanpa henti...seperti kasih sayang kamu ke dia yang tak ada ujung nya... 

#wisatalampung 
#wisatalampungselatan",Attraction,,outdoor,pavilion,picnic area,0.410966,0.135182,0.050895
https://www.instagram.com/p/ChMdPq1P9h9/,413.jpg,8/13/2022 9:27,"Terimakasih sudah berkunjung 😊🙏

📍@muaraindahsuak 
Jl. Raya Suak Desa Suak Kec. Sidomulyo Lampung Selatan 

_______________
Follow & tag foto kamu 
IG @muaraindahsuak 
FB Muara Indah Suak 

________________
#muaraindahsuak #pantaimuaraindahsuak #pantailampung #pantailampungselatan #wisatalampung #wisatalampungselatan #piknik #healingvibes",Attraction,,beach,ocean,lagoon,0.641782,0.149066,0.087719
https://www.instagram.com/p/CcJevyiPq26/,414.jpg,4/9/2022 23:06,"Ceritaku 

#healthylifestyle #pantai #jalanjalan #wisatalampung #wisatalampungselatan #ootdhijab #ootdinspiration",Attraction,,beach,ocean,coast,0.189202,0.112023,0.088693
https://www.instagram.com/p/CUrCiBBvajy/,415.jpg,10/6/2021 3:42,"@pematang_sunrise cocok untuk berlibur di saat pikiran kamu lagi kacau dan menghilangkan rasa lelah ditubuh kamu💫
____
____
____
____
Ayo jangan pikir dua kali untuk berlibur di @pematang_sunrise ✨💫
____
____
____
____
📸@alazis003 
📍@rizkysaputra01.official ____
____
____
____
Loc📍jln.permata batu Alif / pematang malang 
Dusun kayu-tabu Desa Kelawi kec Bakauheni Lampung Selatan .
____
____
Flw⬇️
_______________________
@mulimanaiujungaspal
•••••••••••••••••••••••••••••••••
°°
°°
°°more info : +62 895-1936-9799
°°
°°
..📌TEMPAT
➡️JLN. PERMATA BATU-ALIF/  PEMATANG MALANG.
➡️DESA KELAWI.
➡️DUSUN KAYU-TABU.
➡️KEC.BAKAUHENI.
➡️KAB.LAMPUNG SELATAN.
.
°°

GO IFTA! 
KEEP MOVING PEMATANG SUNRISE !
LETS GO LAMPSEL
BANGKIT PARIWISATA INDONESIA 🇲🇨
SALAM EXPLORASI 💪

Adaptasi Kebiasaan Baru
Berwisata Aman dengan Protokol Kesehatan

#prewedding #preweddingphotography #photography #photographer #preweddingshoot #prewedingmuslim #photoprewedding @iftaassociation
@riniariasih
@kutaheriawan
@sahabattravellerlampung
@apalampung
@bg_lpgkece
@parapejalanlampung
@lampuung @lampungselatanexplore @pesonalampunng @syah_herwan@dianarsaf #ramahtamahjelajah

#teamexploreifta2021
#pariwisatalampungselatan ____
____
#lampungwisata #lampunggeh #lampung #lampungselatan #lampungpunyabrand #lampunghits #lampungselatanamezing #lampungyay #wisataindonesia #wisatalampung #wisata #wisatalampungselatan #bakauheni #bakauhenilampung #gerbang_sumatra_seller #camping #camp #campcamp #sunmori",Attraction,,tree house,pier,boardwalk,0.282801,0.150362,0.092654
https://www.instagram.com/p/CUkCb3Rhymw/,416.jpg,10/3/2021 10:27,"Tidak ada mimpi yang terlalu tinggi untuk digapai, yang ada hanyalah niat yang rendah untuk melangkah 🪂

#wisatalampung#lampungselatan#paralayang#perengananteng#wisatalampungselatan#happy#sunday#fly#littlefighter",Attraction,,mountain path,rope bridge,tree farm,0.164115,0.149611,0.117587
https://www.instagram.com/p/CL5vd7hMyyM/,417.jpg,3/2/2021 4:02,"#Repost @abid_rabbani28
• • • • • •
Desa Way Hui Lampung Selatan

😱 Bersejarah dan misterius ungkapan yang tepat untuk tempat ini. Konon, batu ini sudah ada sejak zaman kolonial Belanda. Penamaannya pun beragam seperti “Batu Lingguh”, “Mini Stone” dan ada juga yang menyebutnya “Tugu Empat”.
. 
🌍 Lokasi : Batu Lingguh/Mini Stone/Tugu Empat, Desa Way Huwi, Kec.Jati Agung, Kab.Lampung Selatan, Prov.Lampung, Indonesia. 
. 
#kelampungaja #lampungdong #pejalankakilampung #lampungtok #lampungkuy #lampungselatanig #lampungmu #lampungselatanexplore #pejuangpesonalampung #mata_lampungku #ekspedisisumatera #lampungme_ #bolang_lampung #lampung_light #wisata_lampungme #lampungselatan #wisatalampungselatan #batulingguhlampung #tuguempatlampung #ministonelampung",Attraction,,rice paddy,ruin,castle,0.229472,0.204972,0.094921
https://www.instagram.com/p/CYTAEKTriCi/,418.jpg,1/4/2022 5:45,"Suara deburan ombak bikin candu💙
.
#janah2410 #storyaesthetic99 #ａｅｓｔｈｅｔｉｃ#selebgramlampuung #selebgramlampung_id #selebgramlampung_ #selebgramindonesia #ootdstyle #ootddaily #ootdfashion #wisatalampung #wisatalampungselatan #selebgram_lampung_id #pantaimarinakalianda #pantaimarinalampung #pantaimarina #fypシ #fypinstagram #fypindonesia #fff💋 #lfl💛 #fff😊 #lll #lflfff❤ #ombakpantai",Attraction,,lagoon,islet,coast,0.331365,0.282109,0.138468
https://www.instagram.com/p/CKVmJhnpBd1/,419.jpg,1/22/2021 6:36,"Hati akan merasa tenang jika kita yakin apapun yg luput dari kita bukanlah takdir kita,dan apapun yg ditakdirkan untuk kita tak akan luput dari kita..
 
#pantaitapakkera 
#wisatalampungselatan",Attraction,,rock arch,grotto,cliff,0.659867,0.083485,0.081001
https://www.instagram.com/p/CYbpsa3v0So/,420.jpg,1/7/2022 14:22,"Sendiri itu tenang, selebihnya kesepian
.
.
📸 @baguspangestu31 
.
#SebalangBeach #lampung #lampunginsta #potretlampung #explorelampung #wisatalampung #wisatalampungselatan #lampunghits #lampungkece",Attraction,,ocean,iceberg,islet,0.183902,0.120469,0.095136
https://www.instagram.com/p/Cfyu0Xdr2uz/,421.jpg,7/9/2022 13:09,"Wisata Jati Agro Farm yang ada di Jatimulyo Lampung Selatan sekarang ada kolam renangnya. 

Cek video dan info lengkapnya di channel YouTube Jani Master, LINK ada di profil. 

#wisatabandarlampung #wisatalampung #wisatalampungselatan #jatimulyo #jatiagro #jatiagrofarm #wisatajatiagro #wisatadilampung",Attraction,,water park,outdoor,amusement park,0.846852,0.120536,0.019488
https://www.instagram.com/p/CXix38Cl_QJ/,422.jpg,12/16/2021 12:17,"Mention orang yang ingin kamu ajak ke pulau Pahawang island 🥰

-
Private trip, adalah favorit pilihan yang tepat untuk tour.

-
[ Fasilitas ]

∆ Kapal xplore pulau
∆ maksimal 5 pulau dan pantai
∆ 1 set alat snorkeling ( mask, pelampung )

_________________________________________________________

More info and reservation :
☎️ Cp/wa : +62 83168234908

-

-
---------------------------
 -----------------------------

#travel #sunset #travelgram #vacation #wisatalampungselatan #beach #lampunghits #pesonaindonesia #opentrippahawangmurah #palembangupdate #sewakapalmurah #kelagianlunik #pasirtimbullampung #liburanmurah #lampunggeh",Attraction,,boat deck,pier,promenade,0.636912,0.134669,0.074102
https://www.instagram.com/p/Cfj7dgrBvGn/,423.jpg,7/3/2022 19:11,"Wake Me Up When I Care...
.
.
.
📍Pulau Sebesi, Lampung
#explorelampung #pantaisebesi #visitlampung #explorepantai #solotravelling #solotraveller #canoing #infopandeglang #travelphotography #photography #nature #travelgram #pickoftheday #instagood #snorkeling #instatravel #adventure #travelblogger #trip #landscape #naturephotography #pulausebesi #sebesiisland #wisatakrakatau #wisatalampungselatan #exploresebesi #gunungkrakatau #explorekrakatau #gunungkrakatau",Attraction,,swimming hole,hot spring,creek,0.277383,0.15902,0.074978
https://www.instagram.com/p/CSX7c7ZhC4N/,424.jpg,8/10/2021 0:32,"🐎 Hewan pun mempunyai hati. Jika kita tak melukainya, maka ia pun tak akan melukai kita. 
————————————————
🌍 Lokasi : Kampung Kuda, Desa Gedung Agung Kec.Jati Agung, Kab.Lampung Selatan, Prov.Lampung, Indonesia. 
. 
#lampung #mampirlampung #pesonatraveller  #lampungtraveling #ingetlampung #jelajahlampung #lampungable #lampungselatanexplore #lampungselatanig #disparbudlamsel #lampungselatanamazing #lampungselatan #kampungkuda #jatiagung #wisatalampungselatan
Reposted from @abid_rabbani28",Amenities,Fasilitas Berkuda,playground,park,amusement park,0.381211,0.263233,0.1135
https://www.instagram.com/p/CfTnz5qplwl/,425.jpg,6/27/2022 11:12,"''Kalo mau tau asli nya gua
Main sama gua
Duduk berdua
Kita ngopi
Kalo dari cerita orang mah
Gua kebagian brengseknya doang 😁.''
.
.
.
.
.
#wisatalampung #wisatalampungselatan #wisatakalianda #lampungselatanexplore #wisataindonesiakeren🇲🇨",Attraction,,ice shelf,iceberg,ice floe,0.384817,0.261281,0.146865
https://www.instagram.com/p/CkQSSBIBH8U/,426.jpg,10/28/2022 10:43,"-✈️
.
Sudah akhir pekan aja ni kak, masih bingung mau kemana weekend kali ini, eitsss kagak usah bingung, Air terjun Citiis solusinya.

Air Terjun Citiis ini, merupakan satu dari beberapa objek wisata alam Air Terjun di Kabupaten Lampung Selatan.

Lokasi Air Terjun yang berada di bawah kaki Gunung Rajabasa dengan dikelilingi pohon-pohon hutan alami. Keindahan Air Terjun Citiis sangatlah menggoda untuk didatangi.

Hijaunya pepohonan khas Gunung Rajabasa yang masih alami, serta batu hitam dengan hiasan lumut menjadi pemandangan yang menyejukan mata.

Riak suara air yang turun dari ketinggian sekira 10-20 meter, seolah menjadi irama syahdu.
Perjuangan melelahkan, track memacu andrenalin akan terbayarkan sudah, kala mata menatap dan merasakan langsung kesegaran Air Terjun Citiis.
If @ekamaulanaiqbal_18

📍 Air Terjun Citiis, Rajabasa, Lampung Selatan.

🏅From @demenalam

#curug #waterfall #explorelampung #lampungselatan #wisatalampungselatan  #lampungmoment #visitlampung #wisatalampung #pesonalampung #genpilampung #pesonaindonesia #lampunggeh #lampunghits #lampungeksis #lfl #likeforlikes #likeforfollow #inilampungyay #potretlampung #lampunginsta #parapejalanlampung #pendakilampung #travellerlampung #lampungkece  #lampungpedia  #alamlampung #nature #instagood  #travelingindonesia #traveling",Attraction,,waterfall,rainforest,creek,0.862342,0.069423,0.023792
https://www.instagram.com/p/CYMCKIGFfH0/,427.jpg,1/1/2022 12:48,"Search wisata lampung

.
.
#kaliandaresort #alaualauresort #lagunabeach #lagunaalaualau #wisatalampungselatan #wisatalampung #pesonalampung #wisataindonesia #travellerindonesia #indovidgramvideo #lampungvidgram #lampungwisata #lampungtrip ##pesonaindonesia #trans7 #jelajahindonesia #travelling #lampungeksis #potretlampung #pikniklampung #explorelampung #lflflflflflflfl",Amenities,Lummay Villa Dan ResortsAlau Alau Boutique Resort Kalianda,porch,mezzanine,exterior,0.354466,0.21076,0.070036
https://www.instagram.com/p/CLUqbkVHvU7/,428.jpg,2/15/2021 18:26,"Ditanganmu segalanya jadi luar biasa, thanks...
Prewed @pantai_keduwarna
Repost :@hansphotography_09 
#pantai_keduwarna
#preweddingphotography
#prewedding#pantai #wisatalampungselatan #wonderfullampungselatan #dinaspariwisatalampungselatan #kaliandaig",Attraction,,beach,coast,ocean,0.321545,0.258296,0.156786
https://www.instagram.com/p/CPDDwnsBM52/,429.jpg,5/19/2021 8:26,"Carilah tempat dimana kmu di hargai bukan dibutuhkan, karena banyak orang yang butuh tapi lupa caranya menghargai. ⚪️

#Lampungpunyacerita
#janganmenyerah 
#janganlupabersyukur 
#janganlupabahagia 
#lampunghits 
#lampunggeh 
#wisatalampungselatan 
#Kalianda
#lampunggeh 
#Bujangsumatera
#Minang
#Jawa
#Sunda
#Lampung
#Indonesia",Attraction,,coast,cliff,landfill,0.166493,0.164329,0.139109
https://www.instagram.com/p/DQVSQ0AkpBI/,430.jpg,10/28/2025 0:20,"HOLIDAY TRIP BY PT ANDINI TOURS & TRAVEL❤️✨

______________________________________________
Bingung mikirin liburan akhir tahun ke mana???
Tenang sobat!!! ANDINI TOURS & TRAVEL siap menemani liburan para sahabat!!!!

Info trip:081271103187

#pahawangmurah #pahawanglampung #pahawangislandlampung #pahawangtrip #pahawangbeach #telukhantu #telukhantupesawaran #telukhantulampung #fyp #fypppppppppppppppppppppppppppppppppppppppppppppppppppppppppppppppppppppp #fypシ❤️💞❤️ #wisatalam #wisatalampung #wisatalampungku #wisatalampungselatan",Attraction,,ticket booth,landfill,outdoor,0.208771,0.081363,0.070037
https://www.instagram.com/p/C0dWKwrycLB/,431.jpg,12/5/2023 4:49,"Menghidupkan kembali momen ini 😍

#deogratias #happiness #grateful #marinalampung #pantaimarinalampung #wisatalampungselatan",Attraction,,ice floe,ice shelf,glacier,0.47341,0.128935,0.05704
https://www.instagram.com/p/CO9Y4uoFjGP/,432.jpg,5/17/2021 3:36,"""Hidup itu bukan tentang memiliki dan mendapatkan, tetapi tentang memberi serta menjadi ""sesuatu"".""

Pantai Batu Rame, Kalianda, Lampung Selatan

#lampung #lampunghits #lampunggeh #lampungselatan #lampungwalk #lampungwawai #lovelampung #lampunginsta #lampunggham #lampungmoment #lampungyay #lampungkeren #pikniklampung #explorelampung #wisatalampung #wisatalampungselatan #pesonalampung #pesonapantai #ayodolan #pariwisata #explorelampung #lampung_geh #explorekalianda #pantaibaturame #pesonapantai #ayodolan #infokyai #lampungwah #lampunghelau",Attraction,,ocean,coast,cliff,0.212747,0.195074,0.119047
https://www.instagram.com/p/CR7tNX-he35/,433.jpg,7/30/2021 1:29,"👋🏻 ROJAIP (Rombongan Jadi Ngetrip) 

Kapan terakhir kalian ke sini cuy ??? ...

————————————————
🌍 Lokasi : Teropong Kota Kalianda, Desa Sumur Kumbang, Kec.Kalianda, Kab.Lampung Selatan, Prov.Lampung, Indonesia. 
.

#Repost @abid_rabbani28
...

#lampungtok #jalanjalandilampung #lampungselatanexplore #lampungberwisata #lampungselatanig #lampungtraveling #kaliandaig #surganyalampung #lampungmu #lokal_kalianda #lampungme #jejaklampung #disparbudlamsel #lampungselatanamazing #khamkalianda #wisata_lampungsai_ig #lampungselatan #teropongkotakalianda #kalianda #wisatalampungselatan",Attraction,,park,playground,picnic area,0.315917,0.14344,0.070392
https://www.instagram.com/p/C65ePiALD_W/,434.jpg,5/13/2024 6:07,"Siang Bolong Gini Enaknya Sih Nyebur Di @way_tebing_ceppa 🤗

☑ Salam kenal teman-teman, Kepoin kita dong. Yuk follow & saling support. Kunjungi channel yoututube kami juga ya (link ada di bio/profil/disematkan)

#waytebingceppa #wisatalampungku #wisatalampungselatan #wisataalamindonesia #pemandianalam #potretlampung #kaliandahits #potretkece",Attraction,,botanical garden,rainforest,park,0.435157,0.125772,0.059302
https://www.instagram.com/p/CdTFRCCJxcP/,435.jpg,5/8/2022 13:07,"Kurang darah AE mumet,OPO eneh kurang perhatianmu.....piuuuuupiuuuupiuuuuu...
Foto terakhir bonus 😂😂
#lblb💙 #lfl💛 #folowforfolowback #followers #hijabers #pantaikeduwarna #pantaikedu #holiday #fff #三代目jsoulbrothers #lampungselatan #wisatalampungselatan",Attraction,,beach,lagoon,coast,0.646981,0.102617,0.102408
https://www.instagram.com/p/CpAaHkZy_KT/,436.jpg,2/23/2023 13:20,"🔁 Repost : @a_lkmn 

 ""Tidak ada yang lebih indah, daripada melihat kegigihan laut yang menolak berhenti mencumbui bibir pantai. Meski berkali-kali harus menjauh terbawa arus"".
.
.
.
📍 Minang Rua Bahari, Lampung Selatan
.
.
.
Follow : @barbar_adventure_indonesia 
Tag : #barbar_adventure_indonesia 

#wisatalampung #wisatalampungselatan #minangruabeach #barbar_adventure_indonesia #explore",Attraction,,lagoon,beach,coast,0.32335,0.169441,0.14281
https://www.instagram.com/p/Cy3Uov-P21Q/,437.jpg,10/26/2023 13:53,"We travel not to escape life, but for life not to escape us…

#thetyos #travellercouple #adventurouscouple #growoldtogether #kakeknenekpetualang #pantaimarinakalianda #pantaimarinalampung #pantaimarinalampungselatan #pantailampung #pantailampungselatan #wisatalampung #wisatalampungselatan #lampunghits #explorelampung #explorelampungselatan #wisatapantailampung #wisatapantailampungselatan",Attraction,,lagoon,islet,coast,0.506025,0.228983,0.044584
https://www.instagram.com/p/C3xKgT7Pwo6/,438.jpg,2/25/2024 11:06,"[ OUTBOUND SERU DI LAMPUNG UDAH PASTI BARENG KAMI ]
. 
✨ Yuk maksimalkan kegiatan outbound kalian bareng kami @restubumioutbound.
_______________________
🏝️ RBA - TOUR PACKAGES 
▪️Wisata Alam
▪️Wisata Desa
▪️Minat Khusus
▪️Outbound Training
▪️Family & Corporate Gathering
.
----More information-----
• Kontak : 
> 081271046209 (Admin 1) 
> 081272477622 (Admin 2)
• Instagram : @restubumiadventure 
• Facebook : Restu Bumi Adventure 
• Tik Tok : @restubumiadventure64
• Youtube : Restu Bumi Adventure 
• Website : www.restutour.co.id
• Email : restubumiadventure64@gmail.com
. 
#restubumiadventure #restubumi #adventure #pariwisata #pariwisatalampung #wisatalampung #paketoutboundmurah #paketwisatamurah #pahawanglampung #triplampung #outbond #outboundlampung #wisataalampung #lampung #pantaidilampungselatan #wisatalampungselatan #lampunggeh #paketoutboundlampung #jasaoutboundlampung #mbeachkalianda #pantaiembekalianda",Ancillary,Kelompok Wisata,park,playground,tree farm,0.481667,0.076728,0.072556
https://www.instagram.com/p/ComkIkCybob/,439.jpg,2/13/2023 12:28,"photo family
#couplesyah#kalianda #wisatakalianda #wisatalampungselatan #pantaikalindalampung #kaliandahits #pantaikalianda #jalanjalankalianda #lampungselatanexplore #pantailampungselatan #kalianda #pantaiaranglampung #jasaphotopantaikalinda #tempatwisatalampung #wisatalampungselatan #photofamilykalinda #photofamily #photofamilyoutdoor #farrsofampict",Attraction,,beach,coast,ocean,0.341722,0.244459,0.131587
https://www.instagram.com/p/CQOY314Bc7b/,440.jpg,6/17/2021 14:34,"Perjalanan masih panjang, moga kita selalu dimudahkan dan dikuatkan oleh Allah Sang Maha Pemberi Kehidupan.
.
.
.
#tadabburalam  #bukitpematangsunrise  #lampunghits  #lampungexsplore  #wisatalampungselatan  #wisatalampung #kelampung_geh  #inspirasihidup",Attraction,,interior,pier,boardwalk,0.322019,0.119147,0.05814
https://www.instagram.com/p/CPc-segsu6v/,441.jpg,5/29/2021 10:02,"Nikmatnya mandi di wisata batu kincir..... Sejuuuukkkkkkk

#wisatalampungselatan",Attraction,,swimming hole,creek,hot spring,0.450223,0.210122,0.092606
https://www.instagram.com/p/CpKw86Kyz4A/,442.jpg,2/27/2023 13:52,"Kadang kita perlu datang ke tempat baru agar lebih bersyukur☺️

-📷 @elviraaripratwi

-@lummayvillaresort 
-@minangruabeach_inn 

-📍Pantai Minangrua, lampung selatan 

#ciwiciwi_aesthetic #wisatalampungselatan #minangruabeach",Attraction,,promenade,boardwalk,driveway,0.141522,0.136592,0.098427
https://www.instagram.com/p/Cfl16lhpfrp/,443.jpg,7/4/2022 13:01,"Aromamu candu buatku 🏝
.
.
.
📍Pulau Sebesi, Lampung
#explorelampung #pantaisebesi #visitlampung #explorepantai #solotravelling #solotraveller #canoing #infopandeglang #travelphotography #photography #nature #travelgram #pickoftheday #instagood #snorkeling #instatravel #adventure #travelblogger #trip #landscape #naturephotography #pulausebesi #sebesiisland #wisatakrakatau #wisatalampungselatan #exploresebesi #gunungkrakatau #explorekrakatau #gunungkrakatau",Attraction,,beach,coast,lagoon,0.535108,0.142589,0.141464
https://www.instagram.com/p/CrkZpNqLeLT/,444.jpg,4/28/2023 5:52,"Menara siger Lampung..
#menarasiger 
#wisatalampungselatan 
#bakahuneilampung 
#lampunggeh",Attraction,,promenade,boardwalk,racecourse,0.249906,0.242048,0.082487
https://www.instagram.com/p/CPTLW7mnRad/,445.jpg,5/25/2021 14:41,"Berasa pantai pribadi 😁🌅
.
.
.
.
#lampunghits #lampungselatan #lampunggeh #wisatalampungselatan #pantaikedu",Attraction,,beach,coast,watering hole,0.855005,0.037185,0.014183
https://www.instagram.com/p/ChMdYtwPL5L/,446.jpg,8/13/2022 9:29,"Terimakasih sudah berkunjung 😊🙏

📍@muaraindahsuak 
Jl. Raya Suak Desa Suak Kec. Sidomulyo Lampung Selatan 

_______________
Follow & tag foto kamu 
IG @muaraindahsuak 
FB Muara Indah Suak 

________________
#muaraindahsuak #pantaimuaraindahsuak #pantailampung #pantailampungselatan #wisatalampung #wisatalampungselatan #piknik #healingvibes",Attraction,,beach,ocean,lagoon,0.430181,0.231313,0.149147
https://www.instagram.com/p/CxcFCq8R4kJ/,447.jpg,9/21/2023 3:26,#lampungselatan #bakauheni #minangruabeach #pesonaindonesia #wisatalampungselatan #wisatalampung #wisataindonesia #beach,Attraction,,beach,lagoon,swimming hole,0.518736,0.162094,0.08256
https://www.instagram.com/p/CMGZlCknUY9/,448.jpg,3/7/2021 2:01,"✨ KUNJUNGAN KE POKDARWIS/BUMDES/KOPERASI ✨
. 
👥 Nama Mahasiswa : 
• M. Abid Rabbani (20756044)
• Nadiya Shabrina (20756046)
• Salsa Zulya Putri (20756052) 
. 
💯 Wisata Alam Gunung Batu dikelola resmi oleh Kelompok Sadar Wisata (POKDARWIS) yang bekerja sama dengan Badan Usaha Milik Desa (BUMDES) Desa Srikaton.
. 
💫 POKDARWIS sendiri merupakan lembaga kelompok masyarakat yang dibentuk untuk menjalankan kepariwisataan di Desa Srikaton serta bisa menciptakan sapta pesona. POKDARWIS Wisata Gunung Batu disahkan pada tanggal 10 Oktober 2019. Agar keberadaan kepariwisataan Gunung Batu bisa berjalan dengan baik dan kondusif maka diadakan kerja sama dengan Badan Usaha Milik Desa (BUMDES) Desa Srikaton.
. 
🌍 Lokasi : Wisata Alam Gunung Batu, Desa Srikaton, Kec.Tanjung Bintang, Kab.Lampung Selatan, Prov.Lampung, Indonesia. 
. 
#politekniknegerilampung #polinela #mahasiswapolinela #perjalananwisatapolinela #pwpolinela #anakpariwisata #pariwisatapolinela #kuliahpariwisata #tugaslapangan #pokdarwis #pokdarwislampung #bumdes #tatakelolaobjekwisata #anakkuliah #mahasiswalampung #mahasiswa #lampung #wisatalampung #lampungselatan #wisatalampungselatan #desasrikaton #gunungbatu",Ancillary,Kelompok Wisata,formal garden,park,vegetable garden,0.211184,0.12536,0.08674
https://www.instagram.com/p/CvhcZCRr7Mm/,449.jpg,8/4/2023 12:24,"""Sebuah liburan terbaik diukur dalam teman, bukan cuma jarak tempuh.""
.
.
.
.
@piknikkalianda 
@__her.mawan 
.
.
.
.
#pikniklampung #wisatalampung
#pantaikedu #pantaikedulampungselatan #wisatakalianda #wisatalampung #wisatalampungselatan #pantaikalianda #lampunghits #lampung #bglampungkece #lampunggeh #lampungkece",Attraction,,sandbox,ball pit,campsite,0.565965,0.051171,0.041397
https://www.instagram.com/p/CXbYFfCP1v9/,450.jpg,12/13/2021 15:17,Wisata Perengan Anteng Karang Anyar Lampung Selatan 🏞️✨😊 #wisata #wisatalampung #wisatalampungselatan #perengananteng,Attraction,,botanical garden,formal garden,park,0.448052,0.106579,0.067626
https://www.instagram.com/p/CW-T90RrZgY/,451.jpg,12/2/2021 8:23,"Kapan kita berlibur ketempat ini,berenang dengan menikmati indahnya pemandangan alam😁

📍Way Benteng Kedangaan (WKB) , Kalianda, Lampung Selatan 
Credit @info_wisatabdl 

#azana #azanahotels #aerofrontonecabinlampung #waybentengkedagaan_wbk  #wisatalampungselatan  #wbk",Attraction,,water park,outdoor,formal garden,0.395414,0.141518,0.094626
https://www.instagram.com/p/CPGqpqsLlc1/,452.jpg,5/20/2021 18:04,"Bosen di rumah? Cus aja ke air terjun way tayas

#wisatabandarlampung#lampunghits#lampungeksis#explorlampung#lampunggehh#wisatalampung#wisatalampungselatan",Attraction,,waterfall,rainforest,mountain,0.600968,0.186775,0.045354
https://www.instagram.com/p/CnlNYtMrqm4/,453.jpg,1/19/2023 3:18,"Masih blm move on dr @lummayvillaresort 🤭
.
.
.
.
.
.
.
.
.
#healingsejenak 
#wisatalampungselatan
#pantaiminangrua 
#lummayvillaresort",Amenities,Lummay Villa Dan Resorts,interior,restaurant patio,beach house,0.221642,0.202684,0.146405
https://www.instagram.com/p/DTx8EvmEo6u/,454.jpg,1/21/2026 16:58,"Moment With Family

Venua @pantai.marina.official 

#familytime #momentkeluarga #familyphotography #family #gatheringfamily #wisatalampungselatan #lampungselatanexplore #keindahanlaut #photoshoot #keluargabahagia #momentbersamakeluarga",Attraction,,promenade,porch,playground,0.2335,0.156306,0.068093
https://www.instagram.com/p/CQtA8OfjsoG/,455.jpg,6/29/2021 12:01,"Self healing....

#pantaipasirputihlampung #wisatalampungselatan #remajaindonesia",Attraction,,lagoon,beach,islet,0.643417,0.289271,0.028733
https://www.instagram.com/p/CPN98jiggm7/,456.jpg,5/23/2021 14:07,"Pose diatas batu pinggir jurang macam ini aja, Saya dan keluarga sudah senang bukan kepalang!.🥰🥰🥰
.

Menciptakan momen bahagia bersama keluarga itu gak harus Mevvah kok!. Dateng ke spot wisata yang punya view dermaga Bakauheni dan kawasan pesisir Lampung Selatan begini aja udah bahagia  banged!😊😊😊
.
.
Lokesyen ; @pematang_sunrise @pematang_sunrise @pematang_sunrise @pematang_sunrise 
.
.
.
Gimana Weekend kalian? Always Happy yaaaa ....
.
.
Capture moment by @firman.uno 
.
.
.
#familyqualitytime #myfamilymyteam #myfamilyismyeverything #mylovelyfamily #duniaindra #travelblogger #pariwisataindonesia #pariwisatalampung #pariwisatalampungselatan #pematangsunrise #wisatalampungselatan #pematangsunriselampung #pematangsunrisebakau #wisatabakauheni #indrapradyamclampung #indrapradyalampung #indrapradyafamily #selampung #kelilinglampung #infolampung #lampunghits #lampunggeh",Attraction,,coast,islet,cliff,0.206798,0.152458,0.129503
https://www.instagram.com/p/DUACwNtDpS1/,457.jpg,1/27/2026 4:26,#junglesealampung #wisatalampungselatan #jusjumbo #jusbuahasli,Amenities,Fasilitas Kuliner,fabric store,indoor,art studio,0.223016,0.080545,0.078689
https://www.instagram.com/p/DNFa9YGBlU0/,458.jpg,8/8/2025 6:54,"One day , you will be living the life you prayed for

Kepingan Surga di Lampung.,
📍 Pantai Gigi Hiu , Lampung Selatan

#gigihiu #gigihiulampung #lampunggehnews #lampunggehhh #explorelampungselatan #lampungselatan #gigihiubeach #gigihiulampungtanggamus",Attraction,,cliff,coast,ocean,0.232506,0.194723,0.125393
https://www.instagram.com/p/DP_OBJukYEp/,459.jpg,10/19/2025 10:40,"Yang lagi diLampung bisa bawa anak-anak ke @jungleseaofficial nih, uwo, anjeng dan ibing Happy, Popom Momomnya juga Happy 🤗🥰

#explorelampungselatan 
#wisatalampung 
#junglesea",Attraction,,promenade,boardwalk,pier,0.56553,0.286947,0.01448
https://www.instagram.com/p/C75_5yESWDi/,460.jpg,6/7/2024 7:32,"Si topi jerami. 👒 
.
.
.
.
.
.
.
.
.
.
.
 #kalianda #kaliandabeach #kaliandaig #lampung #lampunggeh #explorelampung #explorelampungselatan #lampungselatan  #riobeach",Attraction,,promenade,outdoor,beach house,0.190226,0.155191,0.1397
https://www.instagram.com/p/DLZfpfLypXe/,461.jpg,6/27/2025 8:57,#explorelampungselatan #pulauumangumang,Attraction,,lagoon,ocean,islet,0.217875,0.166743,0.147364
https://www.instagram.com/p/CkHWyTEvQLa/,462.jpg,10/24/2022 23:29,"Kali ini di meja enggak ada kopi dan gorengan, hanya tersedia tisu-tisu menghapus belek di matamu 
.
.
.
.
.
.
.
.
.
.
.
.
🍁Bukit Slimpuyang, Sidomulyo, Lampung Selatan
.
.
.
.
.
.
.
.
.
.
.
.
#lampungeksis #lampungsemakineksis #koncodolanlampung #explorelampung #lampunginsta #wajahlampung #ilovelampung #sidomulyolampungselatan #bukitslimpuyang #explorelampungselatan #lampungtourid #LampungGeh #lampungkece #wisata_lampungme #lampungindonesia #lampungselataninfo #kelampunggeh #lampungselatan #backpakerindonesia #lampungkece #trendinglampung #nyapalampung #menyapalampung #lampuung #inilampungyay #potretwisataindonesia #hellolampung #kelilingindonesia #travellingnusantara #likesforlike #follow4followback",Attraction,,campsite,tundra,marsh,0.912833,0.020491,0.012699
https://www.instagram.com/p/DNziCJJ4goM/,463.jpg,8/26/2025 4:41,"Ketika laut, gunung, langit bersatu 🥹

#explorelampungselatan #exploreindonesia #traveladdict #indonesia_traveler #pulausebesi #girlstyle #ootd #beachvibes #beachday #girltraveler #indonesia_photography",Attraction,,lagoon,islet,natural,0.386874,0.25442,0.085925
https://www.instagram.com/p/Cpo4DCvvezW/,464.jpg,3/11/2023 6:32,"Main kuda diPantai? Disini juga ada loh😁

#explorelampungselatan 
#explorelampung",Attraction,,ocean,beach,coast,0.312189,0.282394,0.192928
https://www.instagram.com/p/CnoCLLuvBNu/,465.jpg,1/20/2023 5:38,"Have more quality time at this beautiful Private Beach with your Loved one! 

Make your reservation now at @alaualauboutiqueresort 

Foto credit : @billy.yoga

#alaualaubeach #alaualau #alaualauresort #kaliandabeach #kalianda #kaliandalampungselatan #kaliandaig #kaliandaresort #kaliandahits #lampung #lampunginsta #lampunghits #lampungkece #lampungselatan #explorelampung #explorelampungselatan #PRIVATEBEACH",Attraction,,wave,beach,ocean,0.254181,0.204169,0.130735
https://www.instagram.com/p/DByRVz3vcoe/,466.jpg,10/31/2024 10:39,"✨ Ciptakan momen bahagia bersama keluarga kecilmu ✨

📌 Pantai Marina

#pantaimarina #pantaimarinakalianda #pantaimarinalampungselatan #wisatalanpung #explorelampungselatan #fotokeluarga",Attraction,,beach,ocean,wave,0.403536,0.231091,0.183754
https://www.instagram.com/p/ClpSJddhbcT/,467.jpg,12/2/2022 0:14,"Alau Alau Permanent Cottage

1 bed room
2 bed room
Royal Family 

Lagoon view
Room include Breakfast
Free mineral water
King size bed
Air conditioner 
Standard Amenities 

#alaualau #alaualauresort #kalianda #lampungselatan #explorelampungselatan #explorelampung #exoticplaces #privatevilla #wisata #cottage #villa #supportlocal",Amenities,Alau-Alau Boutique Resort,tree house,outdoor,patio,0.614898,0.086046,0.041504
https://www.instagram.com/p/Ca-5ofPPoaS/,468.jpg,3/11/2022 23:58,"Kalau namamu bukan Google, berhentilah berlagak seperti kamu tahu segalanya 👌🏻

#lampungselatanexplore
#lampungselatanhits
#pantaimarinalampung
#wonderfulllampung
#wonderfulindonesia
#explorelampung
#explorelampungselatan",Attraction,,lagoon,beach,islet,0.382361,0.177006,0.127046
https://www.instagram.com/p/CwNaSjNvxrA/,469.jpg,8/21/2023 14:12,"Asal jepret ja juga di sini mah enak dilihat 😍🌴🏝️🗻
.
.
#3rdtouring2023 #familyadventure #familytouring #touringlintaspulau #touringlintasprovinsi #lampung #lampungselatan #explorelampung #explorelampungselatan #bakauhenilampung #travel #pelabuhancanti #kalianda #pulausebuku #pulausebesi #pulauumang #pulauumangumang #perahu #gelombang #wave #waves #ombak #laut #sea #sealife #beach #pantai #tejang #tejangpulausebesi",Attraction,,beach,lagoon,coast,0.58668,0.248991,0.029159
https://www.instagram.com/p/Cns7tjXP1OI/,470.jpg,1/22/2023 3:18,"Thank you for staying at @alaualauboutiqueresort

What a lovely picture 🥰😍

Fhoto Credit : @chendy_erwandi

#alaualau #alaualaubeach
#alaualauboutiqueresort #alaualauresort #kalianda #kaliandabeach #kaliandaig #kaliandaresort #kaliandalampungselatan #kaliandahits #lampung #lampungkece #lampunghits #lampungselatan #lampunggeh #explorelampungselatan #explorelampung #PRIVATEBEACH #indonesianbeach #indonesiaarchipelago",Ancillary,Kelompok Wisata,coast,ocean,beach,0.19967,0.164903,0.161452
https://www.instagram.com/p/CwQUABHPaw4/,471.jpg,8/22/2023 17:15,"Bocil ini nih yg bikin kita tambah semangat buat TOURING 🤗😎❤️🗻😍
.
.
Bocil ajaib yg tahan segala medan perjalanan 😎🤗
.
.
Senggol nih bosss 😎🤗🤣
.
.
#3rdtouring2023 #familyadventure #familytouring #touringlintaspulau #touringlintasprovinsi #lampung #lampungselatan #explorelampung #explorelampungselatan #bakauhenilampung #travel #pelabuhancanti #kalianda #pulausebuku #pulausebesi #pulauumang #pulauumangumang #perahu #gelombang #wave #waves #ombak #laut #sea #sealife #beach #pantai #tejang #tejangpulausebesi",Attraction,,lagoon,beach,islet,0.540269,0.259966,0.057626
https://www.instagram.com/p/CglRITWv1Sn/,472.jpg,7/29/2022 4:11,"Siang di pantai kahai beach hotel Dengan pemandangan gunung Krakatau 🌟

#kahaibeachlampung#pantaikahaibeach#wisatakaliandalampungselatan#explorelampungselatan#gunungkrakatau#kahaibeachhotel#desabatubalakkahai#lampunghits#wisatalampungselatankekinian",Attraction,,sky,amusement park,water park,0.366661,0.160615,0.079044
https://www.instagram.com/p/CwVj2kpvb8C/,473.jpg,8/24/2023 18:09,"Nungguin kunci Villa Krakatau 🏡
.
.
Selfi2 dulu dong🤗🤣
.
.
#familytouring2023 #familyadventure #3rdtouring2023 #touringlintaspulau #touringlintasprovinsi #lampung #lampungselatan #explorelampung #explorelampungselatan #bakauhenilampung #travel #pelabuhancanti #kalianda #pulausebuku #pulausebesi #pulauumang #pulauumangumang #perahu #gelombang #wave #waves #ombak #laut #sea #sealife #beach #pantai #pulaumenggunang #tejangpulausebesi",Attraction,,playground,cockpit,beer garden,0.1637,0.156184,0.105905
https://www.instagram.com/p/Cxjnfo7ytxt/,474.jpg,9/24/2023 1:42,"Us…

#thetyos
#travellercouple 
#adventurouscouple 
#growoldtogether #kakeknenekpetualang #pantaikedulampung #pantaikedulampungselatan #pantailampung #pantailampungselatan #wisatalampung #wisatalampungselatan #lampunghits #explorelampung #explorelampungselatan #wisatapantailampung #wisatapantailampungselatan",Attraction,,beach,coast,volcano,0.203467,0.119164,0.097002
https://www.instagram.com/p/C3LNl4iSRdb/,475.jpg,2/10/2024 17:22,"Exotica Pantai Marina, ada yg tertarik ? Silahkan berkunjung kesini.
In frame @muhammadrizal6403 
#pantaimarinakalianda #pantaimarinalampung #pantaimarina #explorelampungselatan #lampung #tabikpun #wonderfulindonesia #wonderland #wonderful_places #travelphotography #indonesia",Attraction,,asia,plaza,pagoda,0.362351,0.065784,0.054228
https://www.instagram.com/p/CgmGAn-vaCK/,476.jpg,7/29/2022 11:53,"Patung Gurita & Menara 🐙🌊🛕

#kahaibeachlampung#pantaikahaibeach#wisatakaliandalampungselatan#explorelampungselatan#gunungkrakatau#kahaibeachhotel#desabatubalakkahai#lampunghits#wisatalampungselatankekinian",Attraction,,lighthouse,beach house,coast,0.836786,0.028608,0.014731
https://www.instagram.com/p/CwVmKtUvZ7o/,477.jpg,8/24/2023 18:29,"Selamat datang di Pulau Menggunang 🏝️
.
.
Klo background kita itu P. Sebesi dengan gunungnya yg setinggi 800 meteran 🤗🗻
.
.

#familytouring2023 #familyadventure #3rdtouring2023 #touringlintaspulau #touringlintasprovinsi #lampung #lampungselatan #explorelampung #explorelampungselatan #bakauhenilampung #travel #pelabuhancanti #kalianda #pulausebuku #pulausebesi #pulauumang #pulauumangumang #perahu #gelombang #wave #waves #ombak #laut #sea #sealife #beach #pantai #pulaumenggunang #tejangpulausebesi",Attraction,,lagoon,islet,river,0.430557,0.128199,0.120816
https://www.instagram.com/p/CsNIS59v_Jg/,478.jpg,5/14/2023 1:29,"Make sure your vacation is a good and fun moment, trust us !!!
Liburan di pantai, tapi bukan sekedar pantai.
Pantai minangrua menyajikan rekreasi alam yg berbeda.
Selain pantai, di Minangrua juga ada destinasi wisata lain.
Seperti, Air Terjun Dan Green Canyon.

Your family story must be happy!!
 ________________________
This is👉. Pantai Minangrua - Desa Kelawi - Bakauheni - Lampung Selatan.
________________________
Hurry up, follow us, because we are processing something amazing!!!
NOTE!!!
(Lodging on this beach is very limited)

More info & Reservasi: HP/WA: 081272250665
________________________
Don't miss out on information!!

Tag dan follow 👇👇

@minangruabeach_inn
@minangruabeach_inn
@minangruabeach_inn 

Sertakan #minangruabeach
❎ Vacation is a necessity too
________________________
•Don't focus too much on money•
________________________
#minangruabeachinn #minangruabeach #pantaiminangrua #bakauheni #lampungselatan #lampung #viral #jakarta #bandung #palembang #travel #explore #tourism #trippieredd",Ancillary,Kelompok Wisata,grotto,canyon,rope bridge,0.166668,0.153471,0.123512
https://www.instagram.com/p/Cblz8M5Jy2y/,479.jpg,3/27/2022 2:38,"Kau melihatnya, ia melihatku, aku melihat ke kamera aja sambil nyengir. Krik krik 🦗

#explorelampung #explorelampungselatan #explorekalianda",Attraction,,vegetation,watering hole,corral,0.313786,0.19209,0.108031
https://www.instagram.com/p/CjknCHfPc1G/,480.jpg,10/11/2022 11:38,"📍bukit slimpuyang kalianda  lampung selatan
.
.
.
.
.
.
.
.
.
.
.
..
.
.

#lampung #bukitslimpuyang #gunungbatu #lampungselatan #foto #tanjungbintang #indonesiarepost #trip #traveling #viral #explore #nusantarakita #exploreindonesia  #traveler  #indozonetravel #amazingnusantara #flirtingwithnature #nakedplanet #fotonesia  #adventure  #instagood #landscape #indotravellers #ayodolan #like4like #fff  #likeforfollow  #lfl💛",Attraction,,campsite,farm,shed,0.990564,0.001899,0.001628
https://www.instagram.com/p/ClukA_xPYGZ/,481.jpg,12/4/2022 1:26,"Jangan lupa liburan,🤣
Your family story must be happy!!
 ________________________
This is👉. Pantai Minangrua - Desa Kelawi - Bakauheni - Lampung Selatan.
________________________
Hurry up, follow us, because we are processing something amazing!!!
NOTE!!!
(Lodging on this beach is very limited)

More info & Reservasi: HP/WA: 081272250665
________________________
Don't miss out on information!!

Tag dan follow 👇👇

@minangruabeach_inn
@minangruabeach_inn
@minangruabeach_inn 

Sertakan #minangruabeach
❎ Vacation is a necessity too
________________________
•Don't focus too much on money•
________________________
#minangruabeachinn #minangruabeach #pantaiminangrua #bakauheni #lampungselatan #lampung #sebalang #pahawang #tegalmas #pahawanglampung #selebriti #viral #jakarta #bandung #palembang #travel #explore #tourism #trip #lfl #beach #sunset #photography #likeforlikes #explore",Attraction,,coast,lagoon,cliff,0.418752,0.185238,0.158423
https://www.instagram.com/p/CcPCmFyJ8k6/,482.jpg,4/12/2022 2:55,"𝙎𝙪𝙙𝙖𝙝 𝙖𝙙𝙖 𝙖𝙜𝙚𝙣𝙙𝙖 𝙙𝙖𝙣 𝙧𝙚𝙣𝙘𝙖𝙣𝙖 𝙢𝙖𝙪 𝙡𝙞𝙗𝙪𝙧𝙖𝙣 𝙠𝙚𝙢𝙖𝙣𝙖??
𝙎𝙪𝙙𝙖𝙝 𝙖𝙩𝙖𝙪 𝙗𝙚𝙡𝙪𝙢, 𝙗𝙞𝙨𝙖 𝙝𝙪𝙗𝙪𝙣𝙜𝙞 𝙠𝙖𝙢𝙞 𝙙𝙞 @𝙟𝙪𝙣𝙖𝙩𝙧𝙞𝙥 
𝘼𝙣𝙙𝙖 𝙗𝙞𝙨𝙖 𝙢𝙚𝙢𝙞𝙡𝙞𝙝 𝙩𝙚𝙢𝙥𝙖𝙩 𝙩𝙪𝙟𝙪𝙖𝙣 𝙡𝙞𝙗𝙪𝙧𝙖𝙣 𝙖𝙣𝙙𝙖 𝙙𝙞 𝙨𝙞𝙣𝙞!!!
__
𝙆𝙖𝙢𝙞 𝙖𝙠𝙖𝙣 𝙢𝙚𝙢𝙥𝙚𝙧𝙢𝙪𝙙𝙖𝙝 𝙧𝙚𝙣𝙘𝙖𝙣𝙖 𝙡𝙞𝙗𝙪𝙧𝙖𝙣 𝙖𝙣𝙙𝙖!!!
𝘿𝙖𝙣 𝙚𝙨𝙩𝙞𝙢𝙖𝙨𝙞 𝙗𝙞𝙖𝙮𝙖 𝙖𝙠𝙖𝙣 𝙠𝙖𝙢𝙞 𝙨𝙚𝙨𝙪𝙖𝙞𝙠𝙖𝙣!!!
𝘿𝙚𝙨𝙩𝙞𝙣𝙖𝙨𝙞 𝙩𝙪𝙟𝙪𝙖𝙣 𝙬𝙞𝙨𝙖𝙩𝙖 𝙠𝙖𝙢𝙞 𝙨𝙚𝙨𝙪𝙖𝙞𝙠𝙖𝙣.
__
Adapun Destinasi:
Pantai Minangrua
Pulau Pahawang
Pulau Tegal Mas
Pulau Mengkudu
Pantai Gigi Hiu
Krakatau
Dan seluruh destinasi wisata di Lampung!!!
__
More info: 081278582021
________________________
Easy way to repost?
👇Tag dan follow akun 👇
@junatrip / @tripinlampung
@lampung_staycation
________________________
•Don't focus too much on money•
________________________
#junatrip #pantaiminangrua #bakauheni #lampungselatan #lampung #sebalang #pahawang #tegalmas #pahawanglampung #selebriti #viral #jakarta #bandung #palembang #travel #explore #tourism #trip #lfl #beach #sunset #sunrise #photography #likeforlikes #song #explore",Attraction,,beach,coast,ocean,0.499658,0.12549,0.124874
https://www.instagram.com/p/CPNeTZkLvzJ/,483.jpg,5/23/2021 9:31,"Happy weekend sob ...
 Kalian pada weekend kmna nih ??

Eittt.. pantai semukuk banyak spot terbaru nya nih sob .. 😉😉
..
..

Kuyyy donk ajak keluarga, teman, sahabat, & doi mu untuk berkunjung ke pantai semukuk Kalianda Lampung Selatan
..
..

Location : pantai semukuk Kalianda Lampung Selatan ( google maps pantai semukuk Kalianda)
..
..

YouTube channel klik link di bio 👉
..
..
📸Fotografer : @kiyay_andy86

#lampungselatanexplore  #semukuk #pantaisemukuk #kaliandaig #wajahlampung #kelampunggeh #travel2lampung #lampungeksis #lampung #selampung #pariwisatalampung #selebgramindonesia #selebgramjakarta #selebgramlampung #selampung #pesonalampung #pariwisataindonesia #pariwisatalampung #explorelampungselatan #exploreindonesia #jelajahindonesia #lampungfun #lampungeksis #explorealam #adbenture #mtma #jejakpetualang #beach",Attraction,,promenade,lagoon,beach,0.228711,0.14055,0.105572
https://www.instagram.com/p/CQ5VNgdL5Cv/,484.jpg,7/4/2021 6:49,"Akhirnya mantai 🌊
.
.
.
Semoga kamu yang lihat postingan ini tetap bisa menciptakan bahagia dan menemukan 'tempat wisata' sesuai situasi dan kondisi yang mendukung yah. 
.
Tetap bahagia meski pandemi 🌼
.
#berlibursaatpandemi
#pesonalampung
#explorelampungselatan",Attraction,,vegetation,ice floe,ice shelf,0.251823,0.188836,0.182387
https://www.instagram.com/p/CS3UpnNHBYq/,485.jpg,8/22/2021 5:09,"Lagi ppkm ya ...

Weekend ppkm, kalian di rumah aja apa cari pantai yg buka sob .... ??

🔹🔹🔹🔹🔹🔹🔹🔹🔹🔹🔹🔹🔹🔹🔹🔹🔹
_____________________________________________

🔄 Silahkan Berbagi informasi di sini :
↪️ Share foto/Vidio mu dgn cara :

1️⃣ Follow Instagram :  @lampungselatanexplore

2️⃣ tag foto/ Vidio kalian ke @lampungselatanexplore

3️⃣ Gunakan hastag #lampungselatanexplore

4️⃣ Note : akun jangan di privat 🔐🔑

🔴 Foto / Vidio terbaik akan kami repost 🔃
___________________________________________

🏝️Trip wisata Lampung Selatan silahkan DM 💌

🔹🔹🔹🔹🔹🔹🔹🔹🔹🔹🔹🔹🔹🔹🔹🔹🔹

🌐FACEBOOK : Lampung Selatan explore

🔴Subscribe YouTube channel klik link di bio 👉👉

📩PP/indorsm DM 📩
_____________________________________________

🖇️Pic : @ghinarahmatiaraa

🔹🔹🔹🔹🔹🔹🔹🔹🔹🔹🔹🔹🔹🔹🔹🔹🔹

📍Pantai Marina Kalianda Lampung Selatan

.
.
.#lfl💛 #fff❤ #fff💋 #lfl💛 #lfl💛lfllflfllffllflflflflflflflflfllflflflflflflflflflflflflflflflflflflflflflflflflflflflflfllflflflflflflflflfllflfllflflflflflflfllflflflflflllfl #fff😊ff💋ff👌ff💕4f❤️🔝🔫💣44follow４followforfollow４f4frs4likeforlikeforfollow4likeforlikesback44likes4me4lramahhits 
 #alamlampung_ #wajahlampung  #lampung#lampungfun #lovelampung #explorelampungselatan #lampung_indah  #lampung446 #kelampunggeh #travel2lampung #lampungselatanexplore  #gerbang_lampung  #lampunggallery #mata_lampungku  #lampung #wisatalampunghits #lampungholiday_ #apalampung #semestalampung",Attraction,,lagoon,beach,coast,0.329093,0.269672,0.179135
https://www.instagram.com/p/COE4xfVM6NO/,486.jpg,4/25/2021 4:58,"Gapapa miskin harta, asal jangan miskin etika.
Yg jadi masalah sekarang adalah ""udah gak kaya, gak punya etika"".
Awiik wookwok. 🤣
.
.
.
.
.
.
.
.
.
.
.
#waytebingceppa #wtc #lampung #lampungselatan #lampungbarat #lampungtimur #lampungutara #pahawang #tegalmas #selebriti #viral #jakarta #bandung #palembang #travel #explore #tourism #trip #lfl #beach #sunset #photography #likeforlikes #music #instapic #kaliandaig #lampunggeh #lampunginsta #lmpungselatan #lampungselatanexplore",Attraction,,swimming hole,hot spring,river,0.739544,0.096114,0.022845
https://www.instagram.com/p/DLMOrfHRAHy/,487.jpg,6/22/2025 5:19,"Trip murah dan super lengkap laut dan gunung bisa kamu kunjungi disini😍

Open Trip Pulau Sebesi Karakatau 3D2N 

Ready setiap weekend

Solusi trip buat kamu rasakan keindahan nya 

Kuy rencanakan liburan nya dari sekarang di jamin liburan kalian aman,nyaman dan have fun tentunya😁

Daptar 1 orang di pastikan bisa brangkat

Jadwal trip 2025.

Jadwal trip 2025 :

Juni : 5-7, 6-8, 7-9,13-15, 20-22, 26-28, 27-29
Juli : 4-6, 11-13, 18-20, 25-27
Agustus : 1-3, 8-10, 15-17, 22-24, 29-31
September : 5-7, 12-14, 19-21, 26-28
Oktober : 3-5, 10-12, 17-19, 24-26, 31-02 Nov
November : 7-9, 14-16, 21-23, 28-30
Desember : 5-7, 12-14, 19-21, 24-26, 25-27, 26-28, 30-01 Januari

Kami melayani paket open trip & private pulau sebesi karakatau

1. Start Cawang 700.000/ Pax

✓ Kebun jeruk
✓ Slipi

2.Start Pelabuan Merak 600.000/ Pax

Destinasi
* Pulau Sebaku besar & kecil
* Pulau Sebesi
* Pulau Umang-umang 
* Anak Gunung Krakatau
* Spot snorkeling Camara besar, Geligi, & Pulau sawo (optional)

INCLUDING (Termasuk)
* Makan Selama wisata 4x
* Transport Darat Ac Dari Jakarta - Merak (Pp) * Transportasi angkutan kota Bakauheni - Dermaga canti (pp)
* Kapal hoping island 
* Restibusi Pulau
* Homstay (room sharing) 
* Tour laeder
* Dokumentasi Up & Underwater 
* Mimi P3k
* Drone (optional)

Excluding (Blm termasuk)
- Upgrade room (600k bisa di isi max 6 orang) 
- Alat snorkeling (50.000)
- Fin (30.000)
- Tiping Crew (Seikhlasnya)

More Info : 
Wa/tlpn : 085778179815
Instagram : jejak_perjalanan.id x tripseru.id
Tiktok : jejak_perjalanan.id x tripseru.id

#pulausebesi #pulausebuku #pulausebesikrakatau #opentrippulausebesi #opentripsebesikrakatau #explore #explorelampung #exploresebesi #krakatau #gunungkrakatau #exploreindonesia #jejakperjalanan #pesonaindonesia #wonderfulindonesia #wisataalam #wisataalamindonesia #lampunghits #ilovlampung 
#explorejakarta #explorebandung #explorebali #ujungkulon #travelgram #traveling #infolampung #infoliburan #trippahawang #tripmurah #lampungselatan #pahawang",Ancillary,Kelompok Wisata,mountain,volcano,glacier,0.218754,0.144905,0.078401
https://www.instagram.com/p/CR6HwrhrEdC/,488.jpg,7/29/2021 10:42,"Selamat sore... Jangan lupa pada mandi ya .... 😛😛
..
..
#lampungselatanexplore  #semukuk #pantaisemukuk #kaliandaig #wajahlampung #kelampunggeh #travel2lampung #lampungeksis #lampung #selampung #pariwisatalampung #selebgramindonesia #selebgramjakarta #selebgramlampung #selampung #pesonalampung #pariwisataindonesia #pariwisatalampung #explorelampungselatan #exploreindonesia #jelajahindonesia #lampungfun #lampungeksis #explorealam #adbenture #mtma #jejakpetualang #beach",Attraction,,lagoon,islet,coast,0.313028,0.301007,0.08301
https://www.instagram.com/p/CWrSQ_WPezy/,489.jpg,11/24/2021 23:03,"Sudah ada agenda dan rencana mau liburan kemana??
Sudah atau belum, bisa hubungi kami di @junatrip 
Anda bisa memilih tempat tujuan liburan anda di sini!!!
__
Kami akan mempermudah rencana liburan anda!!!
Dan estimasi biaya akan kami sesuaikan!!!
Destinasi tujuan wisata kami sesuaikan.
__
Adapun Destinasi:
Pantai Minangrua
Pulau Pahawang
Pulau Tegal Mas
Pulau Mengkudu
Pantai Gigi Hiu
Krakatau
Dan seluruh destinasi wisata di Lampung!!!
__
More info: 081278582021
________________________
Easy way to repost?
Tag dan follow akun @junatrip
________________________
•Don't focus too much on money•
________________________
#junatrip #pantaiminangrua #bakauheni #lampungselatan #lampung #sebalang #pahawang #tegalmas #pahawanglampung #selebriti #viral #jakarta #bandung #palembang #travel #explore #tourism #trip #lfl #beach #sunset #sunrise #photography #likeforlikes #song #explore",Ancillary,Kelompok Wisata,cultivated,pasture,farm,0.193061,0.178875,0.139517
https://www.instagram.com/p/C2RAO3mpaX2/,490.jpg,1/19/2024 2:49,"Tidak ada kata lelah untuk hasil yang indah🌻
.
.
.
📍Bukit Slimpuyang, Sidomulyo-Lampung Selatan
.
.
.
#lfl #lflflflflflflflflflflfl #lfl #lfl #lfl #lfl #fff #fff #lfl #lfl #lfl #lfl #lfl #lfl #lfl❤️ #fff #fff #fff❤ #infokyai #lampuung #lampunginsta #inilampungyay #ilovelampung #pikniklampung #jelajahsumatera #tempatwisatalampung #infolampungcom #bg_oganilirhits #ga_lampung_hits #kelampungaja #lampungselatanexplore #lampungselatan #seputarlamsel #seputarlampung #explorelampung #explorelampungselatan #sumateraindonesia #sumatera #wisatalampungme #wisatalampungsai #lampungselataninfo #kelilinglampung #",Attraction,,farm,islet,coast,0.097298,0.090791,0.050668
https://www.instagram.com/p/DPoFYQuEepb/,491.jpg,10/10/2025 11:02,"Pov: my kind of therapy🌊

#pantailampungselatan #explorelampungselatan",Attraction,Pada Slide 2 dan seterusnya,beauty salon,discotheque,car interior,0.207402,0.122219,0.070246
https://www.instagram.com/p/DM20BK-TcKA/,492.jpg,8/2/2025 14:44,"hidden gem nya lampung selatan 

📍batu alif paragliding, bakauheni, south lampung

#lampunginsta #lampung #kelilinglampung #explorelampung #explorelampungselatan #lampuung #lampunghits #wonderfullindonesia #indonesia #sunset #paragliding #batualifparagliding #paralayanglampungclub #paralayanglampung",Attraction,,mountain path,desert road,sand,0.250135,0.180984,0.120596
https://www.instagram.com/p/CYTkhvrJvTr/,493.jpg,1/4/2022 11:03,"Cerah nih, nyore yuk?

📍 Bukit Lematang, Lampung Selatan.

#lampung #lampuung #lampungselatan #bandarlampung #explorelampung #explorelampungselatan",Attraction,,mountain path,valley,mountain,0.469262,0.304863,0.078136
https://www.instagram.com/p/DItEdgIx-zG/,494.jpg,4/21/2025 9:50,"Bali❌
Lampung ✅

#pantaimarina #marinabeach #pantailampung #lampungfolk #explorelampungselatan",Attraction,,coast,cliff,valley,0.110197,0.103264,0.089603
https://www.instagram.com/p/CaoUE3ovKou/,495.jpg,3/3/2022 5:26,"Pesona @aranglampung luar biasa

#explorelampungselatan 
#pantaiaranglampung 
#explorelampung 
#lampunghits",Attraction,,coast,ocean,cliff,0.286093,0.215626,0.193429
https://www.instagram.com/p/CbrxdWTLTiM/,496.jpg,3/29/2022 10:12,"Ada gunung, laut dan pulau kecil.. epic banged. Efek tsunami akhir 2018 blm pulih juga.. healing mmg butuh proses kan 🤭 stlh tsunami lanjut pandemi, bln ini baru ramai kembali. Pulau cantik ini namanya pulau umang2 di Lampung selatan. Teriak2, ghibah, becanda dan futu2 with bestie 😅 #pulauumangumang #explorelampung #explorelampungselatan",Attraction,,lagoon,beach,wave,0.153573,0.151962,0.144858
https://www.instagram.com/p/C2Q591FPN5j/,497.jpg,1/19/2024 1:55,"Tidak ada kata lelah untuk hasil yang indah🌻
.
.
.
.
.
📍Bukit Slimpuyang, Sidomulyo-Lampung Selatan
.
.
.
.
.
#infokyai #lampuung #lampunginsta #inilampungyay #ilovelampung #pikniklampung #jelajahsumatera #tempatwisatalampung #infolampungcom #bg_oganilirhits #ga_lampung_hits #kelampungaja #lampungselatanexplore #lampungselatan #seputarlamsel #seputarlampung #explorelampung #explorelampungselatan #sumateraindonesia #sumatera #wisatalampungme #wisatalampungsai #lampungselataninfo #kelilinglampung #pejalankakilampung",Attraction,,islet,farm,coast,0.104341,0.087673,0.057977
https://www.instagram.com/p/DJy1SROP5GE/,498.jpg,5/18/2025 12:04,"Sangat begitu tenang
#healinglampung #sebesiisland #explorelampungselatan 
#lampunggeh #lampunginsta #lampunghits",Attraction,,natural,swimming hole,lagoon,0.301512,0.222406,0.155786
https://www.instagram.com/p/CrphpQHyNdt/,499.jpg,4/30/2023 5:38,"Sunday vibes 

📍Bukit Slimpuyang,  Sidomulyo Lampung selatan. 

#sidomulyo #lampungselatan #lampung #explorelampungselatan #sigerlampung #inilampungyay #tempatwisatalampung #berandalampung #pikniklampung #infolampung #lampunginsta #virallampung #kelampunggeh  #hellolampuung  #lampungselatanexplore #indonesia",Attraction,,campsite,raft,natural,0.97997,0.007101,0.001372
https://www.instagram.com/p/CkAJdPyvJty/,500.jpg,10/22/2022 4:18,"🌊 
.
.
.
.
📍Pantai Marina, Lampung Selatan 
.
#Repost @ayuni.kim
#lampung #lampunghits #lampunggeh #lampuung #explorelampung #explorelampungselatan #lampungholiday #lampungselatan #lampungkece #lampunginsta #lampungku #lampungwisata #lampungeksis #lampungsemakineksis #ilovelampung #potretlampung #lampungyay #lampungpedia #visitlampung #pikniklampung #kelilinglampung #pesonalampung #pantaimarinalampung #lampunghelau #koncodolanlampung",Attraction,,pagoda,promenade,asia,0.750166,0.101343,0.038917
https://www.instagram.com/p/CmpnfQFPsOl/,501.jpg,12/26/2022 23:52,"Senang-senang melulu. Utangmu bereskan dulu
.
.
.
.
.
.
.
.
.
.
.
.
🍁@sanggarbeach_lpg (Queen Resto) , Kalianda, Lampung Selatan
.
.
.
.
.
.
.
.
.
.
.
.
#lampungeksis #lampungsemakineksis #koncodolanlampung #explorelampung #lampunginsta #wajahlampung #ilovelampung #pantaisanggar #sanggarbeachlampung #explorelampungselatan #lampungtourid #LampungGeh #lampungkece #wisata_lampungme #lampungindonesia #lampungselataninfo #kelampunggeh #lampungselatan #backpakerindonesia #lampungkece #trendinglampung #nyapalampung #menyapalampung #lampuung #inilampungyay #potretwisataindonesia #hellolampung #kelilingindonesia #travellingnusantara #likesforlike #follow4followback",Attraction,,patio,porch,restaurant patio,0.641493,0.120913,0.087748
https://www.instagram.com/p/C3NQYNESVmW/,502.jpg,2/11/2024 12:25,"Hari baru petualangan baru ! Yuk semangat semangat...
In frame :@kikitirta48 
Loc : Pantai Marina Lampung
#pantaimarinakalianda #pantaimarinalampung #pantaimarina #explorelampungselatan #explorelampung #travelphotography #traveler #travelgram #lampung #Bali #indonesia #wonderful_places #wonderfulindonesia",Attraction,,coast,ocean,cliff,0.290754,0.179687,0.175715
https://www.instagram.com/p/CwQVK4VvYxU/,503.jpg,8/22/2023 17:25,"Bersyukur banget gwah.... ❤️
.
.
Bisa menatap langsung keindahan yg satu ini 😍🗻
.
.
.
#3rdtouring2023 #familyadventure #familytouring #touringlintaspulau #touringlintasprovinsi #lampung #lampungselatan #explorelampung #explorelampungselatan #bakauhenilampung #travel #pelabuhancanti #kalianda #pulausebuku #pulausebesi #pulauumang #pulauumangumang #perahu #gelombang #wave #waves #ombak #laut #sea #sealife #beach #pantai #tejang #tejangpulausebesi",Attraction,,lagoon,islet,beach,0.636146,0.328737,0.010621
https://www.instagram.com/p/C29VVW4qoka/,504.jpg,2/5/2024 8:00,"Berkunjung ke Lampung, tentu tidak boleh melewatkan pergi ke Bakauheni Harbour City. Selain menyajikan pemandangan sekitar bakauheni yang menawan. Wisatawan dapat berkunjung ke objek wisata menarik yang ada di lokasi. Yuk lihat infonya di http://tinyurl.com/jnkd33xh
#travelspromo #bakauheniharbourcity #wisatalampungselatan #wisatalampung #tamanrekreasi #tamanrekreasilampungselatan #tamanrekreasilampung #informasiwisata #infowisata #infowisatalampungselatan #infowisatalampung #hargatiket #tiketmasuk #tiketmasukbakauheniharbourcity #visitlampungselatan #explorelampungselatan",Attraction,Siger,amphitheater,outdoor,palace,0.404458,0.140654,0.093561
https://www.instagram.com/p/CgjvSy6Pl_J/,505.jpg,7/28/2022 13:56,#rumahkayukahaibeachhotel#kahaibeachlampung#pantaikahaibeach#wisatakaliandalampungselatan#explorelampungselatan#gunungkrakatau#kahaibeachhotel#desabatubalakkahai#lampunghits#wisatalampungselatankekinian,Amenities,Krakatau Kahai Beach Hotel,oast house,village,cottage,0.148277,0.066296,0.051775
https://www.instagram.com/p/Ce46WLqv0Br/,506.jpg,6/17/2022 2:14,"Posted @pantai.setigiheni Nikmatilah setiap perjalanan yang kamu hadapi karena perjalanan yang rumit akan menghasilkan sebuah cerita yang menarik🌊
.
.
 from @rimachasanah25
Lokasi :Pantai Setigiheni,  Lampung Selatan
.
.
.
#Setigiheni
#lampung #lampungeksis #potretlampung #lampunginstan #lampunghits #lampungexplore #explorelampung #ilovelampung #wajahlampung #apalampung #lampungekspos #lampungpedia #ayokelampung #holiday #lampungholiday_  #wisatalampungme #kelampungaja #explorelampungselatan #inilampungyay #ayopiknik #piknik #lampungpose #parapejalanlampung #inews #hijab #ottdhijab #lff",Attraction,,coast,ocean,beach,0.289472,0.225674,0.221931
https://www.instagram.com/p/CwiRvcSP2Nq/,507.jpg,8/29/2023 16:41,"Ngumpulin kerang2 indah buat dibawa pulang 🤗🤣🌊🏝️
.
.
#familytouring2023 #familyadventure #3rdtouring2023 #touringlintaspulau #touringlintasprovinsi #lampung #lampungselatan #explorelampung #explorelampungselatan #bakauhenilampung #travel #terumbukarang #kalianda #pulausebuku #pulausebesi #pulauumang #pulauumangumang #perahu #gelombang #wave #waves #ombak #laut #sea #sealife #beach #pantai #pulaumenggunang #tejangpulausebesi",Attraction,,beach,ocean,coast,0.728805,0.105683,0.073952
https://www.instagram.com/p/CgmEEbNP8E5/,508.jpg,7/29/2022 11:36,"Rumah jamur🍄🍄🍄

#kahaibeachlampung#pantaikahaibeach#wisatakaliandalampungselatan#explorelampungselatan#gunungkrakatau#kahaibeachhotel#desabatubalakkahai#lampunghits#wisatalampungselatankekinian",Attraction,,playground,amusement park,beer garden,0.170615,0.170456,0.144612
https://www.instagram.com/p/CwIygPUSo5d/,509.jpg,8/19/2023 19:07,"Tinggi Gunung di Pulau Sebesi ini 800 Meteran.... 
.
.
Sama dong tingginya dgn gweh ...
🤗🏞️🤣
.
.
#3rdtouring2023 #letsgo #familyadventure #touringlintaspulau #touringlintasprovinsi #lampung #lampungselatan #explorelampung #explorelampungselatan #bakauhenilampung #travel #pelabuhancanti #kalianda #pulausebuku #pulausebesi #pulauumang #pulauumangumang #perahu #gelombang #wave #waves #ombak #laut #sea #sealife #beach #pantai #tejang #tejangpulausebesi",Attraction,,farm,pasture,corral,0.265873,0.109369,0.07969
https://www.instagram.com/p/Cw0Qw2uJ4fh/,510.jpg,9/5/2023 16:19,"View2 kyk begini yg bikin kita hoby menabung 🤗🤣
.
.
#touring #familytouring2023 #familyadventure #3rdtouring #3rdtouring2023 #letsgo #selatsunda #sundastrait #letsgosomewhere #touringlintaspulau #touringlintasprovinsi #merak #pelabuhanmerak #pelabuhanmerakbanten #merakbakauheni #pelabuhanbakauheni #bakauheni #lampung #lampungselatan #explorelampung #explorelampungselatan #bakauhenilampung #travel #travelgram #traveling",Attraction,,boat deck,ocean,promenade,0.549522,0.100225,0.083336
https://www.instagram.com/p/CwdNcKRvKNW/,511.jpg,8/27/2023 17:27,"Hidup itu ga ada yg tau, tergantung pada nasib 🤗
.
.
Kayak kita nih, tau tau milih pulau n pantai nya bener... 🤣🏝️🗻
.
.
Awalnya ga tau bakal seindah begini woyy 🤣🤗🏝️🗻
.
.
.
#familytouring2023 #familyadventure #3rdtouring2023 #touringlintaspulau #touringlintasprovinsi #lampung #lampungselatan #explorelampung #explorelampungselatan #bakauhenilampung #travel #terumbukarang #kalianda #pulausebuku #pulausebesi #pulauumang #pulauumangumang #perahu #gelombang #wave #waves #ombak #laut #sea #sealife #beach #pantai #pulaumenggunang #tejangpulausebesi",Attraction,,lagoon,river,ice floe,0.264487,0.194761,0.092545
https://www.instagram.com/p/CwVkTspP00B/,512.jpg,8/24/2023 18:13,"Nungguin nelayan nyiapin perahu ⛵🚣
.
.
#familytouring2023 #familyadventure #3rdtouring2023 #touringlintaspulau #touringlintasprovinsi #lampung #lampungselatan #explorelampung #explorelampungselatan #bakauhenilampung #travel #pelabuhancanti #kalianda #pulausebuku #pulausebesi #pulauumang #pulauumangumang #perahu #gelombang #wave #waves #ombak #laut #sea #sealife #beach #pantai #pulaumenggunang #tejangpulausebesi",Attraction,,beach,coast,harbor,0.364898,0.109883,0.105982
https://www.instagram.com/p/Cgjr-lCPL5y/,513.jpg,7/28/2022 13:27,"Make the holidays more fun at kahai beach hotel🤗

Kami siap melayani🙏🙏🙏

#kahaibeachlampung#pantaikahaibeach#wisatakaliandalampungselatan#explorelampungselatan#gunungkrakatau#kahaibeachhotel#desabatubalakkahai#lampunghits#wisatalampungselatankekinian",Amenities,Krakatau Kahai Beach Hotel,art school,indoor,nursing home,0.156011,0.096417,0.080585
https://www.instagram.com/p/CwdKXX8PSKO/,514.jpg,8/27/2023 17:00,"Ga butuh snorkeling 🏊
.
.
Ossan cuma mantengin alias memandang indahnya taman terumbu karang di Pulau Umang Umang 🤗🏝️😍
.
.
#familytouring2023 #familyadventure #3rdtouring2023 #touringlintaspulau #touringlintasprovinsi #lampung #lampungselatan #explorelampung #explorelampungselatan #bakauhenilampung #travel #terumbukarang #kalianda #pulausebuku #pulausebesi #pulauumang #pulauumangumang #perahu #gelombang #wave #waves #ombak #laut #sea #sealife #beach #pantai #pulaumenggunang #tejangpulausebesi",Attraction,,swimming hole,raft,river,0.537436,0.15962,0.06923
https://www.instagram.com/p/CV9XoKAJgjF/,515.jpg,11/7/2021 3:04,"Duduk santai di tepi pantai
Kopi hitam pahit rasanya
Jalan jalan kesana kesini
Kapan nih ke pantai berdua
•
📍Pantai Minang Rua, Lampung Selatan, Lampung.
•
Mari kita jaga bersama lingkungan disekitar kita. Salam lestari 🌱
•
#sahabatalam #pesonaindonesia #pesonaalam #pesonalampung #lampuung #lampunghits #minangruabeach #minangrua #lampungselatan #lampunggeh #potretlampung #pejalanlampung #petualanglampung #kaliandaig #explorelampung #explorelampungselatan #lampungnatureadventure",Attraction,,islet,lagoon,natural,0.158927,0.133208,0.106506
https://www.instagram.com/p/CRvuTpfLB75/,516.jpg,7/25/2021 9:48,"📷@rhemaayu28 

#beachvibes #lampungselatan #explorelampungselatan #pulausebesi #sebesiisland",Attraction,,islet,lagoon,coast,0.636736,0.204418,0.022136
https://www.instagram.com/p/CWk82M9F1hN/,517.jpg,11/22/2021 12:00,"You are mineral without ral

#eaaa #gunungbatulampung #ootdhijab #holiday #ootd #explore #explorelampung #explorelampungselatan #kalianda #explorekalianda #dress #likeme #ffff #likememore",Attraction,,golf course,rice paddy,pasture,0.297761,0.221201,0.061409
https://www.instagram.com/p/CM5lBaxhBME/,518.jpg,3/26/2021 23:02,"Tabik Pun...!!!

...
Cecakhah way pekhos kalianda lampung selatan ☑️

Kalian udah ke sini belum ??? 

Jangan lupa tonton vlog nya di YouTube channel MISRI VLOG..
Besok pagi jam 06:30 
..
..

🖼️ Shoot by : @perjalanankita.ig
Repost @misrivlog 

#lampungeksis #kaliandaig #travelerkece #travel2lampung #ijilampung #mata_lampungku #apalampung #selampung #exploreindonesia #explorelampung #explorelampungselatan #lampung #lampungfun #lampungeksis #kalianda #kaliandaig #wisatalampung #lampung #selebgramindonesia  #selebgramlampung #selebgramaceh #vidgram #travelvlog #fff💋 #fff #fff😊ff💋ff👌ff💕4f❤️🔝🔫💣44follow４followforfollow４f4frs4likeforlikeforfollow4likeforlikesback44likes4me4lramahhits #ffxiv #bffs #likesforlike #lb #followforfollowback

@cecakhah_waypekhos",Attraction,,creek,waterfall,swimming hole,0.434081,0.249996,0.088212
https://www.instagram.com/p/CX5Tt48Lh-s/,519.jpg,12/25/2021 6:16,"the view of lampung
#lampung 
#explolampung
#menarasiger
#explorelampungselatan
#bakauheni",Attraction,,interior,construction site,fire escape,0.554731,0.057761,0.056323
https://www.instagram.com/p/CnQtZvtvtka/,520.jpg,1/11/2023 4:14,"Tangan udah gatel klo ngeliat tanah.
👌👌👌💨💨💨

#bmwg310gs #Santaipastisampai #explorlampung #explorelampungselatan #soulmatra",Attraction,,badlands,mountain path,wild,0.513161,0.103561,0.091527
https://www.instagram.com/p/CNJXQKaAuwQ/,521.jpg,4/2/2021 2:09,"Nasib baik adalah pertemuan antara persiapan dan kesempatan.

📍🏞lok :Kalianda.
( Kebun Edukasi 
Lampung Selatan)

#explorelampungselatan
#wonderfulllampungselatan
#kebunedukasilampungselatan
#sahabattravellerlampung
#mata_lampungku
#travel2lampung
#ijilampung
#lampunggeh
#agrowisatalampung
#kelilinglampung
#tempat_wisata_lampung",Attraction,,vineyard,volcano,valley,0.115618,0.084447,0.073984
https://www.instagram.com/p/COZo_8pHZ7t/,522.jpg,5/3/2021 6:24,#pahawang #pulau #pantai #dermaga #pano #panorama #laut #pulaupahawang #lampung #trip #gunung #pemandangan #alam #pulaupahawang #pahawangislamd #lampunghits #lampunggeh #lamsel #lampungselatan #keren #pelabuhan #perahu  #villa #iskhasulistia,Attraction,,lagoon,swimming hole,natural,0.348797,0.257906,0.0744
https://www.instagram.com/p/CVabOVIvJJs/,523.jpg,10/24/2021 13:22,"Reposted from @shdyt_ Sejauh mana pun kaki mu melangkah, ingatlah ada rumah yang menjadi tempatmu untuk pulang.
.
.
.
.
.
.
.
.
.
.
.
.
#trip #traveling #lampung #airterjun #curug #wisatalampung #triplampung #kuymain #healing #traveller #lampungselatan #potretlampung #airterjunwaykalam #lamsel #jelajahlampung",Attraction,,waterfall,rainforest,creek,0.641953,0.146029,0.061401
https://www.instagram.com/p/CnF7oh5S4RC/,524.jpg,1/6/2023 23:47,"Liburan tidak mesti jauh jauh gaes di lampung juga kalian udah bisa menikmati alam seperti ini .

#menyapalampung 
#lampungmenyapa 
#lampung
#lamsel 
#lampungselatan 
#explorelampung 
#kalianda
#ff #fff #fpy 
#jelajahlampung 
#jelajahsumatera 
#jalanjalanmen 
#trip 
From : @apriyadii532",Attraction,,swimming hole,lagoon,hot spring,0.308816,0.076139,0.057211
https://www.instagram.com/p/Cm8TFcUSJUy/,525.jpg,1/3/2023 5:59,"Selamat tahun baru 2023 👋 

••••••••••••••••••••••••••••••••••••••••••••••••••••••••
Layanan wisata Lampung Selatan

✓ Local guide south Lampung 🔻

🔻 Paket wisata & trip Lampung Selatan DM or wa : 0857-6867-5339

Follow tiktok : Lamselexplore
Facebook : Lampung Selatan explore
YouTube : Lamselexplore

..

Follow @lampungselatanexplore
Hastag #lampungselatanexplore

Tiktok : Lamselexplore 
YouTube : Lamsel explore

Foto by : @w_apriyanii

📍 Pantai guci batu kapal, Kalianda Lampung Selatan

#lampung #lampungeksis #lampungselatanexplore #lampungexplore #ootdhijab #hijabstyle #lfl #lfl💛 #lampunggeh #ootdhijab
#ootdfashion #kalianda #wisatalampung
#fff #lfl❤️ #follow4followback #followforfollowback #fyp #ootdhijabindonesia
#hijabstyle
#ootdstyle
#flowers #lb #flowerstagram #wisatalampung #kalianda #bakauheni",Attraction,,beach,coast,ocean,0.391798,0.260639,0.144396
https://www.instagram.com/p/CQ0-isZLMA0/,526.jpg,7/2/2021 14:14,"𝘠𝘢𝘯𝘨 𝘵𝘪𝘥𝘢𝘬 𝘣𝘪𝘴𝘢 𝘸𝘢𝘯𝘪𝘵𝘢 𝘵𝘢𝘩𝘢𝘯 𝘪𝘵𝘶 𝘢𝘪𝘳 𝘮𝘢𝘵𝘢, 𝘤𝘦𝘮𝘣𝘶𝘳𝘶 𝘥𝘢𝘯 𝘳𝘢𝘴𝘢 𝘪𝘯𝘨𝘪𝘯 𝘵𝘢𝘩𝘶... 
(𝘓𝘢𝘯𝘫𝘶𝘵 𝘚𝘦𝘯𝘥𝘪𝘳𝘪²😂)🌸💙
.
.
#apalampung
#Allahmahabaik 
#Alhamdulillahsyukur
#explorelampungselatan
#Lampungselatanexplore 
#Lampungselatanamazing",Amenities,,indoor,outdoor,outdoor,0.154631,0.149922,0.102588
https://www.instagram.com/p/CwNa0UsvQcI/,527.jpg,8/21/2023 14:16,"Ga usah banyak gaya n pose.... 🤣
.
.
Cukup duduk2 santuy saja sambil mainan pasir di pantai ..🤗
.
.
Sudah enak dilihat kok beneran 🤗🤣😍🌴🏝️🗻🌊
.
.
#3rdtouring2023 #familyadventure #familytouring #touringlintaspulau #touringlintasprovinsi #lampung #lampungselatan #explorelampung #explorelampungselatan #bakauhenilampung #travel #pelabuhancanti #kalianda #pulausebuku #pulausebesi #pulauumang #pulauumangumang #perahu #gelombang #wave #waves #ombak #laut #sea #sealife #beach #pantai #tejang #tejangpulausebesi",Attraction,,lagoon,beach,ocean,0.581501,0.314077,0.036497
https://www.instagram.com/p/CNRET6MsVuG/,528.jpg,4/5/2021 1:58,"guide dan Balawista pantai minangrua
.
.
.
.
.
.
.
@pantai_minangrua 
@dinaspariwisata.lampungselatan 
@yoexplore 
.
.
.
.
.
.
.
.
#pantaiminangrua#pokdaarwisMinangruaBahari 
#potretlampung #wisatapantai#pantailampung🌴 
#informasilpg #cooking #jalanjalanlampung #jelajahwisatalampung #lampungjuara #lampunghits #explorelampung #explorelampungselatan #indonesiaku#indonesiahebat
#pokdarwisindonesia #pokdarwisnasional",Accessibility,,raft,islet,natural,0.206775,0.098731,0.089191
https://www.instagram.com/p/Cjb46o8vDQk/,529.jpg,10/8/2022 2:21,"Make sure your vacation is a good and fun moment, trust us !!!
Liburan di pantai, tapi bukan sekedar pantai.
Pantai minangrua menyajikan rekreasi alam yg berbeda.
Selain pantai, di Minangrua juga ada destinasi wisata lain.
Seperti, Air Terjun Dan Green Canyon.

Your family story must be happy!!
 ________________________
This is👉. Pantai Minangrua - Desa Kelawi - Bakauheni - Lampung Selatan.
________________________
Hurry up, follow us, because we are processing something amazing!!!
NOTE!!!
(Lodging on this beach is very limited)

More info & Reservasi: HP/WA: 081272250665
________________________
Don't miss out on information!!

Tag dan follow 👇👇

@minangruabeach_inn
@minangruabeach_inn
@minangruabeach_inn 

Sertakan #minangruabeach
❎ Vacation is a necessity too
________________________
•Don't focus too much on money•
________________________
#minangruabeachinn #minangruabeach #pantaiminangrua #bakauheni #lampungselatan #lampung #sebalang #pahawang #tegalmas #pahawanglampung #selebriti #viral #jakarta #bandung #palembang #travel #explore #tourism #trip #lfl #beach #sunset #photography #likeforlikes #explore",Attraction,,beach,vegetation,coast,0.281491,0.188585,0.060801
https://www.instagram.com/p/CW67wmPPTxo/,530.jpg,12/1/2021 0:54,"Sudah ada agenda dan rencana mau liburan kemana??
Sudah atau belum, bisa hubungi kami di @junatrip 
Anda bisa memilih tempat tujuan liburan anda di sini!!!
__
Kami akan mempermudah rencana liburan anda!!!
Dan estimasi biaya akan kami sesuaikan!!!
Destinasi tujuan wisata kami sesuaikan.
__
Adapun Destinasi:
Pantai Minangrua
Pulau Pahawang
Pulau Tegal Mas
Pulau Mengkudu
Pantai Gigi Hiu
Krakatau
Dan seluruh destinasi wisata di Lampung!!!
__
More info: 081278582021
________________________
Easy way to repost?
Tag dan follow akun @junatrip
________________________
•Don't focus too much on money•
________________________
#junatrip #pantaiminangrua #bakauheni #lampungselatan #lampung #sebalang #pahawang #tegalmas #pahawanglampung #selebriti #viral #jakarta #bandung #palembang #travel #explore #tourism #trip #lfl #beach #sunset #sunrise #photography #likeforlikes #song #explore",Amenities,,sandbox,childs room,nursery,0.242904,0.230711,0.115224
https://www.instagram.com/p/CZDsmEVP_Kz/,531.jpg,1/23/2022 3:37,"Salah satu pulau yang harus kalian kunjungi yang letaknya tidak jauh dari pulau mengkudu. 
➖➖➖➖➖➖➖➖➖➖

Lokasi: Pulau Sekepel, Desa Totoharjo, Kec Bakauheni, Kab Lampung Selatan 
➖➖➖➖➖➖➖➖➖➖

Fg: @ardiwijay04
➖➖➖➖➖➖➖➖➖➖

#lampuung #lampuunggeh #lampunginsta #ilovelampung #kaliandaig #lampungeksis #inilampungyay #alamlampung #explorelampung #wajahlampung #explorelampungselatan #pulausekepel",Attraction,,islet,lagoon,natural,0.351429,0.257525,0.075779
https://www.instagram.com/p/Cd7AMh9v4wL/,532.jpg,5/24/2022 1:12,"Perjalanan masih panjang, jauh dan berliku, persiapkanlah bekal yang cukup  untuk menjalaninya.
.
.
.
.
.
#RamahTamahJelajah
#KhaduSantaiMakkung 
#Pantai_Minangrua
#PokdarwisMinangrua
#Selamatkhatong
#Explorelampungselatan
#Dinaspariwisatalampungselatan 
#sahabattravelerlampung
#wajahlampung
#lampungselatanAmazing
#lampungselatanexplore
#lampungexist
#informasilpg",Ancillary,,beach,coast,ocean,0.279209,0.1678,0.084775
https://www.instagram.com/p/CMqLpTEhk_0/,533.jpg,3/20/2021 23:32,"Tabik Pun...!!!

Selamat berlibur... 
Jangan lupa mandi gengs .... 

Dok by @misrivlog 

#travelerkece #explorealamindonesia #pecintaalam #dutawisata #exploreindonesia #pendakiindonesia #airterjun #explorelampung #explorelampungselatan #lampung #lampungfun #lampungeksis #kalianda #kaliandaig #wisatalampung #lampung #selebgramindonesia #selebgramjakarta #selebgramlampung #selebgramaceh #vidgram #travelvlog #fff💋 #fff #fff😊ff💋ff👌ff💕4f❤️🔝🔫💣44follow４followforfollow４f4frs4likeforlikeforfollow4likeforlikesback44likes4me4lramahhits #ffxiv #bffs #likesforlike #lb #followforfollowback",Attraction,,waterfall,rainforest,mountain,0.733299,0.116749,0.032202
https://www.instagram.com/p/DKD3bnFTfCq/,534.jpg,5/25/2025 2:50,"Thank you for visiting at minangrua beach🌊☀
— SNORKELING Rp:75.000/pax all fasilitas 

Make sure your vacation is a good and fun moment, trust us !!!

Liburan di pantai, tapi bukan sekedar pantai.
Pantai minangrua menyajikan rekreasi alam yg berbeda.
Selain pantai, di Minangrua juga ada destinasi wisata lain.
Seperti, Air Terjun Dan Green Canyon.

Your family story must be happy!!
 ________________________
This is👉. Pantai Minangrua - Desa Kelawi - Bakauheni - Lampung Selatan.

Rute: 1.5 jam dari kota Bandar lampung. 10 menit dari Pelabuhan Bakauheni. 
________________________
Hurry up, follow us, because we are processing something amazing!!!
NOTE!!!
(Lodging on this beach is very limited)
__
Pos HTM: 10k/orang (non higeseason) 
__
Green Canyon HTM: 15k/orang 
__
Family Gathering Mulai Rp:170.000/orang
__
Snorkeling mulai Rp: 75.000/orang 

More info & Reservasi: HP/WA: 081272250665
________________________
Don’t miss out on information!!

Tag dan follow 👇👇

@minangruabeach_inn
@pantaiminangrua_lampung

Sertakan #minangruabeach 
❎ Vacation is a necessity too
________________________
•Don’t focus too much on money•
________________________
#minangruabeachinn #minangruabeach #pantaiminangrua #bakauheni #lampungselatan #lampung #lampung #bandung #palembang #travel #explore #tourism #trip #explore",Attraction,,ocean deep,aquarium,ocean,0.946178,0.037116,0.008689
https://www.instagram.com/p/CPpudbwL0cg/,535.jpg,6/3/2021 8:51,"Good sore ...

Jangan lupa mantai lah sob ...
..
..

Subscribe bYouTube channel MISRI VLOG, klik link in bio 👉
..
..

#lampungselatanexplore  #semukuk #pantaisemukuk #kaliandaig #wajahlampung #kelampunggeh #travel2lampung #lampungeksis #lampung #selampung #pariwisatalampung #selebgramindonesia #selebgramjakarta #selebgramlampung #selampung #pesonalampung #pariwisataindonesia #pariwisatalampung #explorelampungselatan #exploreindonesia #jelajahindonesia #lampungfun #lampungeksis #explorealam #adbenture #mtma #jejakpetualang #beach",Attraction,,lagoon,ocean,cliff,0.128683,0.124186,0.100894
https://www.instagram.com/p/CidD0zBpVqR/,536.jpg,9/13/2022 16:44,"Cium aroma laut, rasakan langit, biarkan jiwa²mu pergi

#masyaallahtabarakallah #like4likes #instatravel #morningvibes #grandeltykrakatoa #kaliandaresort #lampungwisata #lampung#explorelampungselatan",Attraction,,pier,boat deck,ocean,0.194803,0.126086,0.11351
https://www.instagram.com/p/CLlBoBMnMQn/,537.jpg,2/22/2021 2:56,"#blueseaview 
#bluesea🌊 
#jumping 
#kapalferry 
#holidaytrip #travelphotography #travelingindonesia #potography📷 #jalanjalanmen #pelariindonesia #pelarikece #freeletictangerang #indonesiaberlari #runbib#yeuah #explorelampungselatan #selatsunda 
Kesempatan kadang tak datang dua kali .maka nikmatilah kesempatan itu selagi kamu bisa ,walau hanya sebentar tpi kita tak bisa mengulang kembali waktu itu , walaupun tujuan utamanya wedding party tpi bisa d manfaatkan demi hobby traveling ,jgn d pikir seberapa deketny tpi seberapa kamu bisa menikmati keindahan nya , liburan itu penting wat rilexasi d tengah rutinitas yg tiada henti foto by @yusuf_swd @freeleticstgr",Accessibility,,outdoor,indoor,water park,0.493391,0.210281,0.07506
https://www.instagram.com/p/DOTb4c_k_LD/,538.jpg,9/7/2025 14:03,"Vitamin sea ☀️🌊
.
.
.
📍Rio The Beach , Lampung
#pantailampungselatan #explorelampungselatan #pantailampung #kaliandalampungselatan #pesonaindonesia_id #wonderful #riothebeachlampung",Amenities,,beach house,outdoor,village,0.223224,0.193659,0.079349
https://www.instagram.com/p/DJrR4SAPf1b/,539.jpg,5/15/2025 13:40,"Team Orang Senang
Jawa Barat Lintas Sumatra 🤟😎
Next Kemana Lagi Kita🔥

#lampung #bandarlampung #sumatra #singerlampung #travelinglampung #explorelampungselatan",Accessibility,,arch,bridge,viaduct,0.360951,0.243773,0.077764
https://www.instagram.com/p/DNzjUwz4vjf/,540.jpg,8/26/2025 4:52,"Ga ada kalimat yang bisa deskripsiin secantik apa tempat ini 💖

#explorelampungselatan #exploreindonesia #indonesia_traveler #girl #beach #pulausebesi #tripotocommunity #pulau #beachvibes #pulausebesi #exploreeverything #ootd #beachtime",Attraction,,lagoon,beach,ocean,0.620791,0.258975,0.039303
https://www.instagram.com/p/DO_IWiFk0MI/,541.jpg,9/24/2025 13:19,"Referensi trip yang gak perlu cuti:
"" Open Trip Pulau Sebesi ""

Katanya mau liburan? 
Jangan cuma scroll doang cong!
Buruan booking slotnya! Di @explorepulausebesi 
Kapan lagi opentrip destinasinya dapet pantai dan gunung sekaligus?
Harganya start 400rban aja udah bisa nyebrang ke pulau Sumatera.
Bener2 worth it!

#exploreindonesia #explorelampungselatan #anakgunungkrakatau #explorepulausebesi #bandaneiralampung #wisatalampung #opentripanakgunungkrakatau #pulauumangumang",Attraction,,mountain snowy,volcano,glacier,0.151852,0.111397,0.100005
https://www.instagram.com/p/Ctom7gpJP_l/,542.jpg,6/18/2023 14:08,"[2 6 23]
Rekomend ni yg mau nangis tapi gk mau ketauan nangis ngecamp dipantai aja prenddd suara ombak nya keras bangett sambil teriakk juga amann sii ini🌊🌴
.
.
.📍Pantai Sanggar🏝Kalianda, Lampung
#sanggarbeach_lpg #explorelampungselatan #lampunggeh",Amenities,,campsite,junkyard,parking lot,0.939071,0.013925,0.004018
https://www.instagram.com/p/CwczWVZrqJF/,543.jpg,8/27/2023 13:39,"Manfaatkan liburan kamu untuk melepaskan semua beban agar pikiran dan tubuh menjadi sehat kembali.

#liburan #lfl #beach #island #explorelampungselatan #lampung #visitindonesia #exploreindonesia #kemenparekraf #pariwisatalampung #wonderfulindonesia #jelajahlampung #jelajahindonesia #lfl❤️ #lfl💛 #fffffffffffffffffffffffffffffffffffffffffffffffffffffffffffffffffffffffffffffffffffffffffffffffffffffffffffffffffffffffffffffffffffffffffffffffffffff #likesforlike",Attraction,,lagoon,beach,coast,0.585992,0.300719,0.032553
https://www.instagram.com/p/CwMRRyrL1ei/,544.jpg,8/21/2023 3:34,"Senikmat inikah rasanya liburan .... 🌊🌴🌴
..
..

Kaos keren dari : @lampungselatanexplore

#liburan #lfl #beach #island #explorelampungselatan #lampung #visitindonesia #exploreindonesia #kemenparekraf #pariwisatalampung #wonderfulindonesia #jelajahlampung #jelajahindonesia #lfl❤️ #lfl💛 #fffffffffffffffffffffffffffffffffffffffffffffffffffffffffffffffffffffffffffffffffffffffffffffffffffffffffffffffffffffffffffffffffffffffffffffffffffff #likesforlike",Attraction,,lagoon,beach,coast,0.507263,0.427964,0.022103
https://www.instagram.com/p/Cd299S_htiu/,545.jpg,5/22/2022 11:36,"LAMPUNG : “Lamunan rindu yang tak tertampung”
.
.
.
.
.
#explorelampungselatan 
#selampung 
@selampung",Attraction,,vineyard,boardwalk,village,0.314126,0.043944,0.040777
https://www.instagram.com/p/C0-6fyNyJKp/,546.jpg,12/18/2023 5:42,".
.
Kalo ada orang ngiri, ga usah pusing sebaiknya kita nganan aja biar ga nabrak 😌
.
.
.
📍MBeach, Starlight Cabin, Kalianda
Lampung Selatan
.
#explorelampung #explorelampungselatan #pantaipasirputih #whitesandbeach #travelphotography #traveling #traveler #travelblogger #starlightcabin #holiday #staycation",Attraction,,beach,lagoon,ocean,0.831991,0.089247,0.033394
https://www.instagram.com/p/ColU_r_y1zC/,547.jpg,2/13/2023 0:56,"🏝🏝
#pantaimarina #pantaimarinakalianda #explorelampung #explorelampungselatan #wisatakalianda #fyp #fypシ",Attraction,,archaelogical excavation,picnic area,playground,0.21255,0.1087,0.061196
https://www.instagram.com/p/DB5ILfFTWKs/,548.jpg,11/3/2024 2:34,"Sunmori NXR Tangerang.
Rio By The Beach Kalianda Lampung Selatan
#explorelampung 
#explorelampungselatan 
#pantairiobythebeach",Amenities,,picnic area,beach house,outdoor,0.446088,0.14746,0.100851
https://www.instagram.com/p/CrpWEDkSyHS/,549.jpg,4/30/2023 3:57,"Enjoy moment ....

📍Bukit Slimpuyang, Sidomulyo Lampung selatan

#bukitslimpuyang #lampungselatan #kalianda #lampung #lampungexplore #explorelampungselatan #potretlampung #pikniklampung #sigerlampung #trendinglampung #tempatwisatalampung #berandalampung #indonesia #instagram",Amenities,,campsite,archaelogical excavation,tundra,0.752272,0.04304,0.030597
https://www.instagram.com/p/DN5JDKbk370/,550.jpg,8/28/2025 8:58,"Pernah baca quotes ini : “Worrying gets you nowhere” dan makin kesini makin sadar, diam di tempat nggak akan bawa kita kemana-mana. Lebih baik mulai jalan, walau pelan🫶🏽🧡.

#exploresebesi #explorelampungselatan #anakkrakatau #opentrip #sebesiisland",Attraction,,mountain,volcano,mountain snowy,0.273917,0.177529,0.082193
https://www.instagram.com/p/CgmDnbIvxXX/,551.jpg,7/29/2022 11:32,"I ❤️ U

#kahaibeachlampung#pantaikahaibeach#wisatakaliandalampungselatan#explorelampungselatan#gunungkrakatau#kahaibeachhotel#desabatubalakkahai#lampunghits#wisatalampungselatankekinian",Attraction,,ocean,boat deck,harbor,0.400143,0.091232,0.073732
https://www.instagram.com/p/DOV6gh0Ez1H/,552.jpg,9/8/2025 13:09,"✈️ September S-nya Siap Kabur!
Siapa nih yang lagi nyari slot opentrip dadakan buat healing sebelum quarter life crisis menyerang? 😂

Tag temen travel kamu biar makin rame jalan-jalannya! 🌍🧡.

#septemberchallenge #septembervibes #explorelampungselatan #liburanasik #anakgunungkrakatau #sebesiisland",Attraction,,lagoon,boat deck,river,0.302826,0.110573,0.08346
https://www.instagram.com/p/DMpSxd7xW6X/,553.jpg,7/28/2025 8:44,"Banda Neira Lampung 
#pulausebesi #pulausebesilampung #bandaneira #lampung #explorelampungselatan",Attraction,,islet,lagoon,volcano,0.64691,0.235271,0.022357
https://www.instagram.com/p/CwQTA_wP_UN/,554.jpg,8/22/2023 17:06,"Ini pulau indahnya itu beda banget 😍🗻
.
.
.
#3rdtouring2023 #familyadventure #familytouring #touringlintaspulau #touringlintasprovinsi #lampung #lampungselatan #explorelampung #explorelampungselatan #bakauhenilampung #travel #pelabuhancanti #kalianda #pulausebuku #pulausebesi #pulauumang #pulauumangumang #perahu #gelombang #wave #waves #ombak #laut #sea #sealife #beach #pantai #tejang #tejangpulausebesi",Attraction,,lagoon,islet,beach house,0.538309,0.250946,0.032444
https://www.instagram.com/p/CwQRXKgPqXk/,555.jpg,8/22/2023 16:51,"Hijau dan biru membuat mata & hatiku tertuju padamu 🗻
.
.
.
#3rdtouring2023 #familyadventure #familytouring #touringlintaspulau #touringlintasprovinsi #lampung #lampungselatan #explorelampung #explorelampungselatan #bakauhenilampung #travel #pelabuhancanti #kalianda #pulausebuku #pulausebesi #pulauumang #pulauumangumang #perahu #gelombang #wave #waves #ombak #laut #sea #sealife #beach #pantai #tejang #tejangpulausebesi",Accessibility,,lagoon,islet,beach,0.630149,0.10503,0.060782
https://www.instagram.com/p/CwiOTKzvPV-/,556.jpg,8/29/2023 16:11,"Kita kembali lagi ke Pulau Sebesi 🗻🏝️😍❤️🌴🌴🌴🌴
.
.
#familytouring2023 #familyadventure #3rdtouring2023 #touringlintaspulau #touringlintasprovinsi #lampung #lampungselatan #explorelampung #explorelampungselatan #bakauhenilampung #travel #terumbukarang #kalianda #pulausebuku #pulausebesi #pulauumang #pulauumangumang #perahu #gelombang #wave #waves #ombak #laut #sea #sealife #beach #pantai #pulaumenggunang #tejangpulausebesi",Attraction,,botanical garden,rainforest,broadleaf,0.43712,0.146589,0.047056
https://www.instagram.com/p/CkiLRfYvSjX/,557.jpg,11/4/2022 9:28,"Handover ceremony Area pantai kahai beach hotel dan wahana-wahana lainnya dari kahai beach hotel ke pelangi hotel internasional.

#kahaibeachlampung#pantaikahaibeach#wisatakaliandalampungselatan#explorelampungselatan#gunungkrakatau#kahaibeachhotel#desabatubalakkahai#lampunghits#wisatalampungselatankekinian",Amenities,,indoor,plaza,outdoor,0.74475,0.047706,0.032682
https://www.instagram.com/p/CcN2I0XPU6q/,558.jpg,4/11/2022 15:47,"Jagalah hatiku ini .agar tak pergi kelain hati
#explorelampungselatan
#wisatalampungselatan",Attraction,,waterfall,rainforest,mountain,0.505748,0.251123,0.090149
https://www.instagram.com/p/CwNfGIyvj5m/,559.jpg,8/21/2023 14:54,"Hidupku dulu tak begini ....
.
.
Kini happy n indah sekali 🤗🤣🤣🏝️🌊🏊🗻
.
.
#3rdtouring2023 #familyadventure #familytouring #touringlintaspulau #touringlintasprovinsi #lampung #lampungselatan #explorelampung #explorelampungselatan #bakauhenilampung #travel #pelabuhancanti #kalianda #pulausebuku #pulausebesi #pulauumang #pulauumangumang #perahu #gelombang #wave #waves #ombak #laut #sea #sealife #beach #pantai #tejang #tejangpulausebesi",Attraction,,lagoon,beach,ocean,0.849656,0.034632,0.026861
https://www.instagram.com/p/CgEF9mdJ2Jv/,560.jpg,7/16/2022 6:59,"Cottage Minakha Khua adalah penginapan yang memiliki konsep bangunan rumah panggung sederhana dengan suasana pedesaan pesisir pantai dengan halaman yang luas

- 𝐊𝐚𝐩𝐚𝐬𝐢𝐭𝐚𝐬 𝐌𝐚𝐤𝐬𝐢𝐦𝐚𝐥 𝟏𝟖 𝐎𝐫𝐚𝐧𝐠
- 𝟐 𝐊𝐚𝐦𝐚𝐫 𝐓𝐢𝐝𝐮𝐫
- 𝐑𝐮𝐚𝐧𝐠 𝐒𝐚𝐧𝐭𝐚𝐢 & 𝐁𝐞𝐫𝐤𝐮𝐦𝐩𝐮𝐥 𝐊𝐞𝐥𝐮𝐚𝐫𝐠𝐚
- 𝐊𝐚𝐦𝐚𝐫 𝐌𝐚𝐧𝐝𝐢 (Bangunan Terpisah)

𝘊𝘰𝘵𝘵𝘢𝘨𝘦 𝘔𝘪𝘯𝘢𝘬𝘩𝘢 𝘒𝘩𝘶𝘢 𝘥𝘪𝘭𝘦𝘯𝘨𝘬𝘢𝘱𝘪 𝘥𝘦𝘯𝘨𝘢𝘯 𝘧𝘢𝘴𝘪𝘭𝘪𝘵𝘢𝘴 𝘴𝘦𝘣𝘢𝘨𝘢𝘪 𝘣𝘦𝘳𝘪𝘬𝘶𝘵:
𝟏. 𝐒𝐢𝐧𝐠𝐥𝐞 𝐁𝐞𝐝 (Double Size)
𝟐. 𝐊𝐢𝐩𝐚𝐬 𝐀𝐧𝐠𝐢𝐧
𝟑. 𝐃𝐢𝐬𝐩𝐞𝐧𝐬𝐞𝐫

𝘗𝘳𝘪𝘤𝘦:
𝐑𝐩.𝟏.𝟎𝟎𝟎.𝟎𝟎𝟎.-/𝐧𝐢𝐠𝐡𝐭 (Weekday & Weekend)
_________________________

UNTUK RESERVASI PENGINAPAN DAN INFO KETERSEDIAAN KAMAR, SERTA INFO DETAIL LAINNYA SILAHKAN HUBUNGI KONTAK YANG TERTERA DI KOLOM KONTAK PROFILE ATAU KUNJUNGI WEBSITE RESMI KAMI: 𝐦𝐢𝐧𝐚𝐧𝐠𝐫𝐮𝐚.𝐜𝐨𝐦

'𝐀𝐉𝐀𝐊 𝐊𝐄𝐂𝐀𝐌𝐔 𝐊𝐇𝐀𝐌 𝐍𝐘𝐀𝐍𝐈𝐊 𝐂𝐄𝐊𝐇𝐈𝐓𝐀 𝐃𝐈 𝐃𝐈𝐉𝐀'

#minangrua #pantaiminangrua #ramahtamahjelajah #lampung #explorelampungselatan #explorelampung #visitlampung #lampunggeh #letsgosomewhere #summer #summertime #summervibes #holiday #holidayseason #goodvibes #beach #beachlife #beachday #beachvibes #travel #travelphotography #vacation",Amenities,,outdoor,outdoor,fastfood restaurant,0.404977,0.067291,0.062232
https://www.instagram.com/p/CJlmHXUjI5N/,561.jpg,1/3/2021 15:12,"Menikmati indahnya alam semesta..
#pantaikunjirkalianda #explorelampungselatan #explorelampung",Attraction,,islet,lagoon,ocean,0.524632,0.25533,0.047866
https://www.instagram.com/p/COpa5t4n_OZ/,562.jpg,5/9/2021 9:28,"-
-
Air terjun way kalam saat ini sedang berbenah diri Demi kenyamanan para pengunjung nya..mulai dari akses jalan yg dulu berbatu menjadi cor betoon kyak tol..membuat post loket 1pintu untk masuk area karena mengingat way kalam sekrng mempunyai 2 air terjun berikut anakkan way kalam .dri pihak Pokdarwis jg membuat jembatan coor beton...jdi dlu jembatan bambu nya sudah tidak ada lagi .jdi skrng untuk nyebrang ke air terjun sudah enak Krn ada jembatan..nah untuk masalh tiket buat pengunjung permotor nya di kenakan 15ribu..gpp ya ...itung2  cara kita suport Pokdarwis untuk kemajuan mengelola wisata berkelanjutan..siap kan stamina krna untk smpai air terjun kita akan menuri anak tangga...beda hal nya dengan anakkan way kalam yg jlnnya bnyk datar...
Yg belum kemari wajib coba yg udah coba yuuk dtng lgi....
. . . .
. . .
. . 
.
🌍Air terjun way kalam.desa way kalam kec penengahan kab Lampung selatan
📷 @kutaheriawan 
. . . .
#Repost - @syah_herwan 
. . .
. .
.
#gengkwaci _explore
#jelajahsumatera 
#wajahlampuung
#wilayahlampung 
#ilovelampung
#pesona_lampungkita 
#lampungeksis 
#lampunggeh
#gerbangsumateraa 
#lampungholiday_ 
#curugmanialampung 
#jejaklampung 
#jejakwisatalampung
#pikniklampung 
#kelampung_geh 
#kelampungaja 
#lampungdong 
#lampungme 
#airterjunwaykalam
#explorelampungselatan",Attraction,,waterfall,creek,rainforest,0.169936,0.168398,0.131067
https://www.instagram.com/p/CNOzgzmAQOI/,563.jpg,4/4/2021 4:53,"Yg mengaudit dan yg diaudit... Disatukan dalam satu kamar, jadi rasa temen main... 🤭 see you ibu @sukmayunani_ 🥰
.
#auditbpkp2021 #pusrilampung #staycationlampung #staycationlampungselatan #explorelampungselatan #explorelampung #kahaibeach #kahaibeachlampung #kahaibeachresort",Attraction,,coast,ocean,islet,0.306466,0.296871,0.086296
https://www.instagram.com/p/CNXZ7p2MDpG/,564.jpg,4/7/2021 13:02,"Sunset
.
.
.
.
.
.
.
.
#sunsets #sunsetpantaiminangrua 
#yoexplore #explorelampungselatan 
#explorewisatalampungselatan 
#pesonapantailampung #lampungindonesia❤️ 
#informasilpg #Amazinglampungselatan",Attraction,,ocean,coast,sky,0.297754,0.214849,0.191996
https://www.instagram.com/p/CJzw3Run81O/,565.jpg,1/9/2021 0:00,"Karena di setiap perjalanan terdapat hikmah dan cerita yang berbeda
#visitindonesia 
#indonesiakeren 
#visitlampung
#visitlampungselatan 
#visitkalianda 
#lestarialamku
#purna1261-1262
#saudaratunaskelapa",Attraction,,army base,racecourse,watering hole,0.383225,0.042617,0.03951
https://www.instagram.com/p/C7cPbnCyJ5n/,566.jpg,5/27/2024 0:00,"Weekend Getaway, naik motor cuma 3 jam dari jakarta sudah dapat experience selengkap ini…\nSebagai Mekhanai lampung Selatan 2006 , I highly recommend to Visit Lampung Selatan .\nYang mau di spill budget, dan objek wisata apa aja yang menarik di lampung selatan bisa comment dibawah !\n#lampung #shortgetaway #touringwisata",Accessibility,,parking lot,highway,amusement park,0.222957,0.091405,0.080525
https://www.instagram.com/p/C7sslk7yE2V/,567.jpg,6/2/2024 0:00,"Tabik pun… 🙏
.
.
.
.
.
#visitlampung #visitlampungselatan #beach #riobythebeach",Amenities,,amphitheater,vegetation,butte,0.122508,0.10399,0.075038
https://www.instagram.com/p/DSeSGqcj5mm/,568.jpg,12/20/2024 0:00,"Make your day sweeter with a scoop of happiness 🍦\nVisit Setigi Sundae at Setigi Heni Lampung!\nBooking and Reservation:\nWhatsapp +62 821 2200 2098\n—\nPantai Setigi Heni\nCanggung, Lampung Selatan\n#SetigiHeni #HarmonyWithNature #BatokKelapaBeachCafe #ShellOfFlavor #HiddenGem #Canggung #LampungSelatan",Amenities,,park,patio,ticket booth,0.199728,0.09393,0.055616
https://www.instagram.com/p/C3ZLjxnvTOc/,569.jpg,2/16/2024 0:00,What a dreamy island to visit! #lampungselatan,Attraction,,mountain path,landfill,excavation,0.310557,0.094751,0.064615
https://www.instagram.com/p/C6x6E29vT2l/,570.jpg,5/10/2024 0:00,"NOT Santorini, but Lampung! 🥰🌟👍🏼
Must visit Pantai Marina. 
.
#lampung #lampungselatan #indonesia #santorini #beach #sumatera @yennyhs",Attraction,,roof garden,patio,zen garden,0.203357,0.087022,0.082935
https://www.instagram.com/p/CaxC8ZKvVfi/,571.jpg,3/6/2022 0:00,"Menunggu yang akan berlalu.
Menanti yang akan pergi
Walaupun cuma sesaat ku nikmati .
Esok pagi akan menyapa kembali  dgn penuh berseri
#lampung
#visitlampungselatan
@explorewisatalampung
@pulaumengkudu
@wisatalampungselatan",Attraction,,islet,coast,lagoon,0.656212,0.06408,0.047603
https://www.instagram.com/p/CfTl7xMBhCY/,572.jpg,6/27/2022 0:00,"Ketukan nada kehidupan yang slalu membangunkan mimpi panjang ku

Pict @nurrhasanah237

📍Pantai Sebalang, Tarahan, Katibung, Lampung Selatan.

Visit 👉 www.ayokelampung.com

#ayokelampung #travel #tour #wisata #holiday #pesonaindonesia #travelphotography #visitindonesia #jalanjalan #wonderfulindonesia #like4like #wisataindonesia #lfl #wisatalampung #lampunggeh #lampung #genpilampung #bandarlampung #lampunginsta #lampungselatan #lampungbarat #lampunghits #lampungtengah #lampungtimur #lampungwisata #lampungkece #lampungyay #lampungeksis #lampungkeren #lampunggham",Attraction,,promenade,harbor,pier,0.162404,0.157551,0.124452
https://www.instagram.com/p/CsJZSDYyFu6/,573.jpg,5/12/2023 0:00,"masjidbsi_bakauheni 
#visitlampung #visitlampungselatan",Amenities,,pavilion,outdoor,arch,0.132649,0.085884,0.084163
https://www.instagram.com/p/Cd8QJO7hF6B/,574.jpg,5/24/2022 0:00,"Yakinlah setiap perbuatan akan kembali ke diri kita sendiri, maka fokuslah untuk berfikir baik, berkata baik, dan berhati baik:)

Pict @rikahdyni

📍Pantai Marina, Kalianda Lampung Selatan

Visit 👉 www.ayokelampung.com

#ayokelampung #travel #tour #wisata #holiday #pesonaindonesia #travelphotography #visitindonesia #jalanjalan #wonderfulindonesia #like4like #wisataindonesia #lfl #wisatalampung #lampunggeh #lampung #genpilampung #bandarlampung #lampunginsta #lampungselatan #lampungbarat #lampunghits #lampungtengah #lampungtimur #lampungwisata #lampungkece #lampungyay #lampungeksis #lampungkeren #lampunggham",Attraction,,lagoon,islet,coast,0.47593,0.24454,0.077518
https://www.instagram.com/p/DFwGI7uyS2r/,575.jpg,2/17/2025 0:00,"Gua Maria Ngison Nando, Kalianda, Lampung Selatan. Lokasinya di pinggir jalan utama, dan cukup luas untuk rombongan bus. Susteran yang juga bisa digunakan untuk retreat.

Must visit kalau sedang di area Lampung 🤗",Amenities,,japanese garden,botanical garden,fishpond,0.336047,0.146743,0.13138
https://www.instagram.com/p/CJTUkW-Mx3l/,576.jpg,12/27/2021 0:00,"Ada rindu mendekam dijiwa
Seperti merindukan senja disudut kota
Ada rindu yang selalu jatuh
Diterik sepi yang lupa berteduh
Semoga hati ini tak kan Rapuh
#pejuangLDR
#rindukamu
#dailyhijabootd#dailyhijabtraveller
#keduwarnakalianda#lampunghits
#lampungeksis#lampunggeh#visitlampung
#visitlampungselatan#lampungselatan
#kelampungyuk#kelampunggeh#keduwarna",Attraction,,beach,ocean,coast,0.662019,0.121039,0.07933
https://www.instagram.com/p/DF5CoH1JSzz/,577.jpg,2/10/2025 0:00,"DEPARTURE INDUSTRY VISIT SMK N 1 NATAR LAMPUNG SELATAN Tahun 2025 bersama Puma Tour 
.
.
.
#pumatour #terbaik #bus #travel #kunjunganindustri #tour",Accessibility,,airplane cabin,discotheque,car interior,0.303697,0.163447,0.162785
https://www.instagram.com/p/DRgsJFhki2X/,578.jpg,11/26/2025 0:00,"⏩(Balam) - Wakil Gubernur Lampung, Jihan Nurlela, meninjau site visit feasibility study pengembangan nilai ekonomi karbon di kawasan Perhutanan Sosial Desa Way Kalam, Kecamatan Penengahan, Lampung Selatan, Selasa (25/11/2025).
.
.
Dalam kunjungan itu, Wagub bersama rombongan dari Otoritas Jasa Keuangan (OJK) dan Dinas Kehutanan Provinsi Lampung menyusuri jalur hutan yang rimbun. Suasana alami dengan pepohonan besar, kicauan burung, dan aliran sungai menambah kesejukan perjalanan.
.
.
Jihan menilai, kawasan perhutanan sosial di Way Kalam memiliki potensi besar untuk dikembangkan, baik dari sisi konservasi lingkungan, penguatan ekonomi masyarakat, maupun nilai ekonomi karbon.
.
.
“Pengembangan potensi perhutanan sosial ini sangat luas, terutama jika berbicara tentang ekonomi karbon. Tapi kita juga perlu merapikan manajemen dari hal-hal kecil agar potensi ini benar-benar bisa dioptimalkan,” ujarnya.
.
.
Selama peninjauan, Wagub berhenti di beberapa titik strategis, termasuk area sumber mata air dan jalur menuju Air Terjun Anakan di Hutan Register Way Kalam. 
.
.
Di sana, ia mendapat penjelasan terkait keberadaan satwa dilindungi serta peran masyarakat desa dalam menjaga kawasan konservasi.
.
.
Wagub Jihan juga mengapresiasi keberadaan Peraturan Desa (Perdes) yang mengatur pengelolaan wisata alam di kawasan tersebut, seperti area camping, jalur trekking, dan dua lokasi air terjun.
.
.
“Sekarang kita berada di dekat sumber mata air. Kalau di bawah itu ada Air Terjun Way Kalam yang besar. Tempat ini cocok sekali untuk aktivitas seperti yoga. Ke depan, mungkin bisa diukur pH airnya agar diketahui kandungan oksigennya, ini bisa jadi nilai tambah untuk promosi wisata,” tambahnya.
.
.
Pemerintah Provinsi Lampung berharap hasil kajian ini dapat memperkuat pengelolaan perhutanan sosial secara berkelanjutan. Selain menjaga kelestarian alam, program ini juga diharapkan mampu meningkatkan kesejahteraan masyarakat sekitar.
.
.
Ikuti update terus via www.beritalampung.id
.
.
#BeritaLampungid #TrendingLampung #Lampungid",Ancillary,,outdoor,botanical garden,japanese garden,0.129332,0.125273,0.121058
https://www.instagram.com/p/CbTzsJgJGB_/,579.jpg,3/20/2022 0:00,"Continue…
Karena sudah malam setelah nengok saudara jadilah makan di nasi uduk toha karena dia buka sampe lewat tengah malam
Nasi uduk toha 3/5
Besok pagi habis papa acara keluarga besar mama di hotel jam 12 kita makan di baso sony dan pempek tenda biru kemudian beli oleh2x…
Baso sony  3/5
Pempek tenda biru 4.25/5

Sambil menunggu kapal fery jam 18:45
Kita ke @aranglampung dari bandar lampung 1,5jam via tol tetapi jika sudah masuk jalanan desa jlananya aga berlubang, klo sudah masuk kawasan wisatanya jalanya berbatu…

Tiket masuk dewasa 3 orang (anak anak dibawah 5thn free) total 150k 
Tetapi sudah termasuk mobil HLUX antar jemput pantai dan free voucher makan @100k total voucher 300k ( makananya bisa di bilang overpriced) menu makanan yg dipesan :
Sirloin meltic,french fries 300gr, beef slice 250gr, nasi goreng ayam,lecy tea, kelapa batok 2, free sauce/bumbu grill dan alat bakar+arang…total mkan sktr 400an tetapi krn tiket masuk sdh termasuk voucher makan maka kami membayar sisanya 130k
Total makan, tiket masuk dan sewa hilux ke pantai = 150k+130k=280k worth it sh karena pantai bersih bisa renang ada tempat untuk rebahan free, adem tetapi hati hati krn ombaknya lumayan tinggi..

Tips bawa anak : 
1. Download video yutub di hp/tab anak
2. Bawa cemilan, susu, dll
3. Bawa buku favorit anak
4. Bed cover dan bantal buat rebahan
5. Bawa vitamin anak

Sayang banget mendadak tidak prepare apapun next insyAllah explore pantai lampung lagi pantainya bagus pake kamera hp udah bagus, dari arang beach ke pelabuhan 1.5jam lumayan liburan tipis2 btw kita di sini cuma 2jam krn cuma nunggu jadwal kapal fery..jgn lupa reservasi dulu nomornya ada di ig @aranglampung 

#arangbeach #visitlampungselatan #familytime #masyaallahtabarakallah #33weekspregnant",Attraction ,,beach,coast,ocean,0.174109,0.170648,0.11173
https://www.instagram.com/p/CQFKodfMFpw/,580.jpg,6/14/2021 0:00,""" Kau tunduk kepada alam selama belum melihat Penciptanya. Jika kau telah menyaksikan-Nya maka alam akan tunduk kepadamu."" 

 ~  Ibnu Athaillah ~

Running and Swimming Time 

#running 
#swimming 
#runforhumanity 
#runforibadah 
#justicerunners 
#bugarsepanjangusia 
#keepstrong 
#staystrong 
#visitlampung 
#visitlampungselatan 
#silahturahmi
#ayolebihbaik",Attraction ,,lagoon,beach,islet,0.851384,0.046924,0.040111
https://www.instagram.com/p/CVO8oMMJw9B/,581.jpg,10/20/2021 0:00,".
Pantai Marina Lampung Selatan 🌊

📸Repost @riinaa23_ 

Salam Generasi Pesona Indonesia
Lapah Gham Jamo-Jamo Ngelestareiken Bumi Lampung

Visit www.genpilampung.com

@jokowi @kemensetneg.ri 
@sandiuno @kemenparekraf.ri 
@dwita_ria @ellanuryamah 
@dr.muhammad.kadafi.sh.mh @dpr_ri
@ustadzabdulhakim @jihanchalim
@bustami_zainudin32 @dpdri
@arinal_djunaidi @pemprov.lampung
@mbak_nunik @pemprovlampung_
@rianasariarinal @pkk_provinsi_lampung
@edarwan1962 @pariwisata_lampung
@vera_moz76 @ekraf.lampun @lyanda_melly
@elhannidjafar @heliana.dewi @perindaglampung
@ellywahyuni.s @ade_ui @vittorio_dwison @lestyputriii @wahrulfauzisilalahi @agiriakbar @dprdlampung 
@dharmasetyawan.com_ @payungiuniversity
@mustika_edi23 @ayokelampung.com_ @lampung.media
@mbakjhe @genpiindonesia @wonderful.indonesiaku
@abdulrohmanwahidone @genpi_lampung @infogeh

#genpi #genpilampung #genpilampung2021 #generasipesonaindonesia #pesonaindonesia #wonderfulindonesia #salamgenpigasgasgas #AyokeLampung #kelampungkeren #dilampungaja #diindonesiaaja #lampung #bandarlampung #kotametro #lampungbarat #lampungutara #lampungtimur #lampungtengah #lampungselatan #tanggamus #pringsewu #pesawaran #pesisirbarat #mesuji #waykanan #tulangbawang #tulangbawangbarat #love #lampungberjaya #pesonalampung",Attraction ,,lagoon,swimming hole,coast,0.353281,0.329022,0.073606
https://www.instagram.com/p/DRHkCFOk0bf/,582.jpg,11/16/2025 0:00,"What a majestic place to visit 🥹✨
📍Anak Gunung Krakatau, Selat Sunda, Lampung
Selatan

Saksi bisu letusan dahsyat yang pernah mengguncang dunia pada tahun 1883. Semoga tidurmu masih panjang ya anak baik..
Note: Kesana harus sama guide atau ikut Open Trip ya!

Jun ‘25",Attraction ,,islet,volcano,coast,0.214638,0.147617,0.130047
https://www.instagram.com/p/DEBi4CYzoFz/,583.jpg,12/26/2024 0:00,"
drh_m.munawaroh
 
70w
I am and @farooqehtishamahmad  at @suak.sumatera  visit at PT Juang Jaya Abdi Alam Lampung Selatan..26.12.24",Attraction ,,beach,lagoon,coast,0.455186,0.071992,0.055774
https://www.instagram.com/p/CdPlX_Pv2uQ/,584.jpg,5/7/2022 0:00,"The sunset sky speaks of a thousand of colors 

📍 one of the tours that you can visit in the Lampung Province “Arang Lampung” 

📸 @beryds 

#swissbelhotel 
#swissbelhotellampung 
#tourism 
#beachvibes 
#lampungselatan 
#aranglampung",Attraction ,,hayfield,farm,golf course,0.13815,0.134158,0.100361
https://www.instagram.com/p/DBfqu9xvpXV/,585.jpg,10/21/2024 0:00,"Holla! We are now serving grilled fresh seafood. 
Visit us at our booth “Setigi BBQ” 🦐🦑🐟

Booking and Reservation:
Whatsapp +62 821 2200 2098

—
Pantai Setigi Heni
Canggung, Lampung Selatan

#SetigiHeni #HarmonyWithNature #BatokKelapaBeachCafe #ShellOfFlavor #HiddenGem #Canggung #LampungSelatan",Amenities,,railroad track,outdoor,viaduct,0.199613,0.07667,0.053314
https://www.instagram.com/p/CJ5k_foAHit/,586.jpg,1/11/2021 0:00,"visit lampung yuuk , ada yg tau ga aku lagi piknik dimanaa ??! g kalah cantik kan sama pemandangan gunung fuji hheee 😀 , aku kemaren piknik dan berenang di laut kalianda lampung selatan, tepatnya di @elty_krakatoa , lautnya jernih bgt dan ombaknya relatif tenang kalian bs berenang, bs main floatis juga disana sambil nikmatin indahnya gunung rajabasa 😍, liburan dan tetap patuhi protokol kesehatan ya  #grandeltykrakatoa #pariwisatalampung #pantaikalianda",Attraction,,park,picnic area,lawn,0.344002,0.307566,0.148113
https://www.instagram.com/p/DSC6JTJDRBL/,587.jpg,12/9/2025 0:00,"Wagub Lampung Tinjau Potensi Ekonomi Karbon Way Kalam

LAMSEL- Wakil Gubernur Lampung Jihan Nurlela mengunjungi Studi Kelayakan Kunjungan Lapangan (Site Visit Feasibility Study) Pengembangan Nilai Ekonomi Karbon di kawasan Perhutanan Sosial Desa Way Kalam, Kecamatan Penengahan, Lampung Selatan, Selasa (25/11/2025). Kunjungan dilakukan dengan menyusuri jalur hutan yang rimbun. Wagub didampingi tim dari OJK dan Dinas Kehutanan Provinsi Lampung. Rombongan disambut suasana alami yang sejuk, dengan pepohonan besar, suara satwa, dan aliran sungai....

https://inspiratif.co.id/wagub-lampung-tinjau-potensi-ekonomi-karbon-way-kalam/",Attraction,,rainforest,waterfall,creek,0.460634,0.199453,0.094165
https://www.instagram.com/p/C7qw29KSL7x/,588.jpg,6/1/2024 0:00,"Lanjutan video sebelumnya, karena banyak yang tanya di platform sebelah ? Klo menurut kalian apakah termasuk traveling low budget ? 
.
.
.
.
@kedasresort_hotel @minangruaofficial @minangrua_undersea 

#visitlampungselatan #beachvibes #watersport #riding #overland #roadtrip #healing #budgetfriendly #budgettravel #komunitasmotor #gasajadulubarucurhat",Attraction,,pier,harbor,ocean,0.27419,0.160925,0.100182
https://www.instagram.com/p/CTzR2qKhtad/,589.jpg,9/14/2021 0:00,"📍Bukit Pematang Sunrise, Bakauheni Lampung Selatan. 

📸 @putrikintann

 Visit 👉 www.ayokelampung.com

@jokowi @kemensetneg.ri  @sandiuno @kemenparekraf.ri  @arinal_djunaidi @mbak_nunik @edarwan1962
@pariwisata_lampung @ekraf.lampung @rianasariarinal @ardito_wijaya @dharmasetyawan.com_ @payungiuniversity  @genpiindonesia @genpi_lampung 
.
#ayokelampung #travel #tour #wisata #holiday #pesonaindonesia #travelphotography #visitindonesia #jalanjalan #wonderfulindonesia #like4like #wisataindonesia #lfl #wisatalampung #lampunggeh #lampung #genpilampung #bandarlampung #lampunginsta #lampungselatan #lampungbarat #lampunghits #lampungtengah #lampungtimur #lampungwisata #lampungkece #lampungyay #lampungeksis #lampungkeren #lampunggham",Attraction,,lagoon,picnic area,islet,0.274451,0.161196,0.160614
https://www.instagram.com/p/CTylCr-hlmo/,590.jpg,9/14/2021 0:00,"Waktu dimana sebelum semuanya berubah :)

📍 Pantai Marina, Kalianda, Lampung Selatan
Visit 👉 www.ayokelampung.com

Repost from : @gadisfrh_19

@jokowi @kemensetneg.ri  @sandiuno @kemenparekraf.ri  @arinal_djunaidi @mbak_nunik @edarwan1962
@pariwisata_lampung @ekraf.lampung @rianasariarinal @ardito_wijaya @dharmasetyawan.com_ @payungiuniversity  @genpiindonesia @genpi_lampung 
.
#ayokelampung #travel #tour #wisata #holiday #pesonaindonesia #travelphotography #visitindonesia #jalanjalan #wonderfulindonesia #like4like #wisataindonesia #lfl #wisatalampung #lampunggeh #lampung #genpilampung #bandarlampung #lampunginsta #lampungselatan #lampungbarat #lampunghits #lampungtengah #lampungtimur #lampungwisata #lampungkece #lampungyay #lampungeksis #lampungkeren #lampunggham",Attraction,,coast,ocean,beach,0.203753,0.1747,0.139534
https://www.instagram.com/p/CROq7ApgR0H/,591.jpg,7/12/2021 0:00,"Apa pun situasi nya kalau mau holiday mh lanjut....
:
📌 Umang Umang island
  Pulau Sebesi Lampung
  Selatan
🔭🏝️🏝️🏝️🏝️
#lampungselatanindonesia #holiday #trevelerindonesia #treveling #ilovelampung #iloveindonesia #jelajahlampung #visitlampung #visitlampungselatan #wonderfullindonesia #wonderfullampung",Attraction,,lagoon,beach,islet,0.69082,0.125695,0.068538
https://www.instagram.com/p/CeS7OGZBz0P/,592.jpg,6/2/2022 0:00,"Kapan terakhir kalian mantai🤔

Pict @awan_1810

📍Pantai Mbeach, Kalianda, Lampung Selatan.

Visit 👉 www.ayokelampung.com

#ayokelampung #travel #tour #wisata #holiday #pesonaindonesia #travelphotography #visitindonesia #jalanjalan #wonderfulindonesia #like4like #wisataindonesia #lfl #wisatalampung #lampunggeh #lampung #genpilampung #bandarlampung #lampunginsta #lampungselatan #lampungbarat #lampunghits #lampungtengah #lampungtimur #lampungwisata #lampungkece #lampungyay #lampungeksis #lampungkeren #lampunggham",Attraction,,promenade,beach,coast,0.473541,0.323491,0.056647
https://www.instagram.com/p/Cd05JLvBFUC/,593.jpg,5/21/2022 0:00,"Selamat pagi🙌

Pict @odi_mudirul

📍Spot Green Canyon, Pantai Minang Rua,  Lampung Selatan

Visit 👉 www.ayokelampung.com

#ayokelampung #travel #tour #wisata #holiday #pesonaindonesia #travelphotography #visitindonesia #jalanjalan #wonderfulindonesia #like4like #wisataindonesia #lfl #wisatalampung #lampunggeh #lampung #genpilampung #bandarlampung #lampunginsta #lampungselatan #lampungbarat #lampunghits #lampungtengah #lampungtimur #lampungwisata #lampungkece #lampungyay #lampungeksis #lampungkeren #lampunggham",Attraction,,swimming hole,rope bridge,rainforest,0.204704,0.196897,0.139025
https://www.instagram.com/p/CVu9LrVJC7v/,594.jpg,11/1/2021 0:00,".
📍bukit Pematang sunrise,Bakauheni,Lampung Selatan

Reposted from @hallooo.lilis_ Draf..

Salam Generasi Pesona Indonesia
Lapah Gham Jamo-Jamo Ngelestareiken Bumi Lampung

Visit www.genpilampung.com

@jokowi @kemensetneg.ri 
@sandiuno @kemenparekraf.ri 
@dwita_ria @ellanuryamah @dpr_ri
@ustadzabdulhakim @jihanchalim @dpdri
@arinal_djunaidi @pemprov.lampung
@mbak_nunik @pemprovlampung_
@rianasariarinal @pkk_provinsi_lampung
@edarwan1962 @ulidarebeca_ @pariwisata_lampung
@vera_moz76 @ekraf.lampun @lyanda_melly
@elhannidjafar @heliana.dewi @perindaglampung
@ellywahyuni.s @ade_ui @vittorio_dwison @lestyputriii @wahrulfauzisilalahi @garinca.reza.pahlevi
@agiriakbar @mirzano @dprdlampung 
@dharmasetyawan.com_ @payungiuniversity
@mustika_edi23 @ayokelampung.com_ @lampung.media
@mbakjhe @genpiindonesia @wonderful.indonesiaku
@abdulrohmanwahidone @genpi_lampung @infogeh
@akhyarmusthafa @myls.kotametro @payungikampungbahasa

#genpi #genpilampung #genpilampung2021 #generasipesonaindonesia #pesonaindonesia #wonderfulindonesia #salamgenpigasgasgas #AyokeLampung #kelampungkeren #dilampungaja #diindonesiaaja #lampung #bandarlampung #kotametro #lampungbarat #lampungutara #lampungtimur #lampungtengah #lampungselatan #tanggamus #pringsewu #pesawaran #pesisirbarat #mesuji #waykanan #tulangbawang #tulangbawangbarat #lampungberjaya #pesonalampung #myls.kotametro",Attraction,,picnic area,islet,lagoon,0.284952,0.10737,0.078581
https://www.instagram.com/p/ChZ58T_P0NU/,595.jpg,8/18/2022 0:00,"Masyaallah tabarakallah 🤍
Allhamdulillah pacaran setelah halal lebih indah 
#coplegoals #halalcople #taarufnikah #muslimah #islam #coplemuslim #travelers #astetic  #visitindonesia #visitlampung #visitlampungselatan #alexanderchristie #hijabchic #adidassneakers #cordydailyinspiration #ondaindonesia",Attraction,,ocean,coast,beach,0.268358,0.208695,0.129516
https://www.instagram.com/p/CV7DzM1hNkg/,596.jpg,11/6/2021 0:00,"Memandangmu saja tak cukup apa lagi mengagumimu🌊
.
📍 Pantai Kedu Kalianda Lampung Selatan
.
Reposted from @rimachasanah25

Visit 👉 www.ayokelampung.com

@jokowi @kemensetneg.ri  @sandiuno @kemenparekraf.ri  @arinal_djunaidi @mbak_nunik @edarwan1962
@pariwisata_lampung @ekraf.lampung @rianasariarinal @ardito_wijaya @dharmasetyawan.com_ @payungiuniversity  @genpiindonesia @genpi_lampung 
.
#ayokelampung #travel #tour #wisata #holiday #pesonaindonesia #travelphotography #visitindonesia #jalanjalan #wonderfulindonesia #like4like #wisataindonesia #lfl #wisatalampung #lampunggeh #lampung #genpilampung #bandarlampung #lampunginsta #lampungselatan #lampungbarat #lampunghits #lampungtengah #lampungtimur #lampungwisata #lampungkece #lampungyay #lampungeksis #lampungkeren #lampunggham",Attraction,,beach,ocean,coast,0.329366,0.268252,0.155339
https://www.instagram.com/p/DQLK2Q9Eovi/,597.jpg,10/24/2025 0:00,"Pantai Marina, Pantai cantik di Lampung Selatan yang hanya berjarak 50km dari pusat kota Bandar Lampung. 
Meski tidak dapat berenang tapi pantai ini terkenal memilki berbagai spot foto estetik dan keindahan alam.
HTM : 30K/person
Bakalan masuk ke bucket list places to visit kamu ga nih?

Sets @noaeveryday 

#shintatraveldiaries #wheninlampung #travelwithnoa #iwearnoaeveryday #placetogo #pantaimarina #pantaimarinalampung",Attraction,,lagoon,beach,islet,0.446577,0.118368,0.096406
https://www.instagram.com/p/DVxHGe4E4aX/,598.jpg,3/12/2026 0:00,"
disparbud_lampungselatan
 
7w
Meninjau Potensi Wisata Way Tebing Ceppa

Kunjungan ke destinasi wisata Way Tebing Ceppa bersama Kepala Dinas Pariwisata dan Kebudayaan Kabupaten Lampung Selatan Dr. I Nyoman Setiawan, S.E., M.M., didampingi oleh Camat Penengahan, Sekretaris Dinas Pariwisata dan Kebudayaan, serta Kepala Bidang Kebudayaan.

Kegiatan ini dilakukan sebagai bagian dari upaya melihat langsung potensi wisata alam yang dimiliki daerah, sekaligus mendorong pengembangan dan pengelolaan destinasi agar dapat menjadi daya tarik wisata yang semakin dikenal luas serta memberikan manfaat bagi masyarakat sekitar.

Semoga keindahan alam Way Tebing Ceppa dapat terus dijaga dan dikembangkan sebagai salah satu destinasi wisata unggulan di Kabupaten Lampung Selatan. 🌿✨

#PariwisataLampungSelatan #WayTebingCeppa #PesonaLampungSelatan #VisitLampungSelatan",Attraction,,lagoon,islet,natural,0.242212,0.093578,0.066591
https://www.instagram.com/p/DRjuVZggsOw/,599.jpg,11/27/2025 0:00,"Wagub Lampung Tinjau Way Kalam: Ekonomi Karbon & Wisata Alam Jadi Prioritas!

Wakil Gubernur Lampung, Jihan Nurlela, melakukan site visit Perhutanan Sosial Way Kalam, Lampung Selatan, untuk mengkaji potensi ekonomi karbon, konservasi lingkungan, dan pengembangan wisata kesehatan. Ia mengapresiasi Perdes manajemen wisata masyarakat yang mengatur trekking, camping, dan pengelolaan air terjun secara mandiri.

#WayKalam #PerhutananSosial #EkonomiKarbon #WisataAlam #LampungLestari #WellnessTourism #KonservasiHutan #WagubLampung #PemberdayaanMasyarakat #LingkunganHijau",Amenities,,beer garden,picnic area,restaurant patio,0.917309,0.027616,0.015237
https://www.instagram.com/p/DRZf0jHE5ne/,600.jpg,11/23/2025 0:00,"singkat, padat, berangkat 🤙🏻

#pulauumangumang #pulauumang #pulausebesi 

Pulau Umang Umang | Pulau Sebesi | Explore Lampung | Visit Lampung Selatan |",Attraction,,lagoon,islet,harbor,0.535467,0.122238,0.025705
https://www.instagram.com/p/DVXsDsBgph4/,601.jpg,3/2/2026 0:00,"Nikmati pengalaman menginap dengan panorama laut yang menenangkan di Benteng On The Beach, Kalianda – Lampung Selatan 🌊✨

Suasana nyaman, angin sepoi-sepoi, dan pemandangan pantai yang memukau siap menyambut momen liburan Anda bersama keluarga maupun sahabat. Tempat yang tepat untuk melepas penat dan menikmati keindahan pesisir Kalianda.

Reservasi sekarang juga 📞 0821-6421-9212
Yuk, rasakan sensasi menginap tepat di tepi pantai! 🌅🏖️

#BentengOnTheBeach #PariwisataKalianda #WisataLampungSelatan #VisitLampungSelatan",Amenities,,chalet,shed,motel,0.259815,0.065692,0.064199
https://www.instagram.com/p/CTWe3xAvNP3/,602.jpg,9/3/2021 0:00,"Sering ngantuk di jam-jam penting?sering melewatkan kesempatan besar karena ketiduran? Cobain ni coffee V60 ala D'sas yang siap buat kamu melek seharian.

Yuk,ajak keluarga,teman dan juga pasangan kamu ngopi bareng di Cafe kami😍

#dsascafeandresto #kopienak #coffeehot #indonesiafood #kulinerlampungenak2 #kopilampung #kaliandaig #lampungkeren #lampungselatan #lfl❤️ #followforfollowback ",Amenities,,science museum,beer garden,physics laboratory,0.120787,0.116868,0.104194
https://www.instagram.com/p/C29VVW4qoka/,603.jpg,2/5/2024 0:00,"Berkunjung ke Lampung, tentu tidak boleh melewatkan pergi ke Bakauheni Harbour City. Selain menyajikan pemandangan sekitar bakauheni yang menawan. Wisatawan dapat berkunjung ke objek wisata menarik yang ada di lokasi. Yuk lihat infonya di http://tinyurl.com/jnkd33xh
#travelspromo #bakauheniharbourcity #wisatalampungselatan #wisatalampung #tamanrekreasi #tamanrekreasilampungselatan #tamanrekreasilampung #informasiwisata #infowisata #infowisatalampungselatan #infowisatalampung #hargatiket #tiketmasuk #tiketmasukbakauheniharbourcity #visitlampungselatan #explorelampungselatan",Attraction,,amphitheater,outdoor,palace,0.404458,0.140654,0.093561
https://www.instagram.com/p/CUtos5_pYtZ/,604.jpg,10/7/2021 0:00,"Laut nya di bungkus bolee ga sii?🙏

📍Lokasi Pantai Marina Kalianda Lampung Selatan
📸Repost @sfrausss 

Salam Generasi Pesona Indonesia
Lapah Gham Jamo-Jamo Ngelestareiken Bumi Lampung

Visit www.genpilampung.com

@jokowi @kemensetneg.ri 
@sandiuno @kemenparekraf.ri 
@dwita_ria @ellanuryamah @dpr_ri
@ustadzabdulhakim @jihanchalim @dpdri
@arinal_djunaidi @pemprov.lampung
@mbak_nunik @pemprovlampung_
@rianasariarinal @pkk_provinsi_lampung
@edarwan1962 @pariwisata_lampung
@vera_moz76 @ekraf.lampun @lyanda_melly
@elhannidjafar @heliana.dewi @perindaglampung
@ellywahyuni.s @ade_ui @vittorio_dwison @lestyputriii @wahrulfauzisilalahi @agiriakbar @dprdlampung 
@dharmasetyawan.com_ @payungiuniversity
@mustika_edi23 @ayokelampung.com_ @lampung.media
@mbakjhe @genpiindonesia @wonderful.indonesiaku
@abdulrohmanwahidone @genpi_lampung @infogeh

#genpi #genpilampung #genpilampung2021 #generasipesonaindonesia #pesonaindonesia #wonderfulindonesia #salamgenpigasgasgas #AyokeLampung #kelampungkeren #dilampungaja #diindonesiaaja #lampung #bandarlampung #kotametro #lampungbarat #lampungutara #lampungtimur #lampungtengah #lampungselatan #tanggamus #pringsewu #pesawaran #pesisirbarat #mesuji #waykanan #tulangbawang #tulangbawangbarat #love #lampungberjaya",Attraction,,beach,lagoon,coast,0.422676,0.23124,0.138081
https://www.instagram.com/p/CUedKibBtW8/,605.jpg,10/1/2021 0:00,"📍Desa Taman Baru, Kecamatan penengahan, kabupaten Lampung Selatan

Repost From : @hallooo.lilis_ o.is

Visit 👉 www.ayokelampung.com

@jokowi @kemensetneg.ri  @sandiuno @kemenparekraf.ri  @arinal_djunaidi @mbak_nunik @edarwan1962
@pariwisata_lampung @ekraf.lampung @rianasariarinal @ardito_wijaya @dharmasetyawan.com_ @payungiuniversity  @genpiindonesia @genpi_lampung 
.
#ayokelampung #travel #tour #wisata #holiday #pesonaindonesia #travelphotography #visitindonesia #jalanjalan #wonderfulindonesia #like4like #wisataindonesia #lfl #wisatalampung #lampunggeh #lampung #genpilampung #bandarlampung #lampunginsta #lampungselatan #lampungbarat #lampunghits #lampungtengah #lampungtimur #lampungwisata #lampungkece #lampungyay #lampungeksis #lampungkeren #lampunggham",Attraction,,rainforest,swimming hole,river,0.343163,0.270335,0.033237
https://www.instagram.com/p/CiBo3puhKPs/,606.jpg,9/3/2022 0:00,"EduFun bersama Paud Mandiri Desa Hargo Pancuran, Rajabasa, Lamsel

Belajar sambil bermain untuk pengembangan saraf motorik anak. Seru dan asyik sekali 😊

Yuk ke @inkragarden_lampung 
Buka : setiap hari

#paud#anakbermain#berenang#wisata#edufunwithkids#kidsentertaining#swimmingpool#latepost#visitlampung#visitrajabasa#visitlampungselatan#dikbudlampung#dikbudlampungselatan#happy#pariwisatalamsel#happyfamily#happylearning",Attraction,,water park,outdoor,amusement park,0.831834,0.133481,0.022033
https://www.instagram.com/p/CeC8oG8hZSh/,607.jpg,5/27/2022 0:00,"Beach 🏝️

Pict @exmeda

📍Pantai Sebalang, Tarahan, Kec. Katibung, Kabupaten Lampung Selatan, Lampung.

Visit 👉 www.ayokelampung.com

#ayokelampung #travel #tour #wisata #holiday #pesonaindonesia #travelphotography #visitindonesia #jalanjalan #wonderfulindonesia #like4like #wisataindonesia #lfl #wisatalampung #lampunggeh #lampung #genpilampung #bandarlampung #lampunginsta #lampungselatan #lampungbarat #lampunghits #lampungtengah #lampungtimur #lampungwisata #lampungkece #lampungyay #lampungeksis #lampungkeren #lampunggham",Attraction,,beach,lagoon,coast,0.317417,0.212726,0.111011
https://www.instagram.com/p/CNXXn5pgMLL/,608.jpg,4/7/2021 0:00,"Jak iyay @dentaabung 
📍Grand Elty Kalianda Resort - Kalianda - Lampung Selatan.

•
•
➡➡➡➡➡➡➡➡➡➡➡➡➡➡➡➡➡➡➡➡➡
•
•
.
.
Jika ingin Hits atu dan iyay segalow
.
Follow akun @lampungsegalow
.
Tag photo terbaik atu iyay @lampungsegalow
.
Jangan lupa hastag nya #lampungsegalow 
.
.
Info Kerja Sama, Hunting Mimin..
WA : 08111870069 
DM Instagram @lampungsegalow
.
.
Mohon maaf jika mimin ada salah, kepada Tuhan Yg Maha Esa mimin mohon ampun..
Salam Sayang Segalow 🤗
.
.
.
.
.
.
.
.
.
.
.
.
.
#bandarlampung#metrolampung#lampungselatan#pesawaran#pringsewu#tanggamus#pesisirbarat#lampungbarat#waykanan#lampungtimur#lampungtengah#lampungutara#tulangbawangbarat#tulangbawang#mesuji#lfl#fff#jj#igers#love#viral#vscogood#travelrack#liveofadventure#indonesiantraveler#explore#visit",Attraction,,natural,river,pier,0.301362,0.156456,0.087225
https://www.instagram.com/p/CZY6Zr_Pso8/,609.jpg,1/31/2022 0:00,"Jika engkau ingin berbahagia, janganlah kau bandingkan kelemahanmu dengan kekuatan orang lain.
.
Yuk mabar
. 
.
.
.
.
.
.
.
.
.
.
.
.
.
.
.
.
.
#motivasiilmu #katabijak #TravelerDadakan #indonesia #lampung #lampungselatan #laut #pantai #pantaikedu #kalianda #awan #sunset #repost #repostindonesian #pesonaindonesia #jelajahindonesia #jelajahlampungselatan #jelajahsumatera #jelajahlampung #visitindonesia #visitlamsel #visitlampung #visitlampungselatan #trip #indonesia #likeforlikes #like4likes #likeforfollow #jalanjalan #travelling",Attraction,,campsite,volcano,boat deck,0.686247,0.063843,0.02608
https://www.instagram.com/p/CTzgLLEp3Rd/,610.jpg,9/14/2021 0:00,"Nothing to lose ☁️

📍Lokasi Pantai Tepak Kera Kabupaten Lampung Selatan
📸Repost @allyaps 

Salam Generasi Pesona Indonesia
Lapah Gham Jamo-Jamo Ngelestareiken Bumi Lampung

Visit www.genpilampung.com

@jokowi @kemensetneg.ri 
@sandiuno @kemenparekraf.ri 
@arinal_djunaidi @mbak_nunik 
@rianasariarinal @pkk_provinsi_lampung
@edarwan1962 @pariwisata_lampung
@vera_moz76 @ekraf.lampun @perindaglampung
@ade_ui @wahrulfauzisilalahi @dprdlampung 
@dharmasetyawan.com_ @payungiuniversity
@infogeh @ayokelampung.com_ @lampung.media
@mbakjhe @genpiindonesia @wonderful.indonesiaku
@abdulrohmanwahidone @genpi_lampung
@selampung @pahawang_island_lampung

#genpi #genpilampung #genpilampung2021 #generasipesonaindonesia #pesonaindonesia #wonderfulindonesia #salamgenpigasgasgas #AyokeLampung #kelampungkeren #dilampungaja #diindonesiaaja #lampung #bandarlampung #kotametro #lampungbarat #lampungutara #lampungtimur #lampungtengah #lampungselatan #tanggamus #pringsewu #pesawaran #pesisirbarat #mesuji #waykanan #tulangbawang #tulangbawangbarat #love #pahawangisland #holiday",Attraction,,islet,lagoon,rope bridge,0.409748,0.178182,0.118329
https://www.instagram.com/p/CUmxTUKhSk7/,611.jpg,10/4/2021 0:00,"Luangkan waktu untuk membuat jiwamu bahagia✨

📍Pantai Semungkuk Kalianda Lampung Selatan

Visit 👉 www.ayokelampung.com

@jokowi @kemensetneg.ri  @sandiuno @kemenparekraf.ri  @arinal_djunaidi @mbak_nunik @edarwan1962
@pariwisata_lampung @ekraf.lampung @rianasariarinal @ardito_wijaya @dharmasetyawan.com_ @payungiuniversity  @genpiindonesia @genpi_lampung 
.
#ayokelampung #travel #tour #wisata #holiday #pesonaindonesia #travelphotography #visitindonesia #jalanjalan #wonderfulindonesia #like4like #wisataindonesia  #wisatalampung #lampunggeh #lampung #genpilampung #bandarlampung #lampunginsta #lampungselatan #lampungbarat #lampunghits #lampungtengah #lampungtimur #lampungwisata #lampungkece #lampungyay #lampungeksis #lampungkeren #lampunggham",Attraction,,cliff,coast,ocean,0.279218,0.253033,0.126589
https://www.instagram.com/p/CZjhBDKPc8k/,612.jpg,2/4/2022 0:00,"Terkadang kamu tersenyum, bukan karena ada hal yang menyenangkan hatimu, tapi karena kamu tahu bersedih takkan selesaikan masalah
.
.
.
.
.
.
.
.
.
.
.
.
.
.
.
.
.
.
.
#motivasiilmu #katabijak #TravelerDadakan #indonesia #lampung #lampungselatan #laut #pantai #pantaikedu #kalianda #awan #sunset #repost #repostindonesian #pesonaindonesia #jelajahindonesia #jelajahlampungselatan #jelajahsumatera #jelajahlampung #visitindonesia #visitlamsel #visitlampung #visitlampungselatan #trip #indonesia #likeforlikes #like4likes #likeforfollow #jalanjalan #travelling",Attraction,,art gallery,ice shelf,hot spring,0.166507,0.095207,0.065922
https://www.instagram.com/p/C9UK1caydDP/,613.jpg,7/12/2024 0:00,"Keduwarna beach, kalianda, lampung selatan, Lampung, Indonesia 🇮🇩.. 
Please visit here. 

#wisatalampung #lampung #capcut #indonesiabeach #keindahanalam #adventure #petualang #hijrahku #keduwarna #fyp #alamindonesia #kalianda #pantai #indonesia",Attraction,,beach,promenade,coast,0.5243,0.109224,0.100397
https://www.instagram.com/p/CU9ZHQ8Byaj/,614.jpg,10/13/2021 0:00,"📍Pantai sebalang, Lampung
Repostd from @aisah_embun

Visit 👉 www.ayokelampung.com

@jokowi @kemensetneg.ri  @sandiuno @kemenparekraf.ri  @arinal_djunaidi @mbak_nunik @edarwan1962
@pariwisata_lampung @ekraf.lampung @rianasariarinal @ardito_wijaya @dharmasetyawan.com_ @payungiuniversity  @genpiindonesia @genpi_lampung 
.
#ayokelampung #travel #tour #wisata #holiday #pesonaindonesia #travelphotography #visitindonesia #jalanjalan #wonderfulindonesia #like4like #wisataindonesia #lfl #wisatalampung #lampunggeh #lampung #genpilampung #bandarlampung #lampunginsta #lampungselatan #lampungbarat #lampunghits #lampungtengah #lampungtimur #lampungwisata #lampungkece #lampungyay #lampungeksis #lampungkeren #lampunggham",Attraction,,islet,coast,ocean,0.214766,0.183239,0.15841
https://www.instagram.com/p/CRneZ6dgwV4/,615.jpg,7/22/2021 0:00,"Preparation Dive 
--------------
📍 Laut Canti - Kalianda, Lampung Selatan
📸 @sandidwipranata_
.
.
Always dive safely and keep the ocean clean during your visit
.
.
.
.
.
#INDOUNDERWATER #INDONESIAUNDERWATER #goprohero5  #divepics #underwater_world #underwaterlicious #uwphoto #reeflife #marinelife #underwaterphoto #underwaterpics #salvimar #uwphotography #underwaterphotography #diving #scubadiving #underwaterworld #sealife #freediving #cressi #ocean #uwphoto #sea #ocean #divingindonesia #savesharks #photography #coralreef #photographer  #scubadive #coral #nature",Attraction,,ice floe,raft,islet,0.191009,0.189148,0.152521
https://www.instagram.com/p/CTgvJMCFv9Z/,616.jpg,9/7/2021 0:00,"Mengkudu Island is one of the interesting and unique destinations in South Lampung. Its uniqueness and beauty is an attraction that you deserve to visit and enjoy. Invite your family or friends with you.
___
___
📍. Pulau Mengkudu, Totoharjo, Kalianda, Lampung Selatan.

#herijunna #lampung #island #kalianda #explore #travel #indozone #explorelampung #exploreindonesia #beach #instadaily #lampunghits
#lampunginsta #mengkuduisland #pulaumengkudu #lampungable ",Attraction,,swimming hole,lagoon,natural,0.255024,0.185726,0.077323
https://www.instagram.com/p/CTzS6azPf1O/,617.jpg,9/14/2021 0:00,"Satu persatu sesal kini jadi Syukur yang patah tumbuh dan yang hilang pun akan berganti dan perlahan membawaku pada rasa candu 🌿
.
📍 Pantai Semukuk Kalianda Lampung Selatan
.
Cek Google MAPS ya 😊
Reposted from @rimachasanah25

Visit 👉 Facebook PANTAI SEMUKUK INDAH

@jokowi @kemensetneg.ri  @sandiuno @kemenparekraf.ri  @arinal_djunaidi @mbak_nunik @edarwan1962
@pariwisata_lampung @ekraf.lampung @rianasariarinal @ardito_wijaya @dharmasetyawan.com_ @payungiuniversity  @genpiindonesia @genpi_lampung 
.
#ayokelampung #travel #tour #wisata #holiday #pesonaindonesia #travelphotography #visitindonesia #jalanjalan #wonderfulindonesia #like4like #wisataindonesia #lfl #wisatalampung #lampunggeh #lampung #genpilampung #bandarlampung #lampunginsta #lampungselatan #lampungbarat #lampunghits #lampungtengah #lampungtimur #lampungwisataku #lampungyay #lampungeksis #lampungkeren",Attraction,,landfill,swimming hole,coast,0.340009,0.055996,0.053721
https://www.instagram.com/p/CdxfLbwBsFQ/,618.jpg,5/20/2022 0:00,"Pohon terpencil tumbuh dari air di pantai terkenal yang indah dengan pemandangan matahari terbenam ini.

Pict @momo_edp

📍 Pantai Sebalang, Tarahan, Katibung, Lampung Selatan. 

Visit 👉 www.ayokelampung.com

#ayokelampung #travel #tour #wisata #holiday #pesonaindonesia #travelphotography #visitindonesia #jalanjalan #wonderfulindonesia #like4like #wisataindonesia #lfl #wisatalampung #lampunggeh #lampung #genpilampung #bandarlampung #lampunginsta #lampungselatan #lampungbarat #lampunghits #lampungtengah #lampungtimur #lampungwisata #lampungkece #lampungyay #lampungeksis #lampungkeren #lampunggham",Attraction,,pier,harbor,promenade,0.237313,0.087955,0.079482
https://www.instagram.com/p/CaPiS4Rvfei/,619.jpg,2/21/2022 0:00,"Pantai Kedu merupakan salah satu jenis pantai berpasir putih yang halus dan salah satu pantai yang biasa dijelajahi.
Pantai Kedu populer karena keunikannya yang menghadap ke arah barat. Hal ini menjadikan posisi pantai yang satu ini sangat cocok untuk melihat sunset. Tidak hanya itu, pantai ini dihiasi oleh gugusan Pulau Krakatau dan tampak elok pemandangan gunung Rajabasa yang memang seolah-olah menampakan dirinya di atas air laut
.
.
.
.
.
.
.
.
.
.
.
.
.
.
.
.
.
.
#motivasiilmu #katabijak #TravelerDadakan #indonesia #lampung #lampungselatan #laut #pantai #pantaikedu #kalianda #awan #sunset #repost #repostindonesian #pesonaindonesia #jelajahindonesia #jelajahlampungselatan #jelajahsumatera #jelajahlampung #visitindonesia #visitlamsel #visitlampung #visitlampungselatan #trip #indonesia #likeforlikes #like4likes #likeforfollow #jalanjalan #travelling",Attraction,,sky,lighthouse,pier,0.285538,0.052322,0.031228
https://www.instagram.com/p/CUrqxlWpuYY/,620.jpg,10/6/2021 0:00,"Main dulu ah😂
#Repost @nurhdy.s 

📍 Perengan Anteng, Jati Agung Lampung Selatan
Visit 👉www.ayokelampung.com

Salam Generasi Pesona Indonesia
Lapah Gham Jamo-Jamo Ngelestareiken Bumi Lampung

Visit www.genpilampung.com

@jokowi @kemensetneg.ri 
@sandiuno @kemenparekraf.ri 
@dwita_ria @ellanuryamah @dpr_ri @ustadzabdulhakim @jihanchalim @dpdri
@arinal_djunaidi @pemprov.lampung
@mbak_nunik @pemprovlampung_
@rianasariarinal @pkk_provinsi_lampung
@edarwan1962 @pariwisata_lampung
@vera_moz76 @ekraf.lampun @lyanda_melly
@elhannidjafar @heliana.dewi @perindaglampung
@ellywahyuni.s @ade_ui @vittorio_dwison @lestyputriii
@wahrulfauzisilalahi @dprdlampung 
@dharmasetyawan.com_ @payungiuniversity
@infogeh @ayokelampung.com_ @lampung.media
@mbakjhe @genpiindonesia @wonderful.indonesiaku
@abdulrohmanwahidone @genpi_lampung

#genpi #genpilampung #genpilampung2021 #generasipesonaindonesia #pesonaindonesia #wonderfulindonesia #salamgenpigasgasgas #AyokeLampung #kelampungkeren #dilampungaja #diindonesiaaja #lampung #bandarlampung #kotametro #lampungbarat #lampungutara #lampungtimur #lampungtengah #lampungselatan #tanggamus #pringsewu #pesawaran #pesisirbarat #mesuji #waykanan #tulangbawang #tulangbawangbarat #love #lampungberjaya",Attraction,,rope bridge,tree house,tree farm,0.9287,0.015869,0.006484
https://www.instagram.com/p/CaG___0rulY/,621.jpg,2/18/2022 0:00,"📌Tidak apa-apa jika kamu tidak menyukaiku. Tidak semua orang memiliki selera yang baik.

📍Arang Lampung Grill & Beach, Kalianda, Lampung Selatan

Pict @siaudhiarga

Visit 👉 www.ayokelampung.com

#ayokelampung #travel #tour #wisata #holiday #pesonaindonesia #travelphotography #visitindonesia #jalanjalan #wonderfulindonesia #like4like #wisataindonesia #lfl #wisatalampung #lampunggeh #lampung #genpilampung #bandarlampung #lampunginsta #lampungselatan #lampungbarat #lampunghits #lampungtengah #lampungtimur #lampungwisata #lampungkece #lampungyay #lampungeksis #lampungkeren #lampunggham",Attraction,,islet,beach,coast,0.33973,0.108417,0.105282
https://www.instagram.com/p/CVVT5tjh2oH/,622.jpg,10/22/2021 0:00,"""Nyatanya kita hanya ditakdirkan bertemu,bukan bersatu ""
.
.
⛳ WTC (way tebing cepa) 
Bitting,taman baru penengahan ,lampung selatan. 
.

Reposted from @ritaariyana96

Visit 👉 www.ayokelampung.com

@jokowi @kemensetneg.ri  @sandiuno @kemenparekraf.ri  @arinal_djunaidi @mbak_nunik @edarwan1962
@pariwisata_lampung @ekraf.lampung @rianasariarinal @ardito_wijaya @dharmasetyawan.com_ @payungiuniversity  @genpiindonesia @genpi_lampung 
.
#ayokelampung #travel #tour #wisata #holiday #pesonaindonesia #travelphotography #visitindonesia #jalanjalan #wonderfulindonesia #like4like #wisataindonesia #lfl #wisatalampung #lampunggeh #lampung #genpilampung #bandarlampung #lampunginsta #lampungselatan #lampungbarat #lampunghits #lampungtengah #lampungtimur #lampungwisata #lampungkece #lampungyay #lampungeksis #lampungkeren #lampunggham",Attraction,,swimming hole,hot spring,rainforest,0.677073,0.119952,0.045669
https://www.instagram.com/p/CZqx_r0PHmh/,623.jpg,2/7/2022 0:00,"Berbicara dan berlakulah dengan baik kepada orang yang menjahati Anda. Mereka boleh jahat, tapi Anda tetap baik
.
.
.
.
.
.
.
.
.
.
.
.
.
.
.
.
.
.
.
#motivasiilmu #katabijak #TravelerDadakan #indonesia #lampung #lampungselatan #laut #pantai #pantaikedu #kalianda #awan #sunset #repost #repostindonesian #pesonaindonesia #jelajahindonesia #jelajahlampungselatan #jelajahsumatera #jelajahlampung #visitindonesia #visitlamsel #visitlampung #visitlampungselatan #trip #indonesia #likeforlikes #like4likes #likeforfollow #jalanjalan #travelling",Attraction,,art gallery,ice shelf,volcano,0.143753,0.109236,0.08712
https://www.instagram.com/p/DSeSGqcj5mm/,624.jpg,12/20/2025 5:15,"Make your day sweeter with a scoop of happiness 🍦
Visit Setigi Sundae at Setigi Heni Lampung!

Booking and Reservation:
Whatsapp +62 821 2200 2098

—
Pantai Setigi Heni
Canggung, Lampung Selatan

#SetigiHeni #HarmonyWithNature #BatokKelapaBeachCafe #ShellOfFlavor #HiddenGem #Canggung #LampungSelatan",Amenities,,park,patio,ticket booth,0.199728,0.09393,0.055616
https://www.instagram.com/p/C6x6E29vT2l/,625.jpg,5/10/2024 7:36,"NOT Santorini, but Lampung! 🥰🌟👍🏼
Must visit Pantai Marina. 
.
#lampung #lampungselatan #indonesia #santorini #beach #sumatera @yennyhs",Attraction,,roof garden,patio,zen garden,0.203357,0.087022,0.082935
https://www.instagram.com/p/CdPlX_Pv2uQ/,626.jpg,5/7/2022 4:31,"The sunset sky speaks of a thousand of colors 

📍 one of the tours that you can visit in the Lampung Province “Arang Lampung” 

📸 @beryds 

#swissbelhotel 
#swissbelhotellampung 
#tourism 
#beachvibes 
#lampungselatan 
#aranglampung",Attraction,,hayfield,farm,golf course,0.13815,0.134158,0.100361
https://www.instagram.com/p/CVO8oMMJw9B/,627.jpg,10/20/2021 2:23,".
Pantai Marina Lampung Selatan 🌊

📸Repost @riinaa23_ 

Salam Generasi Pesona Indonesia
Lapah Gham Jamo-Jamo Ngelestareiken Bumi Lampung

Visit www.genpilampung.com

@jokowi @kemensetneg.ri 
@sandiuno @kemenparekraf.ri 
@dwita_ria @ellanuryamah 
@dr.muhammad.kadafi.sh.mh @dpr_ri
@ustadzabdulhakim @jihanchalim
@bustami_zainudin32 @dpdri
@arinal_djunaidi @pemprov.lampung
@mbak_nunik @pemprovlampung_
@rianasariarinal @pkk_provinsi_lampung
@edarwan1962 @pariwisata_lampung
@vera_moz76 @ekraf.lampun @lyanda_melly
@elhannidjafar @heliana.dewi @perindaglampung
@ellywahyuni.s @ade_ui @vittorio_dwison @lestyputriii @wahrulfauzisilalahi @agiriakbar @dprdlampung 
@dharmasetyawan.com_ @payungiuniversity
@mustika_edi23 @ayokelampung.com_ @lampung.media
@mbakjhe @genpiindonesia @wonderful.indonesiaku
@abdulrohmanwahidone @genpi_lampung @infogeh

#genpi #genpilampung #genpilampung2021 #generasipesonaindonesia #pesonaindonesia #wonderfulindonesia #salamgenpigasgasgas #AyokeLampung #kelampungkeren #dilampungaja #diindonesiaaja #lampung #bandarlampung #kotametro #lampungbarat #lampungutara #lampungtimur #lampungtengah #lampungselatan #tanggamus #pringsewu #pesawaran #pesisirbarat #mesuji #waykanan #tulangbawang #tulangbawangbarat #love #lampungberjaya #pesonalampung",Attraction,,lagoon,swimming hole,coast,0.353281,0.329022,0.073606
https://www.instagram.com/p/CvjiRBtyXQN/,628.jpg,8/5/2023 7:53,"مَاشَاءَ اللهُ تَبَارَكَ اللهُ

Late post 
#krakataupark #lampung #lampungselatan #bakauheni #visitlampung #visitlampungselatan",Attraction,,carrousel,amusement park,candy store,0.961973,0.034437,0.001923
https://www.instagram.com/p/DM4ZwpsyUDC/,629.jpg,8/3/2025 5:33,"must visit place every year: kalianda beach🏝️🫧
📍Senaya Beach, Kalianda, Lampung Selatan",Attraction,,beach,ocean,coast,0.388439,0.251078,0.070302
https://www.instagram.com/p/Cd7-yn2BS3k/,630.jpg,5/24/2022 10:19,"Kayak nya mulai sekarang suka pantai aja deh, kalo suka kamu pasang surut langsung berubah

Pict @a_dhienda

📍Pantai Kedu Warna, Jalan Sinar Laut No.54, RT/RW 01/01, Kelurahan Way Urang, Kalianda, Lampung.

Visit 👉 www.ayokelampung.com

#ayokelampung #travel #tour #wisata #holiday #pesonaindonesia #travelphotography #visitindonesia #jalanjalan #wonderfulindonesia #like4like #wisataindonesia #lfl #wisatalampung #lampunggeh #lampung #genpilampung #bandarlampung #lampunginsta #lampungselatan #lampungbarat #lampunghits #lampungtengah #lampungtimur #lampungwisata #lampungkece #lampungyay #lampungeksis #lampungkeren #lampunggham",Attraction,,vegetation,campsite,beach,0.741579,0.038928,0.038817
https://www.instagram.com/p/CfTl7xMBhCY/,631.jpg,6/27/2022 10:55,"Ketukan nada kehidupan yang slalu membangunkan mimpi panjang ku

Pict @nurrhasanah237

📍Pantai Sebalang, Tarahan, Katibung, Lampung Selatan.

Visit 👉 www.ayokelampung.com

#ayokelampung #travel #tour #wisata #holiday #pesonaindonesia #travelphotography #visitindonesia #jalanjalan #wonderfulindonesia #like4like #wisataindonesia #lfl #wisatalampung #lampunggeh #lampung #genpilampung #bandarlampung #lampunginsta #lampungselatan #lampungbarat #lampunghits #lampungtengah #lampungtimur #lampungwisata #lampungkece #lampungyay #lampungeksis #lampungkeren #lampunggham",Attraction,,promenade,harbor,pier,0.162404,0.157551,0.124452
https://www.instagram.com/p/DRHkCFOk0bf/,632.jpg,11/16/2025 12:57,"What a majestic place to visit 🥹✨
📍Anak Gunung Krakatau, Selat Sunda, Lampung
Selatan

Saksi bisu letusan dahsyat yang pernah mengguncang dunia pada tahun 1883. Semoga tidurmu masih panjang ya anak baik..
Note: Kesana harus sama guide atau ikut Open Trip ya!

Jun ‘25",Attraction,,islet,volcano,coast,0.214638,0.147617,0.130047
https://www.instagram.com/p/Cd51wtihkOA/,633.jpg,5/23/2022 14:22,"Tak masalah jika pada akhirnya terbuang. Setidaknya dengan itu, kamu mampu memilih, siapa siapa yang pantas kau ajak berjuang

Pict @agramdhn

📍Merak Belantung, Lampung Selatan

Visit 👉 www.ayokelampung.com

#ayokelampung #travel #tour #wisata #holiday #pesonaindonesia #travelphotography #visitindonesia #jalanjalan #wonderfulindonesia #like4like #wisataindonesia #lfl #wisatalampung #lampunggeh #lampung #genpilampung #bandarlampung #lampunginsta #lampungselatan #lampungbarat #lampunghits #lampungtengah #lampungtimur #lampungwisata #lampungkece #lampungyay #lampungeksis #lampungkeren #lampunggham",Attraction,,golf course,lagoon,coast,0.279733,0.210679,0.140185
https://www.instagram.com/p/Cal6YvNrimf/,634.jpg,3/2/2022 7:03,"Sebenernya kehidupan itu sederhana. Hanya saja kitalah yang selalu mempersulitnya, tidak bersyukur adalah salah satunya.

📍Pantai Batu Lapis, Ds Totoharjo, Kec.Bakauheni, Kab Lampung Selatan

Foto: @siaudhiarga

Visit 👉 www.ayokelampung.com

#ayokelampung #travel #tour #wisata #holiday #pesonaindonesia #travelphotography #visitindonesia #jalanjalan #wonderfulindonesia #like4like #wisataindonesia #lfl #wisatalampung #lampunggeh #lampung #genpilampung #bandarlampung #lampunginsta #lampungselatan #lampungbarat #lampunghits #lampungtengah #lampungtimur #lampungwisata #lampungkece #lampungyay #lampungeksis #lampungkeren #lampunggham",Attraction,,swimming hole,cliff,lagoon,0.260607,0.199244,0.145114
https://www.instagram.com/p/CUS6Wv-hR0t/,635.jpg,9/26/2021 18:49,".
""Cintai hidup yang kamu jalani.
Jalani hidup yang kamu cintai""
🌍

📸Repost @nurulvekycahyanii

Visit 👉🏻 www.ayokelampung.com_

@jokowi @kemensetneg.ri  @sandiuno @kemenparekraf.ri  @arinal_djunaidi @mbak_nunik @edarwan1962
@pariwisata_lampung @ekraf.lampung @rianasariarinal @ardito_wijaya @dharmasetyawan.com_ @payungiuniversity  @genpiindonesia @genpi_lampung 
.
#ayokelampung #travel #tour #wisata #holiday #pesonaindonesia #travelphotography #visitindonesia #jalanjalan #wonderfulindonesia #like4like #wisataindonesia #lfl #wisatalampung #lampunggeh #lampung #genpilampung #bandarlampung #lampunginsta #lampungselatan #lampungbarat #lampunghits #lampungtengah #lampungtimur #lampungwisata #lampungkece #lampungyay #lampungeksis #lampungkeren #lampunggham",Attraction,,swimming hole,lagoon,rainforest,0.688781,0.104606,0.042163
https://www.instagram.com/p/DIf565Hyzs5/,636.jpg,4/16/2025 7:08,"April 10, 2025, before returning to Central Java, I intended to visit the stone monument in the rice fields that I used to pass by after school. I intended to capture it with Google Pixel. But when I got there, everything had changed. The stone monument was gone, buried, replaced by a tourist spot. For a moment I was sad because the most nostalgic place was gone. But when I visited the tourist spot, my sadness disappeared and instead turned into happiness because of the aesthetics offered. I was quite satisfied.

This trip is the closing part of The Beginning of the year (Jan - April 2025).

#TEAMPIXEL #googlepixel #madebygoogle #waterworldlampung #wayhuwi #lampungselatan",Attraction,,outdoor,water park,indoor,0.783463,0.169256,0.0144
https://www.instagram.com/p/CUtos5_pYtZ/,637.jpg,10/7/2021 3:54,".
Laut nya di bungkus bolee ga sii?🙏

📍Lokasi Pantai Marina Kalianda Lampung Selatan
📸Repost @sfrausss 

Salam Generasi Pesona Indonesia
Lapah Gham Jamo-Jamo Ngelestareiken Bumi Lampung

Visit www.genpilampung.com

@jokowi @kemensetneg.ri 
@sandiuno @kemenparekraf.ri 
@dwita_ria @ellanuryamah @dpr_ri
@ustadzabdulhakim @jihanchalim @dpdri
@arinal_djunaidi @pemprov.lampung
@mbak_nunik @pemprovlampung_
@rianasariarinal @pkk_provinsi_lampung
@edarwan1962 @pariwisata_lampung
@vera_moz76 @ekraf.lampun @lyanda_melly
@elhannidjafar @heliana.dewi @perindaglampung
@ellywahyuni.s @ade_ui @vittorio_dwison @lestyputriii @wahrulfauzisilalahi @agiriakbar @dprdlampung 
@dharmasetyawan.com_ @payungiuniversity
@mustika_edi23 @ayokelampung.com_ @lampung.media
@mbakjhe @genpiindonesia @wonderful.indonesiaku
@abdulrohmanwahidone @genpi_lampung @infogeh

#genpi #genpilampung #genpilampung2021 #generasipesonaindonesia #pesonaindonesia #wonderfulindonesia #salamgenpigasgasgas #AyokeLampung #kelampungkeren #dilampungaja #diindonesiaaja #lampung #bandarlampung #kotametro #lampungbarat #lampungutara #lampungtimur #lampungtengah #lampungselatan #tanggamus #pringsewu #pesawaran #pesisirbarat #mesuji #waykanan #tulangbawang #tulangbawangbarat #love #lampungberjaya",Attraction,,beach,lagoon,coast,0.422676,0.23124,0.138081
https://www.instagram.com/p/CURava3h_ax/,638.jpg,9/26/2021 4:54,"📍 Pantai arang, Kalianda, Lampung Selatan
Visit 👉 www.ayokelampung.com

Repost from : @repern

@jokowi @kemensetneg.ri  @sandiuno @kemenparekraf.ri  @arinal_djunaidi @mbak_nunik @edarwan1962
@pariwisata_lampung @ekraf.lampung @rianasariarinal @ardito_wijaya @dharmasetyawan.com_ @payungiuniversity  @genpiindonesia @genpi_lampung 
.
#ayokelampung #travel #tour #wisata #holiday #pesonaindonesia #travelphotography #visitindonesia #jalanjalan #wonderfulindonesia #like4like #wisataindonesia #lfl #wisatalampung #lampunggeh #lampung #genpilampung #bandarlampung #lampunginsta #lampungselatan #lampungbarat #lampunghits #lampungtengah #lampungtimur #lampungwisata #lampungkece #lampungyay #lampungeksis #lampungkeren #lampunggham",Attraction,,campsite,picnic area,park,0.863154,0.027483,0.012158
https://www.instagram.com/p/CT7JA6HByWN/,639.jpg,9/17/2021 13:15,"📍Pantai Kedu, Kalianda

📸 @asranii_d

 Visit 👉 www.ayokelampung.com

@jokowi @kemensetneg.ri  @sandiuno @kemenparekraf.ri  @arinal_djunaidi @mbak_nunik @edarwan1962
@pariwisata_lampung @ekraf.lampung @rianasariarinal @ardito_wijaya @dharmasetyawan.com_ @payungiuniversity  @genpiindonesia @genpi_lampung 
.
#ayokelampung #travel #tour #wisata #holiday #pesonaindonesia #travelphotography #visitindonesia #jalanjalan #wonderfulindonesia #like4like #wisataindonesia #lfl #wisatalampung #lampunggeh #lampung #genpilampung #bandarlampung #lampunginsta #lampungselatan #lampungbarat #lampunghits #lampungtengah #lampungtimur #lampungwisata #lampungkece #lampungyay #lampungeksis #lampungkeren #lampunggham",Attraction,,beach,lagoon,ocean,0.846699,0.058512,0.040359
https://www.instagram.com/p/CTePuINhWyx/,640.jpg,9/6/2021 7:56,"Bawa Santai aja kawan... Panas panas gini enak nya emang berjemur dipantai ya😅

Reposted from @agilswd_

Visit 👉 www.ayokelampung.com

@jokowi @kemensetneg.ri  @sandiuno @kemenparekraf.ri  @arinal_djunaidi @mbak_nunik @edarwan1962
@pariwisata_lampung @ekraf.lampung @rianasariarinal @ardito_wijaya @dharmasetyawan.com_ @payungiuniversity  @genpiindonesia @genpi_lampung 
.
#ayokelampung #travel #tour #wisata #holiday #pesonaindonesia #travelphotography #visitindonesia #jalanjalan #wonderfulindonesia #like4like #wisataindonesia #lfl #wisatalampung #lampunggeh #lampung #genpilampung #bandarlampung #lampunginsta #lampungselatan #lampungbarat #lampunghits #lampungtengah #lampungtimur #lampungwisata #lampungkece #lampungyay #lampungeksis #lampungkeren #lampunggham",Attraction,,beach,lagoon,coast,0.495543,0.315439,0.066637
https://www.instagram.com/p/CaMLXbarM5c/,641.jpg,2/20/2022 7:11,"Selamat berakhir pekan 🙌

🍁 Air Terjun Cijuwet, Rajabasa, Lampung Selatan.

Foto @deniikristianto

Visit 👉 www.ayokelampung.com

#ayokelampung #travel #tour #wisata #holiday #pesonaindonesia #travelphotography #visitindonesia #jalanjalan #wonderfulindonesia #like4like #wisataindonesia #lfl #wisatalampung #lampunggeh #lampung #genpilampung #bandarlampung #lampunginsta #lampungselatan #lampungbarat #lampunghits #lampungtengah #lampungtimur #lampungwisata #lampungkece #lampungyay #lampungeksis #lampungkeren #lampunggham",Attraction,,waterfall,rainforest,creek,0.784985,0.064617,0.046903
https://www.instagram.com/p/CeAeTXyh0DC/,642.jpg,5/26/2022 4:12,"Cintailah sewajarnya 
Bencilah sewajarnya 
Tapi kalo terjebak antara cinta & benci 
Nah itu yang gak wajar

Pict @ardwijaya04

📍Pulau Sekepel, Totoharjo, Bakauheni, Lampung Selatan

Visit 👉 www.ayokelampung.com

#ayokelampung #travel #tour #wisata #holiday #pesonaindonesia #travelphotography #visitindonesia #jalanjalan #wonderfulindonesia #like4like #wisataindonesia #lfl #wisatalampung #lampunggeh #lampung #genpilampung #bandarlampung #lampunginsta #lampungselatan #lampungbarat #lampunghits #lampungtengah #lampungtimur #lampungwisata #lampungkece #lampungyay #lampungeksis #lampungkeren #lampunggham",Attraction,,lagoon,islet,natural,0.319973,0.276887,0.070725
https://www.instagram.com/p/CZbeqh8rJ0a/,643.jpg,2/1/2022 9:17,"Kurangi Stres Dan Nikmati Yang Terbaik.

📍 Bendungan UmbulSelawe U25, Sidomukti Tanjung Bintang, Lampung Selatan

Repost @siaudhiarga

Visit 👉 www.ayokelampung.com

@jokowi @kemensetneg.ri @sandiuno @kemenparekraf.ri @arinal_djunaidi @mbak_nunik @edarwan1962
@pariwisata_lampung @ekraf.lampung @rianasariarinal @ardito_wijaya @dharmasetyawan.com_ @payungiuniversity @genpiindonesia @genpi_lampung
.
#ayokelampung #travel #tour #wisata #holiday #pesonaindonesia #travelphotography #visitindonesia #jalanjalan #wonderfulindonesia #like4like #wisataindonesia #lfl #wisatalampung #lampunggeh #lampung #genpilampung #bandarlampung #lampunginsta #lampungselatan #lampungbarat #lampunghits #lampungtengah #lampungtimur #lampungwisata #lampungkece #lampungyay #lampungeksis #lampungkeren #lampunggham",Attraction,,lagoon,marsh,natural,0.280049,0.127365,0.105953
https://www.instagram.com/p/CcITI3Jr5iy/,644.jpg,4/9/2022 12:05,"Kalau bukan kamu yang menguatkan diri kamu sendiri untuk berjuang lalu siapa lagi yang bisa diandalkan?

Loc. : Pantai Minang rua Bakauheni

Pict. @bagas.geh

Visit 👉 www.ayokelampung.com

#ayokelampung #travel #tour #wisata #holiday #pesonaindonesia #travelphotography #visitindonesia #jalanjalan #wonderfulindonesia #like4like #wisataindonesia #lfl #wisatalampung #lampunggeh #lampung #genpilampung #bandarlampung #lampunginsta #lampungselatan #lampungbarat #lampunghits #lampungtengah #lampungtimur #lampungwisata #lampungkece #lampungyay #lampungeksis #lampungkeren #lampunggham",Attraction,,swimming hole,pier,lagoon,0.479915,0.105344,0.05711
https://www.instagram.com/p/CeAQol0BoEH/,645.jpg,5/26/2022 2:12,"Tubuh lelah
Pikiran goyah
Semangat patah

  Terkadang perjalanan semenyebalkan itu, tapi ingin lagi...

Pict @alvinrhmanda

📍Pantai Marina, Kalianda, Lampung Selatan.

Visit 👉 www.ayokelampung.com

#ayokelampung #travel #tour #wisata #holiday #pesonaindonesia #travelphotography #visitindonesia #jalanjalan #wonderfulindonesia #like4like #wisataindonesia #lfl #wisatalampung #lampunggeh #lampung #genpilampung #bandarlampung #lampunginsta #lampungselatan #lampungbarat #lampunghits #lampungtengah #lampungtimur #lampungwisata #lampungkece #lampungyay #lampungeksis #lampungkeren #lampunggham",Attraction,,ocean,coast,islet,0.333517,0.253296,0.131307
https://www.instagram.com/p/CJzw3Run81O/,646.jpg,1/9/2021 3:16,"Karena di setiap perjalanan terdapat hikmah dan cerita yang berbeda
#visitindonesia 
#indonesiakeren 
#visitlampung
#visitlampungselatan 
#visitkalianda 
#lestarialamku
#purna1261-1262
#saudaratunaskelapa",Attraction,,army base,racecourse,watering hole,0.383225,0.042617,0.03951
https://www.instagram.com/p/DIGF61LvtK6/,647.jpg,4/6/2025 6:33,"Visit one of our stalls, Setigi Sundae! Taste the various of ice cream there 🍨
Delight in every frozen bite!

Booking and Reservation:
Whatsapp +62 821 2200 2098

—
Pantai Setigi Heni
Canggung, Lampung Selatan

#SetigiHeni #HarmonyWithNature #BatokKelapaBeachCafe #ShellOfFlavor #HiddenGem #Canggung #LampungSelatan",Amenities,,ticket booth,outdoor,loading dock,0.231498,0.113436,0.105023
https://www.instagram.com/p/Cbev3QlLn4w/,648.jpg,3/24/2022 8:48,"Sedikit healing biar gak pusing🤪
.
📍Persawahan Kalianda - Lampung Selatan
.
Pict. @indhmeilia

Visit 👉 www.ayokelampung.com

#ayokelampung #travel #tour #wisata #holiday #pesonaindonesia #travelphotography #visitindonesia #jalanjalan #wonderfulindonesia #like4like #wisataindonesia #lfl #wisatalampung #lampunggeh #lampung #genpilampung #bandarlampung #lampunginsta #lampungselatan #lampungbarat #lampunghits #lampungtengah #lampungtimur #lampungwisata #lampungkece #lampungyay #lampungeksis #lampungkeren #lampunggham",Attraction,,wild,boardwalk,highway,0.552715,0.082849,0.080865
https://www.instagram.com/p/CT2FeyNhmzv/,649.jpg,9/15/2021 14:08,"Jangan hanya menikmati keindahan alam saja, tapi juga cintai alam dengan tidak membuang sampah sembarangan, gaboleh ya😋

Repost from : @indhmeilia 

📍Bukit Pematang Sunrise, Bakauheni -Lampung Selatan

Visit 👉 www.ayokelampung.com

@jokowi @kemensetneg.ri  @sandiuno @kemenparekraf.ri  @arinal_djunaidi @mbak_nunik @edarwan1962
@pariwisata_lampung @ekraf.lampung @rianasariarinal @ardito_wijaya @dharmasetyawan.com_ @payungiuniversity  @genpiindonesia @genpi_lampung 
.
#ayokelampung #travel #tour #wisata #holiday #pesonaindonesia #travelphotography #visitindonesia #jalanjalan #wonderfulindonesia #like4like #wisataindonesia #lfl #wisatalampung #lampunggeh #lampung #genpilampung #bandarlampung #lampunginsta #lampungselatan #lampungbarat #lampunghits #lampungtengah #lampungtimur #lampungwisata #lampungkece #lampungyay #lampungeksis #lampungkeren #lampunggham",Attraction,,islet,lagoon,coast,0.374547,0.148748,0.06804
https://www.instagram.com/p/CfgnpWppmmC/,650.jpg,7/2/2022 12:20,Mengawali bulan Juli bersama rekan kerja visit ke Kota Bandar Lampung tepatnya Pantai Sebalang - Lampung Selatan #beatifulindonesia,Attraction,,beach,coast,ocean,0.334632,0.295251,0.113687
https://www.instagram.com/p/CVu9LrVJC7v/,651.jpg,11/1/2021 12:44,".
📍bukit Pematang sunrise,Bakauheni,Lampung Selatan

Reposted from @hallooo.lilis_ Draf..

Salam Generasi Pesona Indonesia
Lapah Gham Jamo-Jamo Ngelestareiken Bumi Lampung

Visit www.genpilampung.com

@jokowi @kemensetneg.ri 
@sandiuno @kemenparekraf.ri 
@dwita_ria @ellanuryamah @dpr_ri
@ustadzabdulhakim @jihanchalim @dpdri
@arinal_djunaidi @pemprov.lampung
@mbak_nunik @pemprovlampung_
@rianasariarinal @pkk_provinsi_lampung
@edarwan1962 @ulidarebeca_ @pariwisata_lampung
@vera_moz76 @ekraf.lampun @lyanda_melly
@elhannidjafar @heliana.dewi @perindaglampung
@ellywahyuni.s @ade_ui @vittorio_dwison @lestyputriii @wahrulfauzisilalahi @garinca.reza.pahlevi
@agiriakbar @mirzano @dprdlampung 
@dharmasetyawan.com_ @payungiuniversity
@mustika_edi23 @ayokelampung.com_ @lampung.media
@mbakjhe @genpiindonesia @wonderful.indonesiaku
@abdulrohmanwahidone @genpi_lampung @infogeh
@akhyarmusthafa @myls.kotametro @payungikampungbahasa

#genpi #genpilampung #genpilampung2021 #generasipesonaindonesia #pesonaindonesia #wonderfulindonesia #salamgenpigasgasgas #AyokeLampung #kelampungkeren #dilampungaja #diindonesiaaja #lampung #bandarlampung #kotametro #lampungbarat #lampungutara #lampungtimur #lampungtengah #lampungselatan #tanggamus #pringsewu #pesawaran #pesisirbarat #mesuji #waykanan #tulangbawang #tulangbawangbarat #lampungberjaya #pesonalampung #myls.kotametro",Attraction,,picnic area,islet,lagoon,0.284952,0.10737,0.078581
https://www.instagram.com/p/CWsU6UWBKAa/,652.jpg,11/25/2021 8:45,"Paint the sky. Make it yours 🌈

Repost 
📷 @ineskusuma 
.
follow  @pantai.marina.official Official account of Pantai Marina Lampung
.
Visit 👉 www.ayokelampung.com

@jokowi @kemensetneg.ri  @sandiuno @kemenparekraf.ri  @arinal_djunaidi @mbak_nunik @edarwan1962
@pariwisata_lampung @ekraf.lampung @rianasariarinal @ardito_wijaya @dharmasetyawan.com_ @payungiuniversity  @genpiindonesia @genpi_lampung 
.
#ayokelampung #travel #tour #wisata #holiday #pesonaindonesia #travelphotography #visitindonesia #jalanjalan #wonderfulindonesia #like4like #wisataindonesia #lfl #wisatalampung #lampunggeh #lampung #genpilampung #bandarlampung #lampunginsta #lampungselatan #lampungbarat #lampunghits #lampungtengah #lampungtimur #lampungwisata #lampungkece #lampungyay #lampungeksis #lampungkeren #lampunggham",Attraction,,campsite,sandbox,lagoon,0.682125,0.03494,0.024749
https://www.instagram.com/p/Cd9sW4RhHz-/,653.jpg,5/25/2022 2:17,"Sungguh indah ciptaan mu 

📍pantai marina

Visit 👉 www.ayokelampung.com

#ayokelampung #travel #tour #wisata #holiday #pesonaindonesia #travelphotography #visitindonesia #jalanjalan #wonderfulindonesia #like4like #wisataindonesia #lfl #wisatalampung #lampunggeh #lampung #genpilampung #bandarlampung #lampunginsta #lampungselatan #lampungbarat #lampunghits #lampungtengah #lampungtimur #lampungwisata #lampungkece #lampungyay #lampungeksis #lampungkeren #lampunggham",Attraction,,ocean,wave,coast,0.346879,0.288733,0.094772
https://www.instagram.com/p/CR8uzM2hVDa/,654.jpg,7/30/2021 11:02,"I come back 💪💪💪

📸@kusnandri 
📍 Sebalang tarahan Lampung Indonesia 🇮🇩

Visit 👉 www.ayokelampung.com

@jokowi @kemensetneg.ri  @sandiuno @kemenparekraf.ri  @arinal_djunaidi @mbak_nunik @edarwan1962
@pariwisata_lampung @ekraf.lampung @rianasariarinal @ardito_wijaya @dharmasetyawan.com_ @payungiuniversity  @genpiindonesia @genpi_lampung 
.
#ayokelampung #travel #tour #wisata #pesonaindonesia #travelphotography #visitindonesia #jalanjalan #wonderfulindonesia #like4like #wisataindonesia #lfl #wisatalampung #lampunggeh #lampung #lampungkeren #genpilampung #bandarlampung #lampunginsta #lampungselatan #lampungbarat #lampunghits #lampungtengah #lampungtimur #lampungwisata #lampungkece #lampungyay #lampungeksis #lampungkeren #lampunggham",Attraction,,sky,harbor,ocean,0.48974,0.097229,0.088448
https://www.instagram.com/p/CUmxTUKhSk7/,655.jpg,10/4/2021 11:55,"#Repost @shellayuanda_
...
Luangkan waktu untuk membuat jiwamu bahagia✨

📍Pantai Semungkuk Kalianda Lampung Selatan

Visit 👉 www.ayokelampung.com

@jokowi @kemensetneg.ri  @sandiuno @kemenparekraf.ri  @arinal_djunaidi @mbak_nunik @edarwan1962
@pariwisata_lampung @ekraf.lampung @rianasariarinal @ardito_wijaya @dharmasetyawan.com_ @payungiuniversity  @genpiindonesia @genpi_lampung 
.
#ayokelampung #travel #tour #wisata #holiday #pesonaindonesia #travelphotography #visitindonesia #jalanjalan #wonderfulindonesia #like4like #wisataindonesia  #wisatalampung #lampunggeh #lampung #genpilampung #bandarlampung #lampunginsta #lampungselatan #lampungbarat #lampunghits #lampungtengah #lampungtimur #lampungwisata #lampungkece #lampungyay #lampungeksis #lampungkeren #lampunggham",Attraction,,cliff,coast,ocean,0.279218,0.253033,0.126589
https://www.instagram.com/p/CekWnbDBYP-/,656.jpg,6/9/2022 2:37,"Duduk di tempat teduh di hari yang cerah, dan memandangi pemandangan, adalah penyegaran yang paling sempurna. 

Pict @laila.isti.988

📍pantai merak belantung kaliada lampung selatan

Visit 👉 www.ayokelampung.com

#ayokelampung #travel #tour #wisata #holiday #pesonaindonesia #travelphotography #visitindonesia #jalanjalan #wonderfulindonesia #like4like #wisataindonesia #lfl #wisatalampung #lampunggeh #lampung #genpilampung #bandarlampung #lampunginsta #lampungselatan #lampungbarat #lampunghits #lampungtengah #lampungtimur #lampungwisata #lampungkece #lampungyay #lampungeksis #lampungkeren #lampunggham",Attraction,,zen garden,trench,driveway,0.555639,0.134218,0.051962
https://www.instagram.com/p/CeXwbsFhlQA/,657.jpg,6/4/2022 5:13,"Ternyata, senjapun enggan membawamu bersamaku 🍂

Pict @cc.dxwyy_

📍Pantai marina

Visit 👉 www.ayokelampung.com

#ayokelampung #travel #tour #wisata #holiday #pesonaindonesia #travelphotography #visitindonesia #jalanjalan #wonderfulindonesia #like4like #wisataindonesia #lfl #wisatalampung #lampunggeh #lampung #genpilampung #bandarlampung #lampunginsta #lampungselatan #lampungbarat #lampunghits #lampungtengah #lampungtimur #lampungwisata #lampungkece #lampungyay #lampungeksis #lampungkeren #lampunggham",Attraction,,ocean,coast,beach,0.297531,0.211429,0.159469
https://www.instagram.com/p/CZW18vvJaVn/,658.jpg,1/30/2022 14:05,"Don't worry
Beach happy 💙
.
.
📍Pantai Setigiheni Kalianda Lampung Selatan
.

Repost from @rimachasanah25

Visit 👉 www.ayokelampung.com

@jokowi @kemensetneg.ri @sandiuno @kemenparekraf.ri @arinal_djunaidi @mbak_nunik @edarwan1962
@pariwisata_lampung @ekraf.lampung @rianasariarinal @ardito_wijaya @dharmasetyawan.com_ @payungiuniversity @genpiindonesia @genpi_lampung
.
#ayokelampung #travel #tour #wisata #holiday #pesonaindonesia #travelphotography #visitindonesia #jalanjalan #wonderfulindonesia #like4like #wisataindonesia #lfl #wisatalampung #lampunggeh #lampung #genpilampung #bandarlampung #lampunginsta #lampungselatan #lampungbarat #lampunghits #lampungtengah #lampungtimur #lampungwisata #lampungkece #lampungyay #lampungeksis #lampungkeren #lampunggham",Attraction,,beach,lagoon,ocean,0.554865,0.133087,0.125908
https://www.instagram.com/p/CeQ6cg6hDtx/,659.jpg,6/1/2022 13:25,"🌊

📍pantai Marina 

Visit 👉 www.ayokelampung.com

#ayokelampung #travel #tour #wisata #holiday #pesonaindonesia #travelphotography #visitindonesia #jalanjalan #wonderfulindonesia #like4like #wisataindonesia #lfl #wisatalampung #lampunggeh #lampung #genpilampung #bandarlampung #lampunginsta #lampungselatan #lampungbarat #lampunghits #lampungtengah #lampungtimur #lampungwisata #lampungkece #lampungyay #lampungeksis #lampungkeren #lampunggham",Attraction,,cliff,islet,coast,0.221984,0.167231,0.121995
https://www.instagram.com/p/Cb9luFUrlAj/,660.jpg,4/5/2022 8:16,"Kata kamu yg melihat gitu,kata saya yg menjalani gini🤘

📍Kaki Gunung Rajabasa,Lampung Selatan.

Pict @nindyzero_

Visit 👉 www.ayokelampung.com

#ayokelampung #travel #tour #wisata #holiday #pesonaindonesia #travelphotography #visitindonesia #jalanjalan #wonderfulindonesia #like4like #wisataindonesia #lfl #wisatalampung #lampunggeh #lampung #genpilampung #bandarlampung #lampunginsta #lampungselatan #lampungbarat #lampunghits #lampungtengah #lampungtimur #lampungwisata #lampungkece #lampungyay #lampungeksis #lampungkeren #lampunggham",Attraction,,pasture,field road,farm,0.385529,0.085742,0.073502
https://www.instagram.com/p/CZ8hNNhrAk-/,661.jpg,2/14/2022 5:14,"📌""Bersyukur untuk hari ini, ikhlas untuk apa yang telah berlalu""

📍Pulau Mengkudu, Ds. Totoharjo, Kec. Bakauheni, Kab. Lampung Selatan

Repost @siaudhiarga

.Visit 👉 www.ayokelampung.com

@jokowi @kemensetneg.ri @sandiuno @kemenparekraf.ri @arinal_djunaidi @mbak_nunik @edarwan1962
@pariwisata_lampung @ekraf.lampung @rianasariarinal @ardito_wijaya @dharmasetyawan.com_ @payungiuniversity @genpiindonesia @genpi_lampung
.
#ayokelampung #travel #tour #wisata #holiday #pesonaindonesia #travelphotography #visitindonesia #jalanjalan #wonderfulindonesia #like4like #wisataindonesia #lfl #wisatalampung #lampunggeh #lampung #genpilampung #bandarlampung #lampunginsta #lampungselatan #lampungbarat #lampunghits #lampungtengah #lampungtimur #lampungwisata #lampungkece #lampungyay #lampungeksis #lampungkeren #lampunggham",Attraction,,lagoon,beach,islet,0.721105,0.117154,0.0969
https://www.instagram.com/p/CTIoBjOBZXl/,662.jpg,8/28/2021 22:25,"Syukuri selagi bisa, nikmati selagi ada.
.
Loc. Bukit Pematang Sunrise, Lampung Selatan
.
Reposted from @whyuungroho

Visit 👉 www.ayokelampung.com

@jokowi @kemensetneg.ri  @sandiuno @kemenparekraf.ri  @arinal_djunaidi @mbak_nunik @edarwan1962
@pariwisata_lampung @ekraf.lampung @rianasariarinal @ardito_wijaya @dharmasetyawan.com_ @payungiuniversity  @genpiindonesia @genpi_lampung 
.
#ayokelampung #travel #tour #wisata #holiday #pesonaindonesia #travelphotography #visitindonesia #jalanjalan #wonderfulindonesia #like4like #wisataindonesia #lfl #wisatalampung #lampunggeh #lampung #genpilampung #bandarlampung #lampunginsta #lampungselatan #lampungbarat #lampunghits #lampungtengah #lampungtimur #lampungwisata #lampungkece #lampungyay #lampungeksis #lampungkeren #lampunggham",Attraction,,natural,islet,swamp,0.153719,0.11686,0.086911
https://www.instagram.com/p/CaObD0RJhN1/,663.jpg,2/21/2022 4:07,"Difficult roads lead to beautiful destinations🌊
.
📌 Titian Mutiara Beach, Kalianda Lampung Selatan - Lampung
Reposted from @amelmia

Visit 👉 www.ayokelampung.com

#ayokelampung #travel #tour #wisata #holiday #pesonaindonesia #travelphotography #visitindonesia #jalanjalan #wonderfulindonesia #like4like #wisataindonesia #lfl #wisatalampung #lampunggeh #lampung #genpilampung #bandarlampung #lampunginsta #lampungselatan #lampungbarat #lampunghits #lampungtengah #lampungtimur #lampungwisata #lampungkece #lampungyay #lampungeksis #lampungkeren #lampunggham",Attraction,,picnic area,playground,swamp,0.564407,0.123837,0.055742
https://www.instagram.com/p/DSC6JTJDRBL/,664.jpg,12/9/2025 14:06,"Wagub Lampung Tinjau Potensi Ekonomi Karbon Way Kalam

LAMSEL- Wakil Gubernur Lampung Jihan Nurlela mengunjungi Studi Kelayakan Kunjungan Lapangan (Site Visit Feasibility Study) Pengembangan Nilai Ekonomi Karbon di kawasan Perhutanan Sosial Desa Way Kalam, Kecamatan Penengahan, Lampung Selatan, Selasa (25/11/2025). Kunjungan dilakukan dengan menyusuri jalur hutan yang rimbun. Wagub didampingi tim dari OJK dan Dinas Kehutanan Provinsi Lampung. Rombongan disambut suasana alami yang sejuk, dengan pepohonan besar, suara satwa, dan aliran sungai....

https://inspiratif.co.id/wagub-lampung-tinjau-potensi-ekonomi-karbon-way-kalam/",Ancillary,,rainforest,waterfall,creek,0.460634,0.199453,0.094165
https://www.instagram.com/p/DFwGI7uyS2r/,665.jpg,2/7/2025 0:28,"Gua Maria Ngison Nando, Kalianda, Lampung Selatan. Lokasinya di pinggir jalan utama, dan cukup luas untuk rombongan bus. Susteran yang juga bisa digunakan untuk retreat.

Must visit kalau sedang di area Lampung 🤗",Amenities,,japanese garden,botanical garden,fishpond,0.336047,0.146743,0.13138
https://www.instagram.com/p/CQFKodfMFpw/,666.jpg,6/14/2021 0:36,""" Kau tunduk kepada alam selama belum melihat Penciptanya. Jika kau telah menyaksikan-Nya maka alam akan tunduk kepadamu."" 

 ~  Ibnu Athaillah ~

Running and Swimming Time 

#running 
#swimming 
#runforhumanity 
#runforibadah 
#justicerunners 
#bugarsepanjangusia 
#keepstrong 
#staystrong 
#visitlampung 
#visitlampungselatan 
#silahturahmi
#ayolebihbaik",Attraction,,lagoon,beach,islet,0.851384,0.046924,0.040111
https://www.instagram.com/p/CNOvj-XH77w/,667.jpg,4/4/2021 4:18,"The Amazing lampung selatan
@elty_krakatoa 
#eltykrakatoaresort
#visitlampung 
#visitlampungselatan",Attraction,,lagoon,beach,natural,0.296951,0.103824,0.096869
https://www.instagram.com/p/CcAkeLhrgkw/,668.jpg,4/6/2022 12:03,"Pict @idho.ha

Loc. Alau Alau Boutique Resort Kalianda

Visit 👉 www.ayokelampung.com

#ayokelampung #travel #tour #wisata #holiday #pesonaindonesia #travelphotography #visitindonesia #jalanjalan #wonderfulindonesia #like4like #wisataindonesia #lfl #wisatalampung #lampunggeh #lampung #genpilampung #bandarlampung #lampunginsta #lampungselatan #lampungbarat #lampunghits #lampungtengah #lampungtimur #lampungwisata #lampungkece #lampungyay #lampungeksis #lampungkeren #lampunggham",Attraction,,beach,lagoon,coast,0.339574,0.260116,0.163256
https://www.instagram.com/p/CJ5k_foAHit/,669.jpg,1/11/2021 9:27,"visit lampung yuuk , ada yg tau ga aku lagi piknik dimanaa ??! g kalah cantik kan sama pemandangan gunung fuji hheee 😀 , aku kemaren piknik dan berenang di laut kalianda lampung selatan, tepatnya di @elty_krakatoa , lautnya jernih bgt dan ombaknya relatif tenang kalian bs berenang, bs main floatis juga disana sambil nikmatin indahnya gunung rajabasa 😍, liburan dan tetap patuhi protokol kesehatan ya  #grandeltykrakatoa #pariwisatalampung #pantaikalianda",Attraction,,park,picnic area,lawn,0.344002,0.307566,0.148113
https://www.instagram.com/p/CcC7LM9LnHm/,670.jpg,4/7/2022 10:00,"Lelah karena hobby adalah hal yang menyenangkan

Loc : Titian mutiara beach Kalianda Lampung

Pict: @bagas.geh

Visit 👉 www.ayokelampung.com

#ayokelampung #travel #tour #wisata #holiday #pesonaindonesia #travelphotography #visitindonesia #jalanjalan #wonderfulindonesia #like4like #wisataindonesia #lfl #wisatalampung #lampunggeh #lampung #genpilampung #bandarlampung #lampunginsta #lampungselatan #lampungbarat #lampunghits #lampungtengah #lampungtimur #lampungwisata #lampungkece #lampungyay #lampungeksis #lampungkeren #lampunggham",Attraction,,ocean,promenade,coast,0.25398,0.207791,0.129662
https://www.instagram.com/p/CNbbKx8H09_/,671.jpg,4/9/2021 2:30,"Bismillah.
.
Alhamdulillah pertemuan dengan bapak bupati Nanang Ermanto dan ibu Winarni Nanang Ermanto sebagai Ketua Dekranasda Lamsel, berjalan lancar dan sukses.
.
Untuk live instagram bisa ditonton di IGTV.
Semoga pariwisata Lamsel dan UMKM nya bisa semakin berkembang .
.
Thank you for the hospitality during our visit. 
.
#asahkebaikan 
#asahkebaikantrip 
#asahkebaikangoestolampung 
#lampungselatan 
#dekranasdalampungselatan
#kalianda 
#alhamdulillah",Ancillary,,outdoor,water park,arch,0.521601,0.225786,0.09893
https://www.instagram.com/p/CUrqxlWpuYY/,672.jpg,10/6/2021 9:34,".
Main dulu ah😂
#Repost @nurhdy.s 

📍 Perengan Anteng, Jati Agung Lampung Selatan
Visit 👉www.ayokelampung.com

Salam Generasi Pesona Indonesia
Lapah Gham Jamo-Jamo Ngelestareiken Bumi Lampung

Visit www.genpilampung.com

@jokowi @kemensetneg.ri 
@sandiuno @kemenparekraf.ri 
@dwita_ria @ellanuryamah @dpr_ri @ustadzabdulhakim @jihanchalim @dpdri
@arinal_djunaidi @pemprov.lampung
@mbak_nunik @pemprovlampung_
@rianasariarinal @pkk_provinsi_lampung
@edarwan1962 @pariwisata_lampung
@vera_moz76 @ekraf.lampun @lyanda_melly
@elhannidjafar @heliana.dewi @perindaglampung
@ellywahyuni.s @ade_ui @vittorio_dwison @lestyputriii
@wahrulfauzisilalahi @dprdlampung 
@dharmasetyawan.com_ @payungiuniversity
@infogeh @ayokelampung.com_ @lampung.media
@mbakjhe @genpiindonesia @wonderful.indonesiaku
@abdulrohmanwahidone @genpi_lampung

#genpi #genpilampung #genpilampung2021 #generasipesonaindonesia #pesonaindonesia #wonderfulindonesia #salamgenpigasgasgas #AyokeLampung #kelampungkeren #dilampungaja #diindonesiaaja #lampung #bandarlampung #kotametro #lampungbarat #lampungutara #lampungtimur #lampungtengah #lampungselatan #tanggamus #pringsewu #pesawaran #pesisirbarat #mesuji #waykanan #tulangbawang #tulangbawangbarat #love #lampungberjaya",Attraction,,rope bridge,tree house,tree farm,0.9287,0.015869,0.006484
https://www.instagram.com/p/CSYy8vWBAkk/,673.jpg,8/10/2021 8:37,"Pulau Mengkudu, Desa Totoharjo, Kecamatan Kalianda, Kabupaten Lampung Selatan. 

Repost @indsundarii21

Visit 👉 www.ayokelampung.com

@jokowi @kemensetneg.ri  @sandiuno @kemenparekraf.ri  @arinal_djunaidi @mbak_nunik @edarwan1962
@pariwisata_lampung @ekraf.lampung @rianasariarinal @ardito_wijaya @dharmasetyawan.com_ @payungiuniversity  @genpiindonesia @genpi_lampung 
.
#ayokelampung #travel #tour #wisata #holiday #pesonaindonesia #travelphotography #visitindonesia #jalanjalan #wonderfulindonesia #like4like #wisataindonesia #lfl #wisatalampung #lampunggeh #lampung #genpilampung #bandarlampung #lampunginsta #lampungselatan #lampungbarat #lampunghits #lampungtengah #lampungtimur #lampungwisata #lampungkece #lampungyay #lampungeksis #lampungkeren #lampunggham",Attraction,,lagoon,beach,islet,0.800091,0.053997,0.050663
https://www.instagram.com/p/CeXzHKnBeup/,674.jpg,6/4/2022 5:36,"Terbangun di Surga, Vitaminsea❤️

Pict @_ayuafita

📍Pantai Kedu Warna, Kalianda, Lampung Selatan. 

Visit 👉 www.ayokelampung.com

#ayokelampung #travel #tour #wisata #holiday #pesonaindonesia #travelphotography #visitindonesia #jalanjalan #wonderfulindonesia #like4like #wisataindonesia #lfl #wisatalampung #lampunggeh #lampung #genpilampung #bandarlampung #lampunginsta #lampungselatan #lampungbarat #lampunghits #lampungtengah #lampungtimur #lampungwisata #lampungkece #lampungyay #lampungeksis #lampungkeren #lampunggham",Attraction,,beach,ice shelf,ocean,0.557963,0.133082,0.073057
https://www.instagram.com/p/CUFiVsohRj-/,675.jpg,9/21/2021 14:09,"Lampung Selatan juga punya wisata air terjun yang indah loh, namanya adalah air terjun way tayas.
Suasana air terjun ini terbilang sangat alami dan memberi rasa tenang.

Repost from : @samudraikwanul 

📍Air Terjun Way Tayas Kalianda, Lampung Selatan

Visit 👉 www.ayokelampung.com

@jokowi @kemensetneg.ri  @sandiuno @kemenparekraf.ri  @arinal_djunaidi @mbak_nunik @edarwan1962
@pariwisata_lampung @ekraf.lampung @rianasariarinal @ardito_wijaya @dharmasetyawan.com_ @payungiuniversity  @genpiindonesia @genpi_lampung 
.
#ayokelampung #travel #tour #wisata #holiday #pesonaindonesia #travelphotography #visitindonesia #jalanjalan #wonderfulindonesia #like4like #wisataindonesia #lfl #wisatalampung #lampunggeh #lampung #genpilampung #bandarlampung #lampunginsta #lampungselatan #lampungbarat #lampunghits #lampungtengah #lampungtimur #lampungwisata #lampungkece #lampungyay #lampungeksis #lampungkeren #lampunggham",Attraction,,waterfall,mountain,canyon,0.566652,0.128345,0.085676
https://www.instagram.com/p/CVKW5rBPqY6/,676.jpg,10/18/2021 7:37,"""Gingercoffee""
Nikamat nya aroma kopi berpadu dengan hangat nya jahè murni,bikin ngopi kamu makin nikmat😉

Yuk,ajak keluarga,teman dan juga pasangan kamu ngopi bareng di Cafe kami😍

#dsascafeandresto #kopienak #coffeehot #indonesiafood #kulinerlampungenak2 #kopilampung #kaliandaig #kopinikmat #lampungkeren #lampungselatan #lfl❤️ #followforfollowback 

Buka setiap hari :
Pukul 09.00 s/d 21.00 WIB

Visit us,
📍Jl trans sumatra km,57 kec,kalianda kab,lampung selatan 35513 indonesia (Depan kodim kalianda,lampung selatan)",Amenities,,zen garden,fountain,beer garden,0.120716,0.087296,0.083068
https://www.instagram.com/p/CTHUhgPhvk-/,677.jpg,8/28/2021 10:15,"🌊 Pantai Kedu Warna, Sinar Laut, Kalianda Lampung Selatan

Masih tentang senja.....
.
Reposted from @01_zulkifli 
.
Visit 👉 www.ayokelampung.com

@jokowi @kemensetneg.ri  @sandiuno @kemenparekraf.ri  @arinal_djunaidi @mbak_nunik @edarwan1962
@pariwisata_lampung @ekraf.lampung @rianasariarinal @ardito_wijaya @dharmasetyawan.com_ @payungiuniversity  @genpiindonesia @genpi_lampung 
.
#ayokelampung #travel #tour #wisata #holiday #pesonaindonesia #travelphotography #visitindonesia #jalanjalan #wonderfulindonesia #like4like #wisataindonesia #lfl #wisatalampung #lampunggeh #lampung #genpilampung #bandarlampung #lampunginsta #lampungselatan #lampungbarat #lampunghits #lampungtengah #lampungtimur #lampungwisata #lampungkece #lampungyay #lampungeksis #lampungkeren #lampunggham",Attraction,,beach,playground,ocean,0.16756,0.158062,0.116346
https://www.instagram.com/p/CdsXPKmBjwo/,678.jpg,5/18/2022 8:45,"Metamorfase dari ulat menjadi kupu-kupu

Pict @sitimdwmh

📍Pantai Marina, Kalianda Lampung Selatan

Visit 👉 www.ayokelampung.com

#ayokelampung #travel #tour #wisata #holiday #pesonaindonesia #travelphotography #visitindonesia #jalanjalan #wonderfulindonesia #like4like #wisataindonesia #lfl #wisatalampung #lampunggeh #lampung #genpilampung #bandarlampung #lampunginsta #lampungselatan #lampungbarat #lampunghits #lampungtengah #lampungtimur #lampungwisata #lampungkece #lampungyay #lampungeksis #lampungkeren #lampunggham",Attraction,,beach,ocean,coast,0.265408,0.171894,0.161956
https://www.instagram.com/p/CaEVYvrLf7C/,679.jpg,2/17/2022 6:05,"Latih piikiran supaya lebih kuat dari perasaaan 🍃
.
🍁 Air Tejun Way Tayas, Rajabasa, Lampung Selatan.

Pict @aisyhnraini

Visit 👉 www.ayokelampung.com

#ayokelampung #travel #tour #wisata #holiday #pesonaindonesia #travelphotography #visitindonesia #jalanjalan #wonderfulindonesia #like4like #wisataindonesia #lfl #wisatalampung #lampunggeh #lampung #genpilampung #bandarlampung #lampunginsta #lampungselatan #lampungbarat #lampunghits #lampungtengah #lampungtimur #lampungwisata #lampungkece #lampungyay #lampungeksis #lampungkeren #lampunggham",Attraction,,waterfall,mountain,rainforest,0.80784,0.070348,0.050555
https://www.instagram.com/p/CbM30Dgri1-/,680.jpg,3/17/2022 10:11,"Shine ✨
.
Loct : Pulau Sekepal, Bakauheni, Lampung Selatan

Repost @odi_mudirul

Visit 👉 www.ayokelampung.com

#ayokelampung #travel #tour #wisata #holiday #pesonaindonesia #travelphotography #visitindonesia #jalanjalan #wonderfulindonesia #like4like #wisataindonesia #lfl #wisatalampung #lampunggeh #lampung #genpilampung #bandarlampung #lampunginsta #lampungselatan #lampungbarat #lampunghits #lampungtengah #lampungtimur #lampungwisata #lampungkece #lampungyay #lampungeksis #lampungkeren #lampunggham",Attraction,,natural,lagoon,river,0.217033,0.202034,0.119209
https://www.instagram.com/p/CeivLC6Br4x/,681.jpg,6/8/2022 11:33,"🤍🕊

Pict @marchellaandaniii

📍kalianda

Visit 👉 www.ayokelampung.com

#ayokelampung #travel #tour #wisata #holiday #pesonaindonesia #travelphotography #visitindonesia #jalanjalan #wonderfulindonesia #like4like #wisataindonesia #lfl #wisatalampung #lampunggeh #lampung #genpilampung #bandarlampung #lampunginsta #lampungselatan #lampungbarat #lampunghits #lampungtengah #lampungtimur #lampungwisata #lampungkece #lampungyay #lampungeksis #lampungkeren #lampunggham",Attraction,,lagoon,coast,beach,0.20561,0.196039,0.134762
https://www.instagram.com/p/CbmVUTULA-d/,682.jpg,3/27/2022 7:30,"Wisata Keluarga cek 👉
Terletak di Lampung Selatan guys. Dekat sekali dari pusat kota bandar Lampung.
Cocok banget untuk berwisata bersama keluarga sambil mancing bersama.. uhmm 🤤
-

Lokasi. 📍 Villa Pemancingan Raja, Sabah balau, Lampung Selatan.
@villapemancinganraja

Repost: @chorysefrika

Visit 👉 www.ayokelampung.com

#ayokelampung #travel #tour #wisata #holiday #pesonaindonesia #travelphotography #visitindonesia #jalanjalan #wonderfulindonesia #like4like #wisataindonesia #lfl #wisatalampung #lampunggeh #lampung #genpilampung #bandarlampung #lampunginsta #lampungselatan #lampungbarat #lampunghits #lampungtengah #lampungtimur #lampungwisata #lampungkece #lampungyay #lampungeksis #lampungkeren #lampunggham",Amenities,,chalet,exterior,tree house,0.291932,0.210774,0.127642
https://www.instagram.com/p/CZZW6vcJCM0/,683.jpg,1/31/2022 13:31,"Sudah banyak drama yg telah di lalui brodii..

📍 Air terjun waytayas Kalianda Lampung Selatan

Repost from @jndn169

Visit 👉 www.ayokelampung.com

@jokowi @kemensetneg.ri @sandiuno @kemenparekraf.ri @arinal_djunaidi @mbak_nunik @edarwan1962
@pariwisata_lampung @ekraf.lampung @rianasariarinal @ardito_wijaya @dharmasetyawan.com_ @payungiuniversity @genpiindonesia @genpi_lampung
.
#ayokelampung #travel #tour #wisata #holiday #pesonaindonesia #travelphotography #visitindonesia #jalanjalan #wonderfulindonesia #like4like #wisataindonesia #lfl #wisatalampung #lampunggeh #lampung #genpilampung #bandarlampung #lampunginsta #lampungselatan #lampungbarat #lampunghits #lampungtengah #lampungtimur #lampungwisata #lampungkece #lampungyay #lampungeksis #lampungkeren #lampunggham",Attraction,,waterfall,rainforest,mountain,0.689084,0.103764,0.025187
https://www.instagram.com/p/Cb4UdTiL_qt/,684.jpg,4/3/2022 7:09,"Dan pada akhirnya,sebagai mana yg sudah tertakar,tidak kan pernah tertukar.
➖➖➖➖➖➖➖➖➖➖➖➖

Pict @nindyzero_

📍@titianmutiarabeach
Pantai Titian Mutiara,Lampung Selatan.

Visit 👉 www.ayokelampung.com

#ayokelampung #travel #tour #wisata #holiday #pesonaindonesia #travelphotography #visitindonesia #jalanjalan #wonderfulindonesia #like4like #wisataindonesia #lfl #wisatalampung #lampunggeh #lampung #genpilampung #bandarlampung #lampunginsta #lampungselatan #lampungbarat #lampunghits #lampungtengah #lampungtimur #lampungwisata #lampungkece #lampungyay #lampungeksis #lampungkeren #lampunggham",Attraction,,ocean,coast,sky,0.427574,0.12628,0.123137
https://www.instagram.com/p/DFTsNX_TOd2/,685.jpg,1/26/2025 23:43,"Good Morning, Happy Long Weekend everyone❗️

#liburan #sisaliburan #liburanmurah #liburpanjang #holiday #morning #pagi #love #🤩 #lampunggeh #lamsel #palas #bangunan",Accessibility,,boat deck,promenade,pier,0.294331,0.234026,0.146884
https://www.instagram.com/p/CXfT3kILnfo/,686.jpg,12/15/2021 3:57,"Menyukai bukan berarti harus memiliki 
Itulah aku ketika buka shopee 

Shopee cod 
Shopee cod
Bayar - bayar di tempat 

______________________________________

#shoope_id #shoope #liburan #menarasiger #sunset #traveling #lampunggehh #lamsel",Attraction,,lighthouse,natural,river,0.345067,0.088341,0.05528
https://www.instagram.com/p/CWh4Ubqhiqi/,687.jpg,11/21/2021 7:23,"Hey hey Muli Mekhanai tetap patuhi prokes ya jngan lupa pakai masker
Inget jaga diri kalian dan syangi keluarga kalian
•
•
•
•
Fot by
📷@paltra54
______________________
Info tempat : @sebalangyay 
________________________
#lampungbikinkeren
 #sebalangbeach #sebalangbeachlampung #sebalang #lampungselatan #wisata #kalianda #explorelampung #wisata #pantai #kelilinglampung #pencintaalam #indonesia #sunset #lamsel #lampungexsis #lampung #anakselatan #camp#sebalangcamp
#sebalang #selatan
#bandarlampung #hits #viral #senja #sunset #sebalang #sebalangbeachlampung
#selatan #sunset #viral #hitslampung #hits #holidays #holiday #virallucu #liburan 
#pantailampungselatan""",Attraction,,ocean,coast,beach,0.166241,0.089931,0.085079
https://www.instagram.com/p/CYL4YBFPT7q/,688.jpg,1/1/2022 11:23,"Mengisi liburan tahun baru merupakan tradisi di masyarakat, ttak terkecuali warga masyarakat yang ada di Lampung Selatan.

Seperti yang terlihat hari ini, Sabtu (01/01/2022), sejumlah warga sekitar Kota Kalianda berduyun-duyun datang dan memadati Kebun Edukasi yang ada dikomplek  Rumah Dinas Bupati Lamsel. Sejak pagi hari hingga petang ini, antusias masyarakat Kalianda dan sekitarnya tampak besar sekali untuk mengunjungi wahana kebanggan Bapak Nanang Ermanto ini. 

Contoh seperti yang dikatakan Ifan (32) warga Way Panji, mulanya mereka bermaksud pergi ke pantai, namun pantai yang ada di seputaran Kota Kalianda sudah ramai ditambah jalan menuju kesana macet, jadi dia memilih ke Kebun Edukasi untuk tempat rekreasi hari ini. 

""Tadinya saya bermaksud  pergi ke pantai bersama keluarga mas, tapi ternyata disana sudah ramai, jadi tadi ada usulan dari keluarga untuk ke Kebun Edukasi ini saja, eh ternyata di Kebun Edukasi ini tempatnya cukup bagus, nyaman dan banyak lokasi untuk foto-foto juga, "" kata Ifan dengan mimik senang.

Ditambahkan Ifan, yang berprofesi sebagai pedagang gabah ini, Kebun Edukasi yang santer selama ini ternyata memang mengasyikkan dikunjungi. 

""Ya walaupun saya dari desa, sudah biasa lihat tanaman, tapi disini lain daripada yang lain mas. Ada tanaman yang sangat subur, karena dirawat dengan baik juga lengkap dengan pondokan segala. Ditambah lagi banyak wahana bermain anak-anak. Pokoknya kami sangat senang mas datang kesini. Ada air mancur pula, banyak sekali spot untuk berfoto disini. Besok-besok kami akan datang lagi kesini bersama keluarga dan tetangga kami,"" ujar Ifan lagi. 

Dari pantauan sore ini , Kebun edukasi, nampak masih dipadati pengunjung, parkiran sampai penuh kendaraan baik roda 2 maupun roda 4, ternyata Kebun Edukasi ini juga bisa di jadikan tempat liburan alternatif di tahun baru, selain gratis, juga sudah di lengkapi juga dengan berbagai fasilitas penunjang, mulai dari Mushola, Wi Fi, kuliner, dan terutama gratis masuknya gaes. (pra/mp)",Attraction,slide 2,village,playground,outdoor,0.246185,0.117542,0.061276
https://www.instagram.com/p/CMtVEZcMQUK/,689.jpg,3/22/2021 4:52,"Pantai Sebalang

Tabik pun
Selamat siang muli mekhanai, selamat beraktifitas jangan lupa untuk rehat sejenak,tenangin fikiran 
Gmna? Udah tau mau liburan atau piknik kmana?kalau masih bingung langsung aja ke @sebalangyay , kalian bsa di manjain dengan sunset yang cukup bagua bnget,trus suasana Bean ban ala ala Bali gitu hehehe
•
•
•
•
Foto by
📷@ameliaprs
______________________
Pengen foto/video nya direpost?
Tag dan follow akun @sebalangyay 
Sertakan #sebalangyay 
#Repost @sebalangyay
________________________
________________________
#sebalangyay #sebalangbeach #sebalangbeachlampung #sebalang #lampungselatan #wisata #kalianda #explorelampung #wisata #pantai #kelilinglampung #pencintaalam #indonesia #sunset #lamsel #lampungexsis #lampung #anakselatan #camp#sebalangcamp
#sebalang #selatan
#bandarlampung #hits #viral #senja #sunset #sebalang #sebalangbeachlampung
#selatan #sunset #viral #hitslampung #hits #holidays #holiday 
#pantailampungselatan",Amenities,,water park,beach,campsite,0.276103,0.120341,0.117874
https://www.instagram.com/p/CWe33zPhAfJ/,690.jpg,11/20/2021 3:21,Liburan tipis2 di sela kesibukan yg padat @ kedas resort pantai Minangrua lamsel,Attraction,,swimming hole,hot spring,raft,0.287461,0.126227,0.095029
https://www.instagram.com/p/CMSHOOCrwFH/,691.jpg,3/11/2021 15:11,"Selamat malam selamat libur panjang semoga hari hari kita menyenangkan , long weekend at  @wartawan_beach 🌴🌊☺️

#pantaiwartawan #pantaiindonesia #oyoindonesia #lampungselatanexplore #pesonaindonesia #pesonaid_travel #wonderfulindonesia #wonderfull_places #liker #likeforlikealways #ijilampung #lampungmoment #potretlampung #potretmalam #lampunghits #ilovelampung #lampungbarat #kelilinglampung #weekend #holiday #liburan #piknik #nuansabali #lamsel #lampungbarat #pariwisatalampung #vitaminsea",Amenities,,amusement park,carrousel,patio,0.412841,0.283564,0.024072
https://www.instagram.com/p/CYBqEf9PrxA/,692.jpg,12/28/2021 12:05,"Cuti dirumah aja?
Pergi liburan donk😁
Foya Foya setitik ya gaes : Menikmati Suasana pantai dan menginap di Grand Elty Krakatoa,Kalianda,Lampung Selatan (Lamsel) bareng adik bungsuku & kedua temannya🥰",Attraction,,beach,ocean,coast,0.619255,0.142022,0.093075
https://www.instagram.com/p/CKMGvJGMJLm/,693.jpg,1/18/2021 14:09,"Pantai Bahari Sebalang Tarahan Lampung Selatan

Pantai sebalang, banyak orang yang bilang bali nya Lampung,pencetus pertama pantai yang mengusung nuansa bali, dengan mengubah konsep pantai menggunakan bean bag dan payung ala bali
Sehingga banyak pantai atau tempat wisata dilampung yang mengikuti semoga pariwasata dilampung makin terekspos,dan dikenal dinasional atau pun internasional, sehingga membuat UMKM di Lampung berkembang dengan baik,
______________________
Pengen foto/video nya direpost?
Tag dan follow akun @sebalangyay 
Sertakan #sebalangyay 
#Repost @sebalangyay
________________________
________________________
#kaliandaig
#sebalangyay #sebalangbeach #sebalangbeachlampung #sebalang #lampungselatan #wisata #kalianda #explorelampung #wisata #pantai #kelilinglampung #pencintaalam #indonesia #sunset #lamsel #lampungexsis #lampung 
#sebalang #selatan
#bandarlampung #hits #viral #senja #sunset #sebalang #sebalangbeachlampung
#selatan #sunset #viral #hitslampung #hits #holidays #holiday #virallucu #liburan 
#pantailampungselatan2",Amenities,,village,beach house,coast,0.348886,0.122494,0.102954
https://www.instagram.com/p/DTLsBQCk-_U/,694.jpg,1/6/2026 20:27,Way Tebing Ceppa @way_tebing_ceppa di Lamsel merupakan tempat pemandian air yang langsung dari pegunungan tanpa kaporit dan sungguh adem sekali airnya #liburan #wisatawan #waytebingceppa #lampungselatan #fyp MasyaAllah Tabarakallah...,Accessibility,,rope bridge,park,outdoor,0.161687,0.115055,0.076067
https://www.instagram.com/p/CTz3T-nhZdD/,695.jpg,9/14/2021 17:26,"Karaoke Night setiap hari senin, selasa, kamis, dan Jumat ya gaeesss.. live music setiap hari Rabu, sabtu, dan minggu.. cuss lahh yukk.. udah lama gak yukk.. @sebalang_space 😁

Tabik pun Muli Mekhanai @sebalang_space Ada promo ni buat kalian yang suka ke pantai @sebalangyay 
Minimal pembelian 300k 
Kalian dapet free Bean bag 5 loh
Kuy buruan jngan sampai ketinggalan
Persyaratan nya:
1.harus boking h-1
2.tag & follow @sebalang_space 
3.tag & follow @sebalangyay 

📷 @adinerik02
Follow 
@sebalang_space @holiday_lampung
Loc
@sebalang_space
______________________
Pengen foto/video nya direpost?
-Pakai makser
-Tag dan follow akun @sebalangyay 
-Sertakan #sebalangyay 
________________________
________________________
#sebalangyay #sebalangbeach #sebalangbeachlampung #sebalang #lampungselatan #wisata #kalianda #explorelampung #wisata #pantai #kelilinglampung #pencintaalam #indonesia #sunset #lamsel #lampungexsis #lampung #anakselatan #camp#sebalangcamp
#sebalang #selatan
#bandarlampung #hits #viral #senja #sunset #sebalang #sebalangbeachlampung
#selatan #sunset #viral #hitslampung #hits #holidays #holiday #viralindonesia",Amenities,,river,marsh,boathouse,0.053445,0.049669,0.041545
