Post URL,File,Post Date,Caption,Anotasi,Catatan,caption_clean,hashtags_clean,caption_normalized
https://www.instagram.com/p/DXyhP25j7o3/,1.jpg,46143.353692129633,"The beach is fun, while the mountains are calming🌊🏝️⛰️
#gunungkratau #pantaisebesi #lampungselatan #pulausebesi",Attraction,,"the beach is fun, while the mountains are calming🌊🏝️⛰️",gunungkratau pantaisebesi lampungselatan pulausebesi,the beach is fun while the mountains are calming laut pulau gunung
https://www.instagram.com/p/C-Id93hyegu/,2.jpg,45505.644224537027,"Pantai Slimpuyang , Sidomulyo , Lampung selatan.
.
. 
. 
Repost : @anandamdini_ 
. 
. 
#LampungInsta #Lampung #kelilinglampung #ExploreLampung #bandarlampung #indonesia #indonesiaku #alamindonesia #wonderfulindonesia #tamanindonesiakaya #indonesiaindah #kalianda #lampungselatan",Attraction,,"pantai slimpuyang, sidomulyo, lampung selatan repost",lampung insta lampung kelilinglampung explore lampung bandarlampung indonesia indonesiaku alamindonesia wonderfulindonesia tamanindonesiakaya indonesiaindah kalianda lampungselatan,pantai slimpuyang sidomulyo lampung selatan repost
https://www.instagram.com/p/DRY11KTj8nt/,3.jpg,45984.25,"A welcoming spot where groups can find shade, connect, and enjoy a peaceful break!

Booking and Reservation:
Whatsapp +62 821 2200 2098

—
Pantai Setigi Heni
Canggung, Lampung Selatan

#SetigiHeni #HarmonyWithNature #BatokKelapaBeachCafe #ShellOfFlavor #HiddenGem #Canggung #LampungSelatan",Amenities,,"a welcoming spot where groups can find shade, connect, and enjoy a peaceful break! booking and reservation: whatsapp +62 821 2200 2098 pantai setigi heni canggung, lampung selatan",setigi heni harmony with nature batok kelapa beach cafe shell of flavor hidden gem canggung lampung selatan,a welcoming spot where groups can find shade connect and enjoy a peaceful break booking and reservation whatsapp 62 821 2200 2098 pantai setigi heni canggung lampung selatan
https://www.instagram.com/p/DBFjvtxyijQ/,4.jpg,45579.079606481479,"The beach is the answer to relieve fatigue from busy routines
°°°
@nata_ari77
@danangichwandii

°°°

Pantai Aruna Lampung
Jl. H. Muthalib, Desa Merak Belantung, Kec. kalianda
Lampung Selatan
📞 081541398534 (Kania) 

#lampung #lampungselatan #lampungtimur
#lampungtengah #pantai #metime #tulangbawang #tulangbawangbarat #travellerlampung #beachlife #beachvibes #jalanjalan #metime #campervan
#pantai #pantaiindonesia #lampungtimur #bandarlampung #ffff #detik #girl #ceweindonesia #lampungtengah #lampungselatan #palembang #tulangbawang #mata_lampungku #pikniklampung",Attraction,,"the beach is the answer to relieve fatigue from busy routines pantai aruna lampung jl. h. muthalib, desa merak belantung, kec. kalianda lampung selatan 📞 081541398534 (kania)",lampung lampungselatan lampungtimur lampungtengah pantai metime tulangbawang tulangbawangbarat travellerlampung beachlife beachvibes jalanjalan campervan pantaiindonesia bandarlampung ffff detik girl ceweindonesia palembang mata lampungku pikniklampung,the beach is the answer to relieve fatigue from busy routines pantai aruna lampung jl h muthalib desa merak belantung kec kalianda lampung selatan telepon 081541398534 kania
https://www.instagram.com/p/DMzwtWsx-N1/,5.jpg,45870.429386574076,"Thank you for visiting at minangrua beach🌊☀
— SNORKELING Rp:75.000/pax all fasilitas 

Make sure your vacation is a good and fun moment, trust us !!!

Liburan di pantai, tapi bukan sekedar pantai.
Pantai minangrua menyajikan rekreasi alam yg berbeda.
Selain pantai, di Minangrua juga ada destinasi wisata lain.
Seperti, Air Terjun Dan Green Canyon.

Your family story must be happy!!
 ________________________
This is👉. Pantai Minangrua - Desa Kelawi - Bakauheni - Lampung Selatan.

Rute: 1.5 jam dari kota Bandar lampung. 10 menit dari Pelabuhan Bakauheni. 
________________________
Hurry up, follow us, because we are processing something amazing!!!
NOTE!!!
(Lodging on this beach is very limited)
__
Pos HTM: 10k/orang (non higeseason) 
__
Green Canyon HTM: 15k/orang 
__
Family Gathering Mulai Rp:170.000/orang
__
Snorkeling mulai Rp: 75.000/orang 

More info & Reservasi: HP/WA: 081272250665
________________________
Don’t miss out on information!!

Tag dan follow 👇👇

@minangruabeach_inn
@pantaiminangrua_lampung

Sertakan #minangruabeach 
❎ Vacation is a necessity too
________________________
•Don’t focus too much on money•
________________________
#minangruabeachinn #minangruabeach #pantaiminangrua #bakauheni #lampungselatan #lampung #lampung #bandung #palembang #travel #explore #tourism #trip #explore",Ancillary,,"thank you for visiting at minangrua beach🌊☀ snorkeling rp:75.000/pax all fasilitas make sure your vacation is a good and fun moment, trust us! liburan di pantai, tapi bukan sekedar pantai. pantai minangrua menyajikan rekreasi alam yg berbeda. selain pantai, di minangrua juga ada destinasi wisata lain. seperti, air terjun dan green canyon. your family story must be happy! this is👉. pantai minangrua - desa kelawi - bakauheni - lampung selatan. rute: 1.5 jam dari kota bandar lampung. 10 menit dari pelabuhan bakauheni. hurry up, follow us, because we are processing something amazing! note! (lodging on this beach is very limited) pos htm: 10k/orang (non higeseason) green canyon htm: 15k/orang family gathering mulai rp:170.000/orang snorkeling mulai rp: 75.000/orang more info dan reservasi: hp/wa: 081272250665 don’t miss out on information! tag dan follow 👇👇 sertakan ❎ vacation is a necessity too don’t focus too much on money",minangruabeach minangruabeachinn pantaiminangrua bakauheni lampungselatan lampung bandung palembang travel explore tourism trip,thank you for visiting at minangrua beach laut matahari snorkeling rupiah 75 00 orang all fasilitas make sure your vacation is a good and fun moment trust us liburan di pantai tapi bukan sekedar pantai pantai minangrua menyajikan rekreasi alam yang berbeda selain pantai di minangrua juga ada destinasi wisata lain seperti air terjun dan green canyon your family story must be happy this is arah pantai minangrua desa kelawi bakauheni lampung selatan rute 1 5 jam dari kota bandar lampung 10 menit dari pelabuhan bakauheni hurry up follow us because we are processing something amazing note lodging on this beach is very limited pos harga tiket masuk 10k orang non higeseason green canyon harga tiket masuk 15k orang family gathering mulai rupiah 170 00 orang snorkeling mulai rupiah 75 00 orang more info dan reservasi hp whatsapp 081272250665 don t miss out on information tag dan follow arah bawah arah bawah sertakan salah vacation is a necessity too don t focus too much on money
https://www.instagram.com/p/DKTkK9kvUDx/,6.jpg,45808.215277777781,"Langkah kecil menuju laut, harapan besar untuk alam 🌊🐢 Mari jaga laut dan kehidupan yang ada di dalamnya! 

Booking and Reservation:
Whatsapp +62 821 2200 2098

—
Pantai Setigi Heni
Canggung, Lampung Selatan

#SetigiHeni #HarmonyWithNature #BatokKelapaBeachCafe #ShellOfFlavor #HiddenGem #Canggung #LampungSelatan",Attraction,,"langkah kecil menuju laut, harapan besar untuk alam 🌊🐢 mari jaga laut dan kehidupan yang ada di dalamnya! booking and reservation: whatsapp +62 821 2200 2098 pantai setigi heni canggung, lampung selatan",setigi heni harmony with nature batok kelapa beach cafe shell of flavor hidden gem canggung lampung selatan,langkah kecil menuju laut harapan besar untuk alam laut penyu mari jaga laut dan kehidupan yang ada di dalamnya booking and reservation whatsapp 62 821 2200 2098 pantai setigi heni canggung lampung selatan
https://www.instagram.com/p/DDTir0zvvzA/,7.jpg,45634.220509259263,"The pile of coral reef 🌊 

Booking and Reservation:
Whatsapp +62 821 2200 2098

—
Pantai Setigi Heni
Canggung, Lampung Selatan

#SetigiHeni #HarmonyWithNature #BatokKelapaBeachCafe #ShellOfFlavor #HiddenGem #Canggung #LampungSelatan",Attraction,,"the pile of coral reef 🌊 booking and reservation: whatsapp +62 821 2200 2098 pantai setigi heni canggung, lampung selatan",setigi heni harmony with nature batok kelapa beach cafe shell of flavor hidden gem canggung lampung selatan,the pile of coral reef laut booking and reservation whatsapp 62 821 2200 2098 pantai setigi heni canggung lampung selatan
https://www.instagram.com/p/CvLuYZsPOeM/,8.jpg,45134.08189814815,"bentar lagi udah mau weekend aja nih, kalian udah punya rencana mau berwisata kemana? kalau belum ada coba deh datang berwisata ke Pantai Marina.

Pantai yang menyuguhkan indahnya spot bebatuan karang ini sudah memiliki fasilitas penunjang lainnya seperti spot foto dan kuliner. yuk berwisata ke pantai yang ada di kalianda.

Loc: Pantai Marina, Kalianda, Lampung Selatan.

#tempatwisatalampung #marinabeach #pantaimarina #wonderfulindonesia #wisatalampungselatan #beach #wisatalampung #wisataindonesia",Attraction,,"bentar lagi udah mau weekend aja nih, kalian udah punya rencana mau berwisata kemana? kalau belum ada coba deh datang berwisata ke pantai marina. pantai yang menyuguhkan indahnya spot bebatuan karang ini sudah memiliki fasilitas penunjang lainnya seperti spot foto dan kuliner. yuk berwisata ke pantai yang ada di kalianda. loc: pantai marina, kalianda, lampung selatan",tempatwisatalampung marinabeach pantaimarina wonderfulindonesia wisatalampungselatan beach wisatalampung wisataindonesia,sebentar lagi sudah mau weekend saja ini kalian sudah punya rencana mau berwisata kemana kalau belum ada coba deh datang berwisata ke pantai marina pantai yang menyuguhkan indahnya spot bebatuan karang ini sudah memiliki fasilitas penunjang lainnya seperti spot foto dan kuliner ayo berwisata ke pantai yang ada di kalianda lokasi pantai marina kalianda lampung selatan
https://www.instagram.com/p/CoZOKbtp71U/,9.jpg,44965.337500000001,"photo family
#couplesyah#kalianda #wisatakalianda #wisatalampungselatan #pantaikalindalampung #kaliandahits #pantaikalianda #jalanjalankalianda #pantailampungselatan #kalianda #pantaiaranglampung #jasaphotopantaikalinda #tempatwisatalampung #wisatalampungselatan #photofamilykalinda #photofamily #photofamilyoutdoor #farrsofampict",Attraction,,photo family,couplesyah kalianda wisatakalianda wisatalampungselatan pantaikalindalampung kaliandahits pantaikalianda jalanjalankalianda pantailampungselatan pantaiaranglampung jasaphotopantaikalinda tempatwisatalampung photofamilykalinda photofamily photofamilyoutdoor farrsofampict,photo family
https://www.instagram.com/p/CoRTEOnpF_2/,10.jpg,44962.260370370372,"photofamily

#kalianda #wisatakalianda #wisatalampungselatan #pantaikalindalampung #kaliandahits #pantaikalianda #jalanjalankalianda #pantailampungselatan #kalianda #pantaikeduwarna #jasaphotopantaikalinda #wisatalampungselatan #photofamilykalinda #photofamily #photofamilyoutdoor #farrsofampict",Attraction,,photofamily,kalianda wisatakalianda wisatalampungselatan pantaikalindalampung kaliandahits pantaikalianda jalanjalankalianda pantailampungselatan pantaikeduwarna jasaphotopantaikalinda photofamilykalinda photofamily photofamilyoutdoor farrsofampict,photofamily
https://www.instagram.com/p/C-P1IPVp4Dk/,11.jpg,45508.503310185188,#waytayaskaliandalampungselatan #wisatalampungselatan #pesonaindonesia,Attraction,,,waytayaskaliandalampungselatan wisatalampungselatan pesonaindonesia,
https://www.instagram.com/p/CVy29UNvwqn/,12.jpg,44503.046527777777,"Lampung Selatan banyak banget punya destinasi wisata pantai, salah satu fasilitas yang disukai oleh traveler adalah adanya fasilitas perlengkapan camping yang disediakan oleh pengelola pantai.
.
.
.
.
.
📸 @putrimaharanis15 
🌱 Mbeach, Kalianda, Lampung Selatan
.
.
.
.
.
.
#mbeach 
#pantaikalianda 
#wisatalampungselatan 
#tempatwisatalampung 
#wonderfulinfonesia",Attraction,,"lampung selatan banyak banget punya destinasi wisata pantai, salah satu fasilitas yang disukai oleh traveler adalah adanya fasilitas perlengkapan camping yang disediakan oleh pengelola pantai 📸 🌱 mbeach, kalianda, lampung selatan",mbeach pantaikalianda wisatalampungselatan tempatwisatalampung wonderfulinfonesia,lampung selatan banyak banget punya destinasi wisata pantai salah satu fasilitas yang disukai oleh traveler adalah adanya fasilitas perlengkapan camping yang disediakan oleh pengelola pantai kamera alam mbeach kalianda lampung selatan
https://www.instagram.com/p/DXv1jH8jpWO/,13.jpg,46142.311793981477,"Let the fun roll!
Ajak temen-temen kamu buat ngerasain serunya rolling donuts di green canyon!
.
.
#greencanyonminangrua #rollingdonut #wisatalampungselatan #kedashotelresort #wisatalampung",Attraction,,let the fun roll! ajak temen-temen kamu buat ngerasain serunya rolling donuts di green canyon!,greencanyonminangrua rollingdonut wisatalampungselatan kedashotelresort wisatalampung,let the fun roll ajak temen temen kamu buat ngerasain serunya rolling donuts di green canyon
https://www.instagram.com/p/Cj4WZjBPFuU/,14.jpg,44853.151018518518,"Pantai @mbeachkalianda 
tiket masuk 35K weekend. pantainya bersih. #lampung #wisatalampungselatan #pantailampung",Attraction,,pantai tiket masuk 35k weekend. pantainya bersih,lampung wisatalampungselatan pantailampung,pantai tiket masuk 35k weekend pantainya bersih
https://www.instagram.com/p/CrsDYTAAxpp/,15.jpg,45047.21634259259,"#wisatalampungselatan 
#kalianda",Attraction,,,wisatalampungselatan kalianda,
https://www.instagram.com/p/DH7LclUzoP7/,16.jpg,45749.034490740742,💦🌸🏖️ #wisatalampungselatan,Attraction,,💦🌸🏖️,wisatalampungselatan,pantai
https://www.instagram.com/p/C6TWOBmSR1U/,17.jpg,45410.448645833327,"Rio by the beach 🌈🏝️
.
.
.
#pantaikaliandalampung #wisatalampungselatan",Attraction,,rio by the beach 🌈🏝️,pantaikaliandalampung wisatalampungselatan,rio by the beach pulau
https://www.instagram.com/p/CWcwpQkFLXB/,18.jpg,44519.319398148153,"#wisatalampungselatan
#waykalamkalianda",Attraction,,,wisatalampungselatan waykalamkalianda,
https://www.instagram.com/p/C7Y_8aTPC5J/,19.jpg,45437.498784722222,"Pesona matahari tenggelam di pantai Sebalang 
#pantaisebalanglampung
#sunset
#wisatapantai 
#wisatalampungselatan",Attraction,Sunset,pesona matahari tenggelam di pantai sebalang,pantaisebalanglampung sunset wisatapantai wisatalampungselatan,pesona matahari tenggelam di pantai sebalang
https://www.instagram.com/p/CrtQKOfPeDq/,20.jpg,45047.682256944441,"weekend vacation🌊
#pantaisetigiheni 
#wisatalampungselatan",Attraction,,weekend vacation🌊,pantaisetigiheni wisatalampungselatan,weekend vacation laut
https://www.instagram.com/p/DH73EG8TmFa/,21.jpg,45749.299166666657,With the girl’s  @debyrskspttri & @deanurarlikafasa ❤️ #wisatalampungselatan,Attraction,,with the girl’s dan ❤️,wisatalampungselatan,with the girl s dan cinta
https://www.instagram.com/p/C6bC0rtPk69/,22.jpg,45413.437847222223,"Gak perlu hebat dari orang lain
cukup lebih baik dari diri kita yang kemarin
hidup bukan tentang siapa yang terbaik 
tapi siapa yang berbuat baik
dan tidak pura pura baik

#riobythebeach 
#wisatalampungselatan",Attraction,,gak perlu hebat dari orang lain cukup lebih baik dari diri kita yang kemarin hidup bukan tentang siapa yang terbaik tapi siapa yang berbuat baik dan tidak pura pura baik,riobythebeach wisatalampungselatan,tidak perlu hebat dari orang lain cukup lebih baik dari diri kita yang kemarin hidup bukan tentang siapa yang terbaik tapi siapa yang berbuat baik dan tidak pura pura baik
https://www.instagram.com/p/DM4Y1Y2zsC6/,23.jpg,45872.226319444453,"Cuacanya cerah langitnya biru dan pohon2 yang hijau, ada kolam renang air nya seger dari gunung rajabasa,  anak anak pun seneng dan happy menikmati nya,
ini weekend tipis2 kita... 
#wayhalim
#waypenaga
#wtc
#wisatalampungselatan",Attraction,,"cuacanya cerah langitnya biru dan pohon2 yang hijau, ada kolam renang air nya seger dari gunung rajabasa, anak anak pun seneng dan happy menikmati nya, ini weekend tipis2 kita",wayhalim waypenaga wtc wisatalampungselatan,cuacanya cerah langitnya biru dan pohon2 yang hijau ada kolam renang air nya seger dari gunung rajabasa anak anak pun seneng dan happy menikmati nya ini weekend tipis2 kita
https://www.instagram.com/p/C3o0h2HSDR0/,24.jpg,45344.222754629627,"5 Februari 2022 🌊

#love #lfl #pantaimarinalampung #lampung #wisatalampungselatan",Attraction,Pantai (Lowres),5 februari 2022 🌊,love lfl pantaimarinalampung lampung wisatalampungselatan,5 februari 2022 laut
https://www.instagram.com/p/CWF-Y3HvYzM/,25.jpg,44510.470486111109,"Menikmati Indahnya Sunset di Pantai Semukuk
.
.
.
.
.
.
.
.
.
.
📍 @pantai.semukuk
🌏 Jl. Pesisir Desa pauh Tanjung Iman Kec. kalianda kab. LAMPUNG SELATAN
📸 @lilymuchsin9
.
.
.
.
.
.
.
.
#pantaisemukuk
#pantaikalianda
#wisatalampungselatan 
#wonderfullampung 
#tempatwisatalampung",Attraction,Sunset,menikmati indahnya sunset di pantai semukuk 📍 🌏 jl. pesisir desa pauh tanjung iman kec. kalianda kab. lampung selatan 📸,pantaisemukuk pantaikalianda wisatalampungselatan wonderfullampung tempatwisatalampung,menikmati indahnya sunset di pantai semukuk lokasi bumi jl pesisir desa pauh tanjung iman kec kalianda kab lampung selatan kamera
https://www.instagram.com/p/DFc1m6PPmK1/,26.jpg,45687.540856481479,"Jadilah bagian dari proses ini 🌱

#krakataupark #wisatalampung #wisatalampungselatan #jalanjalanlampung",Attraction,,jadilah bagian dari proses ini 🌱,krakataupark wisatalampung wisatalampungselatan jalanjalanlampung,jadilah bagian dari proses ini alam
https://www.instagram.com/p/CXnPotYPm9k/,27.jpg,44548.246215277781,"Disini siapa yang belum pernah berkunjung ke Pantai Batu Ceper😊, 

Yang belum coba deh, bebatuan karang di tepi Pantainya estetik Benget, cocok nih buat yang hobi foto-foto
.
.
.
.
.
.
.
📸 @jakadwisaputra_ 
🌱 Pantai Batu Ceper, Lampung Selatan -
.
.
.
.
.
.
#pantaibatuceper 
#pantaikalianda 
#wisatalampungselatan 
#wonderfullampung 
#tempatcampinglampung 
#tempatwisatalampung 
#instagramtravel",Attraction,,"disini siapa yang belum pernah berkunjung ke pantai batu ceper😊, yang belum coba deh, bebatuan karang di tepi pantainya estetik benget, cocok nih buat yang hobi foto-foto 📸 🌱 pantai batu ceper, lampung selatan",pantaibatuceper pantaikalianda wisatalampungselatan wonderfullampung tempatcampinglampung tempatwisatalampung instagramtravel,disini siapa yang belum pernah berkunjung ke pantai batu ceper senang yang belum coba deh bebatuan karang di tepi pantainya estetik benget cocok ini buat yang hobi foto foto kamera alam pantai batu ceper lampung selatan
https://www.instagram.com/p/DNcOq5pBFak/,28.jpg,45886.14565972222,"""Indahnya alam Lampung Selatan berpadu dengan semangat Merah Putih.
Di setiap langkah wisata, ada cinta pada negeri yang kita jaga bersama. ❤️🤍
Dirgahayu Republik Indonesia ke-80! 🇮🇩
#PesonaMerahPutihLampungSelatan #HUTke80RI #WisataLampungSelatan #Radityoegi #SyaifulAnwar #KawasanMenaraSigerg #LampungSelatanMaju #BismillahBisa""",Attraction,,"""indahnya alam lampung selatan berpadu dengan semangat merah putih. di setiap langkah wisata, ada cinta pada negeri yang kita jaga bersama. ❤️🤍 dirgahayu republik indonesia ke-80! 🇮🇩 """,pesona merah putih lampung selatan hutke80ri wisata lampung selatan radityoegi syaiful anwar kawasan menara sigerg lampung selatan maju bismillah bisa,indahnya alam lampung selatan berpadu dengan semangat merah putih di setiap langkah wisata ada cinta pada negeri yang kita jaga bersama cinta dirgahayu republik indonesia ke 80
https://www.instagram.com/p/CVHI-YlhIEE/,29.jpg,44486.06795138889,"Anak Pantai... Cinta Damai..

#pantaikalianda 
#wisatalampungselatan",Attraction,,anak pantai cinta damai,pantaikalianda wisatalampungselatan,anak pantai cinta damai
https://www.instagram.com/p/Cs2fZQSrPqm/,30.jpg,45076.125092592592,"Bingung cari tempat healing. Datang saja ke Batu Granit. Selain menawarkan suasana sepi dan tenang. Tiket masuknya juga gratis. Selengkapnya baca di https://tinyurl.com/2haaty8f
#travelspromo #batugranit #wisatalampungselatan #wisatalampung #wisataalam #wisataalamlampungselatan #wisataalamlampung #informasiwisata #infowisata #infowisatalampungselatan #infowisatalampung #hargatiket #tiketmasuk #tiketmasukbatugranit #visitlampung #explorelampung",Attraction,,bingung cari tempat healing. datang saja ke batu granit. selain menawarkan suasana sepi dan tenang. tiket masuknya juga gratis. selengkapnya baca di,travelspromo batugranit wisatalampungselatan wisatalampung wisataalam wisataalamlampungselatan wisataalamlampung informasiwisata infowisata infowisatalampungselatan infowisatalampung hargatiket tiketmasuk tiketmasukbatugranit visitlampung explorelampung,bingung cari tempat healing datang saja ke batu granit selain menawarkan suasana sepi dan tenang tiket masuknya juga gratis selengkapnya baca di
https://www.instagram.com/p/CXWDSt0Prj3/,31.jpg,44541.569166666668,"Ketika berwisata ke Pulau Mengkudu ada beberapa spot foto menarik yang dapat kamu temukan, salah satunya view pulau ini.

Bukan hanya itu, buat yang suka snorkeling, kamu juga dapat mencoba melihat keindahan biota laut pulau ini ya.
.
.
.
.
.
📸 @rian_saputra892
📍 Pulau Mengkudu Island , Desa Tutoharjo, Kec.Bakauheni, Kab. Lampung Selatan.
.
.
.
.
.
#pulaumengkuduisland 
#wisatalampungselatan 
#wisatapulau 
#indonesiaindah 
#wonderfulinfonesia",Attraction,,"ketika berwisata ke pulau mengkudu ada beberapa spot foto menarik yang dapat kamu temukan, salah satunya view pulau ini. bukan hanya itu, buat yang suka snorkeling, kamu juga dapat mencoba melihat keindahan biota laut pulau ini ya 📸 📍 pulau mengkudu island, desa tutoharjo, kec.bakauheni, kab. lampung selatan",pulaumengkuduisland wisatalampungselatan wisatapulau indonesiaindah wonderfulinfonesia,ketika berwisata ke pulau mengkudu ada beberapa spot foto menarik yang dapat kamu temukan salah satunya view pulau ini bukan hanya itu buat yang suka snorkeling kamu juga dapat mencoba melihat keindahan biota laut pulau ini ya kamera lokasi pulau mengkudu island desa tutoharjo kec bakauheni kab lampung selatan
https://www.instagram.com/p/Cbw3j-LPimy/,32.jpg,44651.404282407413,"""Alonly Tree""
Lokasi : Pantai Sebalang, Lampung Selatan, Lampung

INUB 31 Maret 2022
UPLOAD BERSAMA

@INSTANUSANTARA
@instanusantarabelampung
#instanusantara 
#instanusantara_742
#instanusantaralampung_742
#instanusantaralampung
#inbe
#seleksimemberinbe2022_002

""Seangkonan ngelestariko budaya sai bumi ruwai jurai""

#nikond600 #tokina1116 #knfilters #nikonindonesia #lampunglandscapers #wisatalampungselatan #lampung",Attraction,,"""alonly tree"" lokasi: pantai sebalang, lampung selatan, lampung inub 31 maret 2022 upload bersama ""seangkonan ngelestariko budaya sai bumi ruwai jurai""",instanusantara instanusantara 742 instanusantaralampung 742 instanusantaralampung inbe seleksimemberinbe2022 002 nikond600 tokina1116 knfilters nikonindonesia lampunglandscapers wisatalampungselatan lampung,alonly tree lokasi pantai sebalang lampung selatan lampung inub 31 maret 2022 upload bersama seangkonan ngelestariko budaya sai bumi ruwai jurai
https://www.instagram.com/p/DLop5cTPoKN/,33.jpg,45841.260937500003,"[ NIKMATIN KEINDAHAN PANTAI DENGAN SERU-SERUAN NAIK ATV ]
.
🥰 Explore keindahan pantai dengan bermain activity yang seru yups ATV, cuma ada di @sanggarbeach_lpg. Yuk explore wisata Lampung bareng Restu Bumi Adventure.
_______________________
🏝️ RBA - TOUR PACKAGES 
▪️Family & Corporate Gathering
▪️Outbound Training & Team Building
▪️Minat Khusus (Wisata Alam & Wisata Desa)
▪️Experiental Learning (Training & Workshop)
▪️Event Organizer & Tour Domestik/Internasional
.
----More information-----
• Kontak :
> 081271046209 (Admin 1) 
> 081272477622 (Admin 2)
• Instagram : @restubumiadventure 
• Facebook : Restu Bumi Adventure 
• Tik Tok : @restubumiadventure64
• Youtube : Restu Bumi Adventure 
• Website : www.restutour.co.id
• Email : restubumiadventure64@gmail.com
.
#restubumiadventure #restubumioutbound #restubumioverland #restubumi #adventure #pariwisata #pantaisanggar #sanggarbeach #kalianda #lamsel #triplampung #wisatalampung #lampung #gatheringlampung #wisatalampungselatan #pariwisatalampung #jalanjalanlampung #kelampung #atv #pariwisatalampungselatan",Ancillary,Kelompok Wisata,"[ nikmatin keindahan pantai dengan seru-seruan naik atv ]. 🥰 explore keindahan pantai dengan bermain activity yang seru yups atv, cuma ada di yuk explore wisata lampung bareng restu bumi adventure. 🏝️ rba - tour packages ️family dan corporate gathering ️outbound training dan team building ️minat khusus (wisata alam dan wisata desa) ️experiental learning (training dan workshop) ️event organizer dan tour domestik/internasional. more information kontak: > 081271046209 (admin 1) > 081272477622 (admin 2) instagram: facebook: restu bumi adventure tik tok: youtube: restu bumi adventure website: email: restubumiadventure64@gmail.com",restubumiadventure restubumioutbound restubumioverland restubumi adventure pariwisata pantaisanggar sanggarbeach kalianda lamsel triplampung wisatalampung lampung gatheringlampung wisatalampungselatan pariwisatalampung jalanjalanlampung kelampung atv pariwisatalampungselatan,nikmatin keindahan pantai dengan seru seruan naik atv suka explore keindahan pantai dengan bermain activity yang seru yups atv cuma ada di ayo explore wisata lampung bersama restu bumi adventure pulau rba tour packages family dan corporate gathering outbound training dan team building minat khusus wisata alam dan wisata desa experiental learning training dan workshop event organizer dan tour domestik internasional more information kontak 081271046209 admin 1 081272477622 admin 2 instagram facebook restu bumi adventure tik tok youtube restu bumi adventure website email restubumiadventure64 gmail com
https://www.instagram.com/p/DNcJfP3TYQ_/,34.jpg,45886.114212962973,"Ikan hiu makan kayu, egi syaiful i love you💓💓
#PESONAMERAHPUTIHLAMPUNGSELATAN
#HUTKE80RI #WISATALAMPUNGSELATAN #RADITYOEGI #SYAIFULANWAR #KAWASANMENARASIGER #LAMPUNGSELATANMAJU #BISMILLAHBISA",Attraction,,"ikan hiu makan kayu, egi syaiful i love you💓💓",pesonamerahputihlampungselatan hutke80ri wisatalampungselatan radityoegi syaifulanwar kawasanmenarasiger lampungselatanmaju bismillahbisa,ikan hiu makan kayu egi syaiful i love you
https://www.instagram.com/p/DNcbTvPSFdq/,35.jpg,45886.222349537027,"Semangat juang tak pernah padam! 🇮🇩✨
Satpol PP Lampung Selatan turut mempersembahkan formasi angka 80 sebagai wujud syukur dan kebanggaan di Hari Ulang Tahun Kemerdekaan Republik Indonesia ke-80.
Dirgahayu Republik Indonesia!
‘Terus Melaju untuk Indonesia Maju’ 💪🔥

#PESONAMERAHPUTIHLAMPUNGSELATAN
#HUTKE80RI
#WISATALAMPUNGSELATAN
#RADITYOEGI
#SYAIFULANWAR
#KAWASANMENARASIGER
#LAMPUNGSELATANMAJU
#BISMILLAHBISA",Attraction,,semangat juang tak pernah padam! 🇮🇩✨ satpol pp lampung selatan turut mempersembahkan formasi angka 80 sebagai wujud syukur dan kebanggaan di hari ulang tahun kemerdekaan republik indonesia ke-80. dirgahayu republik indonesia! ‘terus melaju untuk indonesia maju’ 💪🔥,pesonamerahputihlampungselatan hutke80ri wisatalampungselatan radityoegi syaifulanwar kawasanmenarasiger lampungselatanmaju bismillahbisa,semangat juang tak pernah padam indah satpol pp lampung selatan turut mempersembahkan formasi angka 80 sebagai wujud syukur dan kebanggaan di hari ulang tahun kemerdekaan republik indonesia ke 80 dirgahayu republik indonesia terus melaju untuk indonesia maju semangat
https://www.instagram.com/p/DIYToPKhqgE/,36.jpg,45760.346620370372,"Let’s create sunny memories with the ones you love!

Ajak si kecil bermain pasir, berlari di tepi ombak, dan nikmati quality time bareng keluarga di Rio by the Beach.

Sunshine, laughter, and family moments await!

#RioByTheBeach #FamilyGetaway #PantaiAsik #LiburanKeluarga #pantailampung #pantailampungselatan #wisatalampung #wisatalampungselatan #pariwisatalampung",Attraction,,"let’s create sunny memories with the ones you love! ajak si kecil bermain pasir, berlari di tepi ombak, dan nikmati quality time bareng keluarga di rio by the beach. sunshine, laughter, and family moments await!",rio by the beach family getaway pantai asik liburan keluarga pantailampung pantailampungselatan wisatalampung wisatalampungselatan pariwisatalampung,let s create sunny memories with the ones you love ajak si kecil bermain pasir berlari di tepi ombak dan nikmati quality time bersama keluarga di rio by the beach sunshine laughter and family moments await
https://www.instagram.com/p/C6BxBYwSj66/,37.jpg,45403.620787037027,"Lokasi :📍pantai marina,Kec. Kalianda, Kabupaten Lampung Selatan, Lampung 35551
Pantai Marina Lampung terletak di Desa Merak Belatung, Kecamatan Kalianda, Kabupaten Lampung Selatan. Pantai Marina Lampung kerap menjadi salah satu destinasi wisata untuk menikmati keindahan wisata bahari.

#vnvideoedit
#vneditor #cinematic #vnindonesia #vnvideoindonesia  #vnaesthetics #dronedji #dronedjimini3pro
#lampungkece #lampunggeh #wisatalampungsai #wisatakenallampung #pantaimarina 
#wisatalampungselatan #wisatalampung
#pikniklampung #hellolampung #kelampunggeh #lampunginsta #lampungkece #lampunghits #pantaimarinalampung #pantaimarinakalianda #pantaimarina",Attraction,,"lokasi:📍pantai marina,kec. kalianda, kabupaten lampung selatan, lampung 35551 pantai marina lampung terletak di desa merak belatung, kecamatan kalianda, kabupaten lampung selatan. pantai marina lampung kerap menjadi salah satu destinasi wisata untuk menikmati keindahan wisata bahari",vnvideoedit vneditor cinematic vnindonesia vnvideoindonesia vnaesthetics dronedji dronedjimini3pro lampungkece lampunggeh wisatalampungsai wisatakenallampung pantaimarina wisatalampungselatan wisatalampung pikniklampung hellolampung kelampunggeh lampunginsta lampunghits pantaimarinalampung pantaimarinakalianda,lokasi lokasi pantai marina kec kalianda kabupaten lampung selatan lampung 3551 pantai marina lampung terletak di desa merak belatung kecamatan kalianda kabupaten lampung selatan pantai marina lampung kerap menjadi salah satu destinasi wisata untuk menikmati keindahan wisata bahari
https://www.instagram.com/p/DBoNPMLzT4j/,38.jpg,45592.535682870373,"I Love This Game ❤️ Piranha Slowpitch Tournamen 2024
Pengalaman seru main slowpitch di Pantai apalagi Pantainya keren bgt @riobythebeach 🏖
semoga slowpitch di Lampung makin banyak peminatnya yaa & makin jaya ... 🥰 🥎
thank you @mohicans2001 dan teman2 slowpitch semua udh mau berbagi kebersamaannya Lope You 
💜🩷🩵
#slowpitch #slowpitchtournament #pantaikece #wisatalampungselatan #mohicans",Amenities,,i love this game ❤️ piranha slowpitch tournamen 2024 pengalaman seru main slowpitch di pantai apalagi pantainya keren bgt 🏖 semoga slowpitch di lampung makin banyak peminatnya yaa dan makin jaya 🥰 🥎 thank you dan teman2 slowpitch semua udh mau berbagi kebersamaannya lope you 💜🩷🩵,slowpitch slowpitchtournament pantaikece wisatalampungselatan mohicans,i love this game cinta piranha slowpitch tournamen 2024 pengalaman seru main slowpitch di pantai apalagi pantainya keren banget pantai semoga slowpitch di lampung makin banyak peminatnya yaa dan makin jaya suka thank you dan teman2 slowpitch semua sudah mau berbagi kebersamaannya lope you
https://www.instagram.com/p/CfAvUEPpaxz/,39.jpg,44732.133414351847,"''So,,kalo belum tau ''nyatanya'' jangan menilai orang dari ''katanya''
.
.
.
.
.
#wisatalampung #wisatalampungselatan #wisatakalianda #lampunggeh #wisataindonesiakeren🇲🇨",Attraction,,"''so,kalo belum tau ''nyatanya'' jangan menilai orang dari ''katanya'' 🇲🇨",wisatalampung wisatalampungselatan wisatakalianda lampunggeh wisataindonesiakeren,so kalau belum tau nyatanya jangan menilai orang dari katanya
https://www.instagram.com/p/C9heccXzmNA/,40.jpg,45490.501030092593,"Fresh view
🌷🕊🫧🌊

@sanggarbeach_lpg 
@pantai.lampung 

Spall spill, link Milkshake in bio
🦩cardi + inner (link Milkshake no 4)
🦩rok tutu premium (link Milkshake no 5)

#pantai #pantailampung #sanggarbeach_lpg #sanggarbeach #sanggarbeachlampung #sanggarbeachedition #wisatalampung #wisatakalianda #wisatakaliandalampung #wisatalampungselatan #lampungexplore #viewlampung #lampungkece",Attraction,,"fresh view 🌷🕊🫧🌊 spall spill, link milkshake in bio 🦩cardi + inner (link milkshake no 4) 🦩rok tutu premium (link milkshake no 5)",pantai pantailampung sanggarbeach lpg sanggarbeach sanggarbeachlampung sanggarbeachedition wisatalampung wisatakalianda wisatakaliandalampung wisatalampungselatan lampungexplore viewlampung lampungkece,fresh view laut spall spill link milkshake in bio cardi inner link milkshake no 4 rok tutu premium link milkshake no 5
https://www.instagram.com/p/DNcLdOBTYor/,41.jpg,45886.126157407409,"Upacara HUT RI Ke 80

#pesonamerahputihlampungselatan #hutke80ri #wisatalampungselatan #radityoegi #msyaifulanwar #kawasanmenarasiger #lampungselatanmaju #bismillahbisa",Attraction,,upacara hut ri ke 80,pesonamerahputihlampungselatan hutke80ri wisatalampungselatan radityoegi msyaifulanwar kawasanmenarasiger lampungselatanmaju bismillahbisa,upacara hut ri ke 80
https://www.instagram.com/p/DNcGSFRyZHQ/,42.jpg,45886.094756944447,"Pertama kalinya saya mengabadikan momen dan melihat secara langsung Upacara 17 Agustus 1945 Detik - Detik Proklamasi Kemerdekaan Republik Indonesia Ke - 80 dengan Pemandangan seindah ini. 
Upacara yang di gelar di Menara Siger Icon Gerbang Sumatera dan pemandangan laut serta kapal-kapal Ferry yang buat upacara ini semakin berkesan.
Menurut saya upacara ini, upacara terindah sepanjang sejarah di Lampung Selatan
@radityoegi @m_syaiful.anwar @pemkab.lampungselatan
#pesonamerahputihlampungselatan #hutke80ri #wisatalampungselatan #radityoegi #syaifulanwar #kawasanmenarasiger #
#lampungselatanmaju #bismillahbisa #hutri80indonesia🇮🇩",Attraction,,"pertama kalinya saya mengabadikan momen dan melihat secara langsung upacara 17 agustus 1945 detik - detik proklamasi kemerdekaan republik indonesia ke - 80 dengan pemandangan seindah ini. upacara yang di gelar di menara siger icon gerbang sumatera dan pemandangan laut serta kapal-kapal ferry yang buat upacara ini semakin berkesan. menurut saya upacara ini, upacara terindah sepanjang sejarah di lampung selatan # 🇮🇩",pesonamerahputihlampungselatan hutke80ri wisatalampungselatan radityoegi syaifulanwar kawasanmenarasiger lampungselatanmaju bismillahbisa hutri80indonesia,pertama kalinya saya mengabadikan momen dan melihat secara langsung upacara 17 agustus 1945 detik detik proklamasi kemerdekaan republik indonesia ke 80 dengan pemandangan seindah ini upacara yang di gelar di menara siger icon gerbang sumatera dan pemandangan laut serta kapal kapal ferry yang buat upacara ini semakin berkesan menurut saya upacara ini upacara terindah sepanjang sejarah di lampung selatan
https://www.instagram.com/p/CiJuJ12LW_h/,43.jpg,44810.187037037038,"Manusia biasa, yang tak sempurna dan kadang salah.,
.
.
.
.
.
.
📷@ahmad.wya01 
#pesonalampung #lampunggeh#lampungselatan #wisatalampungselatan #hellolampung #lampungeksis #trendinglampung #kelampungaja",Attraction,,"manusia biasa, yang tak sempurna dan kadang salah, 📷",pesonalampung lampunggeh lampungselatan wisatalampungselatan hellolampung lampungeksis trendinglampung kelampungaja,manusia biasa yang tak sempurna dan kadang salah kamera
https://www.instagram.com/p/DPdxT5-AR6-/,44.jpg,45936.45449074074,"sunset slide memories
.
.
at @lummayvillaresort ❤️
#villalummayresort #villalampung #wisatalampungselatan #staycationseru #lummayvillaresort #pesonaindonesia",Attraction,,sunset slide memories at ❤️,villalummayresort villalampung wisatalampungselatan staycationseru lummayvillaresort pesonaindonesia,sunset slide memories at cinta
https://www.instagram.com/p/CeA20GLvxP5/,45.jpg,44707.323796296303,"Sepintar dan semandiri apa pun seorang perempuan, dia tetap membutuhkan peta atau google map dari orang lain untuk menunjukkan arah perjalanannya. Sebab, kalau dibiarkan membaca peta atau google map sendiri, kerap kali dia tersesat. 

Perempuan tetap butuh kaki lain untuk membantunya melangkah.

Lampung, 25 Mei 2022
©@irmadewimeilinda

Lokasi : Curug Anakan | @airterjun_waykalam, Desa Way Kalam Kec. Penengahan Kab. Lampung Selatan

#kaliandaig
#DialogRasa #DiaryMeymey #princessmeymey #IrmaDewiMeilinda #AirTerjunWayKalam #LampungSelatan #Pariwisata #wisatalampung #wisatalampung #wisatalampungselatan #lampungselatanamazing #woderfulindonesia #writerpreneur #blogger #contentwriter #travellers #bloggertravel
Reposted from @irmadewimeilinda",Attraction,,"sepintar dan semandiri apa pun seorang perempuan, dia tetap membutuhkan peta atau google map dari orang lain untuk menunjukkan arah perjalanannya. sebab, kalau dibiarkan membaca peta atau google map sendiri, kerap kali dia tersesat. perempuan tetap butuh kaki lain untuk membantunya melangkah. lampung, 25 mei 2022 © lokasi: curug anakan |, desa way kalam kec. penengahan kab. lampung selatan reposted from",kaliandaig dialog rasa diary meymey princessmeymey irma dewi meilinda air terjun way kalam lampung selatan pariwisata wisatalampung wisatalampungselatan lampungselatanamazing woderfulindonesia writerpreneur blogger contentwriter travellers bloggertravel,sepintar dan semandiri apa pun seorang perempuan dia tetap membutuhkan peta atau google map dari orang lain untuk menunjukkan arah perjalanannya sebab kalau dibiarkan membaca peta atau google map sendiri kerap kali dia tersesat perempuan tetap butuh kaki lain untuk membantunya melangkah lampung 25 mei 2022 lokasi curug anakan desa way kalam kec penengahan kab lampung selatan reposted from
https://www.instagram.com/p/CVAMocXp_T7/,46.jpg,44483.371620370373,#pantaigigihiu #wisatalampungselatan #indonesiaindah 📸📸📸 @wisata_teluk_kiluan_lampung,Attraction,,📸📸📸,pantaigigihiu wisatalampungselatan indonesiaindah,kamera kamera kamera
https://www.instagram.com/p/DNchIRIxHWW/,47.jpg,45886.257662037038,"Pesona Merah Putih di atas Menara Siger 🇮🇩✨

“Bersatu, Berdaulat, Rakyat Sejahtera, Indonesia Maju”.

HUT RI ke-80 tahun 2025, 
Pesona Merah Putih di atas Menara Siger menyatukan ragam suku dan budaya di Bumi Ragom Mufakat 🌏

#pesonamerahputihlampungselatan
#hutke80ri
#wisatalampungselatan
#radityoegi
#syaifulanwar
#kawasanmenarasiger
#lampungselatanmaju
#bismillahbisa",Attraction,Siger,"pesona merah putih di atas menara siger 🇮🇩✨ “bersatu, berdaulat, rakyat sejahtera, indonesia maju”. hut ri ke-80 tahun 2025, pesona merah putih di atas menara siger menyatukan ragam suku dan budaya di bumi ragom mufakat 🌏",pesonamerahputihlampungselatan hutke80ri wisatalampungselatan radityoegi syaifulanwar kawasanmenarasiger lampungselatanmaju bismillahbisa,pesona merah putih di atas menara siger indah bersatu berdaulat rakyat sejahtera indonesia maju hut ri ke 80 tahun 2025 pesona merah putih di atas menara siger menyatukan ragam suku dan budaya di bumi ragom mufakat bumi
https://www.instagram.com/p/DSWCmayk67S/,48.jpg,46008.017916666657,Pantai marina sesuai ekspektasi🥹 #pantaimarina #pantaimarinalampung #pantaimarinakalianda #pantailampungselatan #pantai🌴 #pesonalampungselatan,Attraction,,pantai marina sesuai ekspektasi🥹 🌴,pantaimarina pantaimarinalampung pantaimarinakalianda pantailampungselatan pantai pesonalampungselatan,pantai marina sesuai ekspektasi pohon kelapa
https://www.instagram.com/p/CTcfm7fPxaP/,49.jpg,44444.650613425933,"Jangan cuman melihat hasil nya
TAPI
Nikmati & lihat proses nya #pematangsunrise 
==========================
📱Redmi 9T @xiaomi.indonesia
==========================
#pematangsunriselampung #bakauhenilampung #wisatabakauheni #wisatalampung #wisatalampungselatan #wisatabandarlampung #explorelampung #explorebandarlampung #explorelampungselatan #pesonalampung #pesonalampungselatan #pesonabandarlampung #wisatasumsel #pesonasumsel #exploresumsel #pesonasumateraselatan #exploresumateraselatan #wisatasumateraselatan #pesonaindonesia #exploreindonesia #wisataindonesia",Attraction,,jangan cuman melihat hasil nya tapi nikmati dan lihat proses nya 📱redmi 9t,pematangsunrise pematangsunriselampung bakauhenilampung wisatabakauheni wisatalampung wisatalampungselatan wisatabandarlampung explorelampung explorebandarlampung explorelampungselatan pesonalampung pesonalampungselatan pesonabandarlampung wisatasumsel pesonasumsel exploresumsel pesonasumateraselatan exploresumateraselatan wisatasumateraselatan pesonaindonesia exploreindonesia wisataindonesia,jangan cuman melihat hasil nya tapi nikmati dan lihat proses nya redmi 9t
https://www.instagram.com/p/DU-exOcD65M/,50.jpg,46073.433576388888,"🌿🌱

#pesonalampungselatan #airterjunwaykalamlampung #fypシ゚viralシfypシ゚ #lampungselatan",Attraction,,🌿🌱 シ゚viralシfypシ゚,pesonalampungselatan airterjunwaykalamlampung fyp lampungselatan,alam viral fyp
https://www.instagram.com/p/DXwZgqDGq-l/,51.jpg,46142.530011574083,#pesonalampungselatan arter 9 putri #wisatalampung #kalianda,Attraction,,arter 9 putri,pesonalampungselatan wisatalampung kalianda,arter 9 putri
https://www.instagram.com/p/CfJrX2NJ5eQ/,52.jpg,44735.604756944442,"🌊 Tak ada henti aku mengagumi mu...

#laut #Lampung #pantailampung #pantaiarangkalianda #pesonalampunng #pesonalampungselatan",Attraction,,🌊 tak ada henti aku mengagumi mu,laut lampung pantailampung pantaiarangkalianda pesonalampunng pesonalampungselatan,laut tak ada henti aku mengagumi mu
https://www.instagram.com/p/C3rGRSOPRKY/,53.jpg,45345.107141203713,"Golden Hour

#pesonalampungselatan #gunungrajabasa",Attraction,,golden hour,pesonalampungselatan gunungrajabasa,golden hour
https://www.instagram.com/p/CJlToTahQfy/,54.jpg,44199.521840277783,"Pantai pertama di tahun 2021 🦂

#pantaiketang #pesonalampungselatan #pesonapantailampung  #pesonaindonesia
#pantaibaturameketang",Attraction,,pantai pertama di tahun 2021 🦂,pantaiketang pesonalampungselatan pesonapantailampung pesonaindonesia pantaibaturameketang,pantai pertama di tahun 2021
https://www.instagram.com/p/CLJZgNfMzPM/,55.jpg,44238.393622685187,"Sukses Selalu Pokdarwis
@pantai_minangrua
@airterjun_waykalam 
@dinaspariwisata.lampungselatan
🔸
🔸

📷 In frame

➖➖➖➖➖➖➖➖➖➖➖➖➖
Repost
•  akun @airterjun_waykalam
• Gunakan hastag #airterjunwaykalam
• Tag akun @airterjun_waykalam
. Cekin Lokasi cari Air Terjun Waykalam

#airterjun #airterjunwaykalam #airterjunlampungselatan #airterjunlampung #waykalam  #eksplorewaykalam #lampungselatan #pesonalampungselatan #ekaplorelampungselatan #lampung #eksplorelampung #pesonalampung #indonesia  #pesonaindonesia #holiday #waterfall",Ancillary,Kelompok wisata,sukses selalu pokdarwis 🔸 🔸 📷 in frame repost akun gunakan hastag tag akun. cekin lokasi cari air terjun waykalam,airterjunwaykalam airterjun airterjunlampungselatan airterjunlampung waykalam eksplorewaykalam lampungselatan pesonalampungselatan ekaplorelampungselatan lampung eksplorelampung pesonalampung indonesia pesonaindonesia holiday waterfall,sukses selalu pokdarwis kamera in frame repost akun gunakan hastag tag akun cekin lokasi cari air terjun waykalam
https://www.instagram.com/p/CT6mumHFvVj/,56.jpg,44456.344664351847,"Orang"" : sendirian aja..?
Me : ehehe...iya lagi susah 
.
.
.
.
.
#latepost #kalianda #lampungselatan #lampung #pantaimarinakalianda #lampunghits #lampunggeh #lampungtraveller #pesonalampungselatan #pesonaindonesia",Attraction,,"orang"": sendirian aja? me: ehehe iya lagi susah",latepost kalianda lampungselatan lampung pantaimarinakalianda lampunghits lampunggeh lampungtraveller pesonalampungselatan pesonaindonesia,orang sendirian saja me ehehe iya lagi susah
https://www.instagram.com/p/Cg6EfU5rP6h/,57.jpg,44779.253657407397,"Pasar Sidomulyo Lampung Selatan

📸 Readmi Note 10

🔜 
Izin Taq / Tandai Kak 🙏?
DM Jika Ini Tidak Diizinkan 📩🚫
KASIH LOVE 💗 dulu sebelumnya ya, biar semangat update setiap harinya berbagi MOMENT⏳ yang sudah terlewatkan🔙😊
------------------------------------
📢📱Follow Instagram Admin Kak
🌏 @evan_nurhakim
🌏 @evan_nurhakim
🌏 @evan_nurhakim
===========================
Klik titik 3 di sudut kanan, pilih TURN ON NOTIFICATION / TAMPILKAN NOTIFIKASI🔔 agar Anda tidak ketinggalan update inspirasi setiap harinya 😘😘
___
🌏INFO UPTUDATE JOIN NOW👇
📢📱Facebook ""Evan Nurhakim""
📢📱Channel Youtube ""Evan Aksi""
___
Silahkan Tag / Tandai, Mention dan Gunakan Hastag #evannurhakimlovers Kak Di Photo Anda Jika Pernah Bersama Admin Kak, Report Postingan Jika Beruntung.
➖➖➖➖➖➖➖➖➖➖➖➖➖➖➖
#infolampungselatan #infolamsel #ssclampung #readminote10 #sidomulyo #sidomulyolampungselatan #lampungselatan #genpi #genpilampung #genpilampungselatan #masjida #generasipesonaindonesia  #pesonalampungselatan #pariwisatalampungselatan #pariwisata_lampungselatan #pariwisatalampung #dilambarkhia #lfl💛 #fff #fff💋 #fff😊 #fff❤ #lfl❤️ #lfl💛lfllflfllffllflflflflflflflflfllflflflflflflflflflflflflflflflflflflflflflflflflflflflflfllflflflflflflflflfllflfllflflflflflflfllflflflflflllfl",Amenities,Pasar,"pasar sidomulyo lampung selatan 📸 readmi note 10 🔜 izin taq / tandai kak 🙏? dm jika ini tidak diizinkan 📩🚫 kasih love 💗 dulu sebelumnya ya, biar semangat update setiap harinya berbagi moment⏳ yang sudah terlewatkan🔙😊 📢📱follow instagram admin kak 🌏 🌏 🌏 klik titik 3 di sudut kanan, pilih turn on notification / tampilkan notifikasi🔔 agar anda tidak ketinggalan update inspirasi setiap harinya 😘😘 🌏info uptudate join now👇 📢📱facebook ""evan nurhakim"" 📢📱channel youtube ""evan aksi"" silahkan tag / tandai, mention dan gunakan hastag kak di photo anda jika pernah bersama admin kak, report postingan jika beruntung. 💛 💋 😊 ❤ ❤️ 💛lfllflfllffllflflflflflflflflfllflflflflflflflflflflflflflflflflflflflflflflflflflflflflfllflflflflflflflflfllflfllflflflflflflfllflflflflflllfl",evannurhakimlovers infolampungselatan infolamsel ssclampung readminote10 sidomulyo sidomulyolampungselatan lampungselatan genpi genpilampung genpilampungselatan masjida generasipesonaindonesia pesonalampungselatan pariwisatalampungselatan pariwisata lampungselatan pariwisatalampung dilambarkhia lfl fff,pasar sidomulyo lampung selatan kamera readmi note 10 izin taq tandai kak terima kasih dm jika ini tidak diizinkan kasih love dulu sebelumnya ya biar semangat update setiap harinya berbagi moment yang sudah terlewatkan senang follow instagram admin kak bumi bumi bumi klik titik 3 di sudut kanan pilih turn on notification tampilkan notifikasi agar anda tidak ketinggalan update inspirasi setiap harinya bumi info uptudate join now arah bawah facebook evan nurhakim channel youtube evan aksi silahkan tag tandai mention dan gunakan hastag kak di photo anda jika pernah bersama admin kak report postingan jika beruntung cinta cinta senang cinta cinta cinta lfllflfllffllflflflflflflflflfllflflflflflflflflflflflflflflflflflflflflflflflflflflflflfllflflflflflflflflfllflfllflflflflflflfllflflflflfllfl
https://www.instagram.com/p/CdwqziHBEH9/,58.jpg,44701.037141203713,"Driver baru 😁
.
.
.
#sedangsehat #pulaupahawang #driver #mainairyuk #tripmurahpahawang #pesonalampungselatan #pesonaindonesia📷 #olahragalaut #permainanseawalker 👌👌",Attraction,(Lowres),driver baru 😁 📷 👌👌,sedangsehat pulaupahawang driver mainairyuk tripmurahpahawang pesonalampungselatan pesonaindonesia olahragalaut permainanseawalker,driver baru senang kamera oke oke
https://www.instagram.com/p/CSolC28FR1h/,59.jpg,44424.488807870373,"Kerjakanlah apa yang membuat mu senang!
.
.
.
📍 Pantai Sebalang Bandar Lampung
#sebalangbeach #bandarlampung #pantaisebalanglampung #explorelampungselatan #jelajahpantai #pesonalampungselatan",Attraction,Pantai,kerjakanlah apa yang membuat mu senang! 📍 pantai sebalang bandar lampung,sebalangbeach bandarlampung pantaisebalanglampung explorelampungselatan jelajahpantai pesonalampungselatan,kerjakanlah apa yang membuat mu senang lokasi pantai sebalang bandar lampung
https://www.instagram.com/p/CQ52GbrssCk/,60.jpg,44381.484178240738,"Surga yang tersembunyi di dusun kayu tabu desa kelawi kecamatan Bakauheni Lampung Selatan .
PANTAI Batu Alif
PANTAI minangrua
NTMLYKD
.
.
.
.
.
@dinaspariwisata.lampungselatan 
@iftaassociation 
@yoexplore 
.
.
.
.
.
.
Pokdarwis Minangrua bahari 🇲🇨
.
.
.
.
.
.
#goifta #disparbudlamsel #RamahTamahJelajah
#TamuAdalahKeluarga
#informasilpg#explor_lampungselatan
#wisatalampungku #lampung_modifhits 
#Amazinglampungselatan#pesonalampungselatan
#pesonalampung #pesonaindonesia#wisataalamlampungselatan
#wisatapantailampungselatan #sahabat_traveler 
#lampunghits#kelampungaja#kelampungyuk
#jagajarak
#pakemasker 
#cucitanganpakesabun
#hindarikerumunan 
#protokolkesehatan",Attraction,Pantai,surga yang tersembunyi di dusun kayu tabu desa kelawi kecamatan bakauheni lampung selatan. pantai batu alif pantai minangrua ntmlykd pokdarwis minangrua bahari 🇲🇨,goifta disparbudlamsel ramah tamah jelajah tamu adalah keluarga informasilpg explor lampungselatan wisatalampungku lampung modifhits amazinglampungselatan pesonalampungselatan pesonalampung pesonaindonesia wisataalamlampungselatan wisatapantailampungselatan sahabat traveler lampunghits kelampungaja kelampungyuk jagajarak pakemasker cucitanganpakesabun hindarikerumunan protokolkesehatan,surga yang tersembunyi di dusun kayu tabu desa kelawi kecamatan bakauheni lampung selatan pantai batu alif pantai minangrua ntmlykd pokdarwis minangrua bahari
https://www.instagram.com/p/CKiEb8YMN8d/,61.jpg,44223.119687500002,"Semakin sulit jalan menuju ke suatu tempat sesungguhnya ada suatu kepuasan saat titik akhir perjalanan itu tercapai 
🔸
🔸

📷 In frame : @xxbili76_

➖➖➖➖➖➖➖➖➖➖➖➖➖
Repost
•  akun @airterjun_waykalam
• Gunakan hastag #airterjunwaykalam
• Tag akun @airterjun_waykalam
. Cekin Lokasi cari Air Terjun Waykalam

#airterjun #airterjunwaykalam #airterjunlampungselatan #airterjunlampung #waykalam  #eksplorewaykalam #lampungselatan #pesonalampungselatan #ekaplorelampungselatan #lampung #eksplorelampung #pesonalampung #indonesia  #pesonaindonesia #holiday #waterfall",Attraction,Air Terjun,semakin sulit jalan menuju ke suatu tempat sesungguhnya ada suatu kepuasan saat titik akhir perjalanan itu tercapai 🔸 🔸 📷 in frame: repost akun gunakan hastag tag akun. cekin lokasi cari air terjun waykalam,airterjunwaykalam airterjun airterjunlampungselatan airterjunlampung waykalam eksplorewaykalam lampungselatan pesonalampungselatan ekaplorelampungselatan lampung eksplorelampung pesonalampung indonesia pesonaindonesia holiday waterfall,semakin sulit jalan menuju ke suatu tempat sesungguhnya ada suatu kepuasan saat titik akhir perjalanan itu tercapai kamera in frame repost akun gunakan hastag tag akun cekin lokasi cari air terjun waykalam
https://www.instagram.com/p/CPCUXdBlKSJ/,62.jpg,44335.064467592587,"❤️❤️❤️😍😍😍 best moment....
-
-
-
🏝️ @pesona_kelagianbesar_lpg 🎉🎊 
-
-
-
#pantailampung #kelagianbesar #kelagianisland #kelagian #liburlebaran #liburan #refresing #refreshing #mainair #pantaikelagian #senang #gembira #bahagia #menikmatialam #pesonalampungselatan #pesonaindonesiaofficial #berlibur #ceria #kelagianisland",Attraction,,❤️❤️❤️😍😍😍 best moment - - - 🏝️ 🎉🎊,pantailampung kelagianbesar kelagianisland kelagian liburlebaran liburan refresing refreshing mainair pantaikelagian senang gembira bahagia menikmatialam pesonalampungselatan pesonaindonesiaofficial berlibur ceria,cinta cinta cinta suka suka suka best moment pulau
https://www.instagram.com/p/CUm_UxWvg8Y/,63.jpg,44473.581828703696,"Pura Segara Pantai Batu Putih, Ketapang Lampung Selatan

#lampungselatanhits 
#lampungselatanamazing 
#kaliandaig 
#kaliandahits 
#ketapanglampung 
#wisatalampungselatan 
#pesonalampungselatan 
#lampungselatan 
#pariwisatalampungselatan 
#lampungselatanexplore 
#lampunginsta 
#lampunggeh 
#lampungpose 
#lampungyay 
#lampungmoment 
#lampungkeren
#bullssyndicate",Attraction,Pura,"pura segara pantai batu putih, ketapang lampung selatan",lampungselatanhits lampungselatanamazing kaliandaig kaliandahits ketapanglampung wisatalampungselatan pesonalampungselatan lampungselatan pariwisatalampungselatan lampungselatanexplore lampunginsta lampunggeh lampungpose lampungyay lampungmoment lampungkeren bullssyndicate,pura segara pantai batu putih ketapang lampung selatan
https://www.instagram.com/p/CK6h3klsYVA/,64.jpg,44232.618958333333,"😎 yukkk ke @wartawan_beach 

#inilampungyay 
#lampunghitss 
#pesonaindonesia 
#pesonalampung 
#pesonalampungselatan 
#tvrilampung
#lampunginsta",Attraction,,😎 yukkk ke,inilampungyay lampunghitss pesonaindonesia pesonalampung pesonalampungselatan tvrilampung lampunginsta,yukk ke
https://www.instagram.com/p/DNcN0L9SYE8/,65.jpg,45886.140462962961,"Upacara peringatan HUT RI ke 80 di menara siger 🇮🇩
Lampung Selatan majuu ✊✊

#lampung #lampungselatanbisa #pesonalampungselatan #wisatalampung 
@radityoegi @m_syaiful.anwar @tempat_wisata_lampung @wisata_lampung.id @pemkab.lampungselatan @menara_siger",Attraction,Siger,upacara peringatan hut ri ke 80 di menara siger 🇮🇩 lampung selatan majuu ✊✊,lampung lampungselatanbisa pesonalampungselatan wisatalampung,upacara peringatan hut ri ke 80 di menara siger lampung selatan majuu
https://www.instagram.com/p/CcYAvjGPUMH/,66.jpg,44666.606087962973,"𝐖𝐈𝐒𝐀𝐓𝐀 𝐀𝐋𝐀𝐌 𝐆𝐔𝐍𝐔𝐍𝐆 𝐁𝐀𝐓𝐔 🍃
______________________________

destinasi wisata unik berupa  bongkahan batu-batu raksasa yang sangat intagramable 
sambil menikmati keindahan panorama alam yg segar , alami dan indah ..

📍Berlokasi di Desa Srikaton, Tanjung Bintang - wisata Gunung Batu

📷 by : @davidsetiyo_  @daisyphoto___ 

#lampunggeh #lampungselatan #gunungbatu  #desasrikaton #wisatagunungbatu #tanjungbintang #pesonalampungselatan #pikniklampung #jalanjalandilampung 

@gunungbatu_tanjungbintang @desasrikaton_tj.bintang 
@lampuung @lampung.eksis @hellolampuung @tanjungbintangeksis @lampunginsta
Reposted from @ummuhanii89",Attraction,Gunung Batu,"wisata alam gunung batu 🍃 destinasi wisata unik berupa bongkahan batu-batu raksasa yang sangat intagramable sambil menikmati keindahan panorama alam yg segar, alami dan indah 📍berlokasi di desa srikaton, tanjung bintang - wisata gunung batu 📷 by: reposted from",lampunggeh lampungselatan gunungbatu desasrikaton wisatagunungbatu tanjungbintang pesonalampungselatan pikniklampung jalanjalandilampung,wisata alam gunung batu destinasi wisata unik berupa bongkahan batu batu raksasa yang sangat intagramable sambil menikmati keindahan panorama alam yang segar alami dan indah lokasi berlokasi di desa srikaton tanjung bintang wisata gunung batu kamera by reposted from
https://www.instagram.com/p/CP7lMPGNRxh/,67.jpg,44357.303159722222,"Cinta kepada Allah SWT adalah sebuah Cahaya terang, yang mana jika kamu tanpa -Nya, maka kamu akan berada dalam lautan kegelapan.  Kehidupan mu akan selalu terang benderang jika Allah jadi tujuan..

Repost @muhamad_herdiawan
• • • • • •
Pantai Kedu, Kalianda Lampung Selatan

#explorewisatalampung
#pesonakalianda #pesonalampungselatan #pesonalampung #pesonaindonesia #pesonaalam #pesonaalamresort #lampungme #infokyai #infokyailampung #infokyaitravel #ilovelampung #lampunggeh #lampungyay #lampungyay🙌 #lampunghits #lampunginsta #lampunggham #lampungtrip #lampungfun #lampungku #lampungkece #explorelampung #instalampung #pikniklampung #lampung #lampungpunyacerita #lampungpunya #lampungweh",Attraction,Sunset,"cinta kepada allah swt adalah sebuah cahaya terang, yang mana jika kamu tanpa -nya, maka kamu akan berada dalam lautan kegelapan. kehidupan mu akan selalu terang benderang jika allah jadi tujuan repost pantai kedu, kalianda lampung selatan 🙌",explorewisatalampung pesonakalianda pesonalampungselatan pesonalampung pesonaindonesia pesonaalam pesonaalamresort lampungme infokyai infokyailampung infokyaitravel ilovelampung lampunggeh lampungyay lampunghits lampunginsta lampunggham lampungtrip lampungfun lampungku lampungkece explorelampung instalampung pikniklampung lampung lampungpunyacerita lampungpunya lampungweh,cinta kepada allah swt adalah sebuah cahaya terang yang mana jika kamu tanpa nya maka kamu akan berada dalam lautan kegelapan kehidupan mu akan selalu terang benderang jika allah jadi tujuan repost pantai kedu kalianda lampung selatan dukungan
https://www.instagram.com/p/CLHKw17sK88/,68.jpg,44237.527453703697,"Air Terjun Way Kuya
.
Way Kalam, sebuah desa yang berada di atas Gn.Rajabasa Kecamatan Penengahan Lampung Selatan

Mendengar kata way kalam kita langsung tertuju pada air terjun nya, ya way kalam mempunyai air terjun yang sangat indah dan banyak lokasinya pun sangat mudah diakses.
.
Air Terjun way kalam Indukan dan Air Terjun Anakan ada satu air terjun yang belom orang ketahui, namanya ""Air Terjun Way Kuya""

air terjun Way Kuya diambil dari nama hewan Kura-kura, konon ceritanya disini dulunya banyak spesies kura-kura sungai penduduk lokal orang #waykalam menyebutnya ""Bulus""
itulah kenapa dikatakan ""Air Terjun Way Kuya""
.
Air nya mengalir dari atas bebatuan dan tumbuhan rambat membuat keindahan ciptaan sangpencipta semakin membuat kagum akan kebesaranya.
.
lokasinya masih tersembunyi dan treknnya masih setapak sehingga kami belom bisa buka untuk umum, 😀
.
Nextnprojek kami selanjutnya
.
Terimakasih Atas Kunjungan nya pak Camat kec. Penengahan dan bpk serta ibu dari @pmdt_lampung , sudah berkunjung untuk yang ke sekian kali nya, dan mensuport kegiatan Pariwisata yang ada di tempat kami khususnya Wilayah Kec. Penengahan
.
🔸
🔸

📷 In frame Admin 😀

➖➖➖➖➖➖➖➖➖➖➖➖➖
Mau diRepost 
•  akun @airterjun_waykalam
• Gunakan hastag #airterjunwaykalam
• Tag akun @airterjun_waykalam
. Cekin Lokasi cari Air Terjun Waykalam
.

#airterjun #airterjunwaykalam #airterjunlampungselatan #airterjunlampung #waykalam  #eksplorewaykalam #lampungselatan #pesonalampungselatan #ekplorelampungselatan #lampung #eksplorelampung #pesonalampung #indonesia  #pesonaindonesia #holiday #waterfall",Attraction,,"air terjun way kuya. way kalam, sebuah desa yang berada di atas gn.rajabasa kecamatan penengahan lampung selatan mendengar kata way kalam kita langsung tertuju pada air terjun nya, ya way kalam mempunyai air terjun yang sangat indah dan banyak lokasinya pun sangat mudah diakses air terjun way kalam indukan dan air terjun anakan ada satu air terjun yang belom orang ketahui, namanya ""air terjun way kuya"" air terjun way kuya diambil dari nama hewan kura-kura, konon ceritanya disini dulunya banyak spesies kura-kura sungai penduduk lokal orang menyebutnya ""bulus"" itulah kenapa dikatakan ""air terjun way kuya"". air nya mengalir dari atas bebatuan dan tumbuhan rambat membuat keindahan ciptaan sangpencipta semakin membuat kagum akan kebesaranya lokasinya masih tersembunyi dan treknnya masih setapak sehingga kami belom bisa buka untuk umum, 😀. nextnprojek kami selanjutnya. terimakasih atas kunjungan nya pak camat kec. penengahan dan bpk serta ibu dari, sudah berkunjung untuk yang ke sekian kali nya, dan mensuport kegiatan pariwisata yang ada di tempat kami khususnya wilayah kec. penengahan. 🔸 🔸 📷 in frame admin 😀 mau direpost akun gunakan hastag tag akun. cekin lokasi cari air terjun waykalam",waykalam airterjunwaykalam airterjun airterjunlampungselatan airterjunlampung eksplorewaykalam lampungselatan pesonalampungselatan ekplorelampungselatan lampung eksplorelampung pesonalampung indonesia pesonaindonesia holiday waterfall,air terjun way kuya way kalam sebuah desa yang berada di atas gn rajabasa kecamatan penengahan lampung selatan mendengar kata way kalam kita langsung tertuju pada air terjun nya ya way kalam mempunyai air terjun yang sangat indah dan banyak lokasinya pun sangat mudah diakses air terjun way kalam indukan dan air terjun anakan ada satu air terjun yang belom orang ketahui namanya air terjun way kuya air terjun way kuya diambil dari nama hewan kura kura konon ceritanya disini dulunya banyak spesies kura kura sungai penduduk lokal orang menyebutnya bulus itulah kenapa dikatakan air terjun way kuya air nya mengalir dari atas bebatuan dan tumbuhan rambat membuat keindahan ciptaan sangpencipta semakin membuat kagum akan kebesaranya lokasinya masih tersembunyi dan treknnya masih setapak sehingga kami belom bisa buka untuk umum senang nextnprojek kami selanjutnya terimakasih atas kunjungan nya pak camat kec penengahan dan bpk serta ibu dari sudah berkunjung untuk yang ke sekian kali nya dan mensuport kegiatan pariwisata yang ada di tempat kami khususnya wilayah kec penengahan kamera in frame admin senang mau direpost akun gunakan hastag tag akun cekin lokasi cari air terjun waykalam
https://www.instagram.com/p/CJn6QSHspzF/,69.jpg,44200.532939814817,"""Teruslah berlari mencapai mimpi-mimpimu,sampai suara cemo'oh menjadi tepuk tangan yang abadi'

Potret by 📸@mhmd_ashari30 and @pirdaus.alisyahbana 

.
.
.
.
.
.
.
.

#sahabattrevelerlampung 
#alamlampung 
#kelampunggeh 
#wajahlampung 
#gelerylampung 
#kalianda_ig 
#potretlampung
#pesonalampungselatan 
#lampungdong 
#lampunghits 
#wisatalampung 
#lampungselatanamazing 
#wonderfulllampung 
#wonderfulllampungselatan",Attraction,,"""teruslah berlari mencapai mimpi-mimpimu,sampai suara cemo'oh menjadi tepuk tangan yang abadi' potret by 📸 and",sahabattrevelerlampung alamlampung kelampunggeh wajahlampung gelerylampung kalianda ig potretlampung pesonalampungselatan lampungdong lampunghits wisatalampung lampungselatanamazing wonderfulllampung wonderfulllampungselatan,teruslah berlari mencapai mimpi mimpimu sampai suara cemo oh menjadi tepuk tangan yang abadi potret by kamera and
https://www.instagram.com/p/CUEmLKnJRCk/,70.jpg,44460.224918981483,".
Pesona Lampung yang begitu indah sekali.

📍Lokasi Pantai Minang Rua, Bakauheni Lampung
Taken by : @peri_one_

Salam Generasi Pesona Indonesia
Lapah Gham Jamo-Jamo Ngelestareiken Bumi Lampung

Visit www.genpilampung.com

 @jokowi @kemensetneg.ri 
@sandiuno @kemenparekraf.ri 
@dwita_ria @dpr_ri @ustadzabdulhakim @dpdri
@arinal_djunaidi @mbak_nunik 
@rianasariarinal @pkk_provinsi_lampung
@edarwan1962 @pariwisata_lampung
@vera_moz76 @ekraf.lampun @lyanda_melly
@heliana.dewi @perindaglampung
@ade_ui @wahrulfauzisilalahi @dprdlampung 
@dharmasetyawan.com_ @payungiuniversity
@infogeh @ayokelampung.com_ @lampung.media
@mbakjhe @genpiindonesia @wonderful.indonesiaku
@abdulrohmanwahidone @genpi_lampung
@alindabukhori @genpi_lampungselatan
@selampung @dinaspariwisata.lampungselatan

#genpi #genpilampung #genpilampung2021 #generasipesonaindonesia #pesonaindonesia #wonderfulindonesia #salamgenpigasgasgas #AyokeLampung #kelampungkeren #dilampungaja #diindonesiaaja #lampung #bandarlampung #kotametro #lampungbarat #lampungutara #lampungtimur #lampungtengah #lampungselatan #tanggamus #pringsewu #pesawaran #pesisirbarat #mesuji #waykanan #tulangbawang #tulangbawangbarat #love #pesonalampungselatan #genpilampungselatan",Attraction,,"pesona lampung yang begitu indah sekali. 📍lokasi pantai minang rua, bakauheni lampung taken by: salam generasi pesona indonesia lapah gham jamo-jamo ngelestareiken bumi lampung visit",genpi genpilampung genpilampung2021 generasipesonaindonesia pesonaindonesia wonderfulindonesia salamgenpigasgasgas ayoke lampung kelampungkeren dilampungaja diindonesiaaja lampung bandarlampung kotametro lampungbarat lampungutara lampungtimur lampungtengah lampungselatan tanggamus pringsewu pesawaran pesisirbarat mesuji waykanan tulangbawang tulangbawangbarat love pesonalampungselatan genpilampungselatan,pesona lampung yang begitu indah sekali lokasi lokasi pantai minang rua bakauheni lampung taken by salam generasi pesona indonesia lapah gham jamo jamo ngelestareiken bumi lampung visit
https://www.instagram.com/p/CKlgFjrsXgl/,71.jpg,44224.452557870369,"Terimakasih Atas Kunjunganya Bu kadis @dinaspariwisata.lampungselatan bunda @riniariasih ke tempat kami
.
mohon maaf tadi Mimin gx bisa ikut
.
🔸
🔸

📷 In frame

➖➖➖➖➖➖➖➖➖➖➖➖➖
Repost
•  akun @airterjun_waykalam
• Gunakan hastag #airterjunwaykalam
• Tag akun @airterjun_waykalam
. Cekin Lokasi cari Air Terjun Waykalam

#airterjun #airterjunwaykalam #airterjunlampungselatan #airterjunlampung #waykalam  #eksplorewaykalam #lampungselatan #pesonalampungselatan #ekaplorelampungselatan #lampung #eksplorelampung #pesonalampung #indonesia  #pesonaindonesia #holiday #waterfall",Attraction,,terimakasih atas kunjunganya bu kadis bunda ke tempat kami. mohon maaf tadi mimin gx bisa ikut. 🔸 🔸 📷 in frame repost akun gunakan hastag tag akun. cekin lokasi cari air terjun waykalam,airterjunwaykalam airterjun airterjunlampungselatan airterjunlampung waykalam eksplorewaykalam lampungselatan pesonalampungselatan ekaplorelampungselatan lampung eksplorelampung pesonalampung indonesia pesonaindonesia holiday waterfall,terimakasih atas kunjunganya bu kadis bunda ke tempat kami mohon maaf tadi mimin tidak bisa ikut kamera in frame repost akun gunakan hastag tag akun cekin lokasi cari air terjun waykalam
https://www.instagram.com/p/CKqh906slfy/,72.jpg,44226.405775462961,"🔸
🔸

📷 In frame

➖➖➖➖➖➖➖➖➖➖➖➖➖
Repost
•  akun @airterjun_waykalam
• Gunakan hastag #airterjunwaykalam
• Tag akun @airterjun_waykalam
. Cekin Lokasi cari Air Terjun Waykalam

#airterjun #airterjunwaykalam #airterjunlampungselatan #airterjunlampung #waykalam  #eksplorewaykalam #lampungselatan #pesonalampungselatan #ekaplorelampungselatan #lampung #eksplorelampung #pesonalampung #indonesia  #pesonaindonesia #holiday #waterfall",Attraction,,🔸 🔸 📷 in frame repost akun gunakan hastag tag akun. cekin lokasi cari air terjun waykalam,airterjunwaykalam airterjun airterjunlampungselatan airterjunlampung waykalam eksplorewaykalam lampungselatan pesonalampungselatan ekaplorelampungselatan lampung eksplorelampung pesonalampung indonesia pesonaindonesia holiday waterfall,kamera in frame repost akun gunakan hastag tag akun cekin lokasi cari air terjun waykalam
https://www.instagram.com/p/CT15wwLpSib/,73.jpg,44454.51835648148,".
Pantai Minangrua Bakauheni Lampu Hidup saya nomaden, berpindah-pindah dari 1 tempat wisata ke wisata yang lain, wisata yang gratis tapi.(ihza_mahendra20)

📌 Minang Rua Cave, Lampung

Karya Sahabat @ihza_mahendra20

Salam Generasi Pesona Indonesia
Lapah Gham Jamo-Jamo Ngelestareiken Bumi Lampung

Visit www.genpilampung.com

@jokowi @kemensetneg.ri 
@sandiuno @kemenparekraf.ri 
@arinal_djunaidi @mbak_nunik 
@rianasariarinal @pkk_provinsi_lampung
@edarwan1962 @pariwisata_lampung
@vera_moz76 @ekraf.lampun @perindaglampung
@ade_ui @wahrulfauzisilalahi @dprdlampung 
@dharmasetyawan.com_ @payungiuniversity @alamlampung_
@infogeh @ayokelampung.com_ @lampung.media
@mbakjhe @genpiindonesia @wonderful.indonesiaku
@abdulrohmanwahidone @genpi_lampung
@selampung @dinaspariwisata.lampungselatan

#genpi #genpilampung #genpilampung2021 #generasipesonaindonesia #pesonaindonesia #wonderfulindonesia #salamgenpigasgasgas #AyokeLampung #kelampungkeren #dilampungaja #diindonesiaaja #lampung #bandarlampung #kotametro #lampungbarat #lampungutara #lampungtimur #lampungtengah #lampungselatan #tanggamus #pringsewu #pesawaran #pesisirbarat #mesuji #waykanan #tulangbawang #tulangbawangbarat #love #pesonalampung #pesonalampungselatan",Attraction,,"pantai minangrua bakauheni lampu hidup saya nomaden, berpindah-pindah dari 1 tempat wisata ke wisata yang lain, wisata yang gratis tapi.(ihza_mahendra20) 📌 minang rua cave, lampung karya sahabat salam generasi pesona indonesia lapah gham jamo-jamo ngelestareiken bumi lampung visit",genpi genpilampung genpilampung2021 generasipesonaindonesia pesonaindonesia wonderfulindonesia salamgenpigasgasgas ayoke lampung kelampungkeren dilampungaja diindonesiaaja lampung bandarlampung kotametro lampungbarat lampungutara lampungtimur lampungtengah lampungselatan tanggamus pringsewu pesawaran pesisirbarat mesuji waykanan tulangbawang tulangbawangbarat love pesonalampung pesonalampungselatan,pantai minangrua bakauheni lampu hidup saya nomaden berpindah pindah dari 1 tempat wisata ke wisata yang lain wisata yang gratis tapi ihza mahendra20 lokasi minang rua cave lampung karya sahabat salam generasi pesona indonesia lapah gham jamo jamo ngelestareiken bumi lampung visit
https://www.instagram.com/p/CJq3sWDA8bY/,74.jpg,44201.682476851849,"Cinta adalah kecantikan jiwa
🔸
🔸

📷 In frame @mararqqa_

➖➖➖➖➖➖➖➖➖➖➖➖➖
Repost
•  akun @pesonawaykalam
• Gunakan hastag #pesonawaykalam
• Tag akun @pesonawaykalam

#pesonawaykalam #airterjun #airterjunwaykalam #waykalam  #eksplorewaykalam #lampungselatan #pesonalampungselatan #ekaplorelampungselatan #lampung #eksplorelampung #pesonalampung #indonesia  #pesonaindonesia #holiday #waterfall",Attraction,,cinta adalah kecantikan jiwa 🔸 🔸 📷 in frame repost akun gunakan hastag tag akun,pesonawaykalam airterjun airterjunwaykalam waykalam eksplorewaykalam lampungselatan pesonalampungselatan ekaplorelampungselatan lampung eksplorelampung pesonalampung indonesia pesonaindonesia holiday waterfall,cinta adalah kecantikan jiwa kamera in frame repost akun gunakan hastag tag akun
https://www.instagram.com/p/CLrSdARF8GK/,75.jpg,44251.555138888893,"The use of traveling is to regulate imagination with reality, and instead of thinking of how things may be, see them as they are -Samuel Jhonson
. 
. 

📷 In frame @sastika1688

➖➖➖➖➖➖➖➖➖➖➖➖➖
Repost
•  akun @pesonawaykalam
• Gunakan hastag #pesonawaykalam
• Tag akun @pesonawaykalam

#pesonawaykalam #airterjun #airterjunwaykalam #airterjunlampungselatan #airterjunlampung #waykalam  #eksplorewaykalam #lampungselatan #pesonalampungselatan #ekaplorelampungselatan #lampung #eksplorelampung #pesonalampung #indonesia  #pesonaindonesia #holiday #waterfall",Attraction,,"the use of traveling is to regulate imagination with reality, and instead of thinking of how things may be, see them as they are -samuel jhonson 📷 in frame repost akun gunakan hastag tag akun",pesonawaykalam airterjun airterjunwaykalam airterjunlampungselatan airterjunlampung waykalam eksplorewaykalam lampungselatan pesonalampungselatan ekaplorelampungselatan lampung eksplorelampung pesonalampung indonesia pesonaindonesia holiday waterfall,the use of traveling is to regulate imagination with reality and instead of thinking of how things may be see them as they are samuel jhonson kamera in frame repost akun gunakan hastag tag akun
https://www.instagram.com/p/CJv9_WklcNs/,76.jpg,44203.662499999999,"Golek cah Lanang Ojo seng wes mapan,sekali mapan malah babalas keturon🤣
.
.
.
.
#lampunghits 
#lampunggeh 
#bukitpematangsunrise 
#lampungviral 
#pesonalampungselatan",Attraction,,"golek cah lanang ojo seng wes mapan,sekali mapan malah babalas keturon🤣",lampunghits lampunggeh bukitpematangsunrise lampungviral pesonalampungselatan,golek cah lanang ojo seng wes mapan sekali mapan malah babalas keturon tertawa
https://www.instagram.com/p/CMQ9NiTFcJZ/,77.jpg,44266.183969907397,"Memenuhi kebutuhan Vitamin Sea... Yang dah lama ga terpenuhi.
.
.
Main-main ke Pesisir Lampung Selatan... KALIANDA. Tujuan pertama, ke pantai yang masih relatif sepi ini Yap Pantai KEDU.  Disituasi pandemi gini agak gimana gitu kalau ketempat yang rame orang.. 😀😀
.
.
Tapi lumayan asyiklah kepantai ini walau kalau yang suka selfi-selfi dengan ornamen buatan masih belum banyak. Namun, bolehlah selfi dengan latar belakang pantai, laut dan kapal karam yang entah apa ceritanya. Kok bisa kapalnya karam gitu.
.
.
Tiket masuk kesini, satu orang Rp. 5.000. Kemarin dua orang dengan kendaraan dan parkir Rp. 30.000. Ya relatif murah buat menyenangkan mata dan hati.
.
.
#pantaikedukalianda 
#pantaikedu
#pesonalampungselatan
#pariwisatalampungselatan",Attraction,,"memenuhi kebutuhan vitamin sea yang dah lama ga terpenuhi main-main ke pesisir lampung selatan kalianda. tujuan pertama, ke pantai yang masih relatif sepi ini yap pantai kedu. disituasi pandemi gini agak gimana gitu kalau ketempat yang rame orang 😀😀 tapi lumayan asyiklah kepantai ini walau kalau yang suka selfi-selfi dengan ornamen buatan masih belum banyak. namun, bolehlah selfi dengan latar belakang pantai, laut dan kapal karam yang entah apa ceritanya. kok bisa kapalnya karam gitu tiket masuk kesini, satu orang rp. 5.000. kemarin dua orang dengan kendaraan dan parkir rp. 30.000. ya relatif murah buat menyenangkan mata dan hati",pantaikedukalianda pantaikedu pesonalampungselatan pariwisatalampungselatan,memenuhi kebutuhan vitamin sea yang dah lama tidak terpenuhi main main ke pesisir lampung selatan kalianda tujuan pertama ke pantai yang masih relatif sepi ini yap pantai kedu disituasi pandemi gini agak gimana gitu kalau ketempat yang rame orang senang senang tapi lumayan asyiklah kepantai ini walau kalau yang suka selfi selfi dengan ornamen buatan masih belum banyak namun bolehlah selfi dengan latar belakang pantai laut dan kapal karam yang entah apa ceritanya kok bisa kapalnya karam gitu tiket masuk kesini satu orang rupiah 5 00 kemarin dua orang dengan kendaraan dan parkir rupiah 30 00 ya relatif murah buat menyenangkan mata dan hati
https://www.instagram.com/p/COsDN-AF2Gy/,78.jpg,44326.416458333333,"-
-
Jika engkau menginginkan sesuatu yang belum pernah kau rasakan dan yang belum kau punya........
Maka kau harus melakukan sesuatu yang belum pernah sama sekali engkau lakukan
*******************************************
Coba tebak air terjun mana ini???
📸@syah_herwan @andri.stwn2
.

.#Repost - @lucky.sputra 
.

📌 Desa Bakau heni ,kec Bakau heni 
Kab Lampung selatan, Lampung.

#wajahlampung
#informasilampung
#wonderfullampungselatan
#traveler2lampung
#jalanjalanlampung
#sahabattravellerlampung
#pesonalampungselatan
#kalianda.ig
#mata_lampungku
#pesonalampung
#potretlampung
#petualanglampung
#selampung
#wonderfullampungselatan
#wonderfullampung",Attraction,,"jika engkau menginginkan sesuatu yang belum pernah kau rasakan dan yang belum kau punya maka kau harus melakukan sesuatu yang belum pernah sama sekali engkau lakukan ******************************************* coba tebak air terjun mana ini? 📸 -. 📌 desa bakau heni,kec bakau heni kab lampung selatan, lampung ig",repost wajahlampung informasilampung wonderfullampungselatan traveler2lampung jalanjalanlampung sahabattravellerlampung pesonalampungselatan kalianda mata lampungku pesonalampung potretlampung petualanglampung selampung wonderfullampung,jika engkau menginginkan sesuatu yang belum pernah kau rasakan dan yang belum kau punya maka kau harus melakukan sesuatu yang belum pernah sama sekali engkau lakukan coba tebak air terjun mana ini kamera lokasi desa bakau heni kec bakau heni kab lampung selatan lampung ig
https://www.instagram.com/p/C84EyIExZY6/,79.jpg,45474.422488425917,"Tidak perlu menjelaskan dirimu kepada siapa pun, karna yg menyukaimu tidak butuh itu dan yang membencimu tidak akan mempercai itu

Ali bin Abi Thalib
(Khalifah ke empat sekaligus sepupu Rasulullah SAW 599H - 699H) 

Note: jgn liat slide terakhir 😅

📷 @ang_yusuf_27
📍 #pesonalampungselatan
🌄 #senja #penikmatsenja
🏍 @gallerycbr150indonesia

#fypage #fypシ #fyp #fypviral #photo #lbb #lbbdelhi #lbbbangalore #fl #flowers #flstudio #iff #iffhs #iffym #ifl #ifl❤️ #ifl💛 #iflifliflifliflifliflifliflifliflifliflifliflifliflifliflifl #flflflflflflflflflflfl❤️ #flfl💛",Attraction,,"tidak perlu menjelaskan dirimu kepada siapa pun, karna yg menyukaimu tidak butuh itu dan yang membencimu tidak akan mempercai itu ali bin abi thalib (khalifah ke empat sekaligus sepupu rasulullah saw 599h - 699h) note: jgn liat slide terakhir 😅 📷 📍 🌄 🏍 シ ❤️ 💛 ❤️ 💛",pesonalampungselatan senja penikmatsenja fypage fyp fypviral photo lbb lbbdelhi lbbbangalore fl flowers flstudio iff iffhs iffym ifl iflifliflifliflifliflifliflifliflifliflifliflifliflifliflifl flflflflflflflflflflfl flfl,tidak perlu menjelaskan dirimu kepada siapa pun karena yang menyukaimu tidak butuh itu dan yang membencimu tidak akan mempercai itu ali bin abi thalib khalifah ke empat sekaligus sepupu rasulullah saw 599h 699h note jgn liat slide terakhir kamera lokasi cinta cinta cinta cinta
https://www.instagram.com/p/CcgwKS1Pv0s/,80.jpg,44670.000717592593,"𝐖𝐈𝐒𝐀𝐓𝐀 𝐀𝐋𝐀𝐌 𝐆𝐔𝐍𝐔𝐍𝐆 𝐁𝐀𝐓𝐔 🍃 ______________________________ destinasi wisata unik berupa bongkahan batu-batu raksasa yang sangat intagramable sambil menikmati keindahan panorama alam yg segar , alami dan indah .. 

📍Berlokasi di Desa Srikaton, Tanjung Bintang - wisata Gunung Batu 
📷 by : @davidsetiyo_ @daisyphoto___ 

#tempatwisatalampung
#lampunggeh #lampungselatan #gunungbatu #desasrikaton #wisatagunungbatu #tanjungbintang #pesonalampungselatan #pikniklampung #jalanjalandilampung",Attraction,,"wisata alam gunung batu 🍃 destinasi wisata unik berupa bongkahan batu-batu raksasa yang sangat intagramable sambil menikmati keindahan panorama alam yg segar, alami dan indah 📍berlokasi di desa srikaton, tanjung bintang - wisata gunung batu 📷 by",tempatwisatalampung lampunggeh lampungselatan gunungbatu desasrikaton wisatagunungbatu tanjungbintang pesonalampungselatan pikniklampung jalanjalandilampung,wisata alam gunung batu destinasi wisata unik berupa bongkahan batu batu raksasa yang sangat intagramable sambil menikmati keindahan panorama alam yang segar alami dan indah lokasi berlokasi di desa srikaton tanjung bintang wisata gunung batu kamera by
https://www.instagram.com/p/CUUzUDLJU_z/,81.jpg,44466.518437500003,"😍😍

#grandeltykrakatoanirwanaresort #grandeltykrakatao #lampungselatanindonesia #explorelampung #lampunginstagram #pesonalampungselatan #lampungselatanexplore #lampunghitz_bangetzzz #lampungtraveler#lampungtravellers #lampungpunyacerita #wisatalampung",Amenities,,😍😍,grandeltykrakatoanirwanaresort grandeltykrakatao lampungselatanindonesia explorelampung lampunginstagram pesonalampungselatan lampungselatanexplore lampunghitz bangetzzz lampungtraveler lampungtravellers lampungpunyacerita wisatalampung,suka suka
https://www.instagram.com/p/CQA6edbM3qr/,82.jpg,44359.374131944453,"Temui aku di sini 
..
..
..
..
..
..
..
..
@pantai_minangrua 
@dinaspariwisata.lampungselatan 
@Disparbud
..
..
..
..
..
..
..
..
#lampungselatanamazing #lampungselatan_explore 
#wonderfullampungselatan #wondelfullindonesia 
#Wonderfulllampung #PesonaLampungSelatan 
#pesonalampung #pesonaindonesia
#sahabat_traveler #kelampungaja_ #lampungku_lampungmu #kelampungyuk #kelampung_geh #yoexplore #informasilpg
#indonesiaku#indonesiahebat",Attraction,,temui aku di sini,lampungselatanamazing lampungselatan explore wonderfullampungselatan wondelfullindonesia wonderfulllampung pesona lampung selatan pesonalampung pesonaindonesia sahabat traveler kelampungaja lampungku lampungmu kelampungyuk kelampung geh yoexplore informasilpg indonesiaku indonesiahebat,temui aku di sini
https://www.instagram.com/p/CUrqMenFru8/,83.jpg,44475.395416666674,"Dear Me.
Sabar ya. Gak harus semua sekarang. It takes time to get better, menghargai sebuah proses adalah hal terbaik yang bisa kita lakukan
🌼
🏝
#pesonalampungselatan #lampung eksis#lampungbautyfull#lampungkeren
#pantaimarinakalianda🌴
#mantulombaknya 🌊🌊",Attraction,,"dear me. sabar ya. gak harus semua sekarang. it takes time to get better, menghargai sebuah proses adalah hal terbaik yang bisa kita lakukan 🌼 🏝 eksis 🌴 🌊🌊",pesonalampungselatan lampung lampungbautyfull lampungkeren pantaimarinakalianda mantulombaknya,dear me sabar ya tidak harus semua sekarang it takes time to get better menghargai sebuah proses adalah hal terbaik yang bisa kita lakukan pulau eksis pohon kelapa laut laut
https://www.instagram.com/p/CTd7bAel2kq/,84.jpg,44445.207754629628,"Trimaksi untuk kakak kakak Lampung tengah,sudah liburan ke pulau kelagian besar lampung!🤍
•
•
•
•
🌎 Pulau kelagian besar Pesawaran Lampung.
___________________________________________________

#lampungindonesia #pesonalampungselatan #satusaudara #kelagianbesarisland #kelagianbesar",Attraction,,"trimaksi untuk kakak kakak lampung tengah,sudah liburan ke pulau kelagian besar lampung!🤍 🌎 pulau kelagian besar pesawaran lampung",lampungindonesia pesonalampungselatan satusaudara kelagianbesarisland kelagianbesar,trimaksi untuk kakak kakak lampung tengah sudah liburan ke pulau kelagian besar lampung pulau kelagian besar pesawaran lampung
https://www.instagram.com/p/CVPF8TiPjui/,85.jpg,44489.156446759262,"Sudah pada ngopi belum... 
 ~Utamakan kopi jangan CINTA. 
Karena otak butuh inspirasi, bukan air mata""
•
•
📍desa tanjung sari natar, lampung selatan
~
~
#lampunghits 
#wisatalampung 
#wisatalampungselatan 
#kecelampung
#pesonalampung 
#pesonalampungselatan
#ayokelampung 
#lampunggeh 
#pesonaalam
#piknik 
#pikniklampung
#pikniklampungkuy 
#gayapopuler 
#gayapria 
#jelajahlampung 
#jelajahlampungyuk
#pendakilampung
#potokekinian 
#lampungkeren 
#lampungkeceh 
#lampungindah",Amenities,,"sudah pada ngopi belum ~utamakan kopi jangan cinta. karena otak butuh inspirasi, bukan air mata"" 📍desa tanjung sari natar, lampung selatan ~ ~",lampunghits wisatalampung wisatalampungselatan kecelampung pesonalampung pesonalampungselatan ayokelampung lampunggeh pesonaalam piknik pikniklampung pikniklampungkuy gayapopuler gayapria jelajahlampung jelajahlampungyuk pendakilampung potokekinian lampungkeren lampungkeceh lampungindah,sudah pada ngopi belum utamakan kopi jangan cinta karena otak butuh inspirasi bukan air mata lokasi desa tanjung sari natar lampung selatan
https://www.instagram.com/p/CRSszi8nIKZ/,86.jpg,44391.136817129627,"📍 Pantai ketapang, pesawaran lampung selatan
.
.
.
#lampung #lampungselatan #kalianda #kaliandalampungselatan #traveling #travelingindonesia #wisatalampung #wisatalampungselatan #wisata #keindahanlampung #potret #potretlampung #pesonalampung #pesonalampungselatan #bandarlampung #pesawaran #pesawaranlampung #talangpadang #keindahanlampung",Attraction,,"📍 pantai ketapang, pesawaran lampung selatan",lampung lampungselatan kalianda kaliandalampungselatan traveling travelingindonesia wisatalampung wisatalampungselatan wisata keindahanlampung potret potretlampung pesonalampung pesonalampungselatan bandarlampung pesawaran pesawaranlampung talangpadang,lokasi pantai ketapang pesawaran lampung selatan
https://www.instagram.com/p/CO6nAhFl_gC/,87.jpg,44332.070694444446,"""Jangan risaukan apa yang tidak kita miliki, tapi risaukan hati saat tak bersungguh-sungguh mensyukuri setiap pemberian-Nya""

Pesisir Pantai Kalianda, Lampung Selatan

#lampungku #lampungwisata #lampungyay #lampungyay #lampunggeh #lampung #lampunggham #lampungme #lampunginsta #lampunghits #lampungwawai #lampungwalk #lampung_geh #lampunghelau #lampungtourism #ayodolan #pesonalampungselatan #pesisirkalianda #infokyai #infokyailampung #santriindonesia #pesonalampung #wisatalampung #masjidlampung #exploremasjidlampung #ilovelampung #pantaikalianda #ayokelampung #inilampungyay #inilampung #explorelampung",Attraction,,"""jangan risaukan apa yang tidak kita miliki, tapi risaukan hati saat tak bersungguh-sungguh mensyukuri setiap pemberian-nya"" pesisir pantai kalianda, lampung selatan",lampungku lampungwisata lampungyay lampunggeh lampung lampunggham lampungme lampunginsta lampunghits lampungwawai lampungwalk lampung geh lampunghelau lampungtourism ayodolan pesonalampungselatan pesisirkalianda infokyai infokyailampung santriindonesia pesonalampung wisatalampung masjidlampung exploremasjidlampung ilovelampung pantaikalianda ayokelampung inilampungyay inilampung explorelampung,jangan risaukan apa yang tidak kita miliki tapi risaukan hati saat tak bersungguh sungguh mensyukuri setiap pemberian nya pesisir pantai kalianda lampung selatan
https://www.instagram.com/p/CJq1QuUASCB/,88.jpg,44201.667719907397,"Kamu adalah salah satu yang menjadi alasan untuk ku tersenyum. Iyaa kamuu... 
🔸
🔸

📷 In frame @ardi_ar04

➖➖➖➖➖➖➖➖➖➖➖➖➖
Repost
•  Akun @pesonawaykalam
•  Hastag #pesonawaykalam
• Tag akun @pesonawaykalam

#pesonawaykalam #airterjun #airterjunwaykalam #waykalam  #eksplorewaykalam #lampungselatan #pesonalampungselatan #ekaplorelampungselatan #lampung #eksplorelampung #pesonalampung #indonesia  #pesonaindonesia #holiday #waterfall",Attraction,,kamu adalah salah satu yang menjadi alasan untuk ku tersenyum. iyaa kamuu 🔸 🔸 📷 in frame repost akun hastag tag akun,pesonawaykalam airterjun airterjunwaykalam waykalam eksplorewaykalam lampungselatan pesonalampungselatan ekaplorelampungselatan lampung eksplorelampung pesonalampung indonesia pesonaindonesia holiday waterfall,kamu adalah salah satu yang menjadi alasan untuk ku tersenyum iyaa kamuu kamera in frame repost akun hastag tag akun
https://www.instagram.com/p/CLZM5zflB5c/,89.jpg,44244.530949074076,"Even when you're unfair, nature still provides what you need in life

🔸

📷 In frame @rajesh_ow

➖➖➖➖➖➖➖➖➖➖➖➖➖
Repost
•  akun @pesonawaykalam
• Gunakan hastag #pesonawaykalam
• Tag akun @pesonawaykalam

#pesonawaykalam #airterjun #airterjunwaykalam #airterjunlampungselatan #airterjunlampung #waykalam  #eksplorewaykalam #lampungselatan #pesonalampungselatan #ekaplorelampungselatan #lampung #eksplorelampung #pesonalampung #indonesia  #pesonaindonesia #holiday #waterfall",Attraction,,"even when you're unfair, nature still provides what you need in life 🔸 📷 in frame repost akun gunakan hastag tag akun",pesonawaykalam airterjun airterjunwaykalam airterjunlampungselatan airterjunlampung waykalam eksplorewaykalam lampungselatan pesonalampungselatan ekaplorelampungselatan lampung eksplorelampung pesonalampung indonesia pesonaindonesia holiday waterfall,even when you re unfair nature still provides what you need in life kamera in frame repost akun gunakan hastag tag akun
https://www.instagram.com/p/CNXXKFDlAZN/,90.jpg,44293.526724537027,"Woi piknik gak? Piknik lah, masa egk!

#piknik #piknikpantai #pikniklampung #motovloglampung #motovlogindonesia🇮🇩 #pantaikeduwarna #pantailampung #pesonaindonesia #pesonalampungselatan #lampunghitz #lampunghits",Attraction,,"woi piknik gak? piknik lah, masa egk! 🇮🇩",piknik piknikpantai pikniklampung motovloglampung motovlogindonesia pantaikeduwarna pantailampung pesonaindonesia pesonalampungselatan lampunghitz lampunghits,woi piknik tidak piknik lah masa egk
https://www.instagram.com/p/CO4cKUAFQtD/,91.jpg,44331.228148148148,"Holiday Eceknya😁

#fl#love#pantaiindahkapuk#pantaiterbaya#pesonaindonesia#pesonalampung#pesonaalam#pesonalampungselatan#flfl💛",Attraction,,holiday eceknya😁 💛,fl love pantaiindahkapuk pantaiterbaya pesonaindonesia pesonalampung pesonaalam pesonalampungselatan flfl,holiday eceknya senang cinta
https://www.instagram.com/p/CKqgg4Vs0G9/,92.jpg,44226.396956018521,"Sungguh indah ciptaan Tuhan, air mengalir kebawah itulah sungai ,😀
🔸
🔸
📷 In frame : admin

➖➖➖➖➖➖➖➖➖➖➖➖➖
Repost
•  akun @airterjun_waykalam
• Gunakan hastag #airterjunwaykalam
• Tag akun @airterjun_waykalam
. Cekin Lokasi cari Air Terjun Waykalam

#airterjun #airterjunwaykalam #airterjunlampungselatan #airterjunlampung #waykalam  #eksplorewaykalam #lampungselatan #pesonalampungselatan #ekaplorelampungselatan #lampung #eksplorelampung #pesonalampung #indonesia  #pesonaindonesia #holiday #waterfall",Attraction,,"sungguh indah ciptaan tuhan, air mengalir kebawah itulah sungai,😀 🔸 🔸 📷 in frame: admin repost akun gunakan hastag tag akun. cekin lokasi cari air terjun waykalam",airterjunwaykalam airterjun airterjunlampungselatan airterjunlampung waykalam eksplorewaykalam lampungselatan pesonalampungselatan ekaplorelampungselatan lampung eksplorelampung pesonalampung indonesia pesonaindonesia holiday waterfall,sungguh indah ciptaan tuhan air mengalir kebawah itulah sungai senang kamera in frame admin repost akun gunakan hastag tag akun cekin lokasi cari air terjun waykalam
https://www.instagram.com/p/CKA1ERFMtRC/,93.jpg,44210.210497685177,"Lomba jukung
....
....
....
....
....
....
....
....
....
#perahu 
#perahudayung #perahutradisional #perahunelayan #nelayan #nelayanindonesia #nelayanlampung  #informasilampung #lampunggeh#lampungsai #wisatalampung#explore #exploreindonesia #Explorelampungselatan #Explorelampung #lampungselatanamazing #pesonalampung #pesonalampungselatan #pesonaindonesiaofficial #indonesiaku #indonesiahebat🇮🇩 #pokdarwisminangruabahari #PokdarwisLampungSelatan #PokdarwisLampung #pokdarwisindonesia#traveler #travelerindonesia #travelerlampung",Attraction,,lomba jukung 🇮🇩,perahu perahudayung perahutradisional perahunelayan nelayan nelayanindonesia nelayanlampung informasilampung lampunggeh lampungsai wisatalampung explore exploreindonesia explorelampungselatan explorelampung lampungselatanamazing pesonalampung pesonalampungselatan pesonaindonesiaofficial indonesiaku indonesiahebat pokdarwisminangruabahari pokdarwis lampung selatan pokdarwis lampung pokdarwisindonesia traveler travelerindonesia travelerlampung,lomba jukung
https://www.instagram.com/p/CJz73Zdg66G/,94.jpg,44205.203055555547,"Jika kau bosan carilah suasana yang tidak biasa, dan jika kau lelah maka istirahatlah. 
🔸
🔸

📷 In frame @ahmad_syaifudin__

➖➖➖➖➖➖➖➖➖➖➖➖➖
Repost
•  akun @pesonawaykalam
• Gunakan hastag #pesonawaykalam
• Tag akun @pesonawaykalam

#pesonawaykalam #airterjun #airterjunwaykalam #waykalam  #eksplorewaykalam #lampungselatan #pesonalampungselatan #ekaplorelampungselatan #lampung #eksplorelampung #pesonalampung #indonesia  #pesonaindonesia #holiday #waterfall",Attraction,,"jika kau bosan carilah suasana yang tidak biasa, dan jika kau lelah maka istirahatlah. 🔸 🔸 📷 in frame repost akun gunakan hastag tag akun",pesonawaykalam airterjun airterjunwaykalam waykalam eksplorewaykalam lampungselatan pesonalampungselatan ekaplorelampungselatan lampung eksplorelampung pesonalampung indonesia pesonaindonesia holiday waterfall,jika kau bosan carilah suasana yang tidak biasa dan jika kau lelah maka istirahatlah kamera in frame repost akun gunakan hastag tag akun
https://www.instagram.com/p/CNMF_3nMdtK/,95.jpg,44289.150613425933,"Lakuin dulu masalah berhasil apa gak yah itu belakangan kawan.
_____________________
_____________________
_____________________

#Repost @asepantoni1504_
• • • • • •
☑️Loc: Wisata Pantai Minang Rua
____________________________________________
🖼️ Ingin foto/vidiomu di repost 🔄

☑️Follow & tag foto/ vidio mu ke @lampungselatanexplore

☑️ Cantumkan lokasi nya 🖼️
☑️ spam like ❤️
☑️ hastag #lampungselatanexplore

🔺 Note : akun jangan di privat ❌ 
_______________________________________
____

☑️Follow halaman Facebook : lampung selatan Explore

☑️ Subscribe youtube channel :
Link in bio 👉👉

☑️ Mau trip keliling lampung selatan Silahkan dm me 📥
#lampungselatanexplore #wonderfulindonesia #wonderfullampungselatan #wonderfullampung #pesonaindonesiaofficial #pesonaindonesia #pesonalampungselatan #pesonalampung #lampungselatanamazing #amazinglampung #lampung #lampungeksplore  #lampungeksis #lampunggeh #kelampungyuk #lampungdong #lampungku #lampunghits #lampungtripyay #kelampungaja #lampungasik #pikniklampung #wisatakunusantara #mata_lampungku #wisataterbaiklampung #alamlampung #pantaiminangrua",Attraction,,lakuin dulu masalah berhasil apa gak yah itu belakangan kawan. ☑️loc: wisata pantai minang rua 🖼️ ingin foto/vidiomu di repost 🔄 ☑️follow dan tag foto/ vidio mu ke ☑️ cantumkan lokasi nya 🖼️ ☑️ spam like ❤️ ☑️ hastag 🔺 note: akun jangan di privat ❌ ☑️follow halaman facebook: lampung selatan explore ☑️ subscribe youtube channel: link in bio 👉👉 ☑️ mau trip keliling lampung selatan silahkan dm me 📥,repost lampungselatanexplore wonderfulindonesia wonderfullampungselatan wonderfullampung pesonaindonesiaofficial pesonaindonesia pesonalampungselatan pesonalampung lampungselatanamazing amazinglampung lampung lampungeksplore lampungeksis lampunggeh kelampungyuk lampungdong lampungku lampunghits lampungtripyay kelampungaja lampungasik pikniklampung wisatakunusantara mata lampungku wisataterbaiklampung alamlampung pantaiminangrua,lakuin dulu masalah berhasil apa tidak yah itu belakangan kawan cek lokasi wisata pantai minang rua ingin foto vidiomu di repost cek follow dan tag foto vidio mu ke cek cantumkan lokasi nya cek spam like cinta cek hastag note akun jangan di privat cek follow halaman facebook lampung selatan explore cek subscribe youtube channel link in bio arah arah cek mau trip keliling lampung selatan silahkan dm me
https://www.instagram.com/p/Ciq4fr8P0ZS/,96.jpg,44823.065717592603,rindu kampung halaman #lampung#pesonalampungselatan,Attraction,,rindu kampung halaman,lampung pesonalampungselatan,rindu kampung halaman
https://www.instagram.com/p/CKiEpvrMTGh/,97.jpg,44223.120995370373,"🔸
🔸

📷 In frame : @aaryapratama

➖➖➖➖➖➖➖➖➖➖➖➖➖
Repost
•  akun @airterjun_waykalam
• Gunakan hastag #airterjunwaykalam
• Tag akun @airterjun_waykalam
. Cekin Lokasi cari Air Terjun Waykalam

#airterjun #airterjunwaykalam #airterjunlampungselatan #airterjunlampung #waykalam  #eksplorewaykalam #lampungselatan #pesonalampungselatan #ekaplorelampungselatan #lampung #eksplorelampung #pesonalampung #indonesia  #pesonaindonesia #holiday #waterfall",Attraction,,🔸 🔸 📷 in frame: repost akun gunakan hastag tag akun. cekin lokasi cari air terjun waykalam,airterjunwaykalam airterjun airterjunlampungselatan airterjunlampung waykalam eksplorewaykalam lampungselatan pesonalampungselatan ekaplorelampungselatan lampung eksplorelampung pesonalampung indonesia pesonaindonesia holiday waterfall,kamera in frame repost akun gunakan hastag tag akun cekin lokasi cari air terjun waykalam
https://www.instagram.com/p/CPQgdOcBom0/,98.jpg,44340.574884259258,#lampunghits #lampungselatan #lampunggeh #wisatalampung #pesonalampungselatan #matalampungku,Attraction,,,lampunghits lampungselatan lampunggeh wisatalampung pesonalampungselatan matalampungku,
https://www.instagram.com/p/DNcNXdqv3EJ/,99.jpg,45886.137743055559,Upacara HUT Ri ke 80 th di Bakauheni Harbour city Ampliteater Bakauheni Upacara Bupati Lampung Selatan  @radityoegi  dan seluruh Pegawai dan masyarakat setempat 17 Agustus 2025 #pemkablampungselatan #pesonalampungselatan #hutke80ri #wisatalampungselatan #radityoegi #sayfulanwar #kawasanmenarasiger #lampungselatanmaju #bismillahbisa,Attraction,Siger,upacara hut ri ke 80 th di bakauheni harbour city ampliteater bakauheni upacara bupati lampung selatan dan seluruh pegawai dan masyarakat setempat 17 agustus 2025,pemkablampungselatan pesonalampungselatan hutke80ri wisatalampungselatan radityoegi sayfulanwar kawasanmenarasiger lampungselatanmaju bismillahbisa,upacara hut ri ke 80 th di bakauheni harbour city ampliteater bakauheni upacara bupati lampung selatan dan seluruh pegawai dan masyarakat setempat 17 agustus 2025
https://www.instagram.com/p/CNg9TVUJeDC/,100.jpg,44297.253437500003,"Pantai Kedu, Kalianda, Lampung Selatan.
.
.
.
#pesonakalianda #pesonalampungselatan #lampungexplore #lampungexplore #lampunggeh #lampunghits #lampungselatan",Attraction,Sunset,"pantai kedu, kalianda, lampung selatan",pesonakalianda pesonalampungselatan lampungexplore lampunggeh lampunghits lampungselatan,pantai kedu kalianda lampung selatan
https://www.instagram.com/p/CNb0kn-lgQT/,101.jpg,44295.258657407408,Tuhan ciptakan dunia bukan hanya untuk manusia tetapi untuk semua makhluk hidup seperti lautan ini #exploreindonesia #explorelampung #explorelampungselatan #explorekalinda #pesonaindonesia #pesonalampung #pesonalampungselatan #lampunghits #lampung,Attraction,,tuhan ciptakan dunia bukan hanya untuk manusia tetapi untuk semua makhluk hidup seperti lautan ini,exploreindonesia explorelampung explorelampungselatan explorekalinda pesonaindonesia pesonalampung pesonalampungselatan lampunghits lampung,tuhan ciptakan dunia bukan hanya untuk manusia tetapi untuk semua makhluk hidup seperti lautan ini
https://www.instagram.com/p/Cd3ln7XhBPj/,102.jpg,44703.724224537043,"Di belakang sya ada permainan baru lohh( sea Walker) astronot bawah laut !!! bisa hubungi via wa/tlfn:083122507957
.
.
.

 #pulaupahwang
#pahawanglampung
#pesonalampungselatan #mainairyuk #wisataalamindonesia #pahawangmurah #tripmurahpahawang #wisatabawahlaut#olahargalaut#palembanghitz#pantaipahawang",Amenities,Wahana SeaWalker,di belakang sya ada permainan baru lohh( sea walker) astronot bawah laut! bisa hubungi via wa/tlfn:083122507957,pulaupahwang pahawanglampung pesonalampungselatan mainairyuk wisataalamindonesia pahawangmurah tripmurahpahawang wisatabawahlaut olahargalaut palembanghitz pantaipahawang,di belakang sya ada permainan baru lohh sea walker astronot bawah laut bisa hubungi via whatsapp tlfn 083122507957
https://www.instagram.com/p/CKbep6eFlXe/,103.jpg,44220.560254629629,"Semakin sulit jalan menuju ke suatu tempat sesungguhnya ada suatu kepuasan saat titik akhir perjalanan itu tercapai 
🔸
🔸

📷 In frame @latifsntna

➖➖➖➖➖➖➖➖➖➖➖➖➖
Repost
•  akun @pesonawaykalam
• Gunakan hastag #pesonawaykalam
• Tag akun @pesonawaykalam

#pesonawaykalam #airterjun #airterjunwaykalam #airterjunlampungselatan #airterjunlampung #waykalam  #eksplorewaykalam #lampungselatan #pesonalampungselatan #ekaplorelampungselatan #lampung #eksplorelampung #pesonalampung #indonesia  #pesonaindonesia #holiday #waterfall",Attraction,,semakin sulit jalan menuju ke suatu tempat sesungguhnya ada suatu kepuasan saat titik akhir perjalanan itu tercapai 🔸 🔸 📷 in frame repost akun gunakan hastag tag akun,pesonawaykalam airterjun airterjunwaykalam airterjunlampungselatan airterjunlampung waykalam eksplorewaykalam lampungselatan pesonalampungselatan ekaplorelampungselatan lampung eksplorelampung pesonalampung indonesia pesonaindonesia holiday waterfall,semakin sulit jalan menuju ke suatu tempat sesungguhnya ada suatu kepuasan saat titik akhir perjalanan itu tercapai kamera in frame repost akun gunakan hastag tag akun
https://www.instagram.com/p/CRSscRQnC0c/,104.jpg,44391.134606481479,"📍 Pantai alau-alau, kalianda lampung selatan
.
.
.
#lampung #lampungselatan #kalianda #kaliandalampungselatan #traveling #travelingindonesia #wisatalampung #wisatalampungselatan #wisata #keindahanlampung #potret #potretlampung #pesonalampung #pesonalampungselatan",Attraction,,"📍 pantai alau-alau, kalianda lampung selatan",lampung lampungselatan kalianda kaliandalampungselatan traveling travelingindonesia wisatalampung wisatalampungselatan wisata keindahanlampung potret potretlampung pesonalampung pesonalampungselatan,lokasi pantai alau alau kalianda lampung selatan
https://www.instagram.com/p/CJprR0Mgo2w/,105.jpg,44201.218784722223,"Besar pasak daripada tiang
Besarkan perut daripada mulut
. 
. 
Sukses tidak datang dari tempat yang nyaman
🔸
🔸

📷 In frame @jejaksi_ohm

➖➖➖➖➖➖➖➖➖➖➖➖➖
Repost
•  Akun @pesonawaykalam
•  Hastag #pesonawaykalam
• Tag akun @pesonawaykalam

#pesonawaykalam #airterjun #airterjunwaykalam #waykalam  #eksplorewaykalam #lampungselatan #pesonalampungselatan #ekaplorelampungselatan #lampung #eksplorelampung #pesonalampung #indonesia  #pesonaindonesia #holiday #waterfall",Attraction,,besar pasak daripada tiang besarkan perut daripada mulut sukses tidak datang dari tempat yang nyaman 🔸 🔸 📷 in frame repost akun hastag tag akun,pesonawaykalam airterjun airterjunwaykalam waykalam eksplorewaykalam lampungselatan pesonalampungselatan ekaplorelampungselatan lampung eksplorelampung pesonalampung indonesia pesonaindonesia holiday waterfall,besar pasak daripada tiang besarkan perut daripada mulut sukses tidak datang dari tempat yang nyaman kamera in frame repost akun hastag tag akun
https://www.instagram.com/p/CJq5Xt5AVeH/,106.jpg,44201.692662037043,"Mari jaga alam agar keindahanya dapat kita nikmati bersama
🔸
🔸

📷 In frame @ekamaulanaiqbal_18

➖➖➖➖➖➖➖➖➖➖➖➖➖
Repost
•  akun @pesonawaykalam
• Gunakan hastag #pesonawaykalam
• Tag akun @pesonawaykalam

#pesonawaykalam #airterjun #airterjunwaykalam #waykalam  #eksplorewaykalam #lampungselatan #pesonalampungselatan #ekaplorelampungselatan #lampung #eksplorelampung #pesonalampung #indonesia  #pesonaindonesia #holiday #waterfall",Attraction,,mari jaga alam agar keindahanya dapat kita nikmati bersama 🔸 🔸 📷 in frame repost akun gunakan hastag tag akun,pesonawaykalam airterjun airterjunwaykalam waykalam eksplorewaykalam lampungselatan pesonalampungselatan ekaplorelampungselatan lampung eksplorelampung pesonalampung indonesia pesonaindonesia holiday waterfall,mari jaga alam agar keindahanya dapat kita nikmati bersama kamera in frame repost akun gunakan hastag tag akun
https://www.instagram.com/p/CJuT4i9ggB-/,107.jpg,44203.018634259257,"Melelahkan dan tidak mudah 
🔸
🔸

📷 In frame @desma.kartiko

➖➖➖➖➖➖➖➖➖➖➖➖➖
Repost
•  akun @pesonawaykalam
• Gunakan hastag #pesonawaykalam
• Tag akun @pesonawaykalam

#pesonawaykalam #airterjun #airterjunwaykalam #waykalam  #eksplorewaykalam #lampungselatan #pesonalampungselatan #ekaplorelampungselatan #lampung #eksplorelampung #pesonalampung #indonesia  #pesonaindonesia #holiday #waterfall",Attraction,,melelahkan dan tidak mudah 🔸 🔸 📷 in frame repost akun gunakan hastag tag akun,pesonawaykalam airterjun airterjunwaykalam waykalam eksplorewaykalam lampungselatan pesonalampungselatan ekaplorelampungselatan lampung eksplorelampung pesonalampung indonesia pesonaindonesia holiday waterfall,melelahkan dan tidak mudah kamera in frame repost akun gunakan hastag tag akun
https://www.instagram.com/p/CQCLVAyt9NY/,108.jpg,44359.864756944437,"Hidup adalah 10% apa yang kamu Fikirkan, 90% apa yang kamu lakukan.

Foto ini merupakan jepretan yang tidak disengaja, karna ketika bersiap untuk berfoto tiba-tiba ombak Besar datang, Spontanitas jadi kaget dan langsung Loncat.. he..he..

Repost @muhamad_herdiawan
• • • • • •

Pantai Batu Rame Kalianda, Lampung Selatan.

#explorwisatalampung
#rajabasa #rajabasalampung #rajabasamountain #gunungrajabasa #kalianda #kaliandaresort #kaliandalampungselatan #kaliandaig #pesonakalianda #pesonalampungselatan #pesonalampung #pesonaindonesia #infokyai #infokyailampung #infokyainusantara #lampungyay #lampungme #lampung #lampunghits #lampunggeh #lampunginsta #lampungwalk #lampunggham #lampungpedia #lampungweh #lampungkeren #ilovelampung #lampungtrip",Attraction,,"hidup adalah 10% apa yang kamu fikirkan, 90% apa yang kamu lakukan. foto ini merupakan jepretan yang tidak disengaja, karna ketika bersiap untuk berfoto tiba-tiba ombak besar datang, spontanitas jadi kaget dan langsung loncat he he repost pantai batu rame kalianda, lampung selatan",explorwisatalampung rajabasa rajabasalampung rajabasamountain gunungrajabasa kalianda kaliandaresort kaliandalampungselatan kaliandaig pesonakalianda pesonalampungselatan pesonalampung pesonaindonesia infokyai infokyailampung infokyainusantara lampungyay lampungme lampung lampunghits lampunggeh lampunginsta lampungwalk lampunggham lampungpedia lampungweh lampungkeren ilovelampung lampungtrip,hidup adalah 10 apa yang kamu fikirkan 90 apa yang kamu lakukan foto ini merupakan jepretan yang tidak disengaja karena ketika bersiap untuk berfoto tiba tiba ombak besar datang spontanitas jadi kaget dan langsung loncat he he repost pantai batu rame kalianda lampung selatan
https://www.instagram.com/p/CKJosp8Bzv1/,109.jpg,44213.630694444437,"Tidak ada yang abadi baik bahagia maupun luka.

Suatu saat kita akan tiba di titik menertawakan rasa yang dulu sakit atau menangisi rasa yang dulu indah .

@gvr.travellinglampung@lampung_milenial
@explorelampung @wisata_lampunghits @kelilinglampung_ @traveller_lampung @tempat_wisata_lampung @gvr.travellinglampung @wisata_lampunghits @wisata_lampungme @explorewisatalampung @wisatabandarlampung @wisatalampungku @wisata_lampung.id @wisatalampung_repost @wisatalampungselatan @pantai.sebalang.hits @sebalangyay @sebalanglampung @sebalangbeach
#quetescinta #quetesbaper #sebalang #sebalangbeach #sebalangbeachlampung #sebalangyay #sebalangkuy #sebalanglampung #sebalang#pantailampungselatan #pantaisebalang #pantaisebalanglampung #pantaisebalangtarahan #pantaisebalangtarahan_lampung #wisatalampungku #wisatabandarlampung #wisatalampung #pesonalampung #pesonalampungselatan #pesonalampungkita #pikniklampung #pikniklampungkuy #lampungselatanhits #lampungmoment #lampungpunyacerita #lampungyay #potretmileniallampung #lampunghitz #lampungkerenyay #lampungme",Attraction,,tidak ada yang abadi baik bahagia maupun luka. suatu saat kita akan tiba di titik menertawakan rasa yang dulu sakit atau menangisi rasa yang dulu indah. @lampung_milenial,quetescinta quetesbaper sebalang sebalangbeach sebalangbeachlampung sebalangyay sebalangkuy sebalanglampung pantailampungselatan pantaisebalang pantaisebalanglampung pantaisebalangtarahan pantaisebalangtarahan lampung wisatalampungku wisatabandarlampung wisatalampung pesonalampung pesonalampungselatan pesonalampungkita pikniklampung pikniklampungkuy lampungselatanhits lampungmoment lampungpunyacerita lampungyay potretmileniallampung lampunghitz lampungkerenyay lampungme,tidak ada yang abadi baik bahagia maupun luka suatu saat kita akan tiba di titik menertawakan rasa yang dulu sakit atau menangisi rasa yang dulu indah lampung milenial
https://www.instagram.com/p/CJq4agYAfc0/,110.jpg,44201.686851851853,"Selagi kamu tak ada perasaan halus saa melihat alam, jiwamu tak hidup
🔸
🔸

📷 In frame @karmila_0512

➖➖➖➖➖➖➖➖➖➖➖➖➖
Repost
•  akun @pesonawaykalam
• Gunakan hastag #pesonawaykalam
• Tag akun @pesonawaykalam

#pesonawaykalam #airterjun #airterjunwaykalam #waykalam  #eksplorewaykalam #lampungselatan #pesonalampungselatan #ekaplorelampungselatan #lampung #eksplorelampung #pesonalampung #indonesia  #pesonaindonesia #holiday #waterfall",Attraction,,"selagi kamu tak ada perasaan halus saa melihat alam, jiwamu tak hidup 🔸 🔸 📷 in frame repost akun gunakan hastag tag akun",pesonawaykalam airterjun airterjunwaykalam waykalam eksplorewaykalam lampungselatan pesonalampungselatan ekaplorelampungselatan lampung eksplorelampung pesonalampung indonesia pesonaindonesia holiday waterfall,selagi kamu tak ada perasaan halus saa melihat alam jiwamu tak hidup kamera in frame repost akun gunakan hastag tag akun
https://www.instagram.com/p/CLjQl5zM4X-/,111.jpg,44248.436956018522,"Santai sejenak gaesss
.
.
.
.
.
.
.
.
#pantaijandong 
#pesisirrajabasa 
#wisatalampungselatan #lampungselatanamazing 
#lampungselatan_explore #lampungselatanexis 
#PokdarwisLampungSelatan #PokdarwisMinangruaBahari 
#pokdarwisindonesia #Dinaspariwisatalampungselatan 
#wisatalampungsai #PesonaLampungSelatan 
#pesonapantaiindonesia #pesonapantailampung 
#pesonaindonesia #anakpantai",Amenities,Santai di fasilitas istirahat,santai sejenak gaesss,pantaijandong pesisirrajabasa wisatalampungselatan lampungselatanamazing lampungselatan explore lampungselatanexis pokdarwis lampung selatan pokdarwis minangrua bahari pokdarwisindonesia dinaspariwisatalampungselatan wisatalampungsai pesona lampung selatan pesonapantaiindonesia pesonapantailampung pesonaindonesia anakpantai,santai sejenak gaess
https://www.instagram.com/p/CKkaAAeMc3z/,112.jpg,44224.027268518519,"SELAMAT PAGI 
🔸
🔸

📷 In frame @melanyfikran

➖➖➖➖➖➖➖➖➖➖➖➖➖
Repost
•  akun @airterjun_waykalam
• Gunakan hastag #airterjunwaykalam
• Tag akun @airterjun_waykalam
. Cekin Lokasi cari Air Terjun Waykalam

#airterjun #airterjunwaykalam #airterjunlampungselatan #airterjunlampung #waykalam  #eksplorewaykalam #lampungselatan #pesonalampungselatan #ekaplorelampungselatan #lampung #eksplorelampung #pesonalampung #indonesia  #pesonaindonesia #holiday #waterfall",Attraction,,selamat pagi 🔸 🔸 📷 in frame repost akun gunakan hastag tag akun. cekin lokasi cari air terjun waykalam,airterjunwaykalam airterjun airterjunlampungselatan airterjunlampung waykalam eksplorewaykalam lampungselatan pesonalampungselatan ekaplorelampungselatan lampung eksplorelampung pesonalampung indonesia pesonaindonesia holiday waterfall,selamat pagi kamera in frame repost akun gunakan hastag tag akun cekin lokasi cari air terjun waykalam
https://www.instagram.com/p/CLdsLo4AjxA/,113.jpg,44246.274201388893,"Loc. Air Terjun Anakan di Desa Way Kalam, Kalianda, Lampung Selatan
#instalampung  #pesonalampungselatan  #explorelampung  #explorelampungselatan",Attraction,,"loc. air terjun anakan di desa way kalam, kalianda, lampung selatan",instalampung pesonalampungselatan explorelampung explorelampungselatan,lokasi air terjun anakan di desa way kalam kalianda lampung selatan
https://www.instagram.com/p/CJpsEuugu4F/,114.jpg,44201.223611111112,"Tenang belum tentu tidak menghanyutkan
🔸
🔸

📷 In frame @desma.kartiko

➖➖➖➖➖➖➖➖➖➖➖➖➖
Repost
•  Akun @pesonawaykalam
•  Hastag #pesonawaykalam
• Tag akun @pesonawaykalam

#pesonawaykalam #airterjun #airterjunwaykalam #waykalam  #eksplorewaykalam #lampungselatan #pesonalampungselatan #ekaplorelampungselatan #lampung #eksplorelampung #pesonalampung #indonesia  #pesonaindonesia #holiday #waterfall",Attraction,,tenang belum tentu tidak menghanyutkan 🔸 🔸 📷 in frame repost akun hastag tag akun,pesonawaykalam airterjun airterjunwaykalam waykalam eksplorewaykalam lampungselatan pesonalampungselatan ekaplorelampungselatan lampung eksplorelampung pesonalampung indonesia pesonaindonesia holiday waterfall,tenang belum tentu tidak menghanyutkan kamera in frame repost akun hastag tag akun
https://www.instagram.com/p/CdfuMv8vtF_/,115.jpg,44694.455590277779,"Berhenti merasa Anda begitu kecil. Anda adalah alam semesta yang bergembira. 
. 
. 
. 
#lfl #explorelampung #explorelampungselatan #airterjunwaykalam #pesonalampungselatan #explorekalianda",Attraction,,berhenti merasa anda begitu kecil. anda adalah alam semesta yang bergembira,lfl explorelampung explorelampungselatan airterjunwaykalam pesonalampungselatan explorekalianda,berhenti merasa anda begitu kecil anda adalah alam semesta yang bergembira
https://www.instagram.com/p/CL4Xpn7LRep/,116.jpg,44256.635370370372,"Maret kembali datang, 

Semoga yang tergenggam tak pernah hilang, 

Yang sedang diusahakan kunjung datang, 

Dan yang terlanjur hilang, tenggelam tanpa menyisakan bayang-bayang 🍂
______________________________________________________________
#pesonalampung 
#pesonalampungselatan 
#pantailampung 
#pantailampungselatan 
#temanjalan 
#hobbyjalan 
#sukapantainusantara 
#sukagunung 
#sukakamu
#langkahmungilleks",Attraction,,"maret kembali datang, semoga yang tergenggam tak pernah hilang, yang sedang diusahakan kunjung datang, dan yang terlanjur hilang, tenggelam tanpa menyisakan bayang-bayang 🍂",pesonalampung pesonalampungselatan pantailampung pantailampungselatan temanjalan hobbyjalan sukapantainusantara sukagunung sukakamu langkahmungilleks,maret kembali datang semoga yang tergenggam tak pernah hilang yang sedang diusahakan kunjung datang dan yang terlanjur hilang tenggelam tanpa menyisakan bayang bayang
https://www.instagram.com/p/CRrAWpchuZp/,117.jpg,44400.576111111113,"Sadar Sabar Syukur
.
.
.
#waytebingceppa  #kalianda  #wisatalamsel #wisataindonesia #wisatalampung",Attraction,,sadar sabar syukur,waytebingceppa kalianda wisatalamsel wisataindonesia wisatalampung,sadar sabar syukur
https://www.instagram.com/p/CTi4kosJkss/,118.jpg,44447.132268518522,"Yang ngingetin makan akan kalah sama yang ngasih makan...
.
.
.
.
.
.
#kelampungaja #pikniklampung #wisatalampung #lampung #lampungexplore #lampunggeh #lampungkeren #lampunghits #ilovelampung #kelilinglampung #lampungeksis #berandalampung #wajahlampung #wisatapringsewu #wisatalamsel #wisatakrui #wisatabdl #wisatametro #wisatakalianda #wisatakotabumi #wisatalambar #wisatatanggamus #pesawaran #ifl #ifl💛 #lfl💛 #lfl",Attraction,,yang ngingetin makan akan kalah sama yang ngasih makan 💛 💛,kelampungaja pikniklampung wisatalampung lampung lampungexplore lampunggeh lampungkeren lampunghits ilovelampung kelilinglampung lampungeksis berandalampung wajahlampung wisatapringsewu wisatalamsel wisatakrui wisatabdl wisatametro wisatakalianda wisatakotabumi wisatalambar wisatatanggamus pesawaran ifl lfl,yang ngingetin makan akan kalah sama yang ngasih makan cinta cinta
https://www.instagram.com/p/CfRHnq8rFDx/,119.jpg,44738.494699074072,"Ingat selalu kebaikan orang lain terhadap kita, 
Lupakan kebaikan kita terhadap orang lain.

Explore wisata Lampung

#keduwarna
#wisatalamsel 
#wisatalampung 
#wisatamurah 
#wisataramah 
#piknik 
#liburan",Attraction,,"ingat selalu kebaikan orang lain terhadap kita, lupakan kebaikan kita terhadap orang lain. explore wisata lampung",keduwarna wisatalamsel wisatalampung wisatamurah wisataramah piknik liburan,ingat selalu kebaikan orang lain terhadap kita lupakan kebaikan kita terhadap orang lain explore wisata lampung
https://www.instagram.com/p/CRrMxTah5iT/,120.jpg,44400.651458333326,"Arti filosofi air dalam kehidupan: 

1. Selalu mengalir ke tempat – tempat yang lebih rendah, ini mengajarkan kita untuk selalu rendah hati.

2. Air bersifat lembut tetapi juga bisa menjadi kuat bila dibutuhkan, ini mengajarkan kita keseimbangan.

3. Tetesan air dapat melubangi kerasnya batu karang, ini mengajarkan kita tentang kegigihan dalam kehidupan.

4. Air selalu mengisi ruang – ruang yang kosong ini mengajarkan kita untuk selalu saling tolong menolong dan selalu berbagi dalam kehidupan sehari – hari kita.

Sumber: Pandawa FM

#waytebingceppa #wisatalamsel #wisatalampung #wisataindonesia #filosofiair #inspirasi #motivasi",Attraction,,"arti filosofi air dalam kehidupan: 1. selalu mengalir ke tempat tempat yang lebih rendah, ini mengajarkan kita untuk selalu rendah hati. 2. air bersifat lembut tetapi juga bisa menjadi kuat bila dibutuhkan, ini mengajarkan kita keseimbangan. 3. tetesan air dapat melubangi kerasnya batu karang, ini mengajarkan kita tentang kegigihan dalam kehidupan. 4. air selalu mengisi ruang ruang yang kosong ini mengajarkan kita untuk selalu saling tolong menolong dan selalu berbagi dalam kehidupan sehari hari kita. sumber: pandawa fm",waytebingceppa wisatalamsel wisatalampung wisataindonesia filosofiair inspirasi motivasi,arti filosofi air dalam kehidupan 1 selalu mengalir ke tempat tempat yang lebih rendah ini mengajarkan kita untuk selalu rendah hati 2 air bersifat lembut tetapi juga bisa menjadi kuat bila dibutuhkan ini mengajarkan kita keseimbangan 3 tetesan air dapat melubangi kerasnya batu karang ini mengajarkan kita tentang kegigihan dalam kehidupan 4 air selalu mengisi ruang ruang yang kosong ini mengajarkan kita untuk selalu saling tolong menolong dan selalu berbagi dalam kehidupan sehari hari kita sumber pandawa fm
https://www.instagram.com/p/CXQIIClPvwm/,121.jpg,44539.268321759257,"Menghealing sejenak menikmati keindahan alam Lampung 😍
.
Karya Hebat @biaqiashiramya
.
Tayang bareng keluarga @lensanuswantara
.
#lensanuswantara
#ln_20211127
#ln_biaqiashiramya
.
Kembangkan Nusantara Bersama Lensanuswantara
.
📍 Kalianda Lampung Selatan
.
========================================
Jangan lupa tag postinganmu dan bagikan keaslian Lampung yang keren banget bersama Aseli Lampung 😉. Tag @aselilampung, tambahkan hastag #aselilampung dan #aselijaklampung 👍👍👍
========================================
#lampung #lampungselatan #kalianda #pantai #laut #drone #natgeo #aselilampung #wisatalampung #pesonalamsel #wisatalamsel #aselijaklampung #explorelampung #lampungadventure #lampungkece #lampunghelau #lamsel #pantaiindonesia #lautindonesia #internationaldestination",Attraction,,"menghealing sejenak menikmati keindahan alam lampung 😍. karya hebat. tayang bareng keluarga kembangkan nusantara bersama lensanuswantara. 📍 kalianda lampung selatan. jangan lupa tag postinganmu dan bagikan keaslian lampung yang keren banget bersama aseli lampung 😉. tag, tambahkan hastag dan 👍👍👍",lensanuswantara ln 20211127 ln biaqiashiramya aselilampung aselijaklampung lampung lampungselatan kalianda pantai laut drone natgeo wisatalampung pesonalamsel wisatalamsel explorelampung lampungadventure lampungkece lampunghelau lamsel pantaiindonesia lautindonesia internationaldestination,menghealing sejenak menikmati keindahan alam lampung suka karya hebat tayang bersama keluarga kembangkan nusantara bersama lensanuswantara lokasi kalianda lampung selatan jangan lupa tag postinganmu dan bagikan keaslian lampung yang keren banget bersama aseli lampung tag tambahkan hastag dan bagus bagus bagus
https://www.instagram.com/p/CQaId8jgQts/,122.jpg,44369.168067129627,"Dulu ke kedu sinar laut sekarang ke pantai kedu warna dong . 😂
Sebenernya mau flashback tapi gak deh.. 🤭 
#explorkalianda 
#kaliandaig 
#keduwarna 
#lampunghits 
#lamsel 
#kaliandahits 
#lampunginsta 
#wajahlampung 
#potretlampung
#sahabatpiknik 
#wisatalamsel 
#wisatalampung 
#jelajahwisatalampung",Attraction,,dulu ke kedu sinar laut sekarang ke pantai kedu warna dong. 😂 sebenernya mau flashback tapi gak deh 🤭,explorkalianda kaliandaig keduwarna lampunghits lamsel kaliandahits lampunginsta wajahlampung potretlampung sahabatpiknik wisatalamsel wisatalampung jelajahwisatalampung,dulu ke kedu sinar laut sekarang ke pantai kedu warna dong tertawa sebenernya mau flashback tapi tidak deh malu
https://www.instagram.com/p/Cc7x1JTJ7Wu/,123.jpg,44680.496608796297,"Alone desa lubuk bais way Galih Lampung Selatan 

#gowesjelajahalam #gowesblusukankampung #pacificbikeofficial #cylingphoto #visitbogor #sepedamtbbogor #bogormtb #gowesphotophoto #crashmtbe #sepedagunungbogor #stravacyclingphotos
#kelampungaja #pikniklampung #wisatalampung #lampung #lampungexplore #lampunggeh #lampungkeren #lampunghits #ilovelampung #kelilinglampung #lampungeksis #berandalampung #wajahlampung #wisatapringsewu #wisatalamsel #wisatakrui #wisatabdl #wisatametro #wisatakalianda",Attraction,,alone desa lubuk bais way galih lampung selatan,gowesjelajahalam gowesblusukankampung pacificbikeofficial cylingphoto visitbogor sepedamtbbogor bogormtb gowesphotophoto crashmtbe sepedagunungbogor stravacyclingphotos kelampungaja pikniklampung wisatalampung lampung lampungexplore lampunggeh lampungkeren lampunghits ilovelampung kelilinglampung lampungeksis berandalampung wajahlampung wisatapringsewu wisatalamsel wisatakrui wisatabdl wisatametro wisatakalianda,alone desa lubuk bais way galih lampung selatan
https://www.instagram.com/p/Cxzefg0vpOQ/,124.jpg,45199.230208333327,"[ Yuk Agendakan Traveling Terbaik Anda Bersama Kami Restu Bumi Adventure ]
.
👋🏻 Haii haiii sobat RBA, cerita terbaik adalah kehidupan yang berwarna warni. Kehidupan dengan dipenuhi oleh warna warni akan membuat hidup semakin lebih berarti. 

🙌🏻 Rencanakan kegiatan wisata terbaikmu bersama kami yah @restubumiadventure, segera reservasi dan jadwalkan kegiatannya.
_______________________
🏝️ RBA - TOUR PACKAGES 
▪️Wisata Alam
▪️Wisata Desa
▪️Minat Khusus
▪️Outbound Training
▪️Family & Corporate Gathering
.
----More information-----
• Kontak : 
> 081271046209 (Admin 1) 
> 081272477622 (Admin 2)
• Instagram : @restubumiadventure 
• Facebook : Restu Bumi Adventure 
• Tik Tok : @restubumiadventure64
• Youtube : Restu Bumi Adventure 
• Website : www.restutour.co.id
• Email : restubumiadventure64@gmail.com
.
#restubumiadventure #restubumi #adventure #pariwisata #paketwisatalampung #paketwisatamurah #paketberwisata #triplampung #biroperjalananwisata #travelling #bpwlampung #lampung #jalanjalan #berpergian #healing #traveling #berwisatadilampung #bandarlampung #lampunggeh #pantaimarina #marinabeach #pantaikalianda #wisatalamsel #pantailamsel #pariwisatalampungselatan #pariwisatalamsel",Ancillary,Kelompok Wisata,"[ yuk agendakan traveling terbaik anda bersama kami restu bumi adventure ]. 👋🏻 haii haiii sobat rba, cerita terbaik adalah kehidupan yang berwarna warni. kehidupan dengan dipenuhi oleh warna warni akan membuat hidup semakin lebih berarti. 🙌🏻 rencanakan kegiatan wisata terbaikmu bersama kami yah, segera reservasi dan jadwalkan kegiatannya. 🏝️ rba - tour packages ️wisata alam ️wisata desa ️minat khusus ️outbound training ️family dan corporate gathering. more information kontak: > 081271046209 (admin 1) > 081272477622 (admin 2) instagram: facebook: restu bumi adventure tik tok: youtube: restu bumi adventure website: email: restubumiadventure64@gmail.com",restubumiadventure restubumi adventure pariwisata paketwisatalampung paketwisatamurah paketberwisata triplampung biroperjalananwisata travelling bpwlampung lampung jalanjalan berpergian healing traveling berwisatadilampung bandarlampung lampunggeh pantaimarina marinabeach pantaikalianda wisatalamsel pantailamsel pariwisatalampungselatan pariwisatalamsel,ayo agendakan traveling terbaik anda bersama kami restu bumi adventure haii haii sobat rba cerita terbaik adalah kehidupan yang berwarna warni kehidupan dengan dipenuhi oleh warna warni akan membuat hidup semakin lebih berarti dukungan rencanakan kegiatan wisata terbaikmu bersama kami yah segera reservasi dan jadwalkan kegiatannya pulau rba tour packages wisata alam wisata desa minat khusus outbound training family dan corporate gathering more information kontak 081271046209 admin 1 081272477622 admin 2 instagram facebook restu bumi adventure tik tok youtube restu bumi adventure website email restubumiadventure64 gmail com
https://www.instagram.com/p/C7QJttXPAQS/,125.jpg,45434.0628125,"Bismillah 

Maa Syaa Allah Tabarakallah 
Allahumma baarik 

Pantai Rio by the Beach🏝️🌅🌴🌴🌴
Lampung Selatan 

Bersama adikku 

#visitlampung#visitlampungselatan#pantairiobythebeach#liburan#liburankeluarga #pesonapantai#pesonaindonesia#piknik#refreshing#holiday#santai#pantairio#indonesia#pantaibersih#pantaiindah#pasirluas#riomotret#riobythebeach",Attraction,,bismillah maa syaa allah tabarakallah allahumma baarik pantai rio by the beach🏝️🌅🌴🌴🌴 lampung selatan bersama adikku,visitlampung visitlampungselatan pantairiobythebeach liburan liburankeluarga pesonapantai pesonaindonesia piknik refreshing holiday santai pantairio indonesia pantaibersih pantaiindah pasirluas riomotret riobythebeach,bismillah maa syaa allah tabarakallah allahumma baarik pantai rio by the beach pulau matahari terbit pohon kelapa pohon kelapa pohon kelapa lampung selatan bersama adikku
https://www.instagram.com/p/CsJZSDYyFu6/,126.jpg,45058.61173611111,"@masjidbsi_bakauheni 
#visitlampung #visitlampungselatan",Amenities,Bank Syaria Indonesia Bakauheni,,visitlampung visitlampungselatan,
https://www.instagram.com/p/CaxC8ZKvVfi/,127.jpg,44626.618206018517,"Menunggu yang akan berlalu.
Menanti yang akan pergi
Walaupun cuma sesaat ku nikmati .
Esok pagi akan menyapa kembali  dgn penuh berseri
#lampung
#visitlampungselatan
@explorewisatalampung
@pulaumengkudu
@wisatalampungselatan",Attraction,,menunggu yang akan berlalu. menanti yang akan pergi walaupun cuma sesaat ku nikmati. esok pagi akan menyapa kembali dgn penuh berseri,lampung visitlampungselatan,menunggu yang akan berlalu menanti yang akan pergi walaupun cuma sesaat ku nikmati esok pagi akan menyapa kembali dengan penuh berseri
https://www.instagram.com/p/CaPiZF2h-Tb/,128.jpg,44613.604756944442,"#sunset
.
Pantai Kedu merupakan salah satu jenis pantai berpasir putih yang halus dan salah satu pantai yang biasa dijelajahi.
Pantai Kedu populer karena keunikannya yang menghadap ke arah barat. Hal ini menjadikan posisi pantai yang satu ini sangat cocok untuk melihat sunset. Tidak hanya itu, pantai ini dihiasi oleh gugusan Pulau Krakatau dan tampak elok pemandangan gunung Rajabasa yang memang seolah-olah menampakan dirinya di atas air laut
.
.
.
.
.
.
.
.
.
.
.
.
.
.
.
.
.
.
#motivasiilmu #katabijak #TravelerDadakan #indonesia #lampung #lampungselatan #laut #pantai #pantaikedu #kalianda #awan #sunset #repost #repostindonesian #pesonaindonesia #jelajahindonesia #jelajahlampungselatan #jelajahsumatera #jelajahlampung #visitindonesia #visitlamsel #visitlampung #visitlampungselatan #trip #indonesia #likeforlikes #like4likes #likeforfollow #jalanjalan #travelling",Attraction,Sunset,"pantai kedu merupakan salah satu jenis pantai berpasir putih yang halus dan salah satu pantai yang biasa dijelajahi. pantai kedu populer karena keunikannya yang menghadap ke arah barat. hal ini menjadikan posisi pantai yang satu ini sangat cocok untuk melihat sunset. tidak hanya itu, pantai ini dihiasi oleh gugusan pulau krakatau dan tampak elok pemandangan gunung rajabasa yang memang seolah-olah menampakan dirinya di atas air laut",sunset motivasiilmu katabijak traveler dadakan indonesia lampung lampungselatan laut pantai pantaikedu kalianda awan repost repostindonesian pesonaindonesia jelajahindonesia jelajahlampungselatan jelajahsumatera jelajahlampung visitindonesia visitlamsel visitlampung visitlampungselatan trip likeforlikes like4likes likeforfollow jalanjalan travelling,pantai kedu merupakan salah satu jenis pantai berpasir putih yang halus dan salah satu pantai yang biasa dijelajahi pantai kedu populer karena keunikannya yang menghadap ke arah barat hal ini menjadikan posisi pantai yang satu ini sangat cocok untuk melihat sunset tidak hanya itu pantai ini dihiasi oleh gugusan pulau krakatau dan tampak elok pemandangan gunung rajabasa yang memang seolah olah menampakan dirinya di atas air laut
https://www.instagram.com/p/CZysb4MvgmS/,129.jpg,44602.403217592589,"#sunset
.
Sunset mengajarkan kita bahwa hidup tak selalu cemerlang dan bersinar
.
.
.
.
.
.
.
.
.
.
.
.
.
.
.
.
.
.
#motivasiilmu #katabijak #TravelerDadakan #indonesia #lampung #lampungselatan #laut #pantai #pantaikedu #kalianda #awan #sunset #repost #repostindonesian #pesonaindonesia #jelajahindonesia #jelajahlampungselatan #jelajahsumatera #jelajahlampung #visitindonesia #visitlamsel #visitlampung #visitlampungselatan #trip #indonesia #likeforlikes #like4likes #likeforfollow #jalanjalan #travelling",Attraction,Sunset,sunset mengajarkan kita bahwa hidup tak selalu cemerlang dan bersinar,sunset motivasiilmu katabijak traveler dadakan indonesia lampung lampungselatan laut pantai pantaikedu kalianda awan repost repostindonesian pesonaindonesia jelajahindonesia jelajahlampungselatan jelajahsumatera jelajahlampung visitindonesia visitlamsel visitlampung visitlampungselatan trip likeforlikes like4likes likeforfollow jalanjalan travelling,sunset mengajarkan kita bahwa hidup tak selalu cemerlang dan bersinar
https://www.instagram.com/p/CZqyHhvhba6/,130.jpg,44599.330810185187,"#sunset
.
Berbicara dan berlakulah dengan baik kepada orang yang menjahati Anda. Mereka boleh jahat, tapi Anda tetap baik
.
.
.
.
.
.
.
.
.
.
.
.
.
.
.
.
.
.
.
#motivasiilmu #katabijak #TravelerDadakan #indonesia #lampung #lampungselatan #laut #pantai #pantaikedu #kalianda #awan #sunset #repost #repostindonesian #pesonaindonesia #jelajahindonesia #jelajahlampungselatan #jelajahsumatera #jelajahlampung #visitindonesia #visitlamsel #visitlampung #visitlampungselatan #trip #indonesia #likeforlikes #like4likes #likeforfollow #jalanjalan #travelling",Attraction,Sunset,"berbicara dan berlakulah dengan baik kepada orang yang menjahati anda. mereka boleh jahat, tapi anda tetap baik",sunset motivasiilmu katabijak traveler dadakan indonesia lampung lampungselatan laut pantai pantaikedu kalianda awan repost repostindonesian pesonaindonesia jelajahindonesia jelajahlampungselatan jelajahsumatera jelajahlampung visitindonesia visitlamsel visitlampung visitlampungselatan trip likeforlikes like4likes likeforfollow jalanjalan travelling,berbicara dan berlakulah dengan baik kepada orang yang menjahati anda mereka boleh jahat tapi anda tetap baik
https://www.instagram.com/p/CZjhBDKPc8k/,131.jpg,44596.508506944447,"#sunset
.
Terkadang kamu tersenyum, bukan karena ada hal yang menyenangkan hatimu, tapi karena kamu tahu bersedih takkan selesaikan masalah
.
.
.
.
.
.
.
.
.
.
.
.
.
.
.
.
.
.
.
#motivasiilmu #katabijak #TravelerDadakan #indonesia #lampung #lampungselatan #laut #pantai #pantaikedu #kalianda #awan #sunset #repost #repostindonesian #pesonaindonesia #jelajahindonesia #jelajahlampungselatan #jelajahsumatera #jelajahlampung #visitindonesia #visitlamsel #visitlampung #visitlampungselatan #trip #indonesia #likeforlikes #like4likes #likeforfollow #jalanjalan #travelling",Attraction,Sunset,"terkadang kamu tersenyum, bukan karena ada hal yang menyenangkan hatimu, tapi karena kamu tahu bersedih takkan selesaikan masalah",sunset motivasiilmu katabijak traveler dadakan indonesia lampung lampungselatan laut pantai pantaikedu kalianda awan repost repostindonesian pesonaindonesia jelajahindonesia jelajahlampungselatan jelajahsumatera jelajahlampung visitindonesia visitlamsel visitlampung visitlampungselatan trip likeforlikes like4likes likeforfollow jalanjalan travelling,terkadang kamu tersenyum bukan karena ada hal yang menyenangkan hatimu tapi karena kamu tahu bersedih takkan selesaikan masalah
https://www.instagram.com/p/CZg3whphycN/,132.jpg,44595.481423611112,"#sunset
.
Sirik, tanda tak mampu. Disiriki adalah tanda Anda lebih bahagia darinya. Bersyukurlah, dan doakan kebaikan baginya
.
.
.
.
.
.
.
.
.
.
.
.
.
.
.
.
.
.
.
#motivasiilmu #katabijak #TravelerDadakan #indonesia #lampung #lampungselatan #laut #pantai #pantaikedu #kalianda #awan #sunset #repost #repostindonesian #pesonaindonesia #jelajahindonesia #jelajahlampungselatan #jelajahsumatera #jelajahlampung #visitindonesia #visitlamsel #visitlampung #visitlampungselatan #trip #indonesia #likeforlikes #like4likes #likeforfollow #jalanjalan #travelling",Attraction,Sunset,"sirik, tanda tak mampu. disiriki adalah tanda anda lebih bahagia darinya. bersyukurlah, dan doakan kebaikan baginya",sunset motivasiilmu katabijak traveler dadakan indonesia lampung lampungselatan laut pantai pantaikedu kalianda awan repost repostindonesian pesonaindonesia jelajahindonesia jelajahlampungselatan jelajahsumatera jelajahlampung visitindonesia visitlamsel visitlampung visitlampungselatan trip likeforlikes like4likes likeforfollow jalanjalan travelling,sirik tanda tak mampu disiriki adalah tanda anda lebih bahagia darinya bersyukurlah dan doakan kebaikan baginya
https://www.instagram.com/p/CZcTKvzhSSX/,133.jpg,44593.705937500003,"Jika engkau ingin berbahagia, janganlah kau bandingkan kelemahanmu dengan kekuatan orang lain.
.
Yuk mabar
. 
.
.
.
.
.
.
.
.
.
.
.
.
.
.
.
.
.
#motivasiilmu #katabijak #TravelerDadakan #indonesia #lampung #lampungselatan #laut #pantai #pantaikedu #kalianda #awan #sunset #repost #repostindonesian #pesonaindonesia #jelajahindonesia #jelajahlampungselatan #jelajahsumatera #jelajahlampung #visitindonesia #visitlamsel #visitlampung #visitlampungselatan #trip #indonesia #likeforlikes #like4likes #likeforfollow #jalanjalan #travelling",Attraction,Sunset,"jika engkau ingin berbahagia, janganlah kau bandingkan kelemahanmu dengan kekuatan orang lain yuk mabar",motivasiilmu katabijak traveler dadakan indonesia lampung lampungselatan laut pantai pantaikedu kalianda awan sunset repost repostindonesian pesonaindonesia jelajahindonesia jelajahlampungselatan jelajahsumatera jelajahlampung visitindonesia visitlamsel visitlampung visitlampungselatan trip likeforlikes like4likes likeforfollow jalanjalan travelling,jika engkau ingin berbahagia janganlah kau bandingkan kelemahanmu dengan kekuatan orang lain ayo mabar
https://www.instagram.com/p/CZbhSVdvqCu/,134.jpg,44593.403252314813,"Jika seseorang menghinamu, berterima kasih lah, karena sesungguhnya mereka telah mengorbankan waktunya hanya untuk membantumu menjadi lebih baik
.
.
Yuk hiling
.
.
.
.
.
.
.
.
.
.
.
.
.
.
.
.
.
#motivasiilmu #katabijak #TravelerDadakan #indonesia #lampung #lampungselatan #laut #pantai #pantaikedu #kalianda #awan #sunset #repost #repostindonesian #pesonaindonesia #jelajahindonesia #jelajahlampungselatan #jelajahsumatera #jelajahlampung #visitindonesia #visitlamsel #visitlampung #visitlampungselatan #trip #indonesia #likeforlikes #like4likes #likeforfollow #jalanjalan #travelling",Attraction,,"jika seseorang menghinamu, berterima kasih lah, karena sesungguhnya mereka telah mengorbankan waktunya hanya untuk membantumu menjadi lebih baik yuk hiling",motivasiilmu katabijak traveler dadakan indonesia lampung lampungselatan laut pantai pantaikedu kalianda awan sunset repost repostindonesian pesonaindonesia jelajahindonesia jelajahlampungselatan jelajahsumatera jelajahlampung visitindonesia visitlamsel visitlampung visitlampungselatan trip likeforlikes like4likes likeforfollow jalanjalan travelling,jika seseorang menghinamu berterima kasih lah karena sesungguhnya mereka telah mengorbankan waktunya hanya untuk membantumu menjadi lebih baik ayo hiling
https://www.instagram.com/p/C65bu7fPYWx/,135.jpg,45425.239849537043,"[ TRIP MENYENANGKAN DENGAN RBA ]
. 
✨ Yuk segera booking dan jadwalkan liburan di Lampung bareng kami. Pasti seru dan dijamin puas, info lebih lanjut dan reservasi bisa hubungi admin kami yah 🥰. 
.
_______________________
🏝️ RBA - TOUR PACKAGES 
▪️Wisata Alam
▪️Wisata Desa
▪️Minat Khusus
▪️Outbound Training
▪️Family & Corporate Gathering
.
----More information-----
• Kontak : 
> 081271046209 (Admin 1) 
> 081272477622 (Admin 2)
• Instagram : @restubumiadventure 
• Facebook : Restu Bumi Adventure 
• Tik Tok : @restubumiadventure64
• Youtube : Restu Bumi Adventure 
• Website : www.restutour.co.id
• Email : restubumiadventure64@gmail.com
.
#restubumiadventure #restubumi #adventure #pariwisata #jasaoutboundmurah #fungameslampung #outboundlampung #lampungoutbound #gamesoutbound #pantailampug #paketwisatamurah #paketberwisata #triplampung #wisatalampung #pantaimarina #marinabeach #lampung #paketoutbound #gatheringlampung #healinglampung #liburanlampung #pariwisatalampung #pantaisanggar #pantailampung #marina #lamseltrip #disparbudlamsel #pariwisatalamsel #lampungselatan",Ancillary,Kelompok Wisata,"[ trip menyenangkan dengan rba ]. ✨ yuk segera booking dan jadwalkan liburan di lampung bareng kami. pasti seru dan dijamin puas, info lebih lanjut dan reservasi bisa hubungi admin kami yah 🥰 🏝️ rba - tour packages ️wisata alam ️wisata desa ️minat khusus ️outbound training ️family dan corporate gathering. more information kontak: > 081271046209 (admin 1) > 081272477622 (admin 2) instagram: facebook: restu bumi adventure tik tok: youtube: restu bumi adventure website: email: restubumiadventure64@gmail.com",restubumiadventure restubumi adventure pariwisata jasaoutboundmurah fungameslampung outboundlampung lampungoutbound gamesoutbound pantailampug paketwisatamurah paketberwisata triplampung wisatalampung pantaimarina marinabeach lampung paketoutbound gatheringlampung healinglampung liburanlampung pariwisatalampung pantaisanggar pantailampung marina lamseltrip disparbudlamsel pariwisatalamsel lampungselatan,trip menyenangkan dengan rba indah ayo segera booking dan jadwalkan liburan di lampung bersama kami pasti seru dan dijamin puas info lebih lanjut dan reservasi bisa hubungi admin kami yah suka pulau rba tour packages wisata alam wisata desa minat khusus outbound training family dan corporate gathering more information kontak 081271046209 admin 1 081272477622 admin 2 instagram facebook restu bumi adventure tik tok youtube restu bumi adventure website email restubumiadventure64 gmail com
https://www.instagram.com/p/C6NuqDkPdid/,136.jpg,45408.266770833332,"[ TRAVELING BERSAMA RBA BIKIN BAHAGIA ]
. 
✨ Yuk segera booking dan jadwalkan liburan di Lampung bareng kami. Pasti seru dan dijamin puas, info lebih lanjut dan reservasi bisa hubungi admin kami yah 🥰. 
.
_______________________
🏝️ RBA - TOUR PACKAGES 
▪️Wisata Alam
▪️Wisata Desa
▪️Minat Khusus
▪️Outbound Training
▪️Family & Corporate Gathering
.
----More information-----
• Kontak : 
> 081271046209 (Admin 1) 
> 081272477622 (Admin 2)
• Instagram : @restubumiadventure 
• Facebook : Restu Bumi Adventure 
• Tik Tok : @restubumiadventure64
• Youtube : Restu Bumi Adventure 
• Website : www.restutour.co.id
• Email : restubumiadventure64@gmail.com
.
#restubumiadventure #restubumi #adventure #pariwisata #jasaoutboundmurah #fungameslampung #outboundlampung #lampungoutbound #gamesoutbound #pahawang #paketwisatamurah #paketberwisata #triplampung #wisatalampung #pantaimarina #pantaisanggar #lampung #paketoutbound #gatheringlampung #healinglampung #liburanlampung #pariwisatalampung #pantaisanggar #pantailampung #sanggarbeach #lamseltrip #disparbudlamsel #pariwisatalamsel #lampungselatan",Ancillary,,"[ traveling bersama rba bikin bahagia ]. ✨ yuk segera booking dan jadwalkan liburan di lampung bareng kami. pasti seru dan dijamin puas, info lebih lanjut dan reservasi bisa hubungi admin kami yah 🥰 🏝️ rba - tour packages ️wisata alam ️wisata desa ️minat khusus ️outbound training ️family dan corporate gathering. more information kontak: > 081271046209 (admin 1) > 081272477622 (admin 2) instagram: facebook: restu bumi adventure tik tok: youtube: restu bumi adventure website: email: restubumiadventure64@gmail.com",restubumiadventure restubumi adventure pariwisata jasaoutboundmurah fungameslampung outboundlampung lampungoutbound gamesoutbound pahawang paketwisatamurah paketberwisata triplampung wisatalampung pantaimarina pantaisanggar lampung paketoutbound gatheringlampung healinglampung liburanlampung pariwisatalampung pantailampung sanggarbeach lamseltrip disparbudlamsel pariwisatalamsel lampungselatan,traveling bersama rba bikin bahagia indah ayo segera booking dan jadwalkan liburan di lampung bersama kami pasti seru dan dijamin puas info lebih lanjut dan reservasi bisa hubungi admin kami yah suka pulau rba tour packages wisata alam wisata desa minat khusus outbound training family dan corporate gathering more information kontak 081271046209 admin 1 081272477622 admin 2 instagram facebook restu bumi adventure tik tok youtube restu bumi adventure website email restubumiadventure64 gmail com
https://www.instagram.com/p/CfgnJYOLFD_/,137.jpg,44744.511423611111,"Bukan healing just feeling better...

#kalianda #lampungselatan #mytrip #pesonalampungselatan #bukananakpantai",Attraction,,bukan healing just feeling better,kalianda lampungselatan mytrip pesonalampungselatan bukananakpantai,bukan healing just feeling better
https://www.instagram.com/p/CeiwHk7PLxm/,138.jpg,44720.487453703703,"Cuacanya bersahabat.
..
..
..
..
..
#pantai_minangrua 
#RamahTamahJelajah
#KhaduSantaiMakkung 
#Selamatkhatong
#menahakhua
#DisParBudLamSel
#ExploreLampungSelatan
#LampungSelatanAmazing
#PesonaLampungSelatan",Attraction,,cuacanya bersahabat,pantai minangrua ramah tamah jelajah khadu santai makkung selamatkhatong menahakhua dis par bud lam sel explore lampung selatan lampung selatan amazing pesona lampung selatan,cuacanya bersahabat
https://www.instagram.com/p/CdXg4-npKoa/,139.jpg,44691.267939814818,"Keluarga besar SVC
... 
... 
... 
📸 : @yellinafiah
📄: pantai marina kalianda Lam Sel
.. 
.. 
#pesonalampung #pesonalampungselatan",Attraction,,keluarga besar svc 📸: 📄: pantai marina kalianda lam sel,pesonalampung pesonalampungselatan,keluarga besar svc kamera pantai marina kalianda lam sel
https://www.instagram.com/p/DWaU1LOk-AV/,140.jpg,46109.102534722217,"Mt. Ratai 1.682 MDPL

 Gunung Ratai adalah gunung setinggi 1.682 mdpl yang terletak di Kecamatan Padang Cermin/Way Ratai, Pesawaran, Lampung, dan dikenal dengan jalur pendakian “Punggung Naga” yang menawarkan panorama pesisir Teluk Lampung. Gunung ini menawarkan suasana pendakian yang asri dengan kombinasi pemandangan hutan dan laut, dekat dengan Pulau Pahawang. 
Ratai , 25 Maret 2026

#gunungratai1682mdpl #pendaki #explorelampungselatan #lampung",Attraction,,"mt. ratai 1.682 mdpl gunung ratai adalah gunung setinggi 1.682 mdpl yang terletak di kecamatan padang cermin/way ratai, pesawaran, lampung, dan dikenal dengan jalur pendakian “punggung naga” yang menawarkan panorama pesisir teluk lampung. gunung ini menawarkan suasana pendakian yang asri dengan kombinasi pemandangan hutan dan laut, dekat dengan pulau pahawang. ratai, 25 maret 2026",gunungratai1682mdpl pendaki explorelampungselatan lampung,mt ratai 1 682 mdpl gunung ratai adalah gunung setinggi 1 682 mdpl yang terletak di kecamatan padang cermin way ratai pesawaran lampung dan dikenal dengan jalur pendakian punggung naga yang menawarkan panorama pesisir teluk lampung gunung ini menawarkan suasana pendakian yang asri dengan kombinasi pemandangan hutan dan laut dekat dengan pulau pahawang ratai 25 maret 2026
https://www.instagram.com/p/DVLgFXzE4EM/,141.jpg,46078.490254629629,"OPEN TRIP SEBESI – KRAKATAU

📌 Snorkeling Pulau Sebuku
📌 Explore Pulau Umang-Umang
📌 Stay di Pulau Sebesi
📌 Trekking Anak Krakatau
📌 Free Dokumentasi Drone

⚠ Slot terbatas setiap keberangkatan
⚠ Harga bisa naik sewaktu-waktu
⚠ First pay = first secure seat

Kalau kamu serius mau ikut, DM sekarang sebelum full.

Jangan tunggu next batch.
Biasanya yang nunda-nunda nggak jadi😭

#opentripsebesi #anakkrakatau #explorelampungselatan #sebesiisland",Ancillary,Kelompok Wisata,"open trip sebesi krakatau 📌 snorkeling pulau sebuku 📌 explore pulau umang-umang 📌 stay di pulau sebesi 📌 trekking anak krakatau 📌 free dokumentasi drone ⚠ slot terbatas setiap keberangkatan ⚠ harga bisa naik sewaktu-waktu ⚠ first pay = first secure seat kalau kamu serius mau ikut, dm sekarang sebelum full. jangan tunggu next batch. biasanya yang nunda-nunda nggak jadi😭",opentripsebesi anakkrakatau explorelampungselatan sebesiisland,open trip sebesi krakatau lokasi snorkeling pulau sebuku lokasi explore pulau umang umang lokasi stay di pulau sebesi lokasi trekking anak krakatau lokasi free dokumentasi drone slot terbatas setiap keberangkatan harga bisa naik sewaktu waktu first pay first secure seat kalau kamu serius mau ikut dm sekarang sebelum full jangan tunggu next batch biasanya yang nunda nunda tidak jadi
https://www.instagram.com/p/DUk4aH8k9tD/,142.jpg,46063.491759259261,"Langit berwarna pink–ungu memantul di permukaan laut yang tenang, sementara nelayan melintas dengan perahu kecil. Di kejauhan terlihat siluet kompleks Gunung Krakatau (Anak Krakatau) yang tampak jelas saat cuaca cerah.

Alam Lampung memang selalu punya cara membuat sore terasa lebih bermakna.🌅
#travel #photography #explorelampungselatan #exploreindonesia #wonderfulindonesia #sunset #explorepage✨ #canon #canonphotography",Attraction,,"langit berwarna pink ungu memantul di permukaan laut yang tenang, sementara nelayan melintas dengan perahu kecil. di kejauhan terlihat siluet kompleks gunung krakatau (anak krakatau) yang tampak jelas saat cuaca cerah. alam lampung memang selalu punya cara membuat sore terasa lebih bermakna.🌅 ✨",travel photography explorelampungselatan exploreindonesia wonderfulindonesia sunset explorepage canon canonphotography,langit berwarna pink ungu memantul di permukaan laut yang tenang sementara nelayan melintas dengan perahu kecil di kejauhan terlihat siluet kompleks gunung krakatau anak krakatau yang tampak jelas saat cuaca cerah alam lampung memang selalu punya cara membuat sore terasa lebih bermakna matahari terbit indah
https://www.instagram.com/p/DUDdt6OEkps/,143.jpg,46050.513865740737,"Di Kota, gamau panas2an takut gosong.
Di Pantai, yaudasi gosong doank namanya juga traveller😝

#explorepulausebesi #lampung #explorelampungselatan",Attraction,,"di kota, gamau panas2an takut gosong. di pantai, yaudasi gosong doank namanya juga traveller😝",explorepulausebesi lampung explorelampungselatan,di kota gamau panas2an takut gosong di pantai yaudasi gosong doank namanya juga traveller
https://www.instagram.com/p/DT4wb59k5NQ/,144.jpg,46046.355486111112,"At least gak wacana doang!

Kalo temen jawabannya “insyaallah” tuh kemungkinan bakal ikut kan ya?😁🤭

#sebesiisland #anakkrakatau #explorelampungselatan",Attraction,,at least gak wacana doang! kalo temen jawabannya “insyaallah” tuh kemungkinan bakal ikut kan ya?😁🤭,sebesiisland anakkrakatau explorelampungselatan,at least tidak wacana doang kalau temen jawabannya insyaallah tuh kemungkinan bakal ikut kan ya senang malu
https://www.instagram.com/p/DTri2EnErfs/,145.jpg,46041.224305555559,"Hidden gem Lampung unlocked 🔓🌊

Bangkitkan jiwa petualangmu dan tembus batas cakrawala Selat Sunda! Di Pulau Sebuku, alam tidak hanya menyuguhkan pemandangan, tapi juga sebuah pengalaman yang sangat menyenangkan. Bayangkan dirimu meluncur di atas air laut yang jernih dan berkilau seperti permata, lalu menyelam lebih dalam lagi untuk berjumpa dengan ribuan makhluk laut yang bergerak aktif di sekitar bangkai kapal perang Jepang yang legendaris. ✨⛴️

​Rasakan hembusan angin yang segar saat berdiri di atas pasir putih yang masih sangat murni, sementara di kejauhan, siluet Kepulauan Krakatau terlihat gagah dan seolah memanggilmu untuk terus menjelajah. Suasana pulau yang terpencil dan asri ini akan membuatmu merasa seperti pemilik dari surga kecil di pesisir Lampung Selatan.

Pulau Sebuku adalah bukti nyata bahwa Lampung memiliki sejuta pesona yang tak ada habisnya. Siapkan nyalimu, kemas perlengkapanmu, dan biarkan alam Lampung memikat hatimu dengan cara yang paling indah!

​Jangan cuma disimpan di wishlist, yuk wujudkan perjalananmu ke ​📍 Pulau Sebuku, Lampung Selatan.

​Klik tombol Share untuk ajak teman-temanmu berpetualang bersama! 🎒✨

#explorelampung
​#explorelampungselatan
#wonderfulindonesia🇮🇩
#pulausebuku
#pariwisatalampung

Sumber foto: Walter Pinem, Get Lost ID, Traverse.id

Postingan ini dibuat untuk memenuhi tugas mata kuliah Bahasa Indonesia.
​
Identitas penulis
Nama: Vera Bela
NPM: 25311031
Program Studi: Sistem Informasi 
Materi: Copywriting 
Dosen Pengampu: @ghufronianars",Attraction,,"hidden gem lampung unlocked 🔓🌊 bangkitkan jiwa petualangmu dan tembus batas cakrawala selat sunda! di pulau sebuku, alam tidak hanya menyuguhkan pemandangan, tapi juga sebuah pengalaman yang sangat menyenangkan. bayangkan dirimu meluncur di atas air laut yang jernih dan berkilau seperti permata, lalu menyelam lebih dalam lagi untuk berjumpa dengan ribuan makhluk laut yang bergerak aktif di sekitar bangkai kapal perang jepang yang legendaris. ✨⛴️ ​rasakan hembusan angin yang segar saat berdiri di atas pasir putih yang masih sangat murni, sementara di kejauhan, siluet kepulauan krakatau terlihat gagah dan seolah memanggilmu untuk terus menjelajah. suasana pulau yang terpencil dan asri ini akan membuatmu merasa seperti pemilik dari surga kecil di pesisir lampung selatan. pulau sebuku adalah bukti nyata bahwa lampung memiliki sejuta pesona yang tak ada habisnya. siapkan nyalimu, kemas perlengkapanmu, dan biarkan alam lampung memikat hatimu dengan cara yang paling indah! ​jangan cuma disimpan di wishlist, yuk wujudkan perjalananmu ke ​📍 pulau sebuku, lampung selatan. ​klik tombol share untuk ajak teman-temanmu berpetualang bersama! 🎒✨ ​ 🇮🇩 sumber foto: walter pinem, get lost id, traverse.id postingan ini dibuat untuk memenuhi tugas mata kuliah bahasa indonesia. ​ identitas penulis nama: vera bela npm: 25311031 program studi: sistem informasi materi: copywriting dosen pengampu",explorelampung explorelampungselatan wonderfulindonesia pulausebuku pariwisatalampung,hidden gem lampung unlocked laut bangkitkan jiwa petualangmu dan tembus batas cakrawala selat sunda di pulau sebuku alam tidak hanya menyuguhkan pemandangan tapi juga sebuah pengalaman yang sangat menyenangkan bayangkan dirimu meluncur di atas air laut yang jernih dan berkilau seperti permata lalu menyelam lebih dalam lagi untuk berjumpa dengan ribuan makhluk laut yang bergerak aktif di sekitar bangkai kapal perang jepang yang legendaris indah rasakan hembusan angin yang segar saat berdiri di atas pasir putih yang masih sangat murni sementara di kejauhan siluet kepulauan krakatau terlihat gagah dan seolah memanggilmu untuk terus menjelajah suasana pulau yang terpencil dan asri ini akan membuatmu merasa seperti pemilik dari surga kecil di pesisir lampung selatan pulau sebuku adalah bukti nyata bahwa lampung memiliki sejuta pesona yang tak ada habisnya siapkan nyalimu kemas perlengkapanmu dan biarkan alam lampung memikat hatimu dengan cara yang paling indah jangan cuma disimpan di wishlist ayo wujudkan perjalananmu ke lokasi pulau sebuku lampung selatan klik tombol share untuk ajak teman temanmu berpetualang bersama indah sumber foto walter pinem get lost id traverse id postingan ini dibuat untuk memenuhi tugas mata kuliah bahasa indonesia identitas penulis nama vera bela npm 25311031 program studi sistem informasi materi copywriting dosen pengampu
https://www.instagram.com/p/DTpPdghAeKQ/,146.jpg,46040.329965277779,"sea you soon, umang-umang island🌊<33

#explorelampungselatan #umangumang #lampung",Attraction,,"sea you soon, umang-umang island🌊<33",explorelampungselatan umangumang lampung,sea you soon umang umang island laut 33
https://www.instagram.com/p/DTSH3qrk-DM/,147.jpg,46031.351585648154,"Not about how far we go, but who we go with.

✨ The right place
✨ The right time
✨ The right person

Sometimes, the best therapy is traveling together 🧡

#sebesiisland #coupletrip #anakkrakatau #explorelampungselatan",Attraction,,"not about how far we go, but who we go with. ✨ the right place ✨ the right time ✨ the right person sometimes, the best therapy is traveling together 🧡",sebesiisland coupletrip anakkrakatau explorelampungselatan,not about how far we go but who we go with indah the right place indah the right time indah the right person sometimes the best therapy is traveling together
https://www.instagram.com/p/DTRl5FUgWNA/,148.jpg,46031.145405092589,"sebuku island🏝️

#explorelampungselatan #beach #sebuku #lampung",Attraction,,sebuku island🏝️,explorelampungselatan beach sebuku lampung,sebuku island pulau
https://www.instagram.com/p/DSyPhvsE8zn/,149.jpg,46018.970486111109,"Setigi batu beach
Rajabasa kalianda📌 

#pantai #explorelampungselatan #instagram",Attraction,,setigi batu beach rajabasa kalianda📌,pantai explorelampungselatan instagram,setigi batu beach rajabasa kalianda lokasi
https://www.instagram.com/p/DSced1Ogdha/,150.jpg,46010.517175925917,"Chasing waves and sunny rays… 🌊🌞 
.
.
.
#waves 
#sunny 
#beach 
#seas 
#vitaminsea 
#beachview 
#sunkissed 
#snorkling 
#nemo 
#sebesiisland 
#sebuku 
#explorelampungselatan",Attraction,,chasing waves and sunny rays 🌊🌞,waves sunny beach seas vitaminsea beachview sunkissed snorkling nemo sebesiisland sebuku explorelampungselatan,chasing waves and sunny rays laut
https://www.instagram.com/p/DSaAkPlkhwB/,151.jpg,46009.559016203697,"Warm tones, calm space. Mushola ala Maroko di Pantai Marina emang cocok banget untuk foto-foto 🥰❤️

#pantaimarinalampung #wisatalampung #explorelampungselatan",Amenities,Mushola,"warm tones, calm space. mushola ala maroko di pantai marina emang cocok banget untuk foto-foto 🥰❤️",pantaimarinalampung wisatalampung explorelampungselatan,warm tones calm space mushola ala maroko di pantai marina emang cocok banget untuk foto foto suka cinta
https://www.instagram.com/p/DSXePS4Ez2V/,152.jpg,46008.573993055557,"Alhamdulillah, masyaAllah, wujudin wishlist main 🛶 transparan di Lampung 🤍🫶🏻🥳

Join trip @pasarwisataid 

#travelling #traveler #travelgram #travelholic #travelinstyle #placetogo #storytelling #girlstraveldiary #kano #kanotransparan #pulauumang #pulauumangumang #explore #explorelampungselatan",Attraction,,"alhamdulillah, masyaallah, wujudin wishlist main 🛶 transparan di lampung 🤍🫶🏻🥳 join trip",travelling traveler travelgram travelholic travelinstyle placetogo storytelling girlstraveldiary kano kanotransparan pulauumang pulauumangumang explore explorelampungselatan,alhamdulillah masyaallah wujudin wishlist main transparan di lampung join trip
https://www.instagram.com/p/DO_9EdQE5sa/,153.jpg,45924.875,"vitamin sea✨

#wisataindonesiakeren#wisataindonesiaku#wisataindonesiaaman#wisataindonesiaid#wisataindonesiaa_#wisataindonesiamuaantapp#wisataindonesiaindah#wisataindahkuy#wisatalampungindonesia#wisatalampungku#wisatalampung#wisatalampungselatan#wisatalampungkeren#wisatalamsel#senayabeach#senayabeachlampung#senayabeachkalianda#sflmine",Attraction,,vitamin sea✨,wisataindonesiakeren wisataindonesiaku wisataindonesiaaman wisataindonesiaid wisataindonesiaa wisataindonesiamuaantapp wisataindonesiaindah wisataindahkuy wisatalampungindonesia wisatalampungku wisatalampung wisatalampungselatan wisatalampungkeren wisatalamsel senayabeach senayabeachlampung senayabeachkalianda sflmine,vitamin sea indah
https://www.instagram.com/p/DNmlXetyzjJ/,154.jpg,45890.166990740741,"[ OUTBOUND & GATHERINGNYA BARENG RESTU BUMI ADVENTURE AJA ]
.
“Tingkatakan kekompakan dengan bersama menjalin kegiatan yang seru & bermakna”
. 
✨ Employee Gathering : Pempek Tenda Biru.
.
🙌🏻 Terimakasih Pempek Tenda Biru yang telah mempercayai kami untuk kegiatannya. Sampai berjumpa dilain kesempatan yaa 🥰.
_______________________
🏝️ RBA - TOUR PACKAGES 
▪️Family & Corporate Gathering
▪️Outbound Training & Team Building
▪️Minat Khusus (Wisata Alam & Wisata Desa)
▪️Experiental Learning (Training & Workshop)
▪️Event Organizer & Tour Domestik/Internasional
.
----More information-----
• Kontak :
> 081271046209 (Admin 1) 
> 081272477622 (Admin 2)
• Instagram : @restubumiadventure 
• Facebook : Restu Bumi Adventure 
• Tik Tok : @restubumiadventure64
• Youtube : Restu Bumi Adventure 
• Website : www.restutour.co.id
• Email : restubumiadventure64@gmail.com
.
#restubumiadventure #restubumioutbound #restubumi #jasaoutboundmurah #fungameslampung #outboundlampung #lampungoutbound #gamesoutbound #sanggarbeach #triplampung #wisatalampung #lampung #gatheringlampung #wisatalamsel #pariwisatalampung",Ancillary,Kelompok Wisata,[ outbound dan gatheringnya bareng restu bumi adventure aja ]. “tingkatakan kekompakan dengan bersama menjalin kegiatan yang seru dan bermakna”. ✨ employee gathering: pempek tenda biru 🙌🏻 terimakasih pempek tenda biru yang telah mempercayai kami untuk kegiatannya. sampai berjumpa dilain kesempatan yaa 🥰. 🏝️ rba - tour packages ️family dan corporate gathering ️outbound training dan team building ️minat khusus (wisata alam dan wisata desa) ️experiental learning (training dan workshop) ️event organizer dan tour domestik/internasional. more information kontak: > 081271046209 (admin 1) > 081272477622 (admin 2) instagram: facebook: restu bumi adventure tik tok: youtube: restu bumi adventure website: email: restubumiadventure64@gmail.com,restubumiadventure restubumioutbound restubumi jasaoutboundmurah fungameslampung outboundlampung lampungoutbound gamesoutbound sanggarbeach triplampung wisatalampung lampung gatheringlampung wisatalamsel pariwisatalampung,outbound dan gatheringnya bersama restu bumi adventure saja tingkatakan kekompakan dengan bersama menjalin kegiatan yang seru dan bermakna indah employee gathering pempek tenda biru dukungan terimakasih pempek tenda biru yang telah mempercayai kami untuk kegiatannya sampai berjumpa dilain kesempatan yaa suka pulau rba tour packages family dan corporate gathering outbound training dan team building minat khusus wisata alam dan wisata desa experiental learning training dan workshop event organizer dan tour domestik internasional more information kontak 081271046209 admin 1 081272477622 admin 2 instagram facebook restu bumi adventure tik tok youtube restu bumi adventure website email restubumiadventure64 gmail com
https://www.instagram.com/p/C66GVBcPrLG/,155.jpg,45425.49832175926,"Pantai ini namanya Pantai Batu Rame, lokasinya di Jalan Sinar Laut, Kalianda, Lampung Selatan.

Pantai ini merupakan pantai rakyat, yang artinya GRATIS gaess 😁 Disini kamu bisa foto2 berlatar belakang laut atau Gunung Rajabasa bisa sekedar main pasir pinggir pantai ataupun main air dan juga berenang, semua bisa. Hanya saja, pantai ini belum dilengkapi sarana MCK dan fasilitas umum lainnya.

Tapi pantai ini recommended buat kita2 yang punya budget seadanya, cukup buat jajan di pedagang yang banyak tersedia di pinggir pantai. Soal basah ga bisa ganti masih aman, nti tunggu aja bentar kan kering sendiri di badan 😂

Jadii yook ke Kalianda gaess 😊

#pantaiqu 
#lamselmendunia 
#lampungselatanexplore 
#lamselsayah 
#wisatalamsel",Attraction,,"pantai ini namanya pantai batu rame, lokasinya di jalan sinar laut, kalianda, lampung selatan. pantai ini merupakan pantai rakyat, yang artinya gratis gaess 😁 disini kamu bisa foto2 berlatar belakang laut atau gunung rajabasa bisa sekedar main pasir pinggir pantai ataupun main air dan juga berenang, semua bisa. hanya saja, pantai ini belum dilengkapi sarana mck dan fasilitas umum lainnya. tapi pantai ini recommended buat kita2 yang punya budget seadanya, cukup buat jajan di pedagang yang banyak tersedia di pinggir pantai. soal basah ga bisa ganti masih aman, nti tunggu aja bentar kan kering sendiri di badan 😂 jadii yook ke kalianda gaess 😊",pantaiqu lamselmendunia lampungselatanexplore lamselsayah wisatalamsel,pantai ini namanya pantai batu rame lokasinya di jalan sinar laut kalianda lampung selatan pantai ini merupakan pantai rakyat yang artinya gratis gaess senang disini kamu bisa foto2 berlatar belakang laut atau gunung rajabasa bisa sekedar main pasir pinggir pantai ataupun main air dan juga berenang semua bisa hanya saja pantai ini belum dilengkapi sarana mck dan fasilitas umum lainnya tapi pantai ini recommended buat kita2 yang punya budget seadanya cukup buat jajan di pedagang yang banyak tersedia di pinggir pantai soal basah tidak bisa ganti masih aman nti tunggu saja sebentar kan kering sendiri di badan tertawa jadii yook ke kalianda gaess senang
https://www.instagram.com/p/C3jIqeEPGvO/,156.jpg,45342.014768518522,"[ Mari Agendakan Gathering & Outbound Kalian Bersama Kami Restu Bumi Adventure ]
.
“Jangan pernah berhenti untuk menjadi yang terbaik.”
. 
✨ Capacity Building : Dinas Perikanan Kota Palembang Tahun 2024. Teruslah menjadi yang terbaik jangan pernah berhenti dan terus lakukan hal hal baru.
.
🙌🏻 Terimakasih Dinas Perikanan Kota Palembang yang telah mempercayai kami untuk kegiatannya. Sampai berjumpa dilain kesempatan yaa 🥰.
_______________________
🏝️ RBA - TOUR PACKAGES 
▪️Wisata Alam
▪️Wisata Desa
▪️Minat Khusus
▪️Outbound Training
▪️Family & Corporate Gathering
.
----More information-----
• Kontak : 
> 081271046209 (Admin 1) 
> 081272477622 (Admin 2)
• Instagram : @restubumiadventure 
• Facebook : Restu Bumi Adventure 
• Tik Tok : @restubumiadventure64
• Youtube : Restu Bumi Adventure 
• Website : www.restutour.co.id
• Email : restubumiadventure64@gmail.com
.
#restubumiadventure #restubumi #adventure #pariwisata #pariwisatalampung #wisatalampung #paketoutboundmurah #paketwisatamurah #jasaoutboundlampung #triplampung #outbond #outboundlampung #wisataalampung #lampung #kedasresort #pantaiminangrua #wisatalamsel #pariwisatalampungselatan #kegiatanwisata #gamesoutbound",Ancillary,Kelompok Wisata,[ mari agendakan gathering dan outbound kalian bersama kami restu bumi adventure ]. “jangan pernah berhenti untuk menjadi yang terbaik.”. ✨ capacity building: dinas perikanan kota palembang tahun 2024. teruslah menjadi yang terbaik jangan pernah berhenti dan terus lakukan hal hal baru 🙌🏻 terimakasih dinas perikanan kota palembang yang telah mempercayai kami untuk kegiatannya. sampai berjumpa dilain kesempatan yaa 🥰. 🏝️ rba - tour packages ️wisata alam ️wisata desa ️minat khusus ️outbound training ️family dan corporate gathering. more information kontak: > 081271046209 (admin 1) > 081272477622 (admin 2) instagram: facebook: restu bumi adventure tik tok: youtube: restu bumi adventure website: email: restubumiadventure64@gmail.com,restubumiadventure restubumi adventure pariwisata pariwisatalampung wisatalampung paketoutboundmurah paketwisatamurah jasaoutboundlampung triplampung outbond outboundlampung wisataalampung lampung kedasresort pantaiminangrua wisatalamsel pariwisatalampungselatan kegiatanwisata gamesoutbound,mari agendakan gathering dan outbound kalian bersama kami restu bumi adventure jangan pernah berhenti untuk menjadi yang terbaik indah capacity building dinas perikanan kota palembang tahun 2024 teruslah menjadi yang terbaik jangan pernah berhenti dan terus lakukan hal hal baru dukungan terimakasih dinas perikanan kota palembang yang telah mempercayai kami untuk kegiatannya sampai berjumpa dilain kesempatan yaa suka pulau rba tour packages wisata alam wisata desa minat khusus outbound training family dan corporate gathering more information kontak 081271046209 admin 1 081272477622 admin 2 instagram facebook restu bumi adventure tik tok youtube restu bumi adventure website email restubumiadventure64 gmail com
https://www.instagram.com/p/C2QzrI0vd8d/,157.jpg,45310.041759259257,"[ Buatlah Momen Indah dan Tak Terlupakan Bersama Kami Restu Bumi Adventure ]
.
“Sahabat selamanya, Selamanya sahabat”
. 
✨ Silaturahmi : FH UNILA'86. Semua tentang sahabat dan persahabatan ini akan tetap abadi menjadi sebuah ikatan silaturahmi yang tak pernah putus. 
.
🙌🏻 Terimakasih FH UNILA'86 telah mempercayai kami untuk kegiatannya. Sampai berjumpa dilain kesempatan yaa 🥰.
_______________________
🏝️ RBA - TOUR PACKAGES 
▪️Wisata Alam
▪️Wisata Desa
▪️Minat Khusus
▪️Outbound Training
▪️Family & Corporate Gathering
.
----More information-----
• Kontak : 
> 081271046209 (Admin 1) 
> 081272477622 (Admin 2)
• Instagram : @restubumiadventure 
• Facebook : Restu Bumi Adventure 
• Tik Tok : @restubumiadventure64
• Youtube : Restu Bumi Adventure 
• Website : www.restutour.co.id
• Email : restubumiadventure64@gmail.com
.
#restubumiadventure #restubumi #adventure #pariwisata #paketwisatalampung #paketoutboundmurah #outboundlampung #lampungoutbound #lampungfungames #grandeltykrakatoa #paketberwisata #triplampung #wisatalampung #lampungtrip #pariwisatalampung #lampung #grandelty #gatheringlampung #familygathering #wisatalamsel #pantailampung #wisatalampungselatan #pariwisatalampungselatan",Ancillary,Kelompok Wisata,"[ buatlah momen indah dan tak terlupakan bersama kami restu bumi adventure ]. “sahabat selamanya, selamanya sahabat”. ✨ silaturahmi: fh unila'86. semua tentang sahabat dan persahabatan ini akan tetap abadi menjadi sebuah ikatan silaturahmi yang tak pernah putus 🙌🏻 terimakasih fh unila'86 telah mempercayai kami untuk kegiatannya. sampai berjumpa dilain kesempatan yaa 🥰. 🏝️ rba - tour packages ️wisata alam ️wisata desa ️minat khusus ️outbound training ️family dan corporate gathering. more information kontak: > 081271046209 (admin 1) > 081272477622 (admin 2) instagram: facebook: restu bumi adventure tik tok: youtube: restu bumi adventure website: email: restubumiadventure64@gmail.com",restubumiadventure restubumi adventure pariwisata paketwisatalampung paketoutboundmurah outboundlampung lampungoutbound lampungfungames grandeltykrakatoa paketberwisata triplampung wisatalampung lampungtrip pariwisatalampung lampung grandelty gatheringlampung familygathering wisatalamsel pantailampung wisatalampungselatan pariwisatalampungselatan,buatlah momen indah dan tak terlupakan bersama kami restu bumi adventure sahabat selamanya selamanya sahabat indah silaturahmi fh unila 86 semua tentang sahabat dan persahabatan ini akan tetap abadi menjadi sebuah ikatan silaturahmi yang tak pernah putus dukungan terimakasih fh unila 86 telah mempercayai kami untuk kegiatannya sampai berjumpa dilain kesempatan yaa suka pulau rba tour packages wisata alam wisata desa minat khusus outbound training family dan corporate gathering more information kontak 081271046209 admin 1 081272477622 admin 2 instagram facebook restu bumi adventure tik tok youtube restu bumi adventure website email restubumiadventure64 gmail com
https://www.instagram.com/p/C2JFkepvHDe/,158.jpg,45307.04346064815,"[ Paket Outbound Seru & Asyik di Lampung Hanya Bersama Biro Perjalanan Wisata Kami ]
.
“Kebahagiaan itu harus kita temukan, rasakan dan ceritakan.”
. 
✨ Fun Gathering : Cipta Karya PUTR Kota Metro. Semua itu tentang kebahagian dan dia hadir harus kita temukan, rasakan dan ceritakan.
.
🙌🏻 Terimakasih Cipta Karya PUTR Kota Metro yang telah mempercayai kami untuk kegiatannya. Sampai berjumpa dilain kesempatan yaa 🥰.
_______________________
🏝️ RBA - TOUR PACKAGES 
▪️Wisata Alam
▪️Wisata Desa
▪️Minat Khusus
▪️Outbound Training
▪️Family & Corporate Gathering
.
----More information-----
• Kontak : 
> 081271046209 (Admin 1) 
> 081272477622 (Admin 2)
• Instagram : @restubumiadventure 
• Facebook : Restu Bumi Adventure 
• Tik Tok : @restubumiadventure64
• Youtube : Restu Bumi Adventure 
• Website : www.restutour.co.id
• Email : restubumiadventure64@gmail.com
.
#restubumiadventure #restubumi #adventure #pariwisata #pariwisatalampung #wisatalampung #paketoutboundmurah #paketwisatamurah #jasaoutboundlampung #triplampung #outbond #outboundlampung #wisataalampung #lampung #wisatabalam #wiragarden #outboundspot #sanggarbeach #ciptakaryametro #gatheringlampung #wisatalamsel #wisatalampungselatan	#pantailampung #pantailampungselatan #pantaisanggar",Ancillary,Kelompok Wisata,"[ paket outbound seru dan asyik di lampung hanya bersama biro perjalanan wisata kami ]. “kebahagiaan itu harus kita temukan, rasakan dan ceritakan.”. ✨ fun gathering: cipta karya putr kota metro. semua itu tentang kebahagian dan dia hadir harus kita temukan, rasakan dan ceritakan 🙌🏻 terimakasih cipta karya putr kota metro yang telah mempercayai kami untuk kegiatannya. sampai berjumpa dilain kesempatan yaa 🥰. 🏝️ rba - tour packages ️wisata alam ️wisata desa ️minat khusus ️outbound training ️family dan corporate gathering. more information kontak: > 081271046209 (admin 1) > 081272477622 (admin 2) instagram: facebook: restu bumi adventure tik tok: youtube: restu bumi adventure website: email: restubumiadventure64@gmail.com",restubumiadventure restubumi adventure pariwisata pariwisatalampung wisatalampung paketoutboundmurah paketwisatamurah jasaoutboundlampung triplampung outbond outboundlampung wisataalampung lampung wisatabalam wiragarden outboundspot sanggarbeach ciptakaryametro gatheringlampung wisatalamsel wisatalampungselatan pantailampung pantailampungselatan pantaisanggar,paket outbound seru dan asyik di lampung hanya bersama biro perjalanan wisata kami kebahagiaan itu harus kita temukan rasakan dan ceritakan indah fun gathering cipta karya putr kota metro semua itu tentang kebahagian dan dia hadir harus kita temukan rasakan dan ceritakan dukungan terimakasih cipta karya putr kota metro yang telah mempercayai kami untuk kegiatannya sampai berjumpa dilain kesempatan yaa suka pulau rba tour packages wisata alam wisata desa minat khusus outbound training family dan corporate gathering more information kontak 081271046209 admin 1 081272477622 admin 2 instagram facebook restu bumi adventure tik tok youtube restu bumi adventure website email restubumiadventure64 gmail com
https://www.instagram.com/p/DXwokcmE72R/,159.jpg,46142.621423611112,"@navaracitypark 
#lampunghits 
#lampunghitskekinian
#wisatalampungselatan",Amenities,Bianglala,,lampunghits lampunghitskekinian wisatalampungselatan,
https://www.instagram.com/p/DXn2bNTkXSV/,160.jpg,46139.210219907407,#eksploreindonesia#pulausebukukecil#lampung#lampungpunyacerita#wisatalampungselatan,Attraction,,,eksploreindonesia pulausebukukecil lampung lampungpunyacerita wisatalampungselatan,
https://www.instagram.com/p/DXjI3ytiQVW/,161.jpg,46137.380347222221,"Komunitas pecinta Jeep Willys di Lampung Selatan resmi memiliki kepengurusan baru. Pelantikan Willys Lampung Community (WLC) Korwil Lampung Selatan periode 2026–2029 diharapkan tak sekadar menjadi ajang silaturahmi, tetapi juga mendorong promosi pariwisata daerah berbasis komunitas otomotif.

Pelantikan yang digelar di kediaman Ketua WLC Korwil Lampung Selatan, Nivolin, di Desa Palembapang, Kecamatan Kalianda, Sabtu (25/4/2026), dihadiri Wakil Bupati Lampung Selatan M. Syaiful Anwar, unsur Forkopimda, camat, serta sejumlah kepala OPD.

Baca selengkapnya di www.tigapena.lampung.com

#JeepWillys #WisataLampungSelatan #WLCResmiDilantik #PesonaLampung #KomunitasJeep",Ancillary,,"komunitas pecinta jeep willys di lampung selatan resmi memiliki kepengurusan baru. pelantikan willys lampung community (wlc) korwil lampung selatan periode 2026 2029 diharapkan tak sekadar menjadi ajang silaturahmi, tetapi juga mendorong promosi pariwisata daerah berbasis komunitas otomotif. pelantikan yang digelar di kediaman ketua wlc korwil lampung selatan, nivolin, di desa palembapang, kecamatan kalianda, sabtu (25/4/2026), dihadiri wakil bupati lampung selatan m. syaiful anwar, unsur forkopimda, camat, serta sejumlah kepala opd. baca selengkapnya di",jeep willys wisata lampung selatan wlcresmi dilantik pesona lampung komunitas jeep,komunitas pecinta jeep willys di lampung selatan resmi memiliki kepengurusan baru pelantikan willys lampung community wlc korwil lampung selatan periode 2026 2029 diharapkan tak sekadar menjadi ajang silaturahmi tetapi juga mendorong promosi pariwisata daerah berbasis komunitas otomotif pelantikan yang digelar di kediaman ketua wlc korwil lampung selatan nivolin di desa palembapang kecamatan kalianda sabtu 25 4 2026 dihadiri wakil bupati lampung selatan m syaiful anwar unsur forkopimda camat serta sejumlah kepala opd baca selengkapnya di
https://www.instagram.com/p/DXbvTNRiVnw/,162.jpg,46134.506643518522,"Penunjukan Kabupaten Lampung Selatan sebagai tuan rumah Jambore Nasional (Jamnas) ke-XIV Persatuan Penggemar American Jeep Indonesia (PPAJI) 2026 bukan sekadar agenda komunitas otomotif. Pemerintah daerah melihatnya sebagai “kendaraan” strategis untuk mengakselerasi promosi wisata dan pergerakan ekonomi lokal.

Kepastian itu terungkap dalam audiensi antara Bupati Lampung Selatan, Radityo Egi Pratama, dengan jajaran Pengurus Daerah PPAJI Provinsi Lampung di ruang kerja bupati, Rabu (22/4/2026).

Baca selengkapnya di www.lampung.tigapena.com

#JamnasJeepLamsel
#JeepNasional2026
#WisataLampungSelatan
#PromosiDaerahLamsel
#EventJadiMagnetWisata",Ancillary,,"penunjukan kabupaten lampung selatan sebagai tuan rumah jambore nasional (jamnas) ke-xiv persatuan penggemar american jeep indonesia (ppaji) 2026 bukan sekadar agenda komunitas otomotif. pemerintah daerah melihatnya sebagai “kendaraan” strategis untuk mengakselerasi promosi wisata dan pergerakan ekonomi lokal. kepastian itu terungkap dalam audiensi antara bupati lampung selatan, radityo egi pratama, dengan jajaran pengurus daerah ppaji provinsi lampung di ruang kerja bupati, rabu (22/4/2026). baca selengkapnya di",jamnas jeep lamsel jeep nasional2026 wisata lampung selatan promosi daerah lamsel event jadi magnet wisata,penunjukan kabupaten lampung selatan sebagai tuan rumah jambore nasional jamnas ke xiv persatuan penggemar american jeep indonesia ppaji 2026 bukan sekadar agenda komunitas otomotif pemerintah daerah melihatnya sebagai kendaraan strategis untuk mengakselerasi promosi wisata dan pergerakan ekonomi lokal kepastian itu terungkap dalam audiensi antara bupati lampung selatan radityo egi pratama dengan jajaran pengurus daerah ppaji provinsi lampung di ruang kerja bupati rabu 22 4 2026 baca selengkapnya di
https://www.instagram.com/p/DXA5_tgj3bT/,163.jpg,46124.085787037038,#pantailampungselatan #mbeachlampung #wisatalampung #pantailampung #wisatalampungselatan,Attraction,,,pantailampungselatan mbeachlampung wisatalampung pantailampung wisatalampungselatan,
https://www.instagram.com/p/DWwCzD-iYUt/,164.jpg,46117.537060185183,"Yang belum join next lebih ramai ya kan🤩
#minangruabeach #greencanyon #wisatalampungselatan #kalianda#viral",Attraction,,yang belum join next lebih ramai ya kan🤩,minangruabeach greencanyon wisatalampungselatan kalianda viral,yang belum join next lebih ramai ya kan
https://www.instagram.com/p/DWfaJOpkl18/,165.jpg,46111.076574074083,"Waktu Indonesia bagian liburan!!🍃🌿🚤🎉🎏

#wisatalampungselatan #greencanyon #greencanyonbakauheni #pantailampung",Attraction,,waktu indonesia bagian liburan!🍃🌿🚤🎉🎏,wisatalampungselatan greencanyon greencanyonbakauheni pantailampung,waktu indonesia bagian liburan
https://www.instagram.com/p/DWdJPOJlc0q/,166.jpg,46110.197268518517,"UMKM buah kupas segar
#rujakenak #riobeach #wisatalampungselatan #umkm #potofyp",Amenities,UMKM ,umkm buah kupas segar,rujakenak riobeach wisatalampungselatan umkm potofyp,umkm buah kupas segar
https://www.instagram.com/p/DWbUT7Skyhc/,167.jpg,46109.487743055557,#healing #gunungrajabasa #wisatalampungselatan,Attraction,,,healing gunungrajabasa wisatalampungselatan,
https://www.instagram.com/p/DWQmdS4EvRK/,168.jpg,46105.325879629629,"I find my peace 🌊💙

#fypシ #explorelampung 
#wisatalampungselatan #explorepage✨",Attraction,,i find my peace 🌊💙 シ ✨,fyp explorelampung wisatalampungselatan explorepage,i find my peace laut cinta indah
https://www.instagram.com/p/DWQEhDfGAv_/,169.jpg,46105.11991898148,Wtc Lampung selatan #wisatakolamalam #wisatalampungselatan #wtc,Attraction,,wtc lampung selatan,wisatakolamalam wisatalampungselatan wtc,wtc lampung selatan
https://www.instagram.com/p/DWNTAIGE5Zd/,170.jpg,46104.044386574067,"SURPRISE! 🌊✨
Yang dari kemarin nanyain kapan buka, mana suaranya?
Air Terjun Way Kalam KEMBALI BUKA untuk publik di libur Idul Fitri 2026 ini! Kondisi air lagi jernih-jernihnya, pepohonan lagi hijau-hijaunya
Tunggu apa lagi? Langsung gasss ke Way Kalam hari ini!
📍 Desa Way Kalam, Lampung Selatan.
🕒 Jam Operasional: 08.00 - 17.00 WIB.
#WayKalamOpen #WisataLampungSelatan #AirTerjun #ExploreSumatera #healinglebaran",Attraction,,"surprise! 🌊✨ yang dari kemarin nanyain kapan buka, mana suaranya? air terjun way kalam kembali buka untuk publik di libur idul fitri 2026 ini! kondisi air lagi jernih-jernihnya, pepohonan lagi hijau-hijaunya tunggu apa lagi? langsung gasss ke way kalam hari ini! 📍 desa way kalam, lampung selatan. 🕒 jam operasional: 08.00 - 17.00 wib",way kalam open wisata lampung selatan air terjun explore sumatera healinglebaran,surprise laut indah yang dari kemarin nanyain kapan buka mana suaranya air terjun way kalam kembali buka untuk publik di libur idul fitri 2026 ini kondisi air lagi jernih jernihnya pepohonan lagi hijau hijaunya tunggu apa lagi langsung gass ke way kalam hari ini lokasi desa way kalam lampung selatan jam operasional 08 00 17 00 wib
https://www.instagram.com/p/DVimpMUjw9V/,171.jpg,46087.462372685193,"𝟎 𝑴𝒅𝒑𝒍 🌊

_
_
_

#pantaislimpuyang #bukitslimpuyang #lampungselatanexplore #sidomulyoexplore #wisatalampungselatan",Attraction,,0 mdpl 🌊 _ _ _,pantaislimpuyang bukitslimpuyang lampungselatanexplore sidomulyoexplore wisatalampungselatan,0 mdpl laut
https://www.instagram.com/p/Cf_w1P4viD7/,172.jpg,44756.609409722223,"Hari ke dua, giat Gebrak Gotong Royong Terpadu Menuju Wisata Berkelanjutan (gerot wisata) Dewi Way Ratu desa negara ratu kecamatan Natar Kabupaten Lampung Selatan..
.
#lamselbisa #lamsel #wisatalamsel #polpplamsel #satpolpplamsel",Ancillary,Gotong Royong Kelompok Wisata,"hari ke dua, giat gebrak gotong royong terpadu menuju wisata berkelanjutan (gerot wisata) dewi way ratu desa negara ratu kecamatan natar kabupaten lampung selatan",lamselbisa lamsel wisatalamsel polpplamsel satpolpplamsel,hari ke dua giat gebrak gotong royong terpadu menuju wisata berkelanjutan gerot wisata dewi way ratu desa negara ratu kecamatan natar kabupaten lampung selatan
https://www.instagram.com/p/CSnt_J4njwv/,173.jpg,44424.154710648138,"Reposted from @kelampungaja ""Semua orang mempunyai caranya sendiri untuk mencintai alam, satu di antaranya adalah dengan cara menjaga dari orang-orang yang serakah di luar sana""
-
-
-
-
-
📍Air Terjun way kalam Kalianda - Lampung Selatan
-
-
-
Repost @mody.kurniawan 

Punya foto keren, punya event seputar Lampung dan fotomu mau direpost di @kelampungaja gampang caranya kak
-Tag dan follow  @kelampungaja
-Gunakan hastag #kelampungaja
-Akun tidak privat

#kelampungaja #pikniklampung #wisatalampung #lampung #lampungexplore #lampunggeh #lampungkeren #lampunghits  #ilovelampung  #kelilinglampung #lampungeksis #berandalampung #wajahlampung #wisatapringsewu #wisatalamsel #wisatakrui #wisatabdl #wisatametro #wisatakalianda #wisatakotabumi #wisatalambar #wisatatanggamus",Attraction,,"reposted from ""semua orang mempunyai caranya sendiri untuk mencintai alam, satu di antaranya adalah dengan cara menjaga dari orang-orang yang serakah di luar sana"" - - - - - 📍air terjun way kalam kalianda - lampung selatan - - - repost punya foto keren, punya event seputar lampung dan fotomu mau direpost di gampang caranya kak -tag dan follow -gunakan hastag -akun tidak privat",kelampungaja pikniklampung wisatalampung lampung lampungexplore lampunggeh lampungkeren lampunghits ilovelampung kelilinglampung lampungeksis berandalampung wajahlampung wisatapringsewu wisatalamsel wisatakrui wisatabdl wisatametro wisatakalianda wisatakotabumi wisatalambar wisatatanggamus,reposted from semua orang mempunyai caranya sendiri untuk mencintai alam satu di antaranya adalah dengan cara menjaga dari orang orang yang serakah di luar sana lokasi air terjun way kalam kalianda lampung selatan repost punya foto keren punya event seputar lampung dan fotomu mau direpost di gampang caranya kak tag dan follow gunakan hastag akun tidak privat
https://www.instagram.com/p/CTbKnzMJ6WW/,174.jpg,44444.13490740741,"Ini jam 05.30 WIB dengan suasana sejuk menunggu sunrise 🌞

Banyak kicau burung dan dingiiin banget😍
Aku belum bisa move on dr sini view nya keren banget😍

Daan tau gak sih, ini tuh di Lampung loh! Baru tau kan ada tempat se keren ini ❤️
Yuhuuu ini di bakauheni 
Nama nya @pematang_sunrise 
Cusss kesana aja biar bisa liat ke indahan view nya ya shay😍😍

Reposted from @fitri.turono86 

#travelinglampung #pematangsunrise #tempatbagus #viewkeren#lampungkeren#wisatalampung #campingground #wisatalamsel",Attraction,,"ini jam 05.30 wib dengan suasana sejuk menunggu sunrise 🌞 banyak kicau burung dan dingiiin banget😍 aku belum bisa move on dr sini view nya keren banget😍 daan tau gak sih, ini tuh di lampung loh! baru tau kan ada tempat se keren ini ❤️ yuhuuu ini di bakauheni nama nya cusss kesana aja biar bisa liat ke indahan view nya ya shay😍😍 reposted from",travelinglampung pematangsunrise tempatbagus viewkeren lampungkeren wisatalampung campingground wisatalamsel,ini jam 05 30 wib dengan suasana sejuk menunggu sunrise banyak kicau burung dan dingiin banget suka aku belum bisa move on dari sini view nya keren banget suka daan tau tidak sih ini tuh di lampung loh baru tau kan ada tempat se keren ini cinta yuhuu ini di bakauheni nama nya cuss kesana saja biar bisa liat ke indahan view nya ya shay suka suka reposted from
https://www.instagram.com/p/CWPt6FIBWKs/,175.jpg,44514.25409722222,"Nikmatilah tantangan, karena disanalah orang hebat, orang tangguh, orang kuat, orang besar dilahirkan. (dr. Gamal Albinsaid)
.
.
.
#wisatalamsel #tanjungbintang #potretlampung #gununglanggar #inspiration #selfreminder",Attraction,Gunung,"nikmatilah tantangan, karena disanalah orang hebat, orang tangguh, orang kuat, orang besar dilahirkan. (dr. gamal albinsaid)",wisatalamsel tanjungbintang potretlampung gununglanggar inspiration selfreminder,nikmatilah tantangan karena disanalah orang hebat orang tangguh orang kuat orang besar dilahirkan dari gamal albinsaid
https://www.instagram.com/p/CfJSe1nJmg0/,176.jpg,44735.453715277778,"Suspension bridge lubuk bais village lampung selatan

#kelampungaja #pikniklampung #wisatalampung #lampung #lampungexplore #lampunggeh #lampungkeren #lampunghits #ilovelampung #kelilinglampung #lampungeksis #berandalampung #wajahlampung #wisatapringsewu #wisatalamsel #wisatakrui #wisatabdl #wisatametro #wisatakalianda #wisatakotabumi #wisatalambar #wisatatanggamus#!",Attraction,,suspension bridge lubuk bais village lampung selatan #!,kelampungaja pikniklampung wisatalampung lampung lampungexplore lampunggeh lampungkeren lampunghits ilovelampung kelilinglampung lampungeksis berandalampung wajahlampung wisatapringsewu wisatalamsel wisatakrui wisatabdl wisatametro wisatakalianda wisatakotabumi wisatalambar wisatatanggamus,suspension bridge lubuk bais village lampung selatan
https://www.instagram.com/p/CREUJurrjVG/,177.jpg,44385.550150462957,Jalan jalan ke Kampoeng bamboe yang ada di Ketapang lamsel #kampoengbamboe #wisatalampung  #wisatalamsel #wisatakalianda #wisataketapang #indonesia #lampunghits,Amenities,Kuliner,jalan jalan ke kampoeng bamboe yang ada di ketapang lamsel,kampoengbamboe wisatalampung wisatalamsel wisatakalianda wisataketapang indonesia lampunghits,jalan jalan ke kampoeng bamboe yang ada di ketapang lamsel
https://www.instagram.com/p/CnUa14RrMQd/,178.jpg,44938.617511574077,"Kiri Way Penaga Layung Sari 
Kanan Pemandian Alami WtC 

Memiliki kesamaan, sama-sama Pemandian Alami & air nya dari 1 Gunung Rajabasa.

Spot favorit untuk menyegarkan badan saat gerahnya panas matahari.

Tempat Wisata Favoritnya kebanggan Kecamatan Penengahan Kabupaten Lampung Selatan.

📸 Heru Agustian 
🚁 Drone DJI 

#jejaksiohm #waypenaga #waytebingceppa #wisatalamsel",Attraction,,"kiri way penaga layung sari kanan pemandian alami wtc memiliki kesamaan, sama-sama pemandian alami dan air nya dari 1 gunung rajabasa. spot favorit untuk menyegarkan badan saat gerahnya panas matahari. tempat wisata favoritnya kebanggan kecamatan penengahan kabupaten lampung selatan. 📸 heru agustian 🚁 drone dji",jejaksiohm waypenaga waytebingceppa wisatalamsel,kiri way penaga layung sari kanan pemandian alami wtc memiliki kesamaan sama sama pemandian alami dan air nya dari 1 gunung rajabasa spot favorit untuk menyegarkan badan saat gerahnya panas matahari tempat wisata favoritnya kebanggan kecamatan penengahan kabupaten lampung selatan kamera heru agustian drone dji
https://www.instagram.com/p/C1meULpBJBI/,179.jpg,45293.600972222222,"Pantai Pesisir Desa Way Muli Kab. Lampung Selatan

#lamselsayah 
#lamselmendunia 
#wisatalamsel",Attraction,,pantai pesisir desa way muli kab. lampung selatan,lamselsayah lamselmendunia wisatalamsel,pantai pesisir desa way muli kab lampung selatan
https://www.instagram.com/p/COZXp7eLynM/,180.jpg,44319.161597222221,"Taman asmoro, desa jati mulyo, kecamatan jati agung, lampung selatan
#kurnianoen #kurnianoentravelling",Attraction,,"taman asmoro, desa jati mulyo, kecamatan jati agung, lampung selatan",kurnianoen kurnianoentravelling,taman asmoro desa jati mulyo kecamatan jati agung lampung selatan
https://www.instagram.com/p/CuJgtmaycCp/,181.jpg,45108.367094907408,"#Repost @izamijamal with @let.repost 
• • • • • •
Di bukit menuju air terjun dan sumber air panas di kunjir

Rombongan Tim tangguh Siap berwisata ke air terjun (way tumbai) dan air panas (geowisata) Desa Kunjir.

Ayo berkunjung ke Desa wisata Kunjir 😇

#desawisata 
#wisatakunjir 
#wisatalamsel 
#wisataindonesia",Attraction,,with di bukit menuju air terjun dan sumber air panas di kunjir rombongan tim tangguh siap berwisata ke air terjun (way tumbai) dan air panas (geowisata) desa kunjir. ayo berkunjung ke desa wisata kunjir 😇,repost desawisata wisatakunjir wisatalamsel wisataindonesia,with di bukit menuju air terjun dan sumber air panas di kunjir rombongan tim tangguh siap berwisata ke air terjun way tumbai dan air panas geowisata desa kunjir ayo berkunjung ke desa wisata kunjir senang
https://www.instagram.com/p/CSUN1K8JDUh/,182.jpg,44416.580717592587,"😁

.
.
#kampungkuda #lampungwisata #lampungselatanhits #lampungku #wisatalamsel",Amenities,Wahana Kuda,😁,kampungkuda lampungwisata lampungselatanhits lampungku wisatalamsel,senang
https://www.instagram.com/p/CXdvSjbvZvd/,183.jpg,44544.554675925923,"""Berikan yang terbaik pada alam dan alam akan berbalik memberikan terbaik kepadamu.""
.
.
Pabrik oksigen terbaik adalah rimbunya hutan 
.
.
#hutan #wisatalampung 
#lampunghits #lampung 
#lengkunglangit #explorelampung 
#jungle #bumihijau 
#greenearth #hutanhijau
#jalanjalan #demendolan 
#adventure #adventuretime
#wisatalamsel #wisatapringsewu
#insta #instagram
#alam #alamindonesia
#lampunginsta #instalampung",Attraction,,"""berikan yang terbaik pada alam dan alam akan berbalik memberikan terbaik kepadamu."" pabrik oksigen terbaik adalah rimbunya hutan",hutan wisatalampung lampunghits lampung lengkunglangit explorelampung jungle bumihijau greenearth hutanhijau jalanjalan demendolan adventure adventuretime wisatalamsel wisatapringsewu insta instagram alam alamindonesia lampunginsta instalampung,berikan yang terbaik pada alam dan alam akan berbalik memberikan terbaik kepadamu pabrik oksigen terbaik adalah rimbunya hutan
https://www.instagram.com/p/CWPtH2shoOK/,184.jpg,44514.249328703707,"Kita manusia hanya mampu melihat dengan apa yang kita lihat. Tapi Allah Maha Melihat jauh dari apa yang kita lihat. (dr. Gamal Albinsaid)
.
.
.
#selfreminder #gununglanggar #wisatalamsel #tanjungbintang #potretlampung #backtonature",Attraction,,kita manusia hanya mampu melihat dengan apa yang kita lihat. tapi allah maha melihat jauh dari apa yang kita lihat. (dr. gamal albinsaid),selfreminder gununglanggar wisatalamsel tanjungbintang potretlampung backtonature,kita manusia hanya mampu melihat dengan apa yang kita lihat tapi allah maha melihat jauh dari apa yang kita lihat dari gamal albinsaid
https://www.instagram.com/p/CWPuxQlhCKQ/,185.jpg,44514.259328703702,"Bersyukurlah dengan kesibukan tatkala kita lelah. Ingatlah boleh jadi kesibukan kita adalah mimpi mimpi orang di luar sana. (dr. Gamal Albinsaid)
.
.
.
#wisatalamsel
#wisataindonesia #selfreminder #tanjungbintang #alamlampung #bacttonature #gamalalbinsaid",Attraction,,bersyukurlah dengan kesibukan tatkala kita lelah. ingatlah boleh jadi kesibukan kita adalah mimpi mimpi orang di luar sana. (dr. gamal albinsaid),wisatalamsel wisataindonesia selfreminder tanjungbintang alamlampung bacttonature gamalalbinsaid,bersyukurlah dengan kesibukan tatkala kita lelah ingatlah boleh jadi kesibukan kita adalah mimpi mimpi orang di luar sana dari gamal albinsaid
https://www.instagram.com/p/CeDuF8tvY0p/,186.jpg,44708.435960648138,"Kalau saling mencintai, bukan bilang ""jalani aja dulu"". Cinta tidak sebercanda itu!

Sebab, tidak ada yang lebih baik dari hubungan antara dua insan yang saling mencintai selain pernikahan. 🫰🏻🥰😇

Rasulullah shallallahu 'alaihi wa sallam bersabda dalam HR. Bukhari no. 5056, Muslim no. 1400;

""Wahai para pemuda, barangsiapa yang sudah sanggup menikah, maka menikahlah. Karena itu lebih menundukkan pandangan dan lebih menjaga kemaluan. Barangsiapa yang belum mampu, maka berpuasalah karena puasa itu obat pengekang nafsunya."" 

Kld, 27/05/2022 © IDM

Lokasi : Kebun Edukasi Kalianda, Lampung Selatan, Lampung, Indonesia

#DialogRasa #DiaryMeymey #IrmaDewiMeilinda #KebunEdukasi #kebunedukasilampungselatan #LampungSelatan #lampungselatanamazing #writerpreneur #travellers #Pariwisata #pariwisatalampung #pariwisatalamsel #wisatalamsel #inilampung #potretlampung #explorelampung #jalanjalanyuk #selfhealing",Amenities,Faslitas Edukasi,"kalau saling mencintai, bukan bilang ""jalani aja dulu"". cinta tidak sebercanda itu! sebab, tidak ada yang lebih baik dari hubungan antara dua insan yang saling mencintai selain pernikahan. 🫰🏻🥰😇 rasulullah shallallahu 'alaihi wa sallam bersabda dalam hr. bukhari no. 5056, muslim no. 1400; ""wahai para pemuda, barangsiapa yang sudah sanggup menikah, maka menikahlah. karena itu lebih menundukkan pandangan dan lebih menjaga kemaluan. barangsiapa yang belum mampu, maka berpuasalah karena puasa itu obat pengekang nafsunya."" kld, 27/05/2022 © idm lokasi: kebun edukasi kalianda, lampung selatan, lampung, indonesia",dialog rasa diary meymey irma dewi meilinda kebun edukasi kebunedukasilampungselatan lampung selatan lampungselatanamazing writerpreneur travellers pariwisata pariwisatalampung pariwisatalamsel wisatalamsel inilampung potretlampung explorelampung jalanjalanyuk selfhealing,kalau saling mencintai bukan bilang jalani saja dulu cinta tidak sebercanda itu sebab tidak ada yang lebih baik dari hubungan antara dua insan yang saling mencintai selain pernikahan suka senang rasulullah shallallahu alaihi whatsapp sallam bersabda dalam hr bukhari no 5056 muslim no 1400 wahai para pemuda barangsiapa yang sudah sanggup menikah maka menikahlah karena itu lebih menundukkan pandangan dan lebih menjaga kemaluan barangsiapa yang belum mampu maka berpuasalah karena puasa itu obat pengekang nafsunya kld 27 05 2022 idm lokasi kebun edukasi kalianda lampung selatan lampung indonesia
https://www.instagram.com/p/C1zD6PcPLtO/,187.jpg,45298.489444444444,"[ Paket Outbound Seru & Asyik di Lampung Hanya Bersama Biro Perjalanan Wisata Kami ]
.
“Liburan yang baik adalah yang dihabiskan di antara orang-orang yang gagasannya tentang waktu lebih kabur darimu.”
. 
✨ Family Gathering : DPMPTSM Lamteng. Hidup dimaksudkan untuk petualangan besar dan teman dekat.
.
🙌🏻 Terimakasih DPMPTSM Lamteng yang telah mempercayai kami untuk kegiatannya. Sampai berjumpa dilain kesempatan yaa 🥰.
_______________________
🏝️ RBA - TOUR PACKAGES 
▪️Wisata Alam
▪️Wisata Desa
▪️Minat Khusus
▪️Outbound Training
▪️Family & Corporate Gathering
.
----More information-----
• Kontak : 
> 081271046209 (Admin 1) 
> 081272477622 (Admin 2)
• Instagram : @restubumiadventure 
• Facebook : Restu Bumi Adventure 
• Tik Tok : @restubumiadventure64
• Youtube : Restu Bumi Adventure 
• Website : www.restutour.co.id
• Email : restubumiadventure64@gmail.com
.
#restubumiadventure #restubumi #adventure #pariwisata #pariwisatalampung #wisatalampung #paketoutboundmurah #paketwisatamurah #jasaoutboundlampung #triplampung #outbond #outboundlampung #wisataalampung #lampung #wisataalam #pantaimarina #outboundspot #marinabeach #pantaikalianda #wisatalamsel #gatheringlampung #DPMPTSM #LAMTENG",Ancillary,Kelompok Wisata,[ paket outbound seru dan asyik di lampung hanya bersama biro perjalanan wisata kami ]. “liburan yang baik adalah yang dihabiskan di antara orang-orang yang gagasannya tentang waktu lebih kabur darimu.”. ✨ family gathering: dpmptsm lamteng. hidup dimaksudkan untuk petualangan besar dan teman dekat 🙌🏻 terimakasih dpmptsm lamteng yang telah mempercayai kami untuk kegiatannya. sampai berjumpa dilain kesempatan yaa 🥰. 🏝️ rba - tour packages ️wisata alam ️wisata desa ️minat khusus ️outbound training ️family dan corporate gathering. more information kontak: > 081271046209 (admin 1) > 081272477622 (admin 2) instagram: facebook: restu bumi adventure tik tok: youtube: restu bumi adventure website: email: restubumiadventure64@gmail.com,restubumiadventure restubumi adventure pariwisata pariwisatalampung wisatalampung paketoutboundmurah paketwisatamurah jasaoutboundlampung triplampung outbond outboundlampung wisataalampung lampung wisataalam pantaimarina outboundspot marinabeach pantaikalianda wisatalamsel gatheringlampung dpmptsm lamteng,paket outbound seru dan asyik di lampung hanya bersama biro perjalanan wisata kami liburan yang baik adalah yang dihabiskan di antara orang orang yang gagasannya tentang waktu lebih kabur darimu indah family gathering dpmptsm lamteng hidup dimaksudkan untuk petualangan besar dan teman dekat dukungan terimakasih dpmptsm lamteng yang telah mempercayai kami untuk kegiatannya sampai berjumpa dilain kesempatan yaa suka pulau rba tour packages wisata alam wisata desa minat khusus outbound training family dan corporate gathering more information kontak 081271046209 admin 1 081272477622 admin 2 instagram facebook restu bumi adventure tik tok youtube restu bumi adventure website email restubumiadventure64 gmail com
https://www.instagram.com/p/CTR0ARPlPJJ/,188.jpg,44440.50240740741,"Ini jam 5,30 pagi dengan suasana sejuk menunggu sunrise 🌞banyak kicau burung dan dingiiin banget😍
Aku belum bisa move on dr sini view nya keren banget😍

Daan tau gak sih ini tuh di lampung loh baru tau kan ada tempat se keren ini ❤️
Yuhuuu ini di bakauheni 
Nama nya @pematang_sunrise 
Cusss kesana aja biar bisa liat ke indahan view nya ya shay😍😍

#travelinglampung #pematangsunrise #tempatbagus #viewkeren#lampungkeren#wisatalampung #campingground #wisatalamsel",Attraction,,"ini jam 5,30 pagi dengan suasana sejuk menunggu sunrise 🌞banyak kicau burung dan dingiiin banget😍 aku belum bisa move on dr sini view nya keren banget😍 daan tau gak sih ini tuh di lampung loh baru tau kan ada tempat se keren ini ❤️ yuhuuu ini di bakauheni nama nya cusss kesana aja biar bisa liat ke indahan view nya ya shay😍😍",travelinglampung pematangsunrise tempatbagus viewkeren lampungkeren wisatalampung campingground wisatalamsel,ini jam 5 30 pagi dengan suasana sejuk menunggu sunrise banyak kicau burung dan dingiin banget suka aku belum bisa move on dari sini view nya keren banget suka daan tau tidak sih ini tuh di lampung loh baru tau kan ada tempat se keren ini cinta yuhuu ini di bakauheni nama nya cuss kesana saja biar bisa liat ke indahan view nya ya shay suka suka
https://www.instagram.com/p/CTbs8msvmgb/,189.jpg,44444.343194444453,"Ini jam 5,30 pagi dengan suasana sejuk menunggu sunrise 🌞banyak kicau burung dan dingiiin banget😍
Aku belum bisa move on dr sini view nya keren banget😍

Daan tau gak sih ini tuh di lampung loh baru tau kan ada tempat se keren ini ❤️
Yuhuuu ini di bakauheni 
Nama nya @pematang_sunrise 
Cusss kesana aja biar bisa liat ke indahan view nya ya shay😍😍

Foto @fitri.turono86

🍁bukit pematang sunrise, bakauheni, lampung selatan

#travelinglampung #pematangsunrise #tempatbagus #viewkeren#lampungkeren#wisatalampung #campingground #wisatalamsel
#bolang_lampung",Attraction,,"ini jam 5,30 pagi dengan suasana sejuk menunggu sunrise 🌞banyak kicau burung dan dingiiin banget😍 aku belum bisa move on dr sini view nya keren banget😍 daan tau gak sih ini tuh di lampung loh baru tau kan ada tempat se keren ini ❤️ yuhuuu ini di bakauheni nama nya cusss kesana aja biar bisa liat ke indahan view nya ya shay😍😍 foto 🍁bukit pematang sunrise, bakauheni, lampung selatan",travelinglampung pematangsunrise tempatbagus viewkeren lampungkeren wisatalampung campingground wisatalamsel bolang lampung,ini jam 5 30 pagi dengan suasana sejuk menunggu sunrise banyak kicau burung dan dingiin banget suka aku belum bisa move on dari sini view nya keren banget suka daan tau tidak sih ini tuh di lampung loh baru tau kan ada tempat se keren ini cinta yuhuu ini di bakauheni nama nya cuss kesana saja biar bisa liat ke indahan view nya ya shay suka suka foto bukit pematang sunrise bakauheni lampung selatan
https://www.instagram.com/p/CWJzYMTh24M/,190.jpg,44511.957118055558,"Refreshing sejenak hilangkan penat 😁
Tim vaksinator PRI PENENGAHAN.

#arangLampung
#wisataKALIANDA
#WisataLAMSEL

#PENIKMATsunset
#momongbocah😘",Attraction,,refreshing sejenak hilangkan penat 😁 tim vaksinator pri penengahan. 😘,arang lampung wisata kalianda wisata lamsel penikmatsunset momongbocah,refreshing sejenak hilangkan penat senang tim vaksinator pri penengahan
https://www.instagram.com/p/CcjwUbspSML/,191.jpg,44671.166770833333,"Jembatan gantung sungai way Galih Lampung Selatan,

#kelampungaja #pikniklampung #wisatalampung #lampung #lampungexplore #lampunggeh #lampungkeren #lampunghits #ilovelampung #kelilinglampung #lampungeksis #berandalampung #wajahlampung #wisatapringsewu #wisatalamsel #wisatakrui #wisatabdl #wisatametro #wisatakalianda #wisatakotatanggamus #!lambar #wisata",Attraction,,"jembatan gantung sungai way galih lampung selatan, #!lambar",kelampungaja pikniklampung wisatalampung lampung lampungexplore lampunggeh lampungkeren lampunghits ilovelampung kelilinglampung lampungeksis berandalampung wajahlampung wisatapringsewu wisatalamsel wisatakrui wisatabdl wisatametro wisatakalianda wisatakotatanggamus wisata,jembatan gantung sungai way galih lampung selatan lambar
https://www.instagram.com/p/Cb92x2lJKeA/,192.jpg,44656.448229166657,"Gunung Langgar, lematang lampung Selatan
#kelampungaja #pikniklampung #wisatalampung #lampung #lampungexplore #lampunggeh #lampungkeren #lampunghits #ilovelampung #kelilinglampung #lampungeksis #berandalampung #cepatlampung #wisatapringsewu #wisatalamsel #wisatakrui #wisatabdl #wisatametro #wisatakalianda #wisatakotabumi #wisatalambar #!",Attraction,,"gunung langgar, lematang lampung selatan #!",kelampungaja pikniklampung wisatalampung lampung lampungexplore lampunggeh lampungkeren lampunghits ilovelampung kelilinglampung lampungeksis berandalampung cepatlampung wisatapringsewu wisatalamsel wisatakrui wisatabdl wisatametro wisatakalianda wisatakotabumi wisatalambar,gunung langgar lematang lampung selatan
https://www.instagram.com/p/C137-2xPMWR/,193.jpg,45300.383136574077,"[ Lupakan yang biasa-biasa, sambut yang luar biasa Bersama Biro Perjalanan Wisata Kami ]
.
“Cari keajaiban di setiap momen.”
. 
✨ Capacity Building: Gathering Bidang SDM RSUD Abdul Moeloek. Sikap adalah hal kecil yang membuat perbedaan besar
.
🙌🏻 Terimakasih Bidang SDM RSUD Abdul Moeloek yang telah mempercayai kami untuk kegiatannya. Sampai berjumpa dilain kesempatan yaa 🥰.
_______________________
🏝️ RBA - TOUR PACKAGES 
▪️Wisata Alam
▪️Wisata Desa
▪️Minat Khusus
▪️Outbound Training
▪️Family & Corporate Gathering
.
----More information-----
• Kontak : 
> 081271046209 (Admin 1) 
> 081272477622 (Admin 2)
• Instagram : @restubumiadventure 
• Facebook : Restu Bumi Adventure 
• Tik Tok : @restubumiadventure64
• Youtube : Restu Bumi Adventure 
• Website : www.restutour.co.id
• Email : restubumiadventure64@gmail.com
.
#restubumiadventure #restubumi #adventure #pariwisata #pariwisatalampung #wisatalampung #paketoutboundmurah #paketwisatamurah #jasaoutboundlampung #triplampung #outbond #outboundlampung #wisataalampung #lampung #wisataalam #kedasresort #kedasresortbeach #kedasresorthotel #kedasresortminangrua #outboundspot #pantaikalianda #wisatalamsel #capacitybuilding #abdulmuluk",Ancillary,Kelompok Wisata,"[ lupakan yang biasa-biasa, sambut yang luar biasa bersama biro perjalanan wisata kami ]. “cari keajaiban di setiap momen.”. ✨ capacity building: gathering bidang sdm rsud abdul moeloek. sikap adalah hal kecil yang membuat perbedaan besar. 🙌🏻 terimakasih bidang sdm rsud abdul moeloek yang telah mempercayai kami untuk kegiatannya. sampai berjumpa dilain kesempatan yaa 🥰. 🏝️ rba - tour packages ️wisata alam ️wisata desa ️minat khusus ️outbound training ️family dan corporate gathering. more information kontak: > 081271046209 (admin 1) > 081272477622 (admin 2) instagram: facebook: restu bumi adventure tik tok: youtube: restu bumi adventure website: email: restubumiadventure64@gmail.com",restubumiadventure restubumi adventure pariwisata pariwisatalampung wisatalampung paketoutboundmurah paketwisatamurah jasaoutboundlampung triplampung outbond outboundlampung wisataalampung lampung wisataalam kedasresort kedasresortbeach kedasresorthotel kedasresortminangrua outboundspot pantaikalianda wisatalamsel capacitybuilding abdulmuluk,lupakan yang biasa biasa sambut yang luar biasa bersama biro perjalanan wisata kami cari keajaiban di setiap momen indah capacity building gathering bidang sdm rsud abdul moeloek sikap adalah hal kecil yang membuat perbedaan besar dukungan terimakasih bidang sdm rsud abdul moeloek yang telah mempercayai kami untuk kegiatannya sampai berjumpa dilain kesempatan yaa suka pulau rba tour packages wisata alam wisata desa minat khusus outbound training family dan corporate gathering more information kontak 081271046209 admin 1 081272477622 admin 2 instagram facebook restu bumi adventure tik tok youtube restu bumi adventure website email restubumiadventure64 gmail com
https://www.instagram.com/p/CwectK7Pk0A/,194.jpg,45166.208634259259,"[ Buatlah Momen Seru dan Tak Terlupakan Bersama Kami Restu Bumi Adventure ]
.
“Work Smart, Play Hard, Stay Healty With Vitamin Sea”
. 
✨ Employee Gathering : Badan Perencanaan Pembangunan Daerah (BAPPEDA) Kabupaten Tulang Bawang Tahun 2023. Kerja cerdas, usaha keras, tetap sehat dengan liburan di pantai.
.
🙌🏻 Terimakasih BAPPEDA Kabupaten Tulang Bawang telah mempercayai kami untuk kegiatannya. Sampai berjumpa dilain kesempatan yaa 🥰.
_______________________
🏝️ RBA - TOUR PACKAGES 
▪️Wisata Alam
▪️Wisata Desa
▪️Minat Khusus
▪️Outbound Training
▪️Family & Corporate Gathering
.
----More information-----
• Kontak : 
> 081271046209 (Admin 1) 
> 081272477622 (Admin 2)
• Instagram : @restubumiadventure 
• Facebook : Restu Bumi Adventure 
• Tik Tok : @restubumiadventure64
• Youtube : Restu Bumi Adventure 
• Website : www.restutour.co.id
• Email : restubumiadventure64@gmail.com
.
#restubumiadventure #restubumi #adventure #pariwisata #paketwisatalampung #paketoutboundmurah #outboundlampung #lampungoutbound #lampungfungames #fungameslampung #paketwisatamurah #paketberwisata #triplampung #wisatalampung #lampungtrip #pariwisatalampung #lampung #paketwisataindonesia #gatheringlampung #familygathering #gamesoutbound #gamessederhana #sanggarbeach #pantaisanggar #wisatalamsel #pariwisatalampungselatan #wisatalampungselatan",Ancillary,Kelompok wisata,"[ buatlah momen seru dan tak terlupakan bersama kami restu bumi adventure ]. “work smart, play hard, stay healty with vitamin sea”. ✨ employee gathering: badan perencanaan pembangunan daerah (bappeda) kabupaten tulang bawang tahun 2023. kerja cerdas, usaha keras, tetap sehat dengan liburan di pantai 🙌🏻 terimakasih bappeda kabupaten tulang bawang telah mempercayai kami untuk kegiatannya. sampai berjumpa dilain kesempatan yaa 🥰. 🏝️ rba - tour packages ️wisata alam ️wisata desa ️minat khusus ️outbound training ️family dan corporate gathering. more information kontak: > 081271046209 (admin 1) > 081272477622 (admin 2) instagram: facebook: restu bumi adventure tik tok: youtube: restu bumi adventure website: email: restubumiadventure64@gmail.com",restubumiadventure restubumi adventure pariwisata paketwisatalampung paketoutboundmurah outboundlampung lampungoutbound lampungfungames fungameslampung paketwisatamurah paketberwisata triplampung wisatalampung lampungtrip pariwisatalampung lampung paketwisataindonesia gatheringlampung familygathering gamesoutbound gamessederhana sanggarbeach pantaisanggar wisatalamsel pariwisatalampungselatan wisatalampungselatan,buatlah momen seru dan tak terlupakan bersama kami restu bumi adventure work smart play hard stay healty with vitamin sea indah employee gathering badan perencanaan pembangunan daerah bappeda kabupaten tulang bawang tahun 2023 kerja cerdas usaha keras tetap sehat dengan liburan di pantai dukungan terimakasih bappeda kabupaten tulang bawang telah mempercayai kami untuk kegiatannya sampai berjumpa dilain kesempatan yaa suka pulau rba tour packages wisata alam wisata desa minat khusus outbound training family dan corporate gathering more information kontak 081271046209 admin 1 081272477622 admin 2 instagram facebook restu bumi adventure tik tok youtube restu bumi adventure website email restubumiadventure64 gmail com
https://www.instagram.com/p/DNcIE1BPnR8/,195.jpg,45886.105636574073,"Serasa Upacara di Istana Negara Upacara Hut Ri 80, Menyala Kabupaten Lampung ❤️🙏🏻😊

#PESONAMERAHPUTIHLAMPUNGSELATAN#HUTKE80RI#WISATALAMPUNGSELATAN#RADITYOEGI#SYAIFULANWAR#KAWASANMENARASIGER#LAMPUNGSELATANMAJU#BISMILLAHBISA.",Attraction,Siger,"serasa upacara di istana negara upacara hut ri 80, menyala kabupaten lampung ❤️🙏🏻😊",pesonamerahputihlampungselatan hutke80ri wisatalampungselatan radityoegi syaifulanwar kawasanmenarasiger lampungselatanmaju bismillahbisa,serasa upacara di istana negara upacara hut ri 80 menyala kabupaten lampung cinta terima kasih senang
https://www.instagram.com/p/DNcX3mQyIQa/,196.jpg,45886.201469907413,"PESONA MERAH PUTIH DIATAS MENARA SIGER
@bakauheni.harbour.city
@pemkab.lampungselatan @radityoegi @m_syaiful.anwar
#pesonamerahputihlampungselatan #hutke80ri 
#wisatalampungselatan 
#RADITYOEGI #syaifulanwar #kawasanmenarasiger #lampungselatanmaju #bismillahbisa
@bungsu.studio.lampung",Attraction,Siger,pesona merah putih diatas menara siger,pesonamerahputihlampungselatan hutke80ri wisatalampungselatan radityoegi syaifulanwar kawasanmenarasiger lampungselatanmaju bismillahbisa,pesona merah putih diatas menara siger
https://www.instagram.com/p/DKcSmoRzggT/,197.jpg,45811.604120370372,"Pantai Kedu Kalianda lampung selatan

#fyp #wisatalampungselatan #kalianda #pantaikedu #pengikut #semuaorang",Attraction,,pantai kedu kalianda lampung selatan,fyp wisatalampungselatan kalianda pantaikedu pengikut semuaorang,pantai kedu kalianda lampung selatan
https://www.instagram.com/p/DNcc7bqpRRB/,198.jpg,45886.232175925928,"Menyambut HUT ke-80 RI dari sudut menara siger dan keindahan birunya selat sunda yang luar biasa

#pesonamerahputihlampungselatan 
#hutke80ri 
#wisatalampungselatan 
#radityoegi 
#syaifulanwar 
#kawasanmenarasiger 
#lampungselatanmaju 
#bismillahbisa 
#radityoegi 
#syaifulanwar 
#kawasanmenarasiger 
#lampungselatanmaju 
#bismillahbisa",Attraction,Siger Slide 2,menyambut hut ke-80 ri dari sudut menara siger dan keindahan birunya selat sunda yang luar biasa,pesonamerahputihlampungselatan hutke80ri wisatalampungselatan radityoegi syaifulanwar kawasanmenarasiger lampungselatanmaju bismillahbisa,menyambut hut ke 80 ri dari sudut menara siger dan keindahan birunya selat sunda yang luar biasa
https://www.instagram.com/p/CgWufXEJYf6/,199.jpg,44765.527511574073,"Best sunset ever! ❤
The perks of living in Lampung - easy access to beaches, waterfalls, mountains, hills, islands, National parks, lakes, river, and the most beautiful sunsets! 😉
•
📍Pantai Sebalang, Lampung Selatan, Lampung.
•
Mari kita jaga bersama lingkungan disekitar kita. Salam lestari 🌱
•
#lampung  #explorelampung #wisatalampung #pantaisebalang #wonderfulindonesia  #lampungnatureadventure",Attraction,Sunset,"best sunset ever! ❤ the perks of living in lampung - easy access to beaches, waterfalls, mountains, hills, islands, national parks, lakes, river, and the most beautiful sunsets! 😉 📍pantai sebalang, lampung selatan, lampung. mari kita jaga bersama lingkungan disekitar kita. salam lestari 🌱",lampung explorelampung wisatalampung pantaisebalang wonderfulindonesia lampungnatureadventure,best sunset ever cinta the perks of living in lampung easy access to beaches waterfalls mountains hills islands national parks lakes river and the most beautiful sunsets lokasi pantai sebalang lampung selatan lampung mari kita jaga bersama lingkungan disekitar kita salam lestari alam
https://www.instagram.com/p/CpXsGPzAOSN/,200.jpg,44989.597569444442,Kebersamaan Way Tebing Ceppa Kalianda Lampung Selatan✨👍🏻🌊😇😊 #waytebingceppa #wisatalampung #wisatalampungselatan,Attraction,,kebersamaan way tebing ceppa kalianda lampung selatan✨👍🏻🌊😇😊,waytebingceppa wisatalampung wisatalampungselatan,kebersamaan way tebing ceppa kalianda lampung selatan indah bagus laut senang senang
https://www.instagram.com/p/Cq1swfevTN-/,201.jpg,45026.107546296298,"La’villa pantai minang rua 🏝️ Bakauheni Lampung Selatan
@lavilla_lembahdurian 
booking CP : 083135305300
.
.
.
#villa #ocean #nature #beach #minangruabeach #senjapantai #kaliandabeach #resort #sunset #wisatalampungselatan",Attraction,,la’villa pantai minang rua 🏝️ bakauheni lampung selatan booking cp: 083135305300,villa ocean nature beach minangruabeach senjapantai kaliandabeach resort sunset wisatalampungselatan,la villa pantai minang rua pulau bakauheni lampung selatan booking cp 083135305300
https://www.instagram.com/p/DNcUhXgRQoK/,202.jpg,45886.181157407409,"Keindahan Wisata Pantai Kab. Lamsel dengan Nuansa Merah Putih Kemerdekaan dalam Kehangatan Keluarga Kecil Kami 🇮🇩

#pesonamerahputihlampungselatan 
#hutke80ri 
#wisatalampungselatan 
#radityoegi 
#syaifulanwar 
#kawasanmenarasiger 
#lampungselatanmaju 
#bismilahbisa 
#kodim0421 
#koramil421kalianda",Attraction,,keindahan wisata pantai kab. lamsel dengan nuansa merah putih kemerdekaan dalam kehangatan keluarga kecil kami 🇮🇩,pesonamerahputihlampungselatan hutke80ri wisatalampungselatan radityoegi syaifulanwar kawasanmenarasiger lampungselatanmaju bismilahbisa kodim0421 koramil421kalianda,keindahan wisata pantai kab lamsel dengan nuansa merah putih kemerdekaan dalam kehangatan keluarga kecil kami
https://www.instagram.com/p/C-7a57hpqO3/,203.jpg,45525.432083333333,"Sunset Chaser 🌥️
.
📍Pantai Setigi Batu - Lampung Selatan 
.
.
#lampungupdateid #wisatalampung #wisatalampungselatan #pantailampung #lampunginsta #pantaisetigibatu #pantaisetigibatubeach",Attraction,,sunset chaser 🌥️. 📍pantai setigi batu - lampung selatan,lampungupdateid wisatalampung wisatalampungselatan pantailampung lampunginsta pantaisetigibatu pantaisetigibatubeach,sunset chaser lokasi pantai setigi batu lampung selatan
https://www.instagram.com/p/DIaayAOhqjj/,204.jpg,45761.166666666657,"Nikmati pengalaman berbeda di Pantai Rio by the Beach🌊✨

pantai berpasir putih dengan pemandangan laut yang memesona. Tersedia banyak spot foto estetik yang siap melengkapi galeri liburan Anda. Ideal untuk keluarga, teman, pasangan, maupun solo traveler yang ingin mengisi ulang energi dengan suasana pantai yang damai.✨

#RioByTheBeach #FamilyGetaway #PantaiAsik #LiburanKeluarga #pantailampung #pantailampungselatan #wisatalampung #wisatalampungselatan #pariwisatalampung",Attraction,,"nikmati pengalaman berbeda di pantai rio by the beach🌊✨ pantai berpasir putih dengan pemandangan laut yang memesona. tersedia banyak spot foto estetik yang siap melengkapi galeri liburan anda. ideal untuk keluarga, teman, pasangan, maupun solo traveler yang ingin mengisi ulang energi dengan suasana pantai yang damai.✨",rio by the beach family getaway pantai asik liburan keluarga pantailampung pantailampungselatan wisatalampung wisatalampungselatan pariwisatalampung,nikmati pengalaman berbeda di pantai rio by the beach laut indah pantai berpasir putih dengan pemandangan laut yang memesona tersedia banyak spot foto estetik yang siap melengkapi galeri liburan anda ideal untuk keluarga teman pasangan maupun solo traveler yang ingin mengisi ulang energi dengan suasana pantai yang damai indah
https://www.instagram.com/p/DEc5FyGyRpB/,205.jpg,45662.70685185185,"Beautiful View😍🌊🏖️

#pantai #beach #lampung #pride #nature #alam #fotografia #lampunggeh #pantaiindonesia #wisatalampung #wisatalampungselatan",Attraction,,beautiful view😍🌊🏖️,pantai beach lampung pride nature alam fotografia lampunggeh pantaiindonesia wisatalampung wisatalampungselatan,beautiful view suka laut pantai
https://www.instagram.com/p/Cgy5xJ2vOv7/,206.jpg,44776.470069444447,"Just chill & enjoy 🌅

📍@muaraindahsuak 
Jl. Raya Suak Desa Suak Kec. Sidomulyo Lampung Selatan 

_______________
Follow & tag foto kamu 
IG @muaraindahsuak 
FB Muara Indah Suak 

________________
#muaraindahsuak #pantaimuaraindahsuak #pantailampung #pantailampungselatan #wisatalampung #wisatalampungselatan #piknik #healingvibes",Attraction,,just chill dan enjoy 🌅 📍 jl. raya suak desa suak kec. sidomulyo lampung selatan follow dan tag foto kamu ig fb muara indah suak,muaraindahsuak pantaimuaraindahsuak pantailampung pantailampungselatan wisatalampung wisatalampungselatan piknik healingvibes,just chill dan enjoy matahari terbit lokasi jl raya suak desa suak kec sidomulyo lampung selatan follow dan tag foto kamu ig fb muara indah suak
https://www.instagram.com/p/DNb5N19ysPP/,207.jpg,45886.015474537038,"Merah Putih di Menara Siger, Menyatukan Ragam Suku dan Budaya di Bumi Ragom Mufakat.

@pemkab.lampungselatan @radityoegi @m_syaiful.anwar #PESONAMERAHPUTIHLAMPUNGSELATAN #HUTKE80RI #WISATALAMPUNGSELATAN #RADITYOEGI #SYAIFULANWAR #KAWASANMENARASIGER #LAMPUNGSELATANMAJU #BISMILLAHBISA",Attraction,Siger,"merah putih di menara siger, menyatukan ragam suku dan budaya di bumi ragom mufakat",pesonamerahputihlampungselatan hutke80ri wisatalampungselatan radityoegi syaifulanwar kawasanmenarasiger lampungselatanmaju bismillahbisa,merah putih di menara siger menyatukan ragam suku dan budaya di bumi ragom mufakat
https://www.instagram.com/p/DNch-4sSM_P/,208.jpg,45886.26284722222,"Dirgahayu Indonesia-ku 🇮🇩 Selamat Hari Kemerdekaan ke-80. Indonesia Tangguh, Indonesia Tumbuh. Kemerdekaan adalah ruang bagi kita untuk tumbuh menjadi bangsa yang kuat.

#pesonamerahputihlampungselatan  #hutke80ri #wisatalampungselatan #radityoegi #syaifulanwar #kawasanmenarasiger #lampungselatanmaju #bismillahbisa",Attraction,Siger,"dirgahayu indonesia-ku 🇮🇩 selamat hari kemerdekaan ke-80. indonesia tangguh, indonesia tumbuh. kemerdekaan adalah ruang bagi kita untuk tumbuh menjadi bangsa yang kuat",pesonamerahputihlampungselatan hutke80ri wisatalampungselatan radityoegi syaifulanwar kawasanmenarasiger lampungselatanmaju bismillahbisa,dirgahayu indonesia ku selamat hari kemerdekaan ke 80 indonesia tangguh indonesia tumbuh kemerdekaan adalah ruang bagi kita untuk tumbuh menjadi bangsa yang kuat
https://www.instagram.com/p/DD3W6caTsPL/,209.jpg,45648.13008101852,"Cobain perahu yang ada di Pantai Bagus Kalianda dengan harga 20k/orang dan tiket masuk 20k karena weekend. Pantainya bersihh petugasnya juga ramah ramah serba sat sett deh, worth it buat acara fun game krna area nya luass bngtt besttt

@bagus_beachwalk

#pantaibagus #pantaibaguskalianda #kaliandaresort #tempat_wisata_lampung #kelampunggeh #kelampungaja #lampunginsta #wisatalampung #pariwisatalampung #lampungthetreasureofsumatra #infopantai #infopantailampung #wisatalampungselatan #lampunghits #kelampungyuk",Attraction,,"cobain perahu yang ada di pantai bagus kalianda dengan harga 20k/orang dan tiket masuk 20k karena weekend. pantainya bersihh petugasnya juga ramah ramah serba sat sett deh, worth it buat acara fun game krna area nya luass bngtt besttt",pantaibagus pantaibaguskalianda kaliandaresort tempat wisata lampung kelampunggeh kelampungaja lampunginsta wisatalampung pariwisatalampung lampungthetreasureofsumatra infopantai infopantailampung wisatalampungselatan lampunghits kelampungyuk,cobain perahu yang ada di pantai bagus kalianda dengan harga 20k orang dan tiket masuk 20k karena weekend pantainya bersihh petugasnya juga ramah ramah serba sat sett deh worth it buat acara fun game krna area nya luass bngtt bestt
https://www.instagram.com/p/Cart69tPyoC/,210.jpg,44624.548842592587,"Lampung Selatan memang selalu ada saja wisata menarik untuk di kunjungi. Salah satunya adalah wisata gunung batu yang berlokasi di Desa Srikaton, Kecamatan Tanjung Bintang, Kabupaten Lampung Selatan. 
Di sini, kalian dapat melihat fenomena alam berupa hamparan bebatuan dengan ukuran yang bervariasi. Dari yang kecil hingga yang sangat besar. Kondisi sekitar Gunung Batu masih sangat alami. Dari atas bebatuan, kalian dapat melihat hamparan pepohonan, seolah2 kalian berada di hutan hijau. Sangat menarik. Wisata Gunung Batu, tempat indah tersembunyi yang belum banyak terekspos wisatawan. Parkirannya luas, terdapat gazebo untuk bersantai. Harga sewa gazebo 15 ribu rupiah. Harga tiket masuk 10 ribu rupiah.
Yuk, ke lampung selatan !
Salam, kurnianoen travelling
.
.
.
#wisatagunungbatutanjungbintanglampungselatan #wisatagunungbatulampung #culinarytravelling #kurnianoen #wisatalampungselatan #dinaspariwisatalampungselatan #pariwisatalampungselatan #lampung #gunungbatulampung #gunungbatulampungselatan #lampungselatan #gunungbatutanjungbintang #gunungbatutanjungbintanglampungselatan #gunungbatusrikaton",Attraction,,"lampung selatan memang selalu ada saja wisata menarik untuk di kunjungi. salah satunya adalah wisata gunung batu yang berlokasi di desa srikaton, kecamatan tanjung bintang, kabupaten lampung selatan. di sini, kalian dapat melihat fenomena alam berupa hamparan bebatuan dengan ukuran yang bervariasi. dari yang kecil hingga yang sangat besar. kondisi sekitar gunung batu masih sangat alami. dari atas bebatuan, kalian dapat melihat hamparan pepohonan, seolah2 kalian berada di hutan hijau. sangat menarik. wisata gunung batu, tempat indah tersembunyi yang belum banyak terekspos wisatawan. parkirannya luas, terdapat gazebo untuk bersantai. harga sewa gazebo 15 ribu rupiah. harga tiket masuk 10 ribu rupiah. yuk, ke lampung selatan! salam, kurnianoen travelling",wisatagunungbatutanjungbintanglampungselatan wisatagunungbatulampung culinarytravelling kurnianoen wisatalampungselatan dinaspariwisatalampungselatan pariwisatalampungselatan lampung gunungbatulampung gunungbatulampungselatan lampungselatan gunungbatutanjungbintang gunungbatutanjungbintanglampungselatan gunungbatusrikaton,lampung selatan memang selalu ada saja wisata menarik untuk di kunjungi salah satunya adalah wisata gunung batu yang berlokasi di desa srikaton kecamatan tanjung bintang kabupaten lampung selatan di sini kalian dapat melihat fenomena alam berupa hamparan bebatuan dengan ukuran yang bervariasi dari yang kecil hingga yang sangat besar kondisi sekitar gunung batu masih sangat alami dari atas bebatuan kalian dapat melihat hamparan pepohonan seolah2 kalian berada di hutan hijau sangat menarik wisata gunung batu tempat indah tersembunyi yang belum banyak terekspos wisatawan parkirannya luas terdapat gazebo untuk bersantai harga sewa gazebo 15 ribu rupiah harga tiket masuk 10 ribu rupiah ayo ke lampung selatan salam kurnianoen travelling
https://www.instagram.com/p/CdNg_ZgLvHJ/,211.jpg,44687.384930555563,"Dulu cuma bisa liat di gambar anak sd. 
Ada pantai dibawah gunung. 
Setelah usia 31th baru bisa liat yg aslinya. 
#wisatalampungselatan #wisatalampung #pantailampung",Attraction,,dulu cuma bisa liat di gambar anak sd. ada pantai dibawah gunung. setelah usia 31th baru bisa liat yg aslinya,wisatalampungselatan wisatalampung pantailampung,dulu cuma bisa liat di gambar anak sd ada pantai dibawah gunung setelah usia 31th baru bisa liat yang aslinya
https://www.instagram.com/p/C9RvzUxSXPw/,212.jpg,45484.392569444448,"Masyaallah 🌻,
Sandy beaches, ocean breezes, 
Ocean vibes only ☺️
.
.
.
#minangruabeach #wisatalampungselatan #lampunggeh #pantai🌴 #lampunginsta #lautindonesia #outfitinspiration #outfitoftheday #gayafotokekinian",Attraction,,"masyaallah 🌻, sandy beaches, ocean breezes, ocean vibes only ☺️ 🌴",minangruabeach wisatalampungselatan lampunggeh pantai lampunginsta lautindonesia outfitinspiration outfitoftheday gayafotokekinian,masyaallah sandy beaches ocean breezes ocean vibes only senang pohon kelapa
https://www.instagram.com/p/Ctn8LDfLV5R/,213.jpg,45095.329432870371,"Why don't you have wings to fly with
Like the swallow so proud and free?
How the winds are laughing,
They laugh with all their might.
...

Alias

Menertawakan flek hitam yg muncul, akibat sunscreen yang insecure, dihadapan matahari pelabuhan, yang semangat membakar wajah selama 16 hari. Thanks.

Btw, hati yang terbakar meninggalkan flek hitam juga gak ya? OMAIGAT.

#memories #burnt #wisatalampungselatan",Attraction,,"why don't you have wings to fly with like the swallow so proud and free? how the winds are laughing, they laugh with all their might alias menertawakan flek hitam yg muncul, akibat sunscreen yang insecure, dihadapan matahari pelabuhan, yang semangat membakar wajah selama 16 hari. thanks. btw, hati yang terbakar meninggalkan flek hitam juga gak ya? omaigat",memories burnt wisatalampungselatan,why don t you have wings to fly with like the swallow so proud and free how the winds are laughing they laugh with all their might alias menertawakan flek hitam yang muncul akibat sunscreen yang insecure dihadapan matahari pelabuhan yang semangat membakar wajah selama 16 hari thanks btw hati yang terbakar meninggalkan flek hitam juga tidak ya omaigat
https://www.instagram.com/p/CT9cLmsPMD6/,214.jpg,44457.445752314823,"Tempat yang nyaman buat kalian olahraga ataupun liburan nih sobat😍

Olympic pool 

#slanikwaterpark 
#slanikwaterparklampung 
#wisatalampung 
#wisataair 
#wisatalampungselatan 
#thelargestwaterparkinlampung",Attraction,,tempat yang nyaman buat kalian olahraga ataupun liburan nih sobat😍 olympic pool,slanikwaterpark slanikwaterparklampung wisatalampung wisataair wisatalampungselatan thelargestwaterparkinlampung,tempat yang nyaman buat kalian olahraga ataupun liburan ini sobat suka olympic pool
https://www.instagram.com/p/CXbX18RpWdK/,215.jpg,44543.635671296302,Wisata Perengan Anteng Karang Anyar Lampung Selatan 🏞️✨😊 #wisata #wisatalampung #wisatalampungselatan #perengananteng,Attraction,,wisata perengan anteng karang anyar lampung selatan 🏞️✨😊,wisata wisatalampung wisatalampungselatan perengananteng,wisata perengan anteng karang anyar lampung selatan indah senang
https://www.instagram.com/p/CmTXzY9LUYR/,216.jpg,44913.355567129627,"Masih dengan vitamin sea🏝️
.
#janah2410 #fff💋 #lflfff❤ #lfl💛 #lfl❤️ #flfl💛 #flf❤ #flf  @tempat_wisata_lampung @selebgram.lampuung #wisatalampungselatan #selebgramlampuung @pantaimaja_official #ootdstyle #ootddaily #ootdfashion #ootdhijab #selebgramlampung_id #ootdselebgram #selebgramlampung_ #gadisindonesia37 #selebgramindonesia #remajaindonesia37 #fypindonesia #remajaindonesiaaaa #fypシ❤️💞❤️ #fypinstagram #fypシ #ａｅｓｔｈｅｔｉｃ #pantaiindonesia #beachvibes",Attraction,,masih dengan vitamin sea🏝️. 💋 ❤ 💛 ❤️ 💛 ❤ シ❤️💞❤️ シ,janah2410 fff lflfff lfl flfl flf wisatalampungselatan selebgramlampuung ootdstyle ootddaily ootdfashion ootdhijab selebgramlampung id ootdselebgram selebgramlampung gadisindonesia37 selebgramindonesia remajaindonesia37 fypindonesia remajaindonesiaaaa fyp fypinstagram aesthetic pantaiindonesia beachvibes,masih dengan vitamin sea pulau cinta cinta cinta cinta cinta cinta cinta cinta cinta
https://www.instagram.com/p/CmmSKMqvWWa/,217.jpg,44920.700185185182,Kebersamaan Hari ini dgn Keluarga Achmad di Pantai Villa Resort Rumayya Lampung Selatan Bakauheni 📍✨🌊👍🏻😇😊 #kebersamaan #kebersamaankeluarga #wisata #wisatalampung #wisatalampungselatan #lampungselatan #lampung #kalianda #bakauheni,Amenities,,kebersamaan hari ini dgn keluarga achmad di pantai villa resort rumayya lampung selatan bakauheni 📍✨🌊👍🏻😇😊,kebersamaan kebersamaankeluarga wisata wisatalampung wisatalampungselatan lampungselatan lampung kalianda bakauheni,kebersamaan hari ini dengan keluarga achmad di pantai villa resort rumayya lampung selatan bakauheni lokasi indah laut bagus senang senang
https://www.instagram.com/p/DH7Q6RwzLzc/,218.jpg,45749.067650462966,Thank’s to @deanurarlikafasa 🫰yg udah fotoin ❤️ #wisatalampungselatan,Attraction,,thank’s to 🫰yg udah fotoin ❤️,wisatalampungselatan,thank s to yang sudah fotoin cinta
https://www.instagram.com/p/Clti3_Op8Ds/,219.jpg,44898.665011574078,"Like it💫
.
#janah2410 #fff💋 #lflfff❤ #lfl💛 #lfl❤️ #flfl💛 #flf❤ #flf  @tempat_wisata_lampung @selebgram.lampuung #wisatalampungselatan #selebgramlampuung @pantai_keduwarna #ootdstyle #ootddaily #ootdfashion #ootdhijab #selebgramlampung_id #ootdselebgram #selebgramlampung_ #gadisindonesia37 #selebgramindonesia #remajaindonesia37 #fypindonesia #remajaindonesiaaaa #fypシ❤️💞❤️ #fypinstagram #fypシ #ａｅｓｔｈｅｔｉｃ #nightlights #night #nightvibes",Attraction,,like it💫. 💋 ❤ 💛 ❤️ 💛 ❤ シ❤️💞❤️ シ,janah2410 fff lflfff lfl flfl flf wisatalampungselatan selebgramlampuung ootdstyle ootddaily ootdfashion ootdhijab selebgramlampung id ootdselebgram selebgramlampung gadisindonesia37 selebgramindonesia remajaindonesia37 fypindonesia remajaindonesiaaaa fyp fypinstagram aesthetic nightlights night nightvibes,like it cinta cinta cinta cinta cinta cinta cinta cinta cinta
https://www.instagram.com/p/CQlzc4vLNwW/,220.jpg,44373.700879629629,"Syukuri apa yang kamu punya saat ini

#vixionjinjit_indonesia#vegator_id#inivega#fake_vega_indonesia#fakevegajupiter#fake_vega_id#vegaallseries#wisatalampung#wisatalampungselatan#vegariderbaperindonesia#bikershits_indonesia_id#selegram_bikersid#bikersbebeknusatara#bebektouring_indonesia#bikerspiknik#cbradventure#vegarider_id",Attraction,,syukuri apa yang kamu punya saat ini,vixionjinjit indonesia vegator id inivega fake vega indonesia fakevegajupiter fake vega id vegaallseries wisatalampung wisatalampungselatan vegariderbaperindonesia bikershits indonesia id selegram bikersid bikersbebeknusatara bebektouring indonesia bikerspiknik cbradventure vegarider id,syukuri apa yang kamu punya saat ini
https://www.instagram.com/p/DNb8kGDSmCA/,221.jpg,45886.035787037043,"""Indonesia tak muda lagi, namun perjuangan tak berhenti. Tetap majukan negeri dengan putra-putri sendiri""
BISMILAH LAMPUNG SELATAN MAJU BISA
@pemkab.lampungselatan
@radityoegi
@m_syaiful.anwar 
#pesonamerahputihlampungselatan
#wisatalampungselatan
#hutke80ri #radityoegi #syaifulanwar #kawasanmenarasiger #lampungselatanmaju #bismillahbisa #",Attraction,Siger,"""indonesia tak muda lagi, namun perjuangan tak berhenti. tetap majukan negeri dengan putra-putri sendiri"" bismilah lampung selatan maju bisa #",pesonamerahputihlampungselatan wisatalampungselatan hutke80ri radityoegi syaifulanwar kawasanmenarasiger lampungselatanmaju bismillahbisa,indonesia tak muda lagi namun perjuangan tak berhenti tetap majukan negeri dengan putra putri sendiri bismilah lampung selatan maju bisa
https://www.instagram.com/p/C3CfY2bhZa6/,222.jpg,45329.336736111109,"....................

About a Journey

#pantaimarina #pantaimarinalampung #wisatalampung #wisatalampungselatan #fotography",Attraction,,about a journey,pantaimarina pantaimarinalampung wisatalampung wisatalampungselatan fotography,about a journey
https://www.instagram.com/p/Cvm1RIkPxKE/,223.jpg,45144.609444444453,"Krakatau Park - Lampung
____________________________________
Terletak di bagian selatan propinsi lampung yang berdekatan dengan pelabuhan bakauheni dengan jarak 92KM dari Kota Bandar Lampung dan juga salah satu dari jatim park group.
Cocok untuk menghabiskan waktu bersama keluarga dan banyak wahana permainannya
.
.
.
#krakataupark 
#krakatauparklampung 
#lampung 
#wisatalampung 
#wisatalampungselatan 
#traveler 
#traveling 
#qualitytime 
#myfamilymyadventure",Attraction,,krakatau park - lampung terletak di bagian selatan propinsi lampung yang berdekatan dengan pelabuhan bakauheni dengan jarak 92km dari kota bandar lampung dan juga salah satu dari jatim park group. cocok untuk menghabiskan waktu bersama keluarga dan banyak wahana permainannya,krakataupark krakatauparklampung lampung wisatalampung wisatalampungselatan traveler traveling qualitytime myfamilymyadventure,krakatau park lampung terletak di bagian selatan propinsi lampung yang berdekatan dengan pelabuhan bakauheni dengan jarak 92km dari kota bandar lampung dan juga salah satu dari jatim park group cocok untuk menghabiskan waktu bersama keluarga dan banyak wahana permainannya
https://www.instagram.com/p/CmmRxOlpGfU/,224.jpg,44920.697812500002,Kebersamaan Hari ini dgn Keluarga Achmad di Pantai Villa Resort Rumayya Lampung Selatan Bakauheni 📍✨🌊👍🏻😇😊 #kebersamaan #kebersamaankeluarga #wisata #wisatalampung #wisatalampungselatan #lampungselatan #lampung #kalianda #bakauheni,Amenities,,kebersamaan hari ini dgn keluarga achmad di pantai villa resort rumayya lampung selatan bakauheni 📍✨🌊👍🏻😇😊,kebersamaan kebersamaankeluarga wisata wisatalampung wisatalampungselatan lampungselatan lampung kalianda bakauheni,kebersamaan hari ini dengan keluarga achmad di pantai villa resort rumayya lampung selatan bakauheni lokasi indah laut bagus senang senang
https://www.instagram.com/p/CkU4XyErG2d/,225.jpg,44864.23128472222,"View of Kalianda beach
.
#janah2410 #fff💋 #lflfff❤ #lfl💛 #lfl❤️ #flfl💛 #flf❤ #flf #wisatalampung @tempat_wisata_lampung @pantai_keduwarna @selebgram.lampuung #wisatalampungselatan #flflflflflflflflflflfl❤️ #pantaiindonesia #pantaiminangrua #selebgramlampuung #ootdstyle #ootddaily #ootdfashion #ootdhijab #selebgramlampung_id #ootdselebgram #selebgramlampung_ #gadisindonesia37 #selebgramindonesia #remajaindonesia37 #fypindonesia #remajaindonesiaaaa #fypシ❤️💞❤️ #fypinstagram #fypシ #ａｅｓｔｈｅｔｉｃ",Attraction,,view of kalianda beach. 💋 ❤ 💛 ❤️ 💛 ❤ ❤️ シ❤️💞❤️ シ,janah2410 fff lflfff lfl flfl flf wisatalampung wisatalampungselatan flflflflflflflflflflfl pantaiindonesia pantaiminangrua selebgramlampuung ootdstyle ootddaily ootdfashion ootdhijab selebgramlampung id ootdselebgram selebgramlampung gadisindonesia37 selebgramindonesia remajaindonesia37 fypindonesia remajaindonesiaaaa fyp fypinstagram aesthetic,view of kalianda beach cinta cinta cinta cinta cinta cinta cinta cinta cinta cinta
https://www.instagram.com/p/Cmss4Sir1QD/,226.jpg,44923.192499999997,"Save here!
.
#janah2410 #fff💋 #lflfff❤ #lfl💛 #lfl❤️ #flfl💛 #flf❤ #flf  @tempat_wisata_lampung @selebgram.lampuung @lampungselatanexplore #wisatalampungselatan #selebgramlampuung @pantai.marina.official @lampungexplore_id #ootdstyle #ootddaily #ootdfashion #ootdhijab #selebgramlampung_id #ootdselebgram #selebgramlampung_ #gadisindonesia37 #pantaimarina #remajaindonesia37 #fypindonesia #remajaindonesiaaaa #fypシ❤️💞❤️ #fypinstagram #fypシ #ａｅｓｔｈｅｔｉｃ #pantaiindonesia #beachvibes",Attraction,,save here!. 💋 ❤ 💛 ❤️ 💛 ❤ シ❤️💞❤️ シ,janah2410 fff lflfff lfl flfl flf wisatalampungselatan selebgramlampuung ootdstyle ootddaily ootdfashion ootdhijab selebgramlampung id ootdselebgram selebgramlampung gadisindonesia37 pantaimarina remajaindonesia37 fypindonesia remajaindonesiaaaa fyp fypinstagram aesthetic pantaiindonesia beachvibes,save here cinta cinta cinta cinta cinta cinta cinta cinta cinta
https://www.instagram.com/p/ChJ3KbbvkAI/,227.jpg,44785.386574074073,"Just chill & enjoy 🌅

📍@muaraindahsuak 
Jl. Raya Suak Desa Suak Kec. Sidomulyo Lampung Selatan 

_______________
Follow & tag foto kamu 
IG @muaraindahsuak 
FB Muara Indah Suak 

________________
#muaraindahsuak #pantaimuaraindahsuak #pantailampung #pantailampungselatan #wisatalampung #wisatalampungselatan #piknik #healingvibes",Amenities,Fasilitas Olahraga,just chill dan enjoy 🌅 📍 jl. raya suak desa suak kec. sidomulyo lampung selatan follow dan tag foto kamu ig fb muara indah suak,muaraindahsuak pantaimuaraindahsuak pantailampung pantailampungselatan wisatalampung wisatalampungselatan piknik healingvibes,just chill dan enjoy matahari terbit lokasi jl raya suak desa suak kec sidomulyo lampung selatan follow dan tag foto kamu ig fb muara indah suak
https://www.instagram.com/p/DIS-BAUhDc3/,228.jpg,45758.273668981477,"Pantai, pasir, dan jungle gym?
Bukan sekadar pantai—Rio by the Beach hadirkan petualangan mini lewat jungle gym yang seru dan aman untuk anak-anak ataupun dewasa✨🌊

#pantailampung #pantailampungselatan #wisatalampung #wisatalampungselatan #lampungku #riobythebeach #lampungselatan",Amenities,Fasilitas Olahraga,"pantai, pasir, dan jungle gym? bukan sekadar pantai rio by the beach hadirkan petualangan mini lewat jungle gym yang seru dan aman untuk anak-anak ataupun dewasa✨🌊",pantailampung pantailampungselatan wisatalampung wisatalampungselatan lampungku riobythebeach lampungselatan,pantai pasir dan jungle gym bukan sekadar pantai rio by the beach hadirkan petualangan mini lewat jungle gym yang seru dan aman untuk anak anak ataupun dewasa indah laut
https://www.instagram.com/p/CmnTkN0yCZm/,229.jpg,44921.097083333327,"• way kalam waterfall •

Mimin minta maaf nih kalo sampe buat salah paham pass minta izin buat ambil foto ini..
😁😁

Gak bermaksud ko buat bikin masalah 🤣🤣.

.
.
Masih dalam moment ekplorasi bareng @gengkwaci_explore
Inframe . @adindasalsa_billa
.
.
.

Lokasi : 

Air Terjun Way Kalam
Desa Way Kalam
Kecamatan Penengahan
Kabupaten Lampung Selatan

Support by :
@pantai_minangrua
@airterjun_waykalam
@kopibw
@_rrrudi_yunianto
@wonderful.kalianda
@sintiafoto.ku
@tahunona
@wajahlampuung
@mtmapringsewu_lampung
@mtmakorwillampung
@ade_fadly_ig
@sewatenda_outdoorlampung

Nantikan Ekspedisi & Eksplorasi @gengkwaci_explore selanjutnya !!!
.
.

#ExplorasibersamaGengKwaci
#GengKwaciExplore
#GengKwaci
#SelaluBersamaSelaluBahagia
#WisataLampungSelatan
#PantaiMinangRua #AirTerjunWayKalam #Pokdarwis 
#kelampung_geh #kelampunggeh #nekadtravellerlampung #pesonalampung #kalianda #lampunguptodate",Attraction,,way kalam waterfall mimin minta maaf nih kalo sampe buat salah paham pass minta izin buat ambil foto ini 😁😁 gak bermaksud ko buat bikin masalah 🤣🤣 masih dalam moment ekplorasi bareng inframe lokasi: air terjun way kalam desa way kalam kecamatan penengahan kabupaten lampung selatan support by: nantikan ekspedisi dan eksplorasi selanjutnya!,explorasibersama geng kwaci geng kwaci explore geng kwaci selalu bersama selalu bahagia wisata lampung selatan pantai minang rua air terjun way kalam pokdarwis kelampung geh kelampunggeh nekadtravellerlampung pesonalampung kalianda lampunguptodate,way kalam waterfall mimin minta maaf ini kalau sampe buat salah paham pass minta izin buat ambil foto ini senang senang tidak bermaksud ko buat bikin masalah tertawa tertawa masih dalam moment ekplorasi bersama inframe lokasi air terjun way kalam desa way kalam kecamatan penengahan kabupaten lampung selatan support by nantikan ekspedisi dan eksplorasi selanjutnya
https://www.instagram.com/p/CbAapLrvx9k/,230.jpg,44632.587453703702,"Rindu aku rindu kamu..❤️
@pantai.marina.official 
#kalianda 
#lampungselatan 
#lampunghits 
#lampung 
#lampunggeh 
#wisatalampungselatan 
#wisatalampung",Attraction,,rindu aku rindu kamu ❤️,kalianda lampungselatan lampunghits lampung lampunggeh wisatalampungselatan wisatalampung,rindu aku rindu kamu cinta
https://www.instagram.com/p/Cd_D87UPNzJ/,231.jpg,44706.626793981479,"Sepintar dan semandiri apa pun seorang perempuan, dia tetap membutuhkan peta atau google map dari orang lain untuk menunjukkan arah perjalanannya. Sebab, kalau dibiarkan membaca peta atau google map sendiri, kerap kali dia tersesat. 

Perempuan tetap butuh kaki lain untuk membantunya melangkah.

🌍 Informasi wisata seputar Lampung Selatan 

Mau di repost ?? ..
Cara nya 
follow : 👇👇

|| @lampungselatanexplore
|| @lampungselatanexplore
|| @lampungselatanexplore

|| Hastag #lampungselatanexplore

Follow Facebook : ʟᴀᴍᴘᴜɴɢ ꜱᴇʟᴀᴛᴀɴ ᴇxᴘʟᴏʀᴇ

Foto menarik akan kami repost 😊

_______________________

Info wisata & kerjasama silahkan DM 💌
_______________________

Lampung, 25 Mei 2022
©@irmadewimeilinda

Lokasi : Curug Anakan | @airterjun_waykalam, Desa Way Kalam Kec. Penengahan Kab. Lampung Selatan

#DialogRasa  #AirTerjunWayKalam #LampungSelatan #Pariwisata #wisatalampung #wisatalampung #wisatalampungselatan #lampungselatanamazing #woderfulindonesia #writerpreneur #blogger #contentwriter #travellers #bloggertravel

#repost : @irmadewimeilinda",Attraction,,"sepintar dan semandiri apa pun seorang perempuan, dia tetap membutuhkan peta atau google map dari orang lain untuk menunjukkan arah perjalanannya. sebab, kalau dibiarkan membaca peta atau google map sendiri, kerap kali dia tersesat. perempuan tetap butuh kaki lain untuk membantunya melangkah. 🌍 informasi wisata seputar lampung selatan mau di repost? cara nya follow: 👇👇 || || || || hastag follow facebook: ʟᴀᴍᴘᴜɴɢ ꜱᴇʟᴀᴛᴀɴ ᴇxᴘʟᴏʀᴇ foto menarik akan kami repost 😊 info wisata dan kerjasama silahkan dm 💌 lampung, 25 mei 2022 © lokasi: curug anakan |, desa way kalam kec. penengahan kab. lampung selatan",lampungselatanexplore dialog rasa air terjun way kalam lampung selatan pariwisata wisatalampung wisatalampungselatan lampungselatanamazing woderfulindonesia writerpreneur blogger contentwriter travellers bloggertravel repost,sepintar dan semandiri apa pun seorang perempuan dia tetap membutuhkan peta atau google map dari orang lain untuk menunjukkan arah perjalanannya sebab kalau dibiarkan membaca peta atau google map sendiri kerap kali dia tersesat perempuan tetap butuh kaki lain untuk membantunya melangkah bumi informasi wisata seputar lampung selatan mau di repost cara nya follow arah bawah arah bawah hastag follow facebook x foto menarik akan kami repost senang info wisata dan kerjasama silahkan dm lampung 25 mei 2022 lokasi curug anakan desa way kalam kec penengahan kab lampung selatan
https://www.instagram.com/p/CqMbgvkPA52/,232.jpg,45010.080081018517,"The more I don't care, the calmer I am

#sanggarbeach_lpg#pantaikalianda #lampunghits  #wisatalampungselatan #lampunggeh #pantaiindonesia #wisataalam #flflflflflflflflflflflflflflflflflflflflflflflflflflflflflflflflflflflflfflfl💞💞💞💞💞💞💞💞 #fypシ #fypage #hijabfashion #hijabbers #muslimahindonesia #cantikberhijab #keindahanalamindonesia",Attraction,,"the more i don't care, the calmer i am 💞💞💞💞💞💞💞💞 シ",sanggarbeach lpg pantaikalianda lampunghits wisatalampungselatan lampunggeh pantaiindonesia wisataalam flflflflflflflflflflflflflflflflflflflflflflflflflflflflflflflflflflflflfflfl fyp fypage hijabfashion hijabbers muslimahindonesia cantikberhijab keindahanalamindonesia,the more i don t care the calmer i am cinta cinta cinta cinta cinta cinta cinta cinta
https://www.instagram.com/p/CresBr5BPa6/,233.jpg,45042.025925925933,"Akun ini private,kalau friendly itu kan kamu
@wisatapunggungnaga01 
.
.
.

#wisatapunggungnaga #punggungnaga #punggungnagapadangcermin #punggungnagapesawaran #wisatalampung #lampunggeh #lampunghits #lampungkiyai #lampungupdateid #wisatalampungselatan #airterjun #airterjunlidahnaga #airterjunlampung #wisataairterjun",Attraction,,"akun ini private,kalau friendly itu kan kamu",wisatapunggungnaga punggungnaga punggungnagapadangcermin punggungnagapesawaran wisatalampung lampunggeh lampunghits lampungkiyai lampungupdateid wisatalampungselatan airterjun airterjunlidahnaga airterjunlampung wisataairterjun,akun ini private kalau friendly itu kan kamu
https://www.instagram.com/p/CWlH4vDPJzp/,234.jpg,44522.567326388889,"“Apa yang datang dengan mudah belum tentu mampu bertahan lama, tapi yang bertahan dengan lama tidak akan datang dengan mudah""

📍 Pantai Marina,Kalianda

#pantai 
#pantailampung 
#lampung
#lampungselatan 
#kalianda 
#wisatalampung 
#wisatalampungselatan 
@pantai.marina.official 
@pantai_marina_official",Attraction,,"“apa yang datang dengan mudah belum tentu mampu bertahan lama, tapi yang bertahan dengan lama tidak akan datang dengan mudah"" 📍 pantai marina,kalianda",pantai pantailampung lampung lampungselatan kalianda wisatalampung wisatalampungselatan,apa yang datang dengan mudah belum tentu mampu bertahan lama tapi yang bertahan dengan lama tidak akan datang dengan mudah lokasi pantai marina kalianda
https://www.instagram.com/p/Ca-WNxav8BK/,235.jpg,44631.783854166657,"Self Healing terbaik adalah berdamai dengan diri sendiri, berdo'a, menikmati real life and istighfar is the best solution for any problem #wisatalampung #wisatalampungselatan #bukitpematangsunrise",Attraction,,"self healing terbaik adalah berdamai dengan diri sendiri, berdo'a, menikmati real life and istighfar is the best solution for any problem",wisatalampung wisatalampungselatan bukitpematangsunrise,self healing terbaik adalah berdamai dengan diri sendiri berdo a menikmati real life and istighfar is the best solution for any problem
https://www.instagram.com/p/CV-h_FnPclp/,236.jpg,44507.579606481479,"Seandainya yang banyak itu saldo rekening ..
Bukan fikiran 🙄😆
Apalagi berat badan 🤦

📍Pantai Sebalang

#pantaisebalang 
#pantaisebalanglampung 
#pantaisebalangtarahan 
#wisatalampung 
#wisatalampungselatan",Attraction,,seandainya yang banyak itu saldo rekening bukan fikiran 🙄😆 apalagi berat badan 🤦 📍pantai sebalang,pantaisebalang pantaisebalanglampung pantaisebalangtarahan wisatalampung wisatalampungselatan,seandainya yang banyak itu saldo rekening bukan fikiran apalagi berat badan lokasi pantai sebalang
https://www.instagram.com/p/DNcTNrXyws3/,237.jpg,45886.173229166663,"Merah putih di menara siger, menyatukan ragam suku dan budaya di bumi Ragom Mufakat
#pesonamerahputihlampungselatan #HUTKE80RI #wisatalampungselatan #radityoegipratama #syaifulanwar #kawasanmenarasiger #lampungselatanmaju #bismillahbisa",Attraction,Siger,"merah putih di menara siger, menyatukan ragam suku dan budaya di bumi ragom mufakat",pesonamerahputihlampungselatan hutke80ri wisatalampungselatan radityoegipratama syaifulanwar kawasanmenarasiger lampungselatanmaju bismillahbisa,merah putih di menara siger menyatukan ragam suku dan budaya di bumi ragom mufakat
https://www.instagram.com/p/Cd-Wl1sL9oy/,238.jpg,44706.351539351846,"Santai di pantai usai pelatihan penjaga pantai
#minangrua
#kurnianoen
#pantaiminangrua
#dinaspariwisatalampungselatan 
#wisatalampungselatan 
#pariwisatalampungselatan 
@pantai_minangrua
@dinaspariwisata.lampungselatan",Amenities,,santai di pantai usai pelatihan penjaga pantai,minangrua kurnianoen pantaiminangrua dinaspariwisatalampungselatan wisatalampungselatan pariwisatalampungselatan,santai di pantai usai pelatihan penjaga pantai
https://www.instagram.com/p/CjY81O8BbqR/,239.jpg,44840.956666666672,""" White ""
.
.
.
@ini_rifandi & @rikaawd__ 
.
.
.
@asep_photography 
Info foto : 081289144788
.
.
#liburankeluarga 
#liburanmurah 
#yukliburan 
#konseptfoto 
#holidayandholiday 
#fotocasual📷 
#cassual 
#cassualstyle 
#hijabcassual 
#huntmode 
#hunthijab 
#weddingkalianda 
#weddingphotoshoot 
#preweddingoutdoormurah 
#weddingkalianda 
#kaliandaphotography 
#weddinglampungselatan 
#mystylemyway 
#womennature
#canon50mm18stm 
#nikkor50mm18g 
#wisatalampung 
#wisatalampungselatan
#preweddinglampungtimur 
#preweddinglampungselatan
#preweddingfotografer",Amenities,,""" white "" dan info foto: 081289144788 📷",liburankeluarga liburanmurah yukliburan konseptfoto holidayandholiday fotocasual cassual cassualstyle hijabcassual huntmode hunthijab weddingkalianda weddingphotoshoot preweddingoutdoormurah kaliandaphotography weddinglampungselatan mystylemyway womennature canon50mm18stm nikkor50mm18g wisatalampung wisatalampungselatan preweddinglampungtimur preweddinglampungselatan preweddingfotografer,white dan info foto 081289144788 kamera
https://www.instagram.com/p/Ci302rXPzUY/,240.jpg,44828.092326388891,"Gimana klo weekendnya ke @inkragarden_lampung aja
Berenang🏊 asyik,. Plus bacakan di taman yg ga kalah asyik 🥳🤩
Cukup bayar 5k 
bisa berenang sepuasnya 😂 ampe tutup juga boleh koq 😁
#taman#anak#kolamrenang #edukasi #edufunwithkids #happyfamily #happytime #healing #wisatalampung #wisatalampungselatan #airgunung",Attraction,,gimana klo weekendnya ke aja berenang🏊 asyik. plus bacakan di taman yg ga kalah asyik 🥳🤩 cukup bayar 5k bisa berenang sepuasnya 😂 ampe tutup juga boleh koq 😁,taman anak kolamrenang edukasi edufunwithkids happyfamily happytime healing wisatalampung wisatalampungselatan airgunung,gimana klo weekendnya ke saja berenang asyik plus bacakan di taman yang tidak kalah asyik cukup bayar 5k bisa berenang sepuasnya tertawa ampe tutup juga boleh koq senang
https://www.instagram.com/p/CabAWHWPO2V/,241.jpg,44618.058495370373,"setelah melewati sekian purnama akhirnya bisa balik lagi ke air terjun ini, salah satu air terjun keren di Tanggamus tepatnya di desa Datar Lebuai, Kecamatan Air Naningan, masih banyak air terjun keren lainnya yang harus di kunjungi namun waktu tak cukup sehari
tanks bang @wawan._06 ya udah nganter kami explore air terjun yang keren
team explore
@myusufnugrahaa
@dedijuliandi3006
°
°
📍Air Terjun Queen, Des. Datar Lebuai, Kec. Air Naningan, Kab. Tanggamus, Lampung
°
°
#nikonindonesia #nikonteam #greatshotz #lampunglandscapers #geonusantara #geolampung #instanusantara #wisatalampungselatan #indonesiaphotography #ic_landscape #ic_longexposure  #cameraindonesia #genpilampung #lampunginsta #lampunggeh #pikniklampung #PantaiMinangRua #haidaindonesia
#siruifilters #siruiindonesia #siruiaustralia #focusonelampung #plazafotolpg #hipaae
#serikat_fi #fineart #kemenpar #composekld",Attraction,,"setelah melewati sekian purnama akhirnya bisa balik lagi ke air terjun ini, salah satu air terjun keren di tanggamus tepatnya di desa datar lebuai, kecamatan air naningan, masih banyak air terjun keren lainnya yang harus di kunjungi namun waktu tak cukup sehari tanks bang ya udah nganter kami explore air terjun yang keren team explore 📍air terjun queen, des. datar lebuai, kec. air naningan, kab. tanggamus, lampung",nikonindonesia nikonteam greatshotz lampunglandscapers geonusantara geolampung instanusantara wisatalampungselatan indonesiaphotography ic landscape ic longexposure cameraindonesia genpilampung lampunginsta lampunggeh pikniklampung pantai minang rua haidaindonesia siruifilters siruiindonesia siruiaustralia focusonelampung plazafotolpg hipaae serikat fi fineart kemenpar composekld,setelah melewati sekian purnama akhirnya bisa balik lagi ke air terjun ini salah satu air terjun keren di tanggamus tepatnya di desa datar lebuai kecamatan air naningan masih banyak air terjun keren lainnya yang harus di kunjungi namun waktu tak cukup sehari tanks bang ya sudah nganter kami explore air terjun yang keren team explore lokasi air terjun queen des datar lebuai kec air naningan kab tanggamus lampung
https://www.instagram.com/p/CttifGFS4k1/,242.jpg,45097.50372685185,"Rencana healing saat ini: menjauhkan diri dari omong kosong.

📍 green canyon
🌏 lampung selatan

#greencanyon #lampungwisata #kelampungaja #wisatakalianda #wisatalampungselatan",Attraction,,rencana healing saat ini: menjauhkan diri dari omong kosong. 📍 green canyon 🌏 lampung selatan,greencanyon lampungwisata kelampungaja wisatakalianda wisatalampungselatan,rencana healing saat ini menjauhkan diri dari omong kosong lokasi green canyon bumi lampung selatan
https://www.instagram.com/p/CayiZ2iBMyM/,243.jpg,44627.197476851848,"Kpan MBK e foto kambek aku? 
  #pantaiminangrua #wisatalampung #wisatalampungselatan",Attraction,,kpan mbk e foto kambek aku?,pantaiminangrua wisatalampung wisatalampungselatan,kpan mbk e foto kambek aku
https://www.instagram.com/p/CYsyLC5Pho4/,244.jpg,44575.25273148148,"""udah pada kangen belum""
shoot terakhir bareng para suhu landscape om @amenk_alfariza dan om @gathoe18
°
°
📍@Karang Gigi Hiu, Tanggamus, Lampung
°
°
#nikonindonesia #nikonteam #greatshotz #lampunglandscapers #geonusantara #geolampung #instanusantara #wisatalampungselatan #indonesiaphotography #ic_landscape #ic_longexposure  #cameraindonesia #genpilampung #lampunginsta #lampunggeh #pikniklampung #PantaiMinangRua #haidaindonesia
#siruifilters #siruiindonesia #siruiaustralia #nikond600 #tamron1735 #focusonelampung #plazafotolpg #hipaae
#serikat_fi #fineart #kemenpar #composekld",Attraction,,"""udah pada kangen belum"" shoot terakhir bareng para suhu landscape om dan om 📍 gigi hiu, tanggamus, lampung",nikonindonesia nikonteam greatshotz lampunglandscapers geonusantara geolampung instanusantara wisatalampungselatan indonesiaphotography ic landscape ic longexposure cameraindonesia genpilampung lampunginsta lampunggeh pikniklampung pantai minang rua haidaindonesia siruifilters siruiindonesia siruiaustralia nikond600 tamron1735 focusonelampung plazafotolpg hipaae serikat fi fineart kemenpar composekld,sudah pada kangen belum shoot terakhir bersama para suhu landscape om dan om lokasi gigi hiu tanggamus lampung
https://www.instagram.com/p/CugE6xCSOlk/,245.jpg,45117.130740740737,"#pantai 
#pantaimarina 
#pantaimarinalampung 
#wisatalampung 
#wisatalampungselatan 
#kalianda",Attraction,,,pantai pantaimarina pantaimarinalampung wisatalampung wisatalampungselatan kalianda,
https://www.instagram.com/p/CesPX4vBgkA/,246.jpg,44724.172372685192,"Bermimpi lah dalam hidup jangan hidup dalam mimpi😚
@pantai.marina.official
#wisatalampung
#pantailampungselatan #wisatalampungselatan #pantailampung #pikniklampung #piknik",Attraction,,bermimpi lah dalam hidup jangan hidup dalam mimpi😚,wisatalampung pantailampungselatan wisatalampungselatan pantailampung pikniklampung piknik,bermimpi lah dalam hidup jangan hidup dalam mimpi
https://www.instagram.com/p/CQMu_bAJSr-/,247.jpg,44363.964780092603,"we cannot es cape history🍃

#wisatalampung #wisatalampungselatan #lampungeksis #jalanjalanlampung #pantaikedu",Attraction,,we cannot es cape history🍃,wisatalampung wisatalampungselatan lampungeksis jalanjalanlampung pantaikedu,we cannot es cape history
https://www.instagram.com/p/C7gaGoSPu7n/,248.jpg,45440.37605324074,"Seru - seruan Di WAY PENAGA 🤗

☑ Salam kenal teman-teman, Kepoin kita dong. Yuk follow & saling support. Kunjungi channel yoututube kami juga ya (link ada di bio/profil/disematkan).

#waypenaga #seruseruanbareng #seruseruanaja #kaliandahits #wisatalampungselatan #wisatalampungku #potretkece #cekrek📷",Attraction,,"seru - seruan di way penaga 🤗 ☑ salam kenal teman-teman, kepoin kita dong. yuk follow dan saling support. kunjungi channel yoututube kami juga ya (link ada di bio/profil/disematkan). 📷",waypenaga seruseruanbareng seruseruanaja kaliandahits wisatalampungselatan wisatalampungku potretkece cekrek,seru seruan di way penaga ramah cek salam kenal teman teman kepoin kita dong ayo follow dan saling support kunjungi channel yoututube kami juga ya link ada di bio profil disematkan kamera
https://www.instagram.com/p/CR-c746JiZg/,249.jpg,44408.128425925926,"#REPOST @abid_rabbani28 with @get__repost__app 😋 Hayo baru tau kan di Natar ada wisata air terjun?. Wisata ini sudah sejak lama ada tetapi belum terlalu dikenal, so kali ini gue kenalin ke kalian. Let's check it out. 
————————————————
🌍 Lokasi : Curup Pancuran Emas, Dusun Purwosari 2, Desa Negara Ratu, Kec.Natar, Kab.Lampung Selatan, Prov.Lampung, Indonesia. 
. 
#lampung #pariwisatalampung #lampunggeh #lampungeksis #apalampung #lampungindonesia #pesonalampung #traveller_lampung #selampung #travellergaul #travelingstoryy_ #bolang_lampung #pesonaairterjunsumatra #ootdlampungkece #genpilampung #backpackerlampung #gerbanglampung #disparbudlamsel #lampungselatanamazing #lampungselatan #curuppancuranemas #natar  #wisatalampungselatan #repostandroid #repostw10 #ootdlampungkece",Attraction,,"with 😋 hayo baru tau kan di natar ada wisata air terjun. wisata ini sudah sejak lama ada tetapi belum terlalu dikenal, so kali ini gue kenalin ke kalian. let's check it out. 🌍 lokasi: curup pancuran emas, dusun purwosari 2, desa negara ratu, kec.natar, kab.lampung selatan, prov.lampung, indonesia",repost lampung pariwisatalampung lampunggeh lampungeksis apalampung lampungindonesia pesonalampung traveller lampung selampung travellergaul travelingstoryy bolang lampung pesonaairterjunsumatra ootdlampungkece genpilampung backpackerlampung gerbanglampung disparbudlamsel lampungselatanamazing lampungselatan curuppancuranemas natar wisatalampungselatan repostandroid repostw10,with hayo baru tau kan di natar ada wisata air terjun wisata ini sudah sejak lama ada tetapi belum terlalu dikenal so kali ini gue kenalin ke kalian let s check it out bumi lokasi curup pancuran emas dusun purwosari 2 desa negara ratu kec natar kab lampung selatan prov lampung indonesia
https://www.instagram.com/p/CTUkYQEPFKw/,250.jpg,44441.57267361111,"𝗣𝗮𝗻𝗷𝗮𝗻𝗴 𝘂𝗺𝘂𝗿 𝘂𝘁𝗸 𝘁𝗲𝗺𝗲𝗻² 𝘆𝗴 𝘀𝗲𝗿𝗶𝗻𝗴 𝗯𝗶𝗹𝗮𝗻𝗴 : “𝗵𝗮𝗹𝗮𝗮𝗮𝗵 , 𝗸𝗮𝘆𝗮𝗸 𝘀𝗮𝗺𝗮 𝘀𝗶𝗮𝗽𝗮 𝗮𝗷𝗮”
______________________________

📍 Bendungan U25 umbulselawe , sidomukti - Lampung Selatan 

🔹🔹🔹🔹🔹🔹🔹🔹🔹🔹🔹🔹🔹🔹🔹🔹🔹
_____________________________________________

🔄 Silahkan Berbagi informasi di sini :
↪️ Share foto/Vidio mu dgn cara :

1️⃣ Follow Instagram :  @lampungselatanexplore

2️⃣ tag foto/ Vidio kalian ke @lampungselatanexplore

3️⃣ Gunakan hastag #lampungselatanexplore

4️⃣ Note : akun jangan di privat 🔐🔑

🔴 Foto / Vidio terbaik akan kami repost 🔃
___________________________________________

🌐FACEBOOK : Lampung Selatan explore

🔴Subscribe YouTube channel klik link di bio 👉👉

📩PP/indorsm DM 📩
_____________________________________________

#Repost @ummuhanii89
....
.
#pikniklampungkuy #pikniklampungselatan #potretlampunginsta #wisatalampungme #wisatalampungselatan
#ga_lampung_hits #langkahkakitraveller #gayapopuler #ijilampung #lampung446 #travellergaul #alamlampung #mampirlampung #pejalankakilampung #lampungkulampungmu #parapejalanlampung #lampungeksis #kelilinglampung #pematangsunrise #kelampungaja #wajahlampung #gerbanglampung #tempatwisatalampung #bukitpematangsunrise",Attraction,,"panjang umur utk temen2 yg sering bilang: “halaaah, kayak sama siapa aja” 📍 bendungan u25 umbulselawe, sidomukti - lampung selatan 🔹🔹🔹🔹🔹🔹🔹🔹🔹🔹🔹🔹🔹🔹🔹🔹🔹 🔄 silahkan berbagi informasi di sini: ↪️ share foto/vidio mu dgn cara: 1️⃣ follow instagram: 2️⃣ tag foto/ vidio kalian ke 3️⃣ gunakan hastag 4️⃣ note: akun jangan di privat 🔐🔑 🔴 foto / vidio terbaik akan kami repost 🔃 🌐facebook: lampung selatan explore 🔴subscribe youtube channel klik link di bio 👉👉 📩pp/indorsm dm 📩",lampungselatanexplore repost pikniklampungkuy pikniklampungselatan potretlampunginsta wisatalampungme wisatalampungselatan ga lampung hits langkahkakitraveller gayapopuler ijilampung lampung446 travellergaul alamlampung mampirlampung pejalankakilampung lampungkulampungmu parapejalanlampung lampungeksis kelilinglampung pematangsunrise kelampungaja wajahlampung gerbanglampung tempatwisatalampung bukitpematangsunrise,panjang umur untuk temen2 yang sering bilang halaah kayak sama siapa saja lokasi bendungan u25 umbulselawe sidomukti lampung selatan silahkan berbagi informasi di sini share foto vidio mu dengan cara 1 follow instagram 2 tag foto vidio kalian ke 3 gunakan hastag 4 note akun jangan di privat foto vidio terbaik akan kami repost facebook lampung selatan explore subscribe youtube channel klik link di bio arah arah pp indorsm dm
https://www.instagram.com/p/Cg1R3dzPcjH/,251.jpg,44777.393020833333,"Tag bestie dan ayang mu gaess, ajak mingguan ke Muara Indah 😜

📍@muaraindahsuak 
Jl. Raya Suak Desa Suak Kec. Sidomulyo Lampung Selatan 

_______________
Follow & tag foto kamu 
IG @muaraindahsuak 
FB Muara Indah Suak 

________________
#muaraindahsuak #pantaimuaraindahsuak #pantailampung #pantailampungselatan #wisatalampung #wisatalampungselatan #piknik #healingvibesonly",Attraction,,"tag bestie dan ayang mu gaess, ajak mingguan ke muara indah 😜 📍 jl. raya suak desa suak kec. sidomulyo lampung selatan follow dan tag foto kamu ig fb muara indah suak",muaraindahsuak pantaimuaraindahsuak pantailampung pantailampungselatan wisatalampung wisatalampungselatan piknik healingvibesonly,tag bestie dan ayang mu gaess ajak mingguan ke muara indah lokasi jl raya suak desa suak kec sidomulyo lampung selatan follow dan tag foto kamu ig fb muara indah suak
https://www.instagram.com/p/CkDOr5wPFNL/,252.jpg,44857.376180555562,"- @rio_47__ 
Beautyfull 😻🌊🐳

#lb #lbnewpost #lbc #lbworks #df #fff😊 #fblbrl #fb #virall #wisatalampung #wisatalampungselatan",Attraction,,beautyfull 😻🌊🐳 😊,lb lbnewpost lbc lbworks df fff fblbrl fb virall wisatalampung wisatalampungselatan,beautyfull laut senang
https://www.instagram.com/p/CMSEXcyMdRO/,253.jpg,44266.615752314807,"Alhamdulillah, kita menambah gazebo baru untuk memanjakan para pengunjung menikmati keindahan sunset di Pantai Kedu Warna, kita tunggu ya kujungannya di Pantai Kedu Warna, terimakasih 🙏😀🙏
#pantai_keduwarna#sunset #sunsetphotography #wisatapantai #wisatalampungselatan #wonderfulkalianda #wonderfullampungselatan #wonderfulindonesia #kaliandaig",Amenities,Gazebo,"alhamdulillah, kita menambah gazebo baru untuk memanjakan para pengunjung menikmati keindahan sunset di pantai kedu warna, kita tunggu ya kujungannya di pantai kedu warna, terimakasih 🙏😀🙏",pantai keduwarna sunset sunsetphotography wisatapantai wisatalampungselatan wonderfulkalianda wonderfullampungselatan wonderfulindonesia kaliandaig,alhamdulillah kita menambah gazebo baru untuk memanjakan para pengunjung menikmati keindahan sunset di pantai kedu warna kita tunggu ya kujungannya di pantai kedu warna terimakasih terima kasih senang terima kasih
https://www.instagram.com/p/CkPGCMeS6sq/,254.jpg,44861.984027777777,"Sudah akhir pekan aja ni kak, masih bingung mau kemana weekend kali ini, eitsss kagak usah bingung, Air terjun Citiis solusinya.

Air Terjun Citiis ini, merupakan satu dari beberapa objek wisata alam Air Terjun di Kabupaten Lampung Selatan.

Lokasi Air Terjun yang berada di bawah kaki Gunung Rajabasa dengan dikelilingi pohon-pohon hutan alami. Keindahan Air Terjun Citiis sangatlah menggoda untuk didatangi.

Hijaunya pepohonan khas Gunung Rajabasa yang masih alami, serta batu hitam dengan hiasan lumut menjadi pemandangan yang menyejukan mata.

Riak suara air yang turun dari ketinggian sekira 10-20 meter, seolah menjadi irama syahdu.
Perjuangan melelahkan, track memacu andrenalin akan terbayarkan sudah, kala mata menatap dan merasakan langsung kesegaran Air Terjun Citiis.
If @ekamaulanaiqbal_18

📍 Air Terjun Citiis, Rajabasa, Lampung Selatan.

#curug #waterfall #explorelampung #lampungselatan #wisatalampungselatan  #lampungmoment #visitlampung #wisatalampung #pesonalampung #genpilampung #pesonaindonesia #lampunggeh #lampunghits #lampungeksis #lfl #likeforlikes #likeforfollow #inilampungyay #potretlampung #lampunginsta #parapejalanlampung #pendakilampung #travellerlampung #lampungkece  #lampungpedia  #alamlampung #nature #instagood  #travelingindonesia #traveling",Attraction,,"sudah akhir pekan aja ni kak, masih bingung mau kemana weekend kali ini, eitsss kagak usah bingung, air terjun citiis solusinya. air terjun citiis ini, merupakan satu dari beberapa objek wisata alam air terjun di kabupaten lampung selatan. lokasi air terjun yang berada di bawah kaki gunung rajabasa dengan dikelilingi pohon-pohon hutan alami. keindahan air terjun citiis sangatlah menggoda untuk didatangi. hijaunya pepohonan khas gunung rajabasa yang masih alami, serta batu hitam dengan hiasan lumut menjadi pemandangan yang menyejukan mata. riak suara air yang turun dari ketinggian sekira 10-20 meter, seolah menjadi irama syahdu. perjuangan melelahkan, track memacu andrenalin akan terbayarkan sudah, kala mata menatap dan merasakan langsung kesegaran air terjun citiis. if 📍 air terjun citiis, rajabasa, lampung selatan",curug waterfall explorelampung lampungselatan wisatalampungselatan lampungmoment visitlampung wisatalampung pesonalampung genpilampung pesonaindonesia lampunggeh lampunghits lampungeksis lfl likeforlikes likeforfollow inilampungyay potretlampung lampunginsta parapejalanlampung pendakilampung travellerlampung lampungkece lampungpedia alamlampung nature instagood travelingindonesia traveling,sudah akhir pekan saja ini kak masih bingung mau kemana weekend kali ini eitss kagak usah bingung air terjun citiis solusinya air terjun citiis ini merupakan satu dari beberapa objek wisata alam air terjun di kabupaten lampung selatan lokasi air terjun yang berada di bawah kaki gunung rajabasa dengan dikelilingi pohon pohon hutan alami keindahan air terjun citiis sangatlah menggoda untuk didatangi hijaunya pepohonan khas gunung rajabasa yang masih alami serta batu hitam dengan hiasan lumut menjadi pemandangan yang menyejukan mata riak suara air yang turun dari ketinggian sekira 10 20 meter seolah menjadi irama syahdu perjuangan melelahkan track memacu andrenalin akan terbayarkan sudah kala mata menatap dan merasakan langsung kesegaran air terjun citiis if lokasi air terjun citiis rajabasa lampung selatan
https://www.instagram.com/p/CVtdbpUPTA5/,255.jpg,44500.949826388889,"Tidak pernah merasa lelah, untuk selalu berjuang melindungi keluarga.
.
Semangat hari Senin.
Semangat 1 Nopember.
Semangat pagi
Good morning

.
===========================
#landscape_photography #landscapephotography #photographylandscape
 #beautifulindonesia 
#landscapelovers  #loveindonesia  #photographylovers  #indonesiaku #lampunglandscapers  #lampunglandscape  #lampungphotography  #lampungexpoler #alamlampung_
#mata_lampungku 
#kebunkaret #jatiagunglampungselatan  #jatiagung  #pariwisatalampung  #pariwisatalampungselatan  #wisatalampung  #wisatalampungselatan  #gowescantik  #gowesholic  #gowessantai  #goweslampung  #gowesnusantara #gowessehat  #sepedaonthel",Attraction,,"tidak pernah merasa lelah, untuk selalu berjuang melindungi keluarga semangat hari senin. semangat 1 nopember. semangat pagi good morning",landscape photography landscapephotography photographylandscape beautifulindonesia landscapelovers loveindonesia photographylovers indonesiaku lampunglandscapers lampunglandscape lampungphotography lampungexpoler alamlampung mata lampungku kebunkaret jatiagunglampungselatan jatiagung pariwisatalampung pariwisatalampungselatan wisatalampung wisatalampungselatan gowescantik gowesholic gowessantai goweslampung gowesnusantara gowessehat sepedaonthel,tidak pernah merasa lelah untuk selalu berjuang melindungi keluarga semangat hari senin semangat 1 nopember semangat pagi good morning
https://www.instagram.com/p/DNcNtHnyyk1/,256.jpg,45886.139803240738,"Ikan sarden belinya di way Galih
Bupati keren, bupatinya lamsel niiiihh 😍🤗

Slide 1  selamat datang Bapak Bupati @radityoegi di Lapangan Menara Siger Bakauheni🙏

Alhamdulillah Bapak taun ini kami upacara 17 Agustusan gak jauh2 lagi ke kecamatan ke kabupaten, upacara cukup 150 m dr rumah dg View Menara Siger yang Luar Biasa Wah banget, bener2 di sulap jadi cuantik luar biasa😍😍

Slide 2 Ijin Bapak upload fotonya, foto penuh effort ini, banyak drama, ijin dr ajudan 1 acc tp di PHP lanjut ke ajudan 2 acc tp msh di PHP, akhirnya jalur salip sat set bisa foto bareng☺
udh dg posisi siap foto malah gak kesimpen
Nyalip2 lagi bisa foto lagi malah kaki ketendang orang, untung HP gak jatoh 😩 jadilah foto rada menyot 😀

Slide 3,4,5 Bareng temen2 tercinta @pkm_bakauheni_lampungselatan @ienha_septiana @noviantiefi2909 @astrieyannianggraini @anggarini848 @suriyatisaja @elinydodipurba @bidan_anasihombing  @hamamifarhan @niluh_maitri
@henirafka6

Slide 6 Tim Nakes Squad siap siaga jagain yg pada upacara (P3k) 💪💕

Slide 7,8 Tmn2 sing Ayu pake Baju Adat Nusantara

 Slide 10 Ngeleseh pas Abis Upacara ☺☺

Merdeeekaaa sekali merdeka 💪💪
Selama hayat masoh dikandung Badaaaann 🎵🎵🎵

DIRGAHAYU REPUBLIK INDONESIA KE-80
semoga Indonesia Semakin Maju💪 ❤‍🩹

Merah putih di Menara Siger,  menyatukan ragam suku dan budaya di bumi Ragom Mufakat 💕

@pemkab.lampungselatan 
@radityoegi 
@m_syaiful.anwar 

#pesonamerahputihlampungselatan 
#hutke80ri
#wisatalampungselatan
#radityoegi
#syaifulanwar
#kawasanmenarasiger 
#lampungselatanmaju
#bismillahbisa",Attraction,Siger,"ikan sarden belinya di way galih bupati keren, bupatinya lamsel niiiihh 😍🤗 slide 1 selamat datang bapak bupati di lapangan menara siger bakauheni🙏 alhamdulillah bapak taun ini kami upacara 17 agustusan gak jauh2 lagi ke kecamatan ke kabupaten, upacara cukup 150 m dr rumah dg view menara siger yang luar biasa wah banget, bener2 di sulap jadi cuantik luar biasa😍😍 slide 2 ijin bapak upload fotonya, foto penuh effort ini, banyak drama, ijin dr ajudan 1 acc tp di php lanjut ke ajudan 2 acc tp msh di php, akhirnya jalur salip sat set bisa foto bareng☺ udh dg posisi siap foto malah gak kesimpen nyalip2 lagi bisa foto lagi malah kaki ketendang orang, untung hp gak jatoh 😩 jadilah foto rada menyot 😀 slide 3,4,5 bareng temen2 tercinta slide 6 tim nakes squad siap siaga jagain yg pada upacara (p3k) 💪💕 slide 7,8 tmn2 sing ayu pake baju adat nusantara slide 10 ngeleseh pas abis upacara ☺☺ merdeeekaaa sekali merdeka 💪💪 selama hayat masoh dikandung badaaaann 🎵🎵🎵 dirgahayu republik indonesia ke-80 semoga indonesia semakin maju💪 ❤‍🩹 merah putih di menara siger, menyatukan ragam suku dan budaya di bumi ragom mufakat 💕",pesonamerahputihlampungselatan hutke80ri wisatalampungselatan radityoegi syaifulanwar kawasanmenarasiger lampungselatanmaju bismillahbisa,ikan sarden belinya di way galih bupati keren bupatinya lamsel niihh suka ramah slide 1 selamat datang bapak bupati di lapangan menara siger bakauheni terima kasih alhamdulillah bapak taun ini kami upacara 17 agustusan tidak jauh2 lagi ke kecamatan ke kabupaten upacara cukup 150 m dari rumah dengan view menara siger yang luar biasa wah banget bener2 di sulap jadi cuantik luar biasa suka suka slide 2 ijin bapak upload fotonya foto penuh effort ini banyak drama ijin dari ajudan 1 acc tapi di php lanjut ke ajudan 2 acc tapi msh di php akhirnya jalur salip sat set bisa foto bersama senang sudah dengan posisi siap foto malah tidak kesimpen nyalip2 lagi bisa foto lagi malah kaki ketendang orang untung hp tidak jatoh jadilah foto rada menyot senang slide 3 4 5 bersama temen2 tercinta slide 6 tim nakes squad siap siaga jagain yang pada upacara p3k semangat cinta slide 7 8 tmn2 sing ayu pake baju adat nusantara slide 10 ngeleseh pas abis upacara senang senang merdeekaa sekali merdeka semangat semangat selama hayat masoh dikandung badaann dirgahayu republik indonesia ke 80 semoga indonesia semakin maju semangat cinta merah putih di menara siger menyatukan ragam suku dan budaya di bumi ragom mufakat cinta
https://www.instagram.com/p/CS-cxh3BXzL/,257.jpg,44432.982569444437,"#Repost @johan_aza123
• • • • • •
Air Naningan

Standar

#wisatalampungselatan 
#lampunghits 
#lampungkece 
#lampungkeren 
#airnaningantanggamus 
#wisatalampungselatan 
#airterjunlampungselatan",Attraction,,air naningan standar,repost wisatalampungselatan lampunghits lampungkece lampungkeren airnaningantanggamus airterjunlampungselatan,air naningan standar
https://www.instagram.com/p/DNz232s5tL2/,258.jpg,45895.321921296287,"Relax & recharge

#cafebakauheni #cafelampungselatan #wisatalampungselatan #wisatabakauheni 
#billiardbakauheni",Amenities,,relax dan recharge,cafebakauheni cafelampungselatan wisatalampungselatan wisatabakauheni billiardbakauheni,relax dan recharge
https://www.instagram.com/p/Cmstgq7LxHH/,259.jpg,44923.196319444447,"Potret dari sudut mana aja tetap indah view nya💖
.
#janah2410 #fff💋 #lflfff❤ #lfl💛 #lfl❤️ #flfl💛 #flf❤ #flf  @tempat_wisata_lampung @selebgram.lampuung @lampungselatanexplore #wisatalampungselatan #selebgramlampuung @pantai.marina.official @lampungexplore_id #ootdstyle #ootddaily #ootdfashion #ootdhijab #selebgramlampung_id #ootdselebgram #selebgramlampung_ #gadisindonesia37 #selebgramindonesia #pantaimarina #fypindonesia #remajaindonesiaaaa #fypシ❤️💞❤️ #fypinstagram #fypシ #ａｅｓｔｈｅｔｉｃ #pantaiindonesia #beachvibes",Attraction,,potret dari sudut mana aja tetap indah view nya💖. 💋 ❤ 💛 ❤️ 💛 ❤ シ❤️💞❤️ シ,janah2410 fff lflfff lfl flfl flf wisatalampungselatan selebgramlampuung ootdstyle ootddaily ootdfashion ootdhijab selebgramlampung id ootdselebgram selebgramlampung gadisindonesia37 selebgramindonesia pantaimarina fypindonesia remajaindonesiaaaa fyp fypinstagram aesthetic pantaiindonesia beachvibes,potret dari sudut mana saja tetap indah view nya cinta cinta cinta cinta cinta cinta cinta cinta cinta
https://www.instagram.com/p/CmbWPOSPmB5/,260.jpg,44916.452962962961,"Asyiknya liburan ke @inkragarden_lampung 🤩🤗

Berenang sepuasnya 🏊🏊🏊
Bersama kawan dan keluarga

Terima kasih kunjungannya yg kesekian kali 😍😍👪💙

#inkragarden_lampung #tamanbunga #kolamrenang #kolamrenanganak #airgunung #liburankeluarga #libursekolah #liburakhirtahun #kalianda #kaliandarajabasa #hargopancuran #intaikrakatau #lampung #lampungselatan #wisatalampungselatan #wisatalampung",Attraction,,asyiknya liburan ke 🤩🤗 berenang sepuasnya 🏊🏊🏊 bersama kawan dan keluarga terima kasih kunjungannya yg kesekian kali 😍😍👪💙,inkragarden lampung tamanbunga kolamrenang kolamrenanganak airgunung liburankeluarga libursekolah liburakhirtahun kalianda kaliandarajabasa hargopancuran intaikrakatau lampung lampungselatan wisatalampungselatan wisatalampung,asyiknya liburan ke ramah berenang sepuasnya bersama kawan dan keluarga terima kasih kunjungannya yang kesekian kali suka suka cinta
https://www.instagram.com/p/CPhG8j2M7-E/,261.jpg,44347.022233796299,"Kincir ga, kincir ga, kincir ga ???
Kincir lah masa nggak ....

#wisatalampungselatan #wisatalampung",Attraction,,"kincir ga, kincir ga, kincir ga? kincir lah masa nggak",wisatalampungselatan wisatalampung,kincir tidak kincir tidak kincir tidak kincir lah masa tidak
https://www.instagram.com/p/COHYqd3Fpzu/,262.jpg,44312.177210648151,"Posted @withregram • @mulyasarii10 Gak Tau Kenapa Akhir-akhir ini Jarang Makan Siang 😁🤭
.
.
Semangat ya Puasanya,Happy Weekend 😎💪🌴☕
.
.
.
@bukitpematangsunrise Bakauheni,Lampung Selatan 
.
.
.
.
#jelajahsumatera #selampung #wajahlampung #lampungeksis 
#bukitpematangsunrise #wisatalampungselatan",Attraction,,"posted gak tau kenapa akhir-akhir ini jarang makan siang 😁🤭 semangat ya puasanya,happy weekend 😎💪🌴☕ bakauheni,lampung selatan",jelajahsumatera selampung wajahlampung lampungeksis bukitpematangsunrise wisatalampungselatan,posted tidak tau kenapa akhir akhir ini jarang makan siang senang malu semangat ya puasanya happy weekend semangat pohon kelapa bakauheni lampung selatan
https://www.instagram.com/p/CcMvbRuv0cj/,263.jpg,44662.229027777779,"Waterboom in Krakatau Kahai Beach Hotel

#kahaibeachlampung#kahaihotel#waterboomkahaibeach#wisatalampungselatan#explorelamoung#objekwisatalampungselatan",Attraction,,waterboom in krakatau kahai beach hotel,kahaibeachlampung kahaihotel waterboomkahaibeach wisatalampungselatan explorelamoung objekwisatalampungselatan,waterboom in krakatau kahai beach hotel
https://www.instagram.com/p/Cm3ZjL8yUyG/,264.jpg,44927.347175925926,"Yang ku tahu kita sudah menjadi asing dan memilih jalan nya masing masing .
.
.
.
@lummayvillaresort @pantaiminangrua_lampung @wisatalampung @wisata_lampunghits @gvr.travellinglampung @explorewisatalampung @wisatalampung_lampungwisata @wisata_lampunghits @ga_lampung_hits @lampunghits__ @lampunghits.id @sobatlampung @lampung_hits01 
#lummayvillaresort #pantaiminangrua #wisatalampung #wisatalampungselatan",Amenities,Villa Resort,yang ku tahu kita sudah menjadi asing dan memilih jalan nya masing masing,lummayvillaresort pantaiminangrua wisatalampung wisatalampungselatan,yang ku tahu kita sudah menjadi asing dan memilih jalan nya masing masing
https://www.instagram.com/p/CUxOI7lv9Px/,265.jpg,44477.555335648147,"PANTAI SETIGI HENI
Objek wisata rekreasi keluarga yang nyaman, dengan pemandangan laut dan pasir hitam yang memanjakan mata.
 #wisatalampung 
#wisatalampungselatan 
#pecintaalam 
#peta 
#mtma 
#mapala",Attraction,,"pantai setigi heni objek wisata rekreasi keluarga yang nyaman, dengan pemandangan laut dan pasir hitam yang memanjakan mata",wisatalampung wisatalampungselatan pecintaalam peta mtma mapala,pantai setigi heni objek wisata rekreasi keluarga yang nyaman dengan pemandangan laut dan pasir hitam yang memanjakan mata
https://www.instagram.com/p/CnKBDa6vdcP/,266.jpg,44934.57739583333,"📍Sunset di Villa wartawan demansion

Pemandangan indah dari Wartawan Demansion melihat gunung krakatau🌋
#lampungexplore #wisatalampungselatan #infolampung #sunset",Attraction,,📍sunset di villa wartawan demansion pemandangan indah dari wartawan demansion melihat gunung krakatau🌋,lampungexplore wisatalampungselatan infolampung sunset,lokasi sunset di villa wartawan demansion pemandangan indah dari wartawan demansion melihat gunung krakatau
https://www.instagram.com/p/Cbt04-kP-No/,267.jpg,44650.222986111112,"Air Terjun Way Tayas
---------------------
RUN // ME TIME // VASELINE

Mungkin bagi sebagian besar orang termasuk saya, sebelum mencoba olah raga lari pasti akan berpikiran bahwa olah raga lari adalah olah raga yang sangat membosankan karna kita harus berlari berkilo-kilo meter dan menghabiskan waktu bejam-jam, dibawah teriknya nya matahari yang mempunyai efek buruk bagi kulit kita.
.
Tetapi ternyata pikiran saya salah, saya merasakan hal yang berbeda ketika memulai olah raga lari. saya merasa berlari adalah waktu yang tepat bagi diri saya mendapatkan “Me Time”, yang membuat perasaan saya senang dan tenang, saya juga selalu mendapatkan semangat/energi baru ketika setelah berlari untuk menjalani aktifitas selanjutnya, bahkan saya sangat sering mendapatkan ide-ide baru dan luar biasa ketika sedang berlari. lari sama sekali tidak pernah membuat saya merasa bosan walaupun saya berlari 4-6 kali setiap minggunya,
.
Apalagi klo larinya di temenin sama produk daily suncare andalan saya dari vaselin.
Yuppss… benar vasilin baru ngeluarin produk daily sun care yang di import langsung dari korea, seperti yang kita tahu korea adalah pusatnya tempat pembuatan produk personal care/kosmetik yang berkualitas dan karena dibuat di korea pastionya produk ini cocok untuk kita yang memiliki kulit asia. vaselin daily sun care ini yang sangat cocok untuk kita yg suka olahraga diluar ruangan karena memiliki keunggulan:
.
✅Mengandung bahan petroleum jelly yang berfungsi mengunci dan mejaga kelembapan kulit agar tetap terhidrasi
✅melindungi kulit dari paparan sinar matahari dan sinar uv 🌞
✅Waterflux Technology yang ringan dan tidak lengket serta mudah menyerap
✅No white cast yang membuat muka saya tidak belepotan sana sini.
.
Jadi gak perlu takut lagi deh untuk mendapatkan manfaat dan kebaikan lari dibawah teriknya matahari karna ada vaselin daily sun care.
.
TAMPIL PERCAYA DIRI DAN TERLINDUNG DARI SINAR MATAHARI DENGAN VASELINE SUN CARE “Chin Up Under The Sun”🌞

#ChinUpUnderTheSun #VaselineSunCareIndonesia #VaselineBerlinRun2022⁣
#berlinrun2022
#VaselineSunCareBerlinRun2022

#runhappy #lampungselatanexpore 
#wisatalampungselatan #kaliandaig 
#kaliandakeren
#running #runners #vaseline",Attraction,,"air terjun way tayas run // me time // vaseline mungkin bagi sebagian besar orang termasuk saya, sebelum mencoba olah raga lari pasti akan berpikiran bahwa olah raga lari adalah olah raga yang sangat membosankan karna kita harus berlari berkilo-kilo meter dan menghabiskan waktu bejam-jam, dibawah teriknya nya matahari yang mempunyai efek buruk bagi kulit kita tetapi ternyata pikiran saya salah, saya merasakan hal yang berbeda ketika memulai olah raga lari. saya merasa berlari adalah waktu yang tepat bagi diri saya mendapatkan “me time”, yang membuat perasaan saya senang dan tenang, saya juga selalu mendapatkan semangat/energi baru ketika setelah berlari untuk menjalani aktifitas selanjutnya, bahkan saya sangat sering mendapatkan ide-ide baru dan luar biasa ketika sedang berlari. lari sama sekali tidak pernah membuat saya merasa bosan walaupun saya berlari 4-6 kali setiap minggunya,. apalagi klo larinya di temenin sama produk daily suncare andalan saya dari vaselin. yuppss benar vasilin baru ngeluarin produk daily sun care yang di import langsung dari korea, seperti yang kita tahu korea adalah pusatnya tempat pembuatan produk personal care/kosmetik yang berkualitas dan karena dibuat di korea pastionya produk ini cocok untuk kita yang memiliki kulit asia. vaselin daily sun care ini yang sangat cocok untuk kita yg suka olahraga diluar ruangan karena memiliki keunggulan:. ✅mengandung bahan petroleum jelly yang berfungsi mengunci dan mejaga kelembapan kulit agar tetap terhidrasi ✅melindungi kulit dari paparan sinar matahari dan sinar uv 🌞 ✅waterflux technology yang ringan dan tidak lengket serta mudah menyerap ✅no white cast yang membuat muka saya tidak belepotan sana sini jadi gak perlu takut lagi deh untuk mendapatkan manfaat dan kebaikan lari dibawah teriknya matahari karna ada vaselin daily sun care tampil percaya diri dan terlindung dari sinar matahari dengan vaseline sun care “chin up under the sun”🌞 ⁣",chin up under the sun vaseline sun care indonesia vaseline berlin run2022 berlinrun2022 vaseline sun care berlin run2022 runhappy lampungselatanexpore wisatalampungselatan kaliandaig kaliandakeren running runners vaseline,air terjun way tayas run me time vaseline mungkin bagi sebagian besar orang termasuk saya sebelum mencoba olah raga lari pasti akan berpikiran bahwa olah raga lari adalah olah raga yang sangat membosankan karena kita harus berlari berkilo kilo meter dan menghabiskan waktu bejam jam dibawah teriknya nya matahari yang mempunyai efek buruk bagi kulit kita tetapi ternyata pikiran saya salah saya merasakan hal yang berbeda ketika memulai olah raga lari saya merasa berlari adalah waktu yang tepat bagi diri saya mendapatkan me time yang membuat perasaan saya senang dan tenang saya juga selalu mendapatkan semangat energi baru ketika setelah berlari untuk menjalani aktifitas selanjutnya bahkan saya sangat sering mendapatkan ide ide baru dan luar biasa ketika sedang berlari lari sama sekali tidak pernah membuat saya merasa bosan walaupun saya berlari 4 6 kali setiap minggunya apalagi klo larinya di temenin sama produk daily suncare andalan saya dari vaselin yuppss benar vasilin baru ngeluarin produk daily sun care yang di import langsung dari korea seperti yang kita tahu korea adalah pusatnya tempat pembuatan produk personal care kosmetik yang berkualitas dan karena dibuat di korea pastionya produk ini cocok untuk kita yang memiliki kulit asia vaselin daily sun care ini yang sangat cocok untuk kita yang suka olahraga diluar ruangan karena memiliki keunggulan mengandung bahan petroleum jelly yang berfungsi mengunci dan mejaga kelembapan kulit agar tetap terhidrasi melindungi kulit dari paparan sinar matahari dan sinar uv waterflux technology yang ringan dan tidak lengket serta mudah menyerap no white cast yang membuat muka saya tidak belepotan sana sini jadi tidak perlu takut lagi deh untuk mendapatkan manfaat dan kebaikan lari dibawah teriknya matahari karena ada vaselin daily sun care tampil percaya diri dan terlindung dari sinar matahari dengan vaseline sun care chin up under the sun
https://www.instagram.com/p/C13QWDySHNa/,268.jpg,45300.118344907409,"Ku tunggu kau di warung pojok🤣😂

#deogratias #begrateful #marinalampung #pantaimarinalampung #wisatalampung #wisatalampungselatan #healing",Attraction,,ku tunggu kau di warung pojok🤣😂,deogratias begrateful marinalampung pantaimarinalampung wisatalampung wisatalampungselatan healing,ku tunggu kau di warung pojok tertawa tertawa
https://www.instagram.com/p/CLy7ek2lxza/,269.jpg,44254.522604166668,"""Alam menciptakan kemapuan, keberuntungan melengkapi Nya dengan kesempatan ;) ""

. 
. 
. 
. 

#lfl❤️ #lflfff❤ #lfl_fff_l4l_lforl_likeforlike_f4f_fforf_followforfollow💕 #lflwisataalam #wisatalampungselatan #airterjunanglowayrataipadangcermin3 #lfl❤️",Attraction,,"""alam menciptakan kemapuan, keberuntungan melengkapi nya dengan kesempatan;) "" ❤️ ❤ 💕 ❤️",lfl lflfff lfl fff l4l lforl likeforlike f4f fforf followforfollow lflwisataalam wisatalampungselatan airterjunanglowayrataipadangcermin3,alam menciptakan kemapuan keberuntungan melengkapi nya dengan kesempatan cinta cinta cinta cinta
https://www.instagram.com/p/Cd8fMOwv4NF/,270.jpg,44705.627002314817,"Titik 0 km masuk pulau Sumatera.
.
Lokasi : Menara Siger - pelabuhan Bakauheni - Lampung Selatan
.
Salam Sehat
.
=========================,

#landscape_photography #landscapephotography  #photooftoday #photographylandscape #photography_landscape #photography_indonesia  #beautifulindonesia 
#landscapelovers  #loveindonesia  #photographylovers  #pesonalampunginsta  #indonesiaku #lampunglandscapers #wisatapantai #wisatalampung  #lampungexpoler  #pantai #bakauheni  #beach #beachlover  #menarasiger #wisatalampungselatan #travelphotography #fff💋  #fff  #fff😊 #traveling  #travelblogger",Attraction,Siger,"titik 0 km masuk pulau sumatera lokasi: menara siger - pelabuhan bakauheni - lampung selatan. salam sehat., 💋 😊",landscape photography landscapephotography photooftoday photographylandscape photography landscape photography indonesia beautifulindonesia landscapelovers loveindonesia photographylovers pesonalampunginsta indonesiaku lampunglandscapers wisatapantai wisatalampung lampungexpoler pantai bakauheni beach beachlover menarasiger wisatalampungselatan travelphotography fff traveling travelblogger,titik 0 km masuk pulau sumatera lokasi menara siger pelabuhan bakauheni lampung selatan salam sehat cinta senang
https://www.instagram.com/p/Cxb1bE4RWpg/,271.jpg,45190.048680555563,"⛱️, Minang Rua💙

#lampungselatan #bakauheni #minangruabeach #pesonaindonesia #wisatalampungselatan #wisatalampung #wisataindonesia #beach",Attraction,,"⛱️, minang rua💙",lampungselatan bakauheni minangruabeach pesonaindonesia wisatalampungselatan wisatalampung wisataindonesia beach,minang rua cinta
https://www.instagram.com/p/CX3fYtxpl-F/,272.jpg,44554.555567129632,"Wayblerang simpur kalianda
.
.
.
#kalianda #lampunghits #insta #kaliandakeren#wisatalampungselatan",Attraction,,wayblerang simpur kalianda,kalianda lampunghits insta kaliandakeren wisatalampungselatan,wayblerang simpur kalianda
https://www.instagram.com/p/C7I9hxkS8Y5/,273.jpg,45431.270335648151,"#tripbatulapis #pantaibatulapis 

13 Mei 2024 , 
Trip to Batu Lapis Kalianda kali ini jadi momen paling seru sepanjang pengalaman kami mengunjungi pantai di Lampung.

Seru dan memacu Adrenalin! 
But Worth to lving for!

Akses jalan menuju lokasi bagus dan lancar, 
2 jam jalan darat lewat Tol , di lanjudkan perjalanan 1 jam menuju Kahai beach Resort , yang alhamdulillah lancar jaya.

Parkir mobil bisa di Kahai Resort, terus jalan kaki 600m menuju pantai nelayan setempat. 
Kita harus menyebrang  utk bisa ke Pantai Batu Lapis. 

Pantai ini sepi seperti terlantar dan tak berpenghuni, kalo mau jujur agak ngeri dan Takut,

Alhamdullillah, ketemu beberapa warga Nelayan, yg masya Allah ramah2 dan baik banget
Mereka bilang, beberapa tahun sebelum Pandemi Covid19 tempat ini ramai di kunjungi Backpacker dan wisatawan yg menyukai tempat2 ekstrim dan  eksotis,
Namun Pandemi dan Letusan Gunung anak Krakatau beberapa tahun yg lalu menjadikan tempat ini sepi, terbiar  dan  tak lagi di jamah pengunjung. 

Well , karena kita udah sampe sejauh ini dan Penasaran,
Kami  naik perahu nelayan penangkap ikan , menuju ‘Hidden Paradise’  Batu Lapis.
Mengucap Syukur kepada Allah atas nikmat sehat dan kesempatan , menikmari indahnya alam ciptaan-Nya, 
Pengalaman yg menjadi momen paling berkesan sepanjang hidup 🤲🏻❤️

#hiddenparadise #pantai #wisatalampung #wisatalampungselatan #pantaibatulapis #pantaibatulapiskalianda",Attraction,,"13 mei 2024, trip to batu lapis kalianda kali ini jadi momen paling seru sepanjang pengalaman kami mengunjungi pantai di lampung. seru dan memacu adrenalin! but worth to lving for! akses jalan menuju lokasi bagus dan lancar, 2 jam jalan darat lewat tol, di lanjudkan perjalanan 1 jam menuju kahai beach resort, yang alhamdulillah lancar jaya. parkir mobil bisa di kahai resort, terus jalan kaki 600m menuju pantai nelayan setempat. kita harus menyebrang utk bisa ke pantai batu lapis. pantai ini sepi seperti terlantar dan tak berpenghuni, kalo mau jujur agak ngeri dan takut, alhamdullillah, ketemu beberapa warga nelayan, yg masya allah ramah2 dan baik banget mereka bilang, beberapa tahun sebelum pandemi covid19 tempat ini ramai di kunjungi backpacker dan wisatawan yg menyukai tempat2 ekstrim dan eksotis, namun pandemi dan letusan gunung anak krakatau beberapa tahun yg lalu menjadikan tempat ini sepi, terbiar dan tak lagi di jamah pengunjung. well, karena kita udah sampe sejauh ini dan penasaran, kami naik perahu nelayan penangkap ikan, menuju ‘hidden paradise’ batu lapis. mengucap syukur kepada allah atas nikmat sehat dan kesempatan, menikmari indahnya alam ciptaan-nya, pengalaman yg menjadi momen paling berkesan sepanjang hidup 🤲🏻❤️",tripbatulapis pantaibatulapis hiddenparadise pantai wisatalampung wisatalampungselatan pantaibatulapiskalianda,13 mei 2024 trip to batu lapis kalianda kali ini jadi momen paling seru sepanjang pengalaman kami mengunjungi pantai di lampung seru dan memacu adrenalin but worth to lving for akses jalan menuju lokasi bagus dan lancar 2 jam jalan darat lewat tol di lanjudkan perjalanan 1 jam menuju kahai beach resort yang alhamdulillah lancar jaya parkir mobil bisa di kahai resort terus jalan kaki 600m menuju pantai nelayan setempat kita harus menyebrang untuk bisa ke pantai batu lapis pantai ini sepi seperti terlantar dan tak berpenghuni kalau mau jujur agak ngeri dan takut alhamdullillah ketemu beberapa warga nelayan yang masya allah ramah2 dan baik banget mereka bilang beberapa tahun sebelum pandemi covid19 tempat ini ramai di kunjungi backpacker dan wisatawan yang menyukai tempat2 ekstrim dan eksotis namun pandemi dan letusan gunung anak krakatau beberapa tahun yang lalu menjadikan tempat ini sepi terbiar dan tak lagi di jamah pengunjung well karena kita sudah sampe sejauh ini dan penasaran kami naik perahu nelayan penangkap ikan menuju hidden paradise batu lapis mengucap syukur kepada allah atas nikmat sehat dan kesempatan menikmari indahnya alam ciptaan nya pengalaman yang menjadi momen paling berkesan sepanjang hidup cinta
https://www.instagram.com/p/Ce3iE-pJyH2/,274.jpg,44728.557847222219,"''Jalani yang sudah jadi jalan nya.''
.
.
.
.
.
#wisatalampungselatan #lampungselatan #kaliandalampungselatan📍 #lampunggeh #wisataindonesiakeren🇲🇨",Attraction,,''jalani yang sudah jadi jalan nya.'' 📍 🇲🇨,wisatalampungselatan lampungselatan kaliandalampungselatan lampunggeh wisataindonesiakeren,jalani yang sudah jadi jalan nya lokasi
https://www.instagram.com/p/CLba4HNnpv1/,275.jpg,44245.392465277779,"Tuan! Pada senja sore hari ini, kutitip salam rindu untukmu yang entah aku tidak tahu kapan Allah takdirkan kita bertemu. Satu yang pasti, semoga Allah selalu meridhai setiap langkahmu dalam hal kebaikan dan langkah kakimu segera sampai menujuku. #DiaryMeymey

📸 @andri.stwn2
🏖 @pantai_minangrua, Bakauheni, Lampung Selatan

#sajakmeymey #pantaiminangrua #pesonaindonesia #inilampungyay #explorewisatalampung #lampungselatanamazing #lampungkuindah #disparbudlamsel #lampungselatan #wonderfullkalianda #wisatalampungselatan #kaliandaig #bakauheni #lampung #Indonesia #amazing #banggatinggaldiindonesia #lampungholiday_ #traveller #travelling #pegiatliterasi #pegiatwisata #relawan #bloggers #vloggers #senja",Attraction,,"tuan! pada senja sore hari ini, kutitip salam rindu untukmu yang entah aku tidak tahu kapan allah takdirkan kita bertemu. satu yang pasti, semoga allah selalu meridhai setiap langkahmu dalam hal kebaikan dan langkah kakimu segera sampai menujuku. 📸 🏖, bakauheni, lampung selatan",diary meymey sajakmeymey pantaiminangrua pesonaindonesia inilampungyay explorewisatalampung lampungselatanamazing lampungkuindah disparbudlamsel lampungselatan wonderfullkalianda wisatalampungselatan kaliandaig bakauheni lampung indonesia amazing banggatinggaldiindonesia lampungholiday traveller travelling pegiatliterasi pegiatwisata relawan bloggers vloggers senja,tuan pada senja sore hari ini kutitip salam rindu untukmu yang entah aku tidak tahu kapan allah takdirkan kita bertemu satu yang pasti semoga allah selalu meridhai setiap langkahmu dalam hal kebaikan dan langkah kakimu segera sampai menujuku kamera pantai bakauheni lampung selatan
https://www.instagram.com/p/ChEem9BBiUH/,276.jpg,44783.295763888891,"📌@hutan_mangrovelampung 

#lampunghits #lampunggeh #wisata #wisatalampungselatan #pesawaranlampung #pesawaran #ets #procreate #photo #photograph #phorographer",Attraction,,📌,lampunghits lampunggeh wisata wisatalampungselatan pesawaranlampung pesawaran ets procreate photo photograph phorographer,lokasi
https://www.instagram.com/p/CJ6gy1kM23s/,277.jpg,44207.757314814808,"Duduk di beanbag Bersama orang2 tersayang, menikmati sunset diiringi musik acoustik, Yaa itulah kita.. pecinta keindahan Sang Pencipta #pantai_keduwarna #wisatalampungselatan #wonderfullampungselatan #wonderfulkalianda #wonderfulindonesia #kaliandaig #pantai #sunset",Attraction,,"duduk di beanbag bersama orang2 tersayang, menikmati sunset diiringi musik acoustik, yaa itulah kita pecinta keindahan sang pencipta",pantai keduwarna wisatalampungselatan wonderfullampungselatan wonderfulkalianda wonderfulindonesia kaliandaig pantai sunset,duduk di beanbag bersama orang2 tersayang menikmati sunset diiringi musik acoustik yaa itulah kita pecinta keindahan sang pencipta
https://www.instagram.com/p/Csd3zMXy_rP/,278.jpg,45066.564143518517,"Mau foto dari sudut manapun view nya tetap indah @pantai.marina.official 
.
.
.
.
#pantaimarina 
#pantaimarinakalianda 
#pantaimarinalampungselatan 
#wisatalampungselatan",Attraction,,mau foto dari sudut manapun view nya tetap indah,pantaimarina pantaimarinakalianda pantaimarinalampungselatan wisatalampungselatan,mau foto dari sudut manapun view nya tetap indah
https://www.instagram.com/p/CdhhB69pqUo/,279.jpg,44695.152395833327,"Istirahat sejenak dari hiruk pikuk kehidupan dunia ❗
-
-
- #wisatalampungselatan  #traveling  #jalanjalan  #wisatalampung #lampunghits",Attraction,,istirahat sejenak dari hiruk pikuk kehidupan dunia ❗,wisatalampungselatan traveling jalanjalan wisatalampung lampunghits,istirahat sejenak dari hiruk pikuk kehidupan dunia
https://www.instagram.com/p/DTkyNK2EvkF/,280.jpg,46038.598993055559,"memories in January
#storytime 
#intagramreels 
#holidayseason 
#lampunghits 
#lampunggeh 
#wisatalampungselatan",Attraction,,memories in january,storytime intagramreels holidayseason lampunghits lampunggeh wisatalampungselatan,memories in january
https://www.instagram.com/p/CU1Pz4clHn1/,281.jpg,44479.118923611109,"Laksana mingke menenangkan Anelis🌻
.
.
LOC📍:Desa Sukaraja Kaki gunung Rajabasa
. 
. 
From @dimassoooooooooo
. 
. 
#kaliandahits #wisatalampungselatan #wisatalampung #kalianda #kaliandaig #gunungrajabasa #pendakicupu #backpakerindonesia #backpakerstory #nebengsehat
.
.
Jangan lupa abadikan momen petualanganmu dengan tag ke akun @pendakicupu.lampung disertai #pendakicupulampung

jangan lupa follow
@pendaki.cupu 
@pendakicupusrikandi
@pendakicupusumbar
@pendakicupusumsel
@pendakicupu.jakarta
@pendakicupuyogyakarta
@pendakicupujabar
@pendakicupu.jatim
@pendakicupujateng
@pendakicupujakarta
@pendakicupusumut
@pendakicupubengkulu
@pendakicupukaltara
@cupu.store",Attraction,,laksana mingke menenangkan anelis🌻 loc📍:desa sukaraja kaki gunung rajabasa from jangan lupa abadikan momen petualanganmu dengan tag ke akun disertai jangan lupa follow,kaliandahits wisatalampungselatan wisatalampung kalianda kaliandaig gunungrajabasa pendakicupu backpakerindonesia backpakerstory nebengsehat pendakicupulampung,laksana mingke menenangkan anelis lokasi lokasi desa sukaraja kaki gunung rajabasa from jangan lupa abadikan momen petualanganmu dengan tag ke akun disertai jangan lupa follow
https://www.instagram.com/p/DNcOKc3hyFC/,282.jpg,45886.142581018517,"""Indahnya alam Lampung Selatan berpadu dengan semangat Merah Putih.
Di setiap langkah wisata, ada cinta pada negeri yang kita jaga bersama.
Dirgahayu Republik Indonesia ke-80! 🇮🇩

#PESONAMERAHPUTIHLAMPUNGSELATAN #HUTKE8ORI #WISATALAMPUNGSELATAN #RADITYOEGI #SYAIFULANWAR #KAWASANMENARASIGER #LAMPUNGSELATANMAJU #BISMILLAHBISA.",Attraction,Siger,"""indahnya alam lampung selatan berpadu dengan semangat merah putih. di setiap langkah wisata, ada cinta pada negeri yang kita jaga bersama. dirgahayu republik indonesia ke-80! 🇮🇩",pesonamerahputihlampungselatan hutke8ori wisatalampungselatan radityoegi syaifulanwar kawasanmenarasiger lampungselatanmaju bismillahbisa,indahnya alam lampung selatan berpadu dengan semangat merah putih di setiap langkah wisata ada cinta pada negeri yang kita jaga bersama dirgahayu republik indonesia ke 80
https://www.instagram.com/p/DUR2yclkhQJ/,283.jpg,46056.103067129632,"The best is yet to come,,patient😊
#storytime 
#wisatalampungselatan 
#lampunghits 
#viralpost 
#fypシ❤️",Attraction,,"the best is yet to come,patient😊 シ❤️",storytime wisatalampungselatan lampunghits viralpost fyp,the best is yet to come patient senang cinta
https://www.instagram.com/p/CW8HbuYvLdH/,284.jpg,44531.496886574067,"Titian mutiara beach, berlokasi di desa betung, kecamatan rajabasa, kabupaten lampung selatan, provinsi lampung, Indonesia.
Titian mutiara beach adalah wisata terbaru di pesisir rajabasa.
Jika kalian dari kota kalianda, ke arah dermaga bom. Sekitar 10 menit perjalanan dari dermaga bom, sebelah kanan kalian ada jalan masuk ( jalan masuk hanya muat 1 mobil ).
 Dahulunya, tempat ini adalah lahan  kosong tidak terpakai. Atas gagasan pemilik, tempat ini di jadikan tempat wisata yang keren.
Berada di sini, seperti kita berada di bali, dengan suasana khas bali.
Di sini terdapat banyak fasilitas. Ada kolam renang yang dalam pembangunan, musholla, toilet. Selain itu ada tempat duduk dengan payung khas bali, dan ada juga beberapa gazebo untuk bersantai.
Di titian mutiara beach, terdapat way titian yang sudah ada sejak tahun 1800. Menurut cerita, way titian adalah tempat pemandian para putri raja, sebelum gunung krakatau meletus di tahun 1883. 
Oh ya, untuk tiket masuk 10 ribu rupiah. Mobil 10 ribu rupiah. Dan motor 5 ribu rupiah. Di sini terdapat makanan khas titian olahan seafood, rasanya seperti tomyam. Dan yang pastinya, ada kelapa muda yang sangat lembut, yang menjadi minuman khas di pantai titian mutiara beach.
Yuukk..wisata ke lampung selatan !
Salam, kurnianoen travelling
@titianmutiarabeach @syah_herwan @dinaspariwisata.lampungselatan @wisatalampungselatan .

#kurnianoen #wisatalampungselatan #pariwisatalampungselatan",Attraction,,"titian mutiara beach, berlokasi di desa betung, kecamatan rajabasa, kabupaten lampung selatan, provinsi lampung, indonesia. titian mutiara beach adalah wisata terbaru di pesisir rajabasa. jika kalian dari kota kalianda, ke arah dermaga bom. sekitar 10 menit perjalanan dari dermaga bom, sebelah kanan kalian ada jalan masuk ( jalan masuk hanya muat 1 mobil ). dahulunya, tempat ini adalah lahan kosong tidak terpakai. atas gagasan pemilik, tempat ini di jadikan tempat wisata yang keren. berada di sini, seperti kita berada di bali, dengan suasana khas bali. di sini terdapat banyak fasilitas. ada kolam renang yang dalam pembangunan, musholla, toilet. selain itu ada tempat duduk dengan payung khas bali, dan ada juga beberapa gazebo untuk bersantai. di titian mutiara beach, terdapat way titian yang sudah ada sejak tahun 1800. menurut cerita, way titian adalah tempat pemandian para putri raja, sebelum gunung krakatau meletus di tahun 1883. oh ya, untuk tiket masuk 10 ribu rupiah. mobil 10 ribu rupiah. dan motor 5 ribu rupiah. di sini terdapat makanan khas titian olahan seafood, rasanya seperti tomyam. dan yang pastinya, ada kelapa muda yang sangat lembut, yang menjadi minuman khas di pantai titian mutiara beach. yuukk wisata ke lampung selatan! salam, kurnianoen travelling",kurnianoen wisatalampungselatan pariwisatalampungselatan,titian mutiara beach berlokasi di desa betung kecamatan rajabasa kabupaten lampung selatan provinsi lampung indonesia titian mutiara beach adalah wisata terbaru di pesisir rajabasa jika kalian dari kota kalianda ke arah dermaga bom sekitar 10 menit perjalanan dari dermaga bom sebelah kanan kalian ada jalan masuk jalan masuk hanya muat 1 mobil dahulunya tempat ini adalah lahan kosong tidak terpakai atas gagasan pemilik tempat ini di jadikan tempat wisata yang keren berada di sini seperti kita berada di bali dengan suasana khas bali di sini terdapat banyak fasilitas ada kolam renang yang dalam pembangunan musholla toilet selain itu ada tempat duduk dengan payung khas bali dan ada juga beberapa gazebo untuk bersantai di titian mutiara beach terdapat way titian yang sudah ada sejak tahun 1800 menurut cerita way titian adalah tempat pemandian para putri raja sebelum gunung krakatau meletus di tahun 1883 oh ya untuk tiket masuk 10 ribu rupiah mobil 10 ribu rupiah dan motor 5 ribu rupiah di sini terdapat makanan khas titian olahan seafood rasanya seperti tomyam dan yang pastinya ada kelapa muda yang sangat lembut yang menjadi minuman khas di pantai titian mutiara beach yuukk wisata ke lampung selatan salam kurnianoen travelling
https://www.instagram.com/p/C7frzxYyyT7/,285.jpg,45440.095127314817,".
Terkadang sekali2 foto nampal belakang nya aja itu perlu….
Kalau depannya sudah keseringan 🤩

.
.
.

💃🏿💃🏿💃🏿💃🏿💃🏿💃🏿…..28 Mei 2024

#alhamdulillah 
#happyholiday 
#ukhticantik 
#lampung 
#pantaimarina 
#pantaimarinakalianda 
#pantaimarinakaliandalampungselatan 
#wisatalampung 
#wisatalampungselatan 
#wisatalampungexplorer 
#wisatalampungindonesia",Attraction,,terkadang sekali2 foto nampal belakang nya aja itu perlu kalau depannya sudah keseringan 🤩 💃🏿💃🏿💃🏿💃🏿💃🏿💃🏿 28 mei 2024,alhamdulillah happyholiday ukhticantik lampung pantaimarina pantaimarinakalianda pantaimarinakaliandalampungselatan wisatalampung wisatalampungselatan wisatalampungexplorer wisatalampungindonesia,terkadang sekali2 foto nampal belakang nya saja itu perlu kalau depannya sudah keseringan 28 mei 2024
https://www.instagram.com/p/DDFKZjAvQ18/,286.jpg,45628.636076388888,"Pindah tidur disini aja, bawa tenda tas gede, ngopi sebat Hahaa..Hiihii.. besok kita pikirkan lagi. 🏕🏝

📍Bukit Slimpuyang, Suak Sidomulyo Lampung Selatan @pantai_cukuh_perak 

Colab @squadpps_ x @mendadakmuncaklpg 

#bukitslimpuyang #wisatalampung #lampunghits #lampunginsta #lampunggeh #lampungupdate #kalianda #sidomulyolampungselatan #lampungselatan #pantaicukuhperak #pejalankakilampung #sahabatpendakilampung #pendakilampung #mendadakmuncak #pendakipalingsantuy #lampungreels #lampungkeren #pariwisatalampung #lampung #wisatalampungselatan",Attraction,,"pindah tidur disini aja, bawa tenda tas gede, ngopi sebat hahaa hiihii besok kita pikirkan lagi. 🏕🏝 📍bukit slimpuyang, suak sidomulyo lampung selatan colab x",bukitslimpuyang wisatalampung lampunghits lampunginsta lampunggeh lampungupdate kalianda sidomulyolampungselatan lampungselatan pantaicukuhperak pejalankakilampung sahabatpendakilampung pendakilampung mendadakmuncak pendakipalingsantuy lampungreels lampungkeren pariwisatalampung lampung wisatalampungselatan,pindah tidur disini saja bawa tenda tas gede ngopi sebat hahaa hiihii besok kita pikirkan lagi pulau lokasi bukit slimpuyang suak sidomulyo lampung selatan colab x
https://www.instagram.com/p/ClKaplGByVJ/,287.jpg,44885.022453703707,"Life for a cause not for applause
.
.
.
.
.
.
📍Bukit Slimpuyang - Sidomulyo
.
.
#bukitslimpuyang #bukitslimpuyangsidomulyo #lampunghits #lmpunggeh #wisatalampung #wisatalampungselatan #eksplorelampung #eksplorelampungselatan #lampunginsta #lampunghits #lampungupdateid",Attraction,,life for a cause not for applause 📍bukit slimpuyang - sidomulyo,bukitslimpuyang bukitslimpuyangsidomulyo lampunghits lmpunggeh wisatalampung wisatalampungselatan eksplorelampung eksplorelampungselatan lampunginsta lampungupdateid,life for a cause not for applause lokasi bukit slimpuyang sidomulyo
https://www.instagram.com/p/Cc3pU-rvLjD/,288.jpg,44678.891574074078,"Pesona keindahan lampung dari Bakauheni, Bakauheni, Lampung Selatan

Walau mata tak bisa menilai, ada hati yg masih melihat .... 🤪🤪🤪

Reposted from : @agung_anugra86
📌Loc : Bukit pematang Sunrise, Bakauheni Lampung Selatan

Yuk bagikan aktivitas wisata mu di @lampungtour.id
.
.
.
.
.
.
.
.
.
.
.
#wanitaberhijab #wanitacantik #ootdhijab #hijabfashion #explorelampung #wisatalampungselatan #lfl#lfl💛lfllflfllffllflflflflflflflflfllflflflflflflflflflflflflflflflflflflflflflflflflflflflflfllflflflflflflflflfllflfllflflflflflflfllflflflflflllfl #lfl💛 #lflfff❤ #like4likes #likeforlikes #likeforfollow #follow4followback #followfollowfollow #fff #fff😊 #fff😊ff💋ff👌ff💕4f❤️🔝🔫💣44follow４followforfollow４f4frs4likeforlikeforfollow4likeforlikesback44likes4me4lramahhits #fff💋 #lff❤ #lfflfff😊ff💋ff👌ff💕4f❤️🔝🔫💣44follow４followforfollow４f4frs4likeforlikeforfollow4likeforlikesback44likes4me4lramahhit",Attraction,,"pesona keindahan lampung dari bakauheni, bakauheni, lampung selatan walau mata tak bisa menilai, ada hati yg masih melihat 🤪🤪🤪 reposted from: 📌loc: bukit pematang sunrise, bakauheni lampung selatan yuk bagikan aktivitas wisata mu di 💛lfllflfllffllflflflflflflflflfllflflflflflflflflflflflflflflflflflflflflflflflflflflflflfllflflflflflflflflfllflfllflflflflflflfllflflflflflllfl 💛 ❤ 😊 😊ff💋ff👌ff💕4f❤️🔝🔫💣44follow4followforfollow4f4frs4likeforlikeforfollow4likeforlikesback44likes4me4lramahhits 💋 ❤ 😊ff💋ff👌ff💕4f❤️🔝🔫💣44follow4followforfollow4f4frs4likeforlikeforfollow4likeforlikesback44likes4me4lramahhit",wanitaberhijab wanitacantik ootdhijab hijabfashion explorelampung wisatalampungselatan lfl lflfff like4likes likeforlikes likeforfollow follow4followback followfollowfollow fff lff lfflfff,pesona keindahan lampung dari bakauheni bakauheni lampung selatan walau mata tak bisa menilai ada hati yang masih melihat reposted from lokasi lokasi bukit pematang sunrise bakauheni lampung selatan ayo bagikan aktivitas wisata mu di cinta lfllflfllffllflflflflflflflflfllflflflflflflflflflflflflflflflflflflflflflflflflflflflflfllflflflflflflflflfllflfllflflflflflflfllflflflflfllfl cinta cinta senang senang ff cinta ff oke ff cinta 4f cinta 44follow4followforfollow4f4frs4likeforlikeforfollow4likeforlikesback44likes4me4lramahhits cinta cinta senang ff cinta ff oke ff cinta 4f cinta 44follow4followforfollow4f4frs4likeforlikeforfollow4likeforlikesback44likes4me4lramahhit
https://www.instagram.com/p/Ck6x4S4Bxra/,289.jpg,44878.949629629627,"Sabar itu mahal makanya hadiahnya surga,kalau murah hadiahnya pasti cuman dispenser 👻
.
📍Pantai Suak - Sidomulyo
.
.
.
.
.
.
#pantaitersembuyilampung #pantaisuak #pantaisuakkalianda #pantailampung #lampungpotret #lampungyay #wisatalampung #wisatalampungselatan #potretlampung #lampungeksplore #lampungyay #lampunghits",Attraction,,"sabar itu mahal makanya hadiahnya surga,kalau murah hadiahnya pasti cuman dispenser 👻. 📍pantai suak - sidomulyo",pantaitersembuyilampung pantaisuak pantaisuakkalianda pantailampung lampungpotret lampungyay wisatalampung wisatalampungselatan potretlampung lampungeksplore lampunghits,sabar itu mahal makanya hadiahnya surga kalau murah hadiahnya pasti cuman dispenser lokasi pantai suak sidomulyo
https://www.instagram.com/p/CZVApzyBJLu/,290.jpg,44590.875057870369,"Menembus batass...
Menara pandang @pantai_keduwarna 

#pantai_keduwarna 
#kaliandaig 
#wisatalampungselatan",Attraction,,menembus batass menara pandang,pantai keduwarna kaliandaig wisatalampungselatan,menembus batass menara pandang
https://www.instagram.com/p/DNce-VHyHe6/,291.jpg,45886.244583333333,"Berdiri tepat didepanmu menghadirkan berbagai macam perasaan, begitu megah dan gagah kau berkibar.
.
Terima kasih pada para pahlawanku yang telah berjuang untuk Kemerdekaan Indonesia.
.
Merah Putih di Menara Siger, menyatukan ragam suku dan budaya di Bumi Ragom Mufakat.
.
#pesonamerahputihlampungselatan 
#hut80ri 
#wisatalampungselatan 
#radityoegi 
#syaifulanwar 
#kawasanmenarasiger",Attraction,Siger,"berdiri tepat didepanmu menghadirkan berbagai macam perasaan, begitu megah dan gagah kau berkibar terima kasih pada para pahlawanku yang telah berjuang untuk kemerdekaan indonesia merah putih di menara siger, menyatukan ragam suku dan budaya di bumi ragom mufakat",pesonamerahputihlampungselatan hut80ri wisatalampungselatan radityoegi syaifulanwar kawasanmenarasiger,berdiri tepat didepanmu menghadirkan berbagai macam perasaan begitu megah dan gagah kau berkibar terima kasih pada para pahlawanku yang telah berjuang untuk kemerdekaan indonesia merah putih di menara siger menyatukan ragam suku dan budaya di bumi ragom mufakat
https://www.instagram.com/p/CpNZhOPvaSm/,292.jpg,44985.601215277777,"Soft Opening April 2023.
Pantai Minangrua Bakauheni Lampung Selatan.
Kolaborasi @lembah_durian_farm_stable 

#beach #vacation #swimmingpool 
#villa#resort
#jalanjalan #traveling #wisatalampungselatan #minangrua",Amenities,villa Resort,soft opening april 2023. pantai minangrua bakauheni lampung selatan. kolaborasi,beach vacation swimmingpool villa resort jalanjalan traveling wisatalampungselatan minangrua,soft opening april 2023 pantai minangrua bakauheni lampung selatan kolaborasi
https://www.instagram.com/p/DJNaigKTs0W/,293.jpg,45780.971712962957,"— Happiness comes in waves ˖°𓇼🌊⋆🐚🫧

Big thanks to @pantai_keduwarna  for the all experiences, memories, warmth, and happiness💌

#wonderfulindonesia #wisatalampungselatan  #pariwisataindonesia",Attraction,,"happiness comes in waves ˖ 𓇼🌊⋆🐚🫧 big thanks to for the all experiences, memories, warmth, and happiness💌",wonderfulindonesia wisatalampungselatan pariwisataindonesia,happiness comes in waves laut big thanks to for the all experiences memories warmth and happiness
https://www.instagram.com/p/DNcIXDapEX2/,294.jpg,45886.107361111113,"Merah putih di menara siger, menyatukan ragam suku dan budaya di bumi ragom mufakat

@pemkab.lampungselatan @radityoegi @hut80ri @m_syaiful.anwar 
#pesonamerahputihlampungselatan #hutke80ri #wisatalampungselatan #radityoegi #syaifulanwar #kawasanmenarasiger #lampungselatanmaju #bismillahbisa",Attraction,Siger,"merah putih di menara siger, menyatukan ragam suku dan budaya di bumi ragom mufakat",pesonamerahputihlampungselatan hutke80ri wisatalampungselatan radityoegi syaifulanwar kawasanmenarasiger lampungselatanmaju bismillahbisa,merah putih di menara siger menyatukan ragam suku dan budaya di bumi ragom mufakat
https://www.instagram.com/p/DNb5Cuzzibd/,295.jpg,45886.014421296299,""" "" ya tuhan jadikanlah negeri ini, negeri yg aman sentosa ,, 😇

📍 Merah putih dibumi Ragom mufakat, Bakauheni lampung Selatan 🇮🇩 

#pesonamerahputihlampungselatan
#hutke80ri
#wisatalampungselatan
#radityoegi
#syaifulanwar
#kawasanmenarasiger
#lampungselatanmaju
#bismillahbisa",Attraction,Siger,""" "" ya tuhan jadikanlah negeri ini, negeri yg aman sentosa, 😇 📍 merah putih dibumi ragom mufakat, bakauheni lampung selatan 🇮🇩",pesonamerahputihlampungselatan hutke80ri wisatalampungselatan radityoegi syaifulanwar kawasanmenarasiger lampungselatanmaju bismillahbisa,ya tuhan jadikanlah negeri ini negeri yang aman sentosa senang lokasi merah putih dibumi ragom mufakat bakauheni lampung selatan
https://www.instagram.com/p/CW8O_bHPCIk/,296.jpg,44531.542754629627,"Titian mutiara beach, berlokasi di desa betung, kecamatan rajabasa, kabupaten lampung selatan, provinsi lampung, Indonesia.
Titian mutiara beach adalah wisata terbaru di pesisir rajabasa.
Jika kalian dari kota kalianda, ke arah dermaga bom. Sekitar 10 menit perjalanan dari dermaga bom, sebelah kanan kalian ada jalan masuk ( jalan masuk hanya muat 1 mobil ).
 Dahulunya, tempat ini adalah lahan  kosong tidak terpakai. Atas gagasan pemilik, tempat ini di jadikan tempat wisata yang keren.
Berada di sini, seperti kita berada di bali, dengan suasana khas bali.
Di sini terdapat banyak fasilitas. Ada kolam renang yang dalam pembangunan, musholla, toilet. Selain itu ada tempat duduk dengan payung khas bali, dan ada juga beberapa gazebo untuk bersantai.
Di titian mutiara beach, terdapat way titian yang sudah ada sejak tahun 1800. Menurut cerita, way titian adalah tempat pemandian para putri raja, sebelum gunung krakatau meletus di tahun 1883. 
Oh ya, untuk tiket masuk 10 ribu rupiah. Mobil 10 ribu rupiah. Dan motor 5 ribu rupiah. Di sini terdapat makanan khas titian olahan seafood, rasanya seperti tomyam. Dan yang pastinya, ada kelapa muda yang sangat lembut, yang menjadi minuman khas di pantai titian mutiara beach.
Yuukk..wisata ke lampung selatan !
Salam, kurnianoen travelling
@titianmutiarabeach @syah_herwan @dinaspariwisata.lampungselatan @wisatalampungselatan .

#kurnianoen #wisatalampungselatan #pariwisatalampungselatan
Reposted from @kurnianoen",Attraction,,"titian mutiara beach, berlokasi di desa betung, kecamatan rajabasa, kabupaten lampung selatan, provinsi lampung, indonesia. titian mutiara beach adalah wisata terbaru di pesisir rajabasa. jika kalian dari kota kalianda, ke arah dermaga bom. sekitar 10 menit perjalanan dari dermaga bom, sebelah kanan kalian ada jalan masuk ( jalan masuk hanya muat 1 mobil ). dahulunya, tempat ini adalah lahan kosong tidak terpakai. atas gagasan pemilik, tempat ini di jadikan tempat wisata yang keren. berada di sini, seperti kita berada di bali, dengan suasana khas bali. di sini terdapat banyak fasilitas. ada kolam renang yang dalam pembangunan, musholla, toilet. selain itu ada tempat duduk dengan payung khas bali, dan ada juga beberapa gazebo untuk bersantai. di titian mutiara beach, terdapat way titian yang sudah ada sejak tahun 1800. menurut cerita, way titian adalah tempat pemandian para putri raja, sebelum gunung krakatau meletus di tahun 1883. oh ya, untuk tiket masuk 10 ribu rupiah. mobil 10 ribu rupiah. dan motor 5 ribu rupiah. di sini terdapat makanan khas titian olahan seafood, rasanya seperti tomyam. dan yang pastinya, ada kelapa muda yang sangat lembut, yang menjadi minuman khas di pantai titian mutiara beach. yuukk wisata ke lampung selatan! salam, kurnianoen travelling. reposted from",kurnianoen wisatalampungselatan pariwisatalampungselatan,titian mutiara beach berlokasi di desa betung kecamatan rajabasa kabupaten lampung selatan provinsi lampung indonesia titian mutiara beach adalah wisata terbaru di pesisir rajabasa jika kalian dari kota kalianda ke arah dermaga bom sekitar 10 menit perjalanan dari dermaga bom sebelah kanan kalian ada jalan masuk jalan masuk hanya muat 1 mobil dahulunya tempat ini adalah lahan kosong tidak terpakai atas gagasan pemilik tempat ini di jadikan tempat wisata yang keren berada di sini seperti kita berada di bali dengan suasana khas bali di sini terdapat banyak fasilitas ada kolam renang yang dalam pembangunan musholla toilet selain itu ada tempat duduk dengan payung khas bali dan ada juga beberapa gazebo untuk bersantai di titian mutiara beach terdapat way titian yang sudah ada sejak tahun 1800 menurut cerita way titian adalah tempat pemandian para putri raja sebelum gunung krakatau meletus di tahun 1883 oh ya untuk tiket masuk 10 ribu rupiah mobil 10 ribu rupiah dan motor 5 ribu rupiah di sini terdapat makanan khas titian olahan seafood rasanya seperti tomyam dan yang pastinya ada kelapa muda yang sangat lembut yang menjadi minuman khas di pantai titian mutiara beach yuukk wisata ke lampung selatan salam kurnianoen travelling reposted from
https://www.instagram.com/p/CmX0J49PjfB/,297.jpg,44915.081053240741,"Luv guyss 🥰
.
.
.
More Info&Reservasi
Wa/Hp: 082110011844
#villalampung 
#wisatalampungselatan 
#virral 
#beatifullife 
#beachhouse 
#sunsets",Amenities,Villa Resort,luv guyss 🥰 more info dan reservasi wa/hp: 082110011844,villalampung wisatalampungselatan virral beatifullife beachhouse sunsets,luv guyss suka more info dan reservasi whatsapp hp 082110011844
https://www.instagram.com/p/C3KzRN3P2kT/,298.jpg,45332.564270833333,"Wah, selamat yah buat yang udah dapet ampao dari Pantai Aruna 😍
Jangan lupa berkunjung kembali ☺

#pantai #pantailampung #wisatalampung #wisatalampungselatan #lampungselatan #lampung #aeustetic #samsung #udarasegar #mytravelgram #hutanmangrove #bandarlampung #lampungtengah #campervan #camping #campunglife",Attraction,,"wah, selamat yah buat yang udah dapet ampao dari pantai aruna 😍 jangan lupa berkunjung kembali ☺",pantai pantailampung wisatalampung wisatalampungselatan lampungselatan lampung aeustetic samsung udarasegar mytravelgram hutanmangrove bandarlampung lampungtengah campervan camping campunglife,wah selamat yah buat yang sudah dapet ampao dari pantai aruna suka jangan lupa berkunjung kembali senang
https://www.instagram.com/p/CTtT9VGPqmi/,299.jpg,44451.182071759264,"Alam tak pernah gagal dalam menyuguhkan ketenangan kembali (lagi) 🍂 
______________________________________________________________
#muslimahtraveler #muslimahfashion #muslimahsyari #travelerindonesia #wisatalampung #wisatalampungselatan #wisatapesawaran #hutanmangrove #hutanmangrovelampung #lampung #eksplorelampung #pantailampung #mangrovelampung #mangrovepesawaran #mangrovelampungselatan #pantailampungselatan #langkahmungill",Attraction,,alam tak pernah gagal dalam menyuguhkan ketenangan kembali (lagi) 🍂,muslimahtraveler muslimahfashion muslimahsyari travelerindonesia wisatalampung wisatalampungselatan wisatapesawaran hutanmangrove hutanmangrovelampung lampung eksplorelampung pantailampung mangrovelampung mangrovepesawaran mangrovelampungselatan pantailampungselatan langkahmungill,alam tak pernah gagal dalam menyuguhkan ketenangan kembali lagi
https://www.instagram.com/p/C6Ae-H5va_-/,300.jpg,45403.122881944437,"Hidup suka kadang-kiding jadi mari kita healing 🔥❤️

#pantaiindonesia #wisatalampungselatan #pantaisetigibatu",Attraction,,hidup suka kadang-kiding jadi mari kita healing 🔥❤️,pantaiindonesia wisatalampungselatan pantaisetigibatu,hidup suka kadang kiding jadi mari kita healing cinta
https://www.instagram.com/p/CkU5BlsvmsW/,301.jpg,44864.235254629632,"View of Kalianda beach
.
.
.
.
#tempatwisatalampung
#janah2410 #fff💋 #lflfff❤ #lfl💛 #lfl❤️ #flfl💛 #flf❤ #flf #wisatalampung @tempat_wisata_lampung @pantai_keduwarna @selebgram.lampuung #wisatalampungselatan #flflflflflflflflflflfl❤️ #pantaiindonesia #pantaiminangrua #selebgramlampuung #ootdstyle #ootddaily #ootdfashion  #selebgramlampung_id #ootdselebgram #selebgramlampung_ #gadisindonesia37 #selebgramindonesia #remajaindonesia37 #fypindonesia #remajaindonesiaaaa #fypシ❤️💞❤️ #fypinstagram #fypシ #ａｅｓｔｈｅｔｉｃ",Attraction,,view of kalianda beach 💋 ❤ 💛 ❤️ 💛 ❤ ❤️ シ❤️💞❤️ シ,tempatwisatalampung janah2410 fff lflfff lfl flfl flf wisatalampung wisatalampungselatan flflflflflflflflflflfl pantaiindonesia pantaiminangrua selebgramlampuung ootdstyle ootddaily ootdfashion selebgramlampung id ootdselebgram selebgramlampung gadisindonesia37 selebgramindonesia remajaindonesia37 fypindonesia remajaindonesiaaaa fyp fypinstagram aesthetic,view of kalianda beach cinta cinta cinta cinta cinta cinta cinta cinta cinta cinta
https://www.instagram.com/p/CXQ_Xb5JsLE/,302.jpg,44539.603530092587,"Sesekali healing🤪

#lfl💛 #lfl❤️ #ootdhijab #ootdpantai #pantaiklaralampung #pantailampungselatan  #wisatalampungselatan",Attraction,,sesekali healing🤪 💛 ❤️,lfl ootdhijab ootdpantai pantaiklaralampung pantailampungselatan wisatalampungselatan,sesekali healing cinta cinta
https://www.instagram.com/p/DJ5lZNJhV7_/,303.jpg,45798.125,"Langkah kaki di pasir putih, jepretan manis di Senaya Beach🌊✨

#pantailampung #pantaikaliandalampung #wisatalampung #pantailampungselatan #wisatalampungselatan #pariwisatalampung #pantailampungkece #kalianda #lampungselatan",Attraction,,"langkah kaki di pasir putih, jepretan manis di senaya beach🌊✨",pantailampung pantaikaliandalampung wisatalampung pantailampungselatan wisatalampungselatan pariwisatalampung pantailampungkece kalianda lampungselatan,langkah kaki di pasir putih jepretan manis di senaya beach laut indah
https://www.instagram.com/p/CZLJAWOpkym/,304.jpg,44587.042129629634,"Pantai kedu ada 2 tempat. Pantai kedu sinar laut dan pantai kedu warna. Dalam video ini lokasinya berada di pantai kedu sinar laut, yang identik dengan kapal karamnya.
Pantai kedu sinar laut, hanya 5 menit dari pusat kota kalianda. Tepatnya berlokasi di jalan sinar laut, desa way urang, kecamatan kalianda, kabupaten lampung selatan, provinsi lampung.
Jalanan masuknya cukup luas, muat bus besar. Pantai ini cocok untuk rombongan yang ingin bersantai menikmati pemandangan indah dengan latar belakang gunung rajabasa.
Namun pantai ini tidak cocok untuk mandi di pantai, karena ombak nya begitu besar.
Pantai nya sangat bersih dengan hamparan pasir yang luas. Di sini terdapat beberapa gazebo dan beberapa warung penjual makanan. Di pintu masuk terdapat musholla dan toilet. Selain itu ada danau alami yang sangat cantik dengan beberapa spot foto.
Di sini lah salah satu sunset terbaik yang ada di lampung selatan.
Salam, kurnianoen travelling
@wisatalampungselatan @dinaspariwisata.lampungselatan
#pantaikedu #pantaikedusinarlaut #wisatapantaidekatkotakalianda #pantaikedukalianda #pantaikedukaliandalampungselatan #pantaikedulampungselatan #Pantaikedusinarlautkalianda #pantaikedusinarlautkaliandalampungselatan #Pantaikedusinarlautlampungselata #wisatakalianda #wisatalampungselatan #pariwisatalampungselatan #wisatadekatkotakalianda #Kurnianoen #wisatapantaikalianda #pantaikalianda #wisatalampung #pariwisatalampung #wisatapantailampungselatan",Attraction,,"pantai kedu ada 2 tempat. pantai kedu sinar laut dan pantai kedu warna. dalam video ini lokasinya berada di pantai kedu sinar laut, yang identik dengan kapal karamnya. pantai kedu sinar laut, hanya 5 menit dari pusat kota kalianda. tepatnya berlokasi di jalan sinar laut, desa way urang, kecamatan kalianda, kabupaten lampung selatan, provinsi lampung. jalanan masuknya cukup luas, muat bus besar. pantai ini cocok untuk rombongan yang ingin bersantai menikmati pemandangan indah dengan latar belakang gunung rajabasa. namun pantai ini tidak cocok untuk mandi di pantai, karena ombak nya begitu besar. pantai nya sangat bersih dengan hamparan pasir yang luas. di sini terdapat beberapa gazebo dan beberapa warung penjual makanan. di pintu masuk terdapat musholla dan toilet. selain itu ada danau alami yang sangat cantik dengan beberapa spot foto. di sini lah salah satu sunset terbaik yang ada di lampung selatan. salam, kurnianoen travelling",pantaikedu pantaikedusinarlaut wisatapantaidekatkotakalianda pantaikedukalianda pantaikedukaliandalampungselatan pantaikedulampungselatan pantaikedusinarlautkalianda pantaikedusinarlautkaliandalampungselatan pantaikedusinarlautlampungselata wisatakalianda wisatalampungselatan pariwisatalampungselatan wisatadekatkotakalianda kurnianoen wisatapantaikalianda pantaikalianda wisatalampung pariwisatalampung wisatapantailampungselatan,pantai kedu ada 2 tempat pantai kedu sinar laut dan pantai kedu warna dalam video ini lokasinya berada di pantai kedu sinar laut yang identik dengan kapal karamnya pantai kedu sinar laut hanya 5 menit dari pusat kota kalianda tepatnya berlokasi di jalan sinar laut desa way urang kecamatan kalianda kabupaten lampung selatan provinsi lampung jalanan masuknya cukup luas muat bus besar pantai ini cocok untuk rombongan yang ingin bersantai menikmati pemandangan indah dengan latar belakang gunung rajabasa namun pantai ini tidak cocok untuk mandi di pantai karena ombak nya begitu besar pantai nya sangat bersih dengan hamparan pasir yang luas di sini terdapat beberapa gazebo dan beberapa warung penjual makanan di pintu masuk terdapat musholla dan toilet selain itu ada danau alami yang sangat cantik dengan beberapa spot foto di sini lah salah satu sunset terbaik yang ada di lampung selatan salam kurnianoen travelling
https://www.instagram.com/p/Coa4fJMSmAe/,305.jpg,44965.98269675926,#pantaimarina #wisatakalianda #wisatakaliandalampungselatan #explorelampung #wisatalampungselatan #pantaimarinalampung,Attraction,,,pantaimarina wisatakalianda wisatakaliandalampungselatan explorelampung wisatalampungselatan pantaimarinalampung,
https://www.instagram.com/p/CSLJnhup0DE/,306.jpg,44413.059895833343,"🐎 Hewan pun mempunyai hati. Jika kita tak melukainya, maka ia pun tak akan melukai kita. 
————————————————
🌍 Lokasi : Kampung Kuda, Desa Gedung Agung Kec.Jati Agung, Kab.Lampung Selatan, Prov.Lampung, Indonesia. 
. 
#lampung #mampirlampung #pesonatraveller  #lampungtraveling #ingetlampung #jelajahlampung #lampungable #lampungselatanexplore #lampungselatanig #disparbudlamsel #lampungselatanamazing #lampungselatan #kampungkuda #jatiagung #wisatalampungselatan",Amenities,Fasiltas kuda,"🐎 hewan pun mempunyai hati. jika kita tak melukainya, maka ia pun tak akan melukai kita. 🌍 lokasi: kampung kuda, desa gedung agung kec.jati agung, kab.lampung selatan, prov.lampung, indonesia",lampung mampirlampung pesonatraveller lampungtraveling ingetlampung jelajahlampung lampungable lampungselatanexplore lampungselatanig disparbudlamsel lampungselatanamazing lampungselatan kampungkuda jatiagung wisatalampungselatan,hewan pun mempunyai hati jika kita tak melukainya maka ia pun tak akan melukai kita bumi lokasi kampung kuda desa gedung agung kec jati agung kab lampung selatan prov lampung indonesia
https://www.instagram.com/p/CezS3ljh80L/,307.jpg,44726.912106481483,"''Bagaimana bisa kau mencintai karena ALLAH, sedangkan cinta sebelum halal adalah nafsu.''
.
.
.
.
.
#wisatalampung #wisatalampungselatan #wisatakaliandalampungselatan #lampunggeh #lampungexplorer #wisataindonesiakeren🇲🇨",Attraction,,"''bagaimana bisa kau mencintai karena allah, sedangkan cinta sebelum halal adalah nafsu.'' 🇲🇨",wisatalampung wisatalampungselatan wisatakaliandalampungselatan lampunggeh lampungexplorer wisataindonesiakeren,bagaimana bisa kau mencintai karena allah sedangkan cinta sebelum halal adalah nafsu
https://www.instagram.com/p/DNc39PyyJiI/,308.jpg,45886.396192129629,"Bersatu, Berdaulat, Rakyat Sejahtera, indonesia maju
@radityoegi 
@m_syaiful.anwar 
@pemkab.lampungselatan 

#pesonamerahputihlampungselatan
#hutke80ri
#wisatalampungselatan 
#radityoegi
#syaifulanwar 
#kawasanmenarasiger 
#lampungselatanmaju
#bismillahbisa",Attraction,Siger,"bersatu, berdaulat, rakyat sejahtera, indonesia maju",pesonamerahputihlampungselatan hutke80ri wisatalampungselatan radityoegi syaifulanwar kawasanmenarasiger lampungselatanmaju bismillahbisa,bersatu berdaulat rakyat sejahtera indonesia maju
https://www.instagram.com/p/Ctk4yEVvovg/,309.jpg,45094.143773148149,"happy weekend...
Jangan lupa liburan bestieee...

#slanikwaterparklampung 
#slanikwaterpark 
#wisatalampungselatan 
#thelargestwaterparkinlampung 
#thetreasureofsumatra",Attraction,,happy weekend jangan lupa liburan bestieee,slanikwaterparklampung slanikwaterpark wisatalampungselatan thelargestwaterparkinlampung thetreasureofsumatra,happy weekend jangan lupa liburan bestiee
https://www.instagram.com/p/CtGRnw1Poly/,310.jpg,45082.255300925928,"Senja sore laut pantai kota kalianda 
#senja #pantai #kotakalianda #wisatalampung #wisatalampungselatan",Attraction,Sunset,senja sore laut pantai kota kalianda,senja pantai kotakalianda wisatalampung wisatalampungselatan,senja sore laut pantai kota kalianda
https://www.instagram.com/p/CRgJjv3hIbG/,311.jpg,44396.359988425917,"Tak hanya indah, Cagar Alam Krakatau menawarkan keanekaragaman hayati dan menjadi laboratorium alam raksasa. Yuk intip apa saja yang menarik dari laboratorium alam di lampung selatan ini  tinyurl.com/3aaedcx8 #wisatalampung #wisatalampungselatan  #wisataalamlampung #krakatau",Attraction,,"tak hanya indah, cagar alam krakatau menawarkan keanekaragaman hayati dan menjadi laboratorium alam raksasa. yuk intip apa saja yang menarik dari laboratorium alam di lampung selatan ini tinyurl.com/3aaedcx8",wisatalampung wisatalampungselatan wisataalamlampung krakatau,tak hanya indah cagar alam krakatau menawarkan keanekaragaman hayati dan menjadi laboratorium alam raksasa ayo intip apa saja yang menarik dari laboratorium alam di lampung selatan ini tinyurl com 3aaedcx8
https://www.instagram.com/p/CUl-KaoNRHU/,312.jpg,44473.186412037037,"Pengembala kebo😁
#gunungrajabasakalianda 
#wisatalampungselatan 
#selebgramlampung 
#wisatakalianda",Attraction,,pengembala kebo😁,gunungrajabasakalianda wisatalampungselatan selebgramlampung wisatakalianda,pengembala kebo senang
https://www.instagram.com/p/CP0U5nhMzGu/,313.jpg,44354.485775462963,"Santuy sejenak menikmati indahnya sunset @pantai_keduwarna 
Thanks Repost : @hestawiarni147 
#sunsetphotography 
#sunsetatthebeach 
#wisatalampungsai 
#mata_lampungku 
#wisatalampungselatan 
#kaliandahits 
#Kaliandaig",Attraction,Sunset,santuy sejenak menikmati indahnya sunset thanks repost,sunsetphotography sunsetatthebeach wisatalampungsai mata lampungku wisatalampungselatan kaliandahits kaliandaig,santuy sejenak menikmati indahnya sunset thanks repost
https://www.instagram.com/p/CQS-xR5rV3v/,314.jpg,44366.390694444453,"Basah KuYuppp

#lampunghits 
#lampungselatan 
#lampungfoodies 
#wisatalampungselatan",Attraction,,basah kuyuppp,lampunghits lampungselatan lampungfoodies wisatalampungselatan,basah kuyupp
https://www.instagram.com/p/CndXv4avWog/,315.jpg,44942.093981481477,"Hai sobat ,
Sudah ada yang kangen belum tempat ini .
Hari libur telah usai .
Waktunya beraktivitas kembali ,siapakan waktu untuk kita hiling lagi .☺️

from : @_triinyuwat 

#menyapalampung
#lampungmenyapa
#infoselampung
#lampung
#lamsel
#lampungselatan
#wisata
#pariwisata
#jalanjalan
#dolan
#sunrise 
#liburan
#piknik
#wisatalampungselatan",Attraction,,"hai sobat, sudah ada yang kangen belum tempat ini. hari libur telah usai. waktunya beraktivitas kembali,siapakan waktu untuk kita hiling lagi.☺️ from",menyapalampung lampungmenyapa infoselampung lampung lamsel lampungselatan wisata pariwisata jalanjalan dolan sunrise liburan piknik wisatalampungselatan,hai sobat sudah ada yang kangen belum tempat ini hari libur telah usai waktunya beraktivitas kembali siapakan waktu untuk kita hiling lagi senang from
https://www.instagram.com/p/CnBOQQwBjqz/,316.jpg,44931.162245370368,#wisatalampungselatan #pantai sanggar,Attraction,,sanggar,wisatalampungselatan pantai,sanggar
https://www.instagram.com/p/CW3WG6GPcZD/,317.jpg,44529.644131944442,"Jukung, adalah salah satu spot foto yang berada di Menara Siger yang menampilkan keindahan laut disekitar pelabuhan ASDP Bakauheni
.
.
.
.
📸 @janah.2410 
🌱 Menara Siger Bakauheni Lampung Selatan
.
.
.
.
.
.
#menarasiger 
#siger
#wisatabakauheni 
#wisatalampungselatan 
#tempatwisatalampung",Attraction,,"jukung, adalah salah satu spot foto yang berada di menara siger yang menampilkan keindahan laut disekitar pelabuhan asdp bakauheni 📸 🌱 menara siger bakauheni lampung selatan",menarasiger siger wisatabakauheni wisatalampungselatan tempatwisatalampung,jukung adalah salah satu spot foto yang berada di menara siger yang menampilkan keindahan laut disekitar pelabuhan asdp bakauheni kamera alam menara siger bakauheni lampung selatan
https://www.instagram.com/p/CMWWUEGM_l2/,318.jpg,44268.278101851851,"Wisata Gunung Batu, Tanjung Bintang, Lampung Selatan

✨ KUNJUNGAN KE POKDARWIS/BUMDES/KOPERASI ✨
. 
👥 Nama Mahasiswa : 
• M. Abid Rabbani (20756044)
• Nadiya Shabrina (20756046)
• Salsa Zulya Putri (20756052) 
. 
💯 Wisata Alam Gunung Batu dikelola resmi oleh Kelompok Sadar Wisata (POKDARWIS) yang bekerja sama dengan Badan Usaha Milik Desa (BUMDES) Desa Srikaton.
. 
💫 POKDARWIS sendiri merupakan lembaga kelompok masyarakat yang dibentuk untuk menjalankan kepariwisataan di Desa Srikaton serta bisa menciptakan sapta pesona. POKDARWIS Wisata Gunung Batu disahkan pada tanggal 10 Oktober 2019. Agar keberadaan kepariwisataan Gunung Batu bisa berjalan dengan baik dan kondusif maka diadakan kerja sama dengan Badan Usaha Milik Desa (BUMDES) Desa Srikaton.
. 
🌍 Lokasi : Wisata Alam Gunung Batu, Desa Srikaton, Kec.Tanjung Bintang, Kab.Lampung Selatan, Prov.Lampung, Indonesia. 
. 
#Repost @polinela_pw20b
#politekniknegerilampung #polinela #mahasiswapolinela #perjalananwisatapolinela #pwpolinela #anakpariwisata #pariwisatapolinela #kuliahpariwisata #tugaslapangan #pokdarwis #pokdarwislampung #bumdes #tatakelolaobjekwisata #anakkuliah #mahasiswalampung #mahasiswa #lampung #wisatalampung #lampungselatan #wisatalampungselatan #desasrikaton #gunungbatu",Ancillary,,"wisata gunung batu, tanjung bintang, lampung selatan ✨ kunjungan ke pokdarwis/bumdes/koperasi ✨. 👥 nama mahasiswa: m. abid rabbani (20756044) nadiya shabrina (20756046) salsa zulya putri (20756052). 💯 wisata alam gunung batu dikelola resmi oleh kelompok sadar wisata (pokdarwis) yang bekerja sama dengan badan usaha milik desa (bumdes) desa srikaton 💫 pokdarwis sendiri merupakan lembaga kelompok masyarakat yang dibentuk untuk menjalankan kepariwisataan di desa srikaton serta bisa menciptakan sapta pesona. pokdarwis wisata gunung batu disahkan pada tanggal 10 oktober 2019. agar keberadaan kepariwisataan gunung batu bisa berjalan dengan baik dan kondusif maka diadakan kerja sama dengan badan usaha milik desa (bumdes) desa srikaton 🌍 lokasi: wisata alam gunung batu, desa srikaton, kec.tanjung bintang, kab.lampung selatan, prov.lampung, indonesia",repost politekniknegerilampung polinela mahasiswapolinela perjalananwisatapolinela pwpolinela anakpariwisata pariwisatapolinela kuliahpariwisata tugaslapangan pokdarwis pokdarwislampung bumdes tatakelolaobjekwisata anakkuliah mahasiswalampung mahasiswa lampung wisatalampung lampungselatan wisatalampungselatan desasrikaton gunungbatu,wisata gunung batu tanjung bintang lampung selatan indah kunjungan ke pokdarwis bumdes koperasi indah nama mahasiswa m abid rabbani 20756044 nadiya shabrina 20756046 salsa zulya putri 20756052 wisata alam gunung batu dikelola resmi oleh kelompok sadar wisata pokdarwis yang bekerja sama dengan badan usaha milik desa bumdes desa srikaton pokdarwis sendiri merupakan lembaga kelompok masyarakat yang dibentuk untuk menjalankan kepariwisataan di desa srikaton serta bisa menciptakan sapta pesona pokdarwis wisata gunung batu disahkan pada tanggal 10 oktober 2019 agar keberadaan kepariwisataan gunung batu bisa berjalan dengan baik dan kondusif maka diadakan kerja sama dengan badan usaha milik desa bumdes desa srikaton bumi lokasi wisata alam gunung batu desa srikaton kec tanjung bintang kab lampung selatan prov lampung indonesia
https://www.instagram.com/p/DIu2E8th8c3/,319.jpg,45769.099618055552,"Rio By The Beach 😍🏝️

#riobythebeach #riobythebeachlampung #kaliandabeach #wisatalampung #wisatalampungselatan",Attraction,,rio by the beach 😍🏝️,riobythebeach riobythebeachlampung kaliandabeach wisatalampung wisatalampungselatan,rio by the beach suka pulau
https://www.instagram.com/p/CT5bOcoBrVR/,320.jpg,44455.886504629627,"#Repost @rudy_8.2
...
Jangan cuman melihat hasil nya
TAPI
Nikmati & lihat proses nya

#pematangsunrise #pematangsunriselampung #bakauhenilampung #wisatabakauheni #wisatalampung #wisatalampungselatan #wisatabandarlampung #explorelampung",Attraction,,jangan cuman melihat hasil nya tapi nikmati dan lihat proses nya,repost pematangsunrise pematangsunriselampung bakauhenilampung wisatabakauheni wisatalampung wisatalampungselatan wisatabandarlampung explorelampung,jangan cuman melihat hasil nya tapi nikmati dan lihat proses nya
https://www.instagram.com/p/CaQl9NGvi0W/,321.jpg,44614.014745370368,"Hormon yang terlalu mengada-ada. Rindu pantai kok sepagi ini. Bilang aja cuma mau menghindari hari yang baru Selasa dengan jadwal meeting pekanan yang horror luar biasa 💔

#pantaisetigiheni #wisatalampungselatan #pantailampungselatan #pesisirkalianda #desacanggung #beachboys",Attraction,,hormon yang terlalu mengada-ada. rindu pantai kok sepagi ini. bilang aja cuma mau menghindari hari yang baru selasa dengan jadwal meeting pekanan yang horror luar biasa 💔,pantaisetigiheni wisatalampungselatan pantailampungselatan pesisirkalianda desacanggung beachboys,hormon yang terlalu mengada ada rindu pantai kok sepagi ini bilang saja cuma mau menghindari hari yang baru selasa dengan jadwal meeting pekanan yang horror luar biasa
https://www.instagram.com/p/CdsSu3CvEkd/,322.jpg,44699.33761574074,"Kenal mereka, dr 2013 saat awal kuliah sampai skrng. Dr seneng, sakit, duka, udh di lewatin ya kak, mbk. 
Klw bisa ketemu ya ketemu, bisa jalan ya jalan. 
1 motor ber 3 ??? 
GassSs..
#waytebingceppa(wtcKalianda)
#wisatalampungselatan",Attraction,,"kenal mereka, dr 2013 saat awal kuliah sampai skrng. dr seneng, sakit, duka, udh di lewatin ya kak, mbk. klw bisa ketemu ya ketemu, bisa jalan ya jalan. 1 motor ber 3? gassss (wtckalianda)",waytebingceppa wisatalampungselatan,kenal mereka dari 2013 saat awal kuliah sampai sekarang dari seneng sakit duka sudah di lewatin ya kak mbk kalau bisa ketemu ya ketemu bisa jalan ya jalan 1 motor ber 3 gass wtckalianda
https://www.instagram.com/p/Cd-gfCzvhoJ/,323.jpg,44706.411574074067,"Kebone rak iso di jak poto . Rak enek bakat lah . . .

#gunungrajabasa
#kalianda
#lampungselatan
#wisatalampungselatan",Attraction,,kebone rak iso di jak poto. rak enek bakat lah,gunungrajabasa kalianda lampungselatan wisatalampungselatan,kebone rak iso di jak poto rak enek bakat lah
https://www.instagram.com/p/CawCktIvGGQ/,324.jpg,44626.22760416667,"Happy weekend ☕
Gaes ada wisata baru lagi nih di Lampung Selatan namanya Pesona Bumi Krawang berlokasi di Desa Krawangsari Kecamatan Natar Lampung Selatan.

Disini banyak banget wahana menarik yang siap menguji adrenalin kalian misalnya Wahana Sepeda Gantung, karpet terbang dan flying fox. Untuk info lengkap terkait tiket masuk dan fasilitas lainnya klik link di story' ya
.
.
.
.
.
#pesonabumikrawang
#wisatalampungselatan 
#weekend 
#sepedagantung 
#outdoors 
#holiday 
#traveling 
#travel",Amenities,Wahana Permainan,"happy weekend ☕ gaes ada wisata baru lagi nih di lampung selatan namanya pesona bumi krawang berlokasi di desa krawangsari kecamatan natar lampung selatan. disini banyak banget wahana menarik yang siap menguji adrenalin kalian misalnya wahana sepeda gantung, karpet terbang dan flying fox. untuk info lengkap terkait tiket masuk dan fasilitas lainnya klik link di story' ya",pesonabumikrawang wisatalampungselatan weekend sepedagantung outdoors holiday traveling travel,happy weekend gaes ada wisata baru lagi ini di lampung selatan namanya pesona bumi krawang berlokasi di desa krawangsari kecamatan natar lampung selatan disini banyak banget wahana menarik yang siap menguji adrenalin kalian misalnya wahana sepeda gantung karpet terbang dan flying fox untuk info lengkap terkait tiket masuk dan fasilitas lainnya klik link di story ya
https://www.instagram.com/p/CWoowLevoKo/,325.jpg,44523.931851851848,"Hidup bagaikan mengayuh sepeda terus bergerak sampai tujuan. Ketika berhenti mengayuh kamu akan jatuh
.
Semangat pagi
Good morning

.
===========================
#landscape_photography #landscapephotography #photographylandscape
 #beautifulindonesia 
#landscapelovers  #loveindonesia  #photographylovers  #indonesiaku #lampunglandscapers  #lampunglandscape  #lampungphotography  #lampungexpoler #alamlampung_
#mata_lampungku 
#kebunkaret #jatiagunglampungselatan  #jatiagung  #pariwisatalampung  #pariwisatalampungselatan  #wisatalampung  #wisatalampungselatan  #gowescantik  #gowesholic  #gowessantai  #goweslampung  #gowesnusantara #gowessehat  #sepedaonthel",Attraction,,hidup bagaikan mengayuh sepeda terus bergerak sampai tujuan. ketika berhenti mengayuh kamu akan jatuh. semangat pagi good morning,landscape photography landscapephotography photographylandscape beautifulindonesia landscapelovers loveindonesia photographylovers indonesiaku lampunglandscapers lampunglandscape lampungphotography lampungexpoler alamlampung mata lampungku kebunkaret jatiagunglampungselatan jatiagung pariwisatalampung pariwisatalampungselatan wisatalampung wisatalampungselatan gowescantik gowesholic gowessantai goweslampung gowesnusantara gowessehat sepedaonthel,hidup bagaikan mengayuh sepeda terus bergerak sampai tujuan ketika berhenti mengayuh kamu akan jatuh semangat pagi good morning
https://www.instagram.com/p/CQogPzeMoOJ/,326.jpg,44374.749421296299,"Semoga sampai ujung waktu, tempat ini bisa selalu mengukir senyuman idah kebahagiaan..
Camping malam minggu @pantai_keduwarna 
#pantai_keduwarna 
#campinglampung 
#wisatalampungselatan 
#wonderfullampungselatan 
#Kaliandaig",Attraction,,"semoga sampai ujung waktu, tempat ini bisa selalu mengukir senyuman idah kebahagiaan camping malam minggu",pantai keduwarna campinglampung wisatalampungselatan wonderfullampungselatan kaliandaig,semoga sampai ujung waktu tempat ini bisa selalu mengukir senyuman idah kebahagiaan camping malam minggu
https://www.instagram.com/p/CPLLVlcHTjI/,327.jpg,44338.504930555559,"besok kemana lagi kita???

#wisatalampungselatan 
#pantaipesisirlampung 
#holidays",Attraction,,besok kemana lagi kita?,wisatalampungselatan pantaipesisirlampung holidays,besok kemana lagi kita
https://www.instagram.com/p/CMV61HIMf24/,328.jpg,44268.111331018517,"Pantai Kedu warna

✨ KUNJUNGAN KE POKDARWIS/BUMDES/KOPERASI ✨
. 
👥 Nama Mahasiswa : Wiwinda Silitonga (20756056) 
. 
💯 Kelompok Sadar Wisata (POKDARWIS) Pantai Kedu Warna. Pengelolaan yang ada di objek wisata ini bisa di bilang sudah cukup baik, mengapa bisa dikatakan begitu? walaupun anggota pokdarwis di pantai tersebut hanya berjumlah 8 orang saja tetapi kebersihan, jumlah pengunjung, desain spot foto, serta lokasi objek wisatanya sudah cukup amat baik.
. 
💫 Pokdarwis Pantai Kedu Warna ini sangat rutin untuk membersihkan lokasi objek wisata tersebut. Mereka mulai membersihkan lokasi tersebut mulai dari pukul 06.00 WIB pagi, hal ini membuktikan kerja keras dari pokdarwis yang ada di Pantai Kedu Warna ini begitu semangat untuk mengembangkan destinasi wisata tersebut. Rencana pengembangan Pantai Kedu Warna sedang dirancang oleh pokdarwis. 
. 
🌍 Lokasi : Pantai Kedu Warna, Sinar Laut, Kel.Way Urang, Kec.Kalianda, Kab.Lampung Selatan, Prov.Lampung, Indonesia. 
. 
#Repost @polinela_pw20b
#politekniknegerilampung #polinela #perjalananwisatapolinela #pwpolinela #anakpariwisata #kuliahpolinela #pariwisatapolinela #kuliahpariwisata #tugaslapangan #pokdarwis #pokdarwislampung #tatakelolaobjekwisata #anakkuliah #mahasiswalampung #mahasiswa #lampung #wisatalampung #lampungselatan #wisatalampungselatan #pantaikeduwarna #pantaikedu",Ancillary,Kelompok Wisata,"pantai kedu warna ✨ kunjungan ke pokdarwis/bumdes/koperasi ✨. 👥 nama mahasiswa: wiwinda silitonga (20756056). 💯 kelompok sadar wisata (pokdarwis) pantai kedu warna. pengelolaan yang ada di objek wisata ini bisa di bilang sudah cukup baik, mengapa bisa dikatakan begitu? walaupun anggota pokdarwis di pantai tersebut hanya berjumlah 8 orang saja tetapi kebersihan, jumlah pengunjung, desain spot foto, serta lokasi objek wisatanya sudah cukup amat baik 💫 pokdarwis pantai kedu warna ini sangat rutin untuk membersihkan lokasi objek wisata tersebut. mereka mulai membersihkan lokasi tersebut mulai dari pukul 06.00 wib pagi, hal ini membuktikan kerja keras dari pokdarwis yang ada di pantai kedu warna ini begitu semangat untuk mengembangkan destinasi wisata tersebut. rencana pengembangan pantai kedu warna sedang dirancang oleh pokdarwis 🌍 lokasi: pantai kedu warna, sinar laut, kel.way urang, kec.kalianda, kab.lampung selatan, prov.lampung, indonesia",repost politekniknegerilampung polinela perjalananwisatapolinela pwpolinela anakpariwisata kuliahpolinela pariwisatapolinela kuliahpariwisata tugaslapangan pokdarwis pokdarwislampung tatakelolaobjekwisata anakkuliah mahasiswalampung mahasiswa lampung wisatalampung lampungselatan wisatalampungselatan pantaikeduwarna pantaikedu,pantai kedu warna indah kunjungan ke pokdarwis bumdes koperasi indah nama mahasiswa wiwinda silitonga 20756056 kelompok sadar wisata pokdarwis pantai kedu warna pengelolaan yang ada di objek wisata ini bisa di bilang sudah cukup baik mengapa bisa dikatakan begitu walaupun anggota pokdarwis di pantai tersebut hanya berjumlah 8 orang saja tetapi kebersihan jumlah pengunjung desain spot foto serta lokasi objek wisatanya sudah cukup amat baik pokdarwis pantai kedu warna ini sangat rutin untuk membersihkan lokasi objek wisata tersebut mereka mulai membersihkan lokasi tersebut mulai dari pukul 06 00 wib pagi hal ini membuktikan kerja keras dari pokdarwis yang ada di pantai kedu warna ini begitu semangat untuk mengembangkan destinasi wisata tersebut rencana pengembangan pantai kedu warna sedang dirancang oleh pokdarwis bumi lokasi pantai kedu warna sinar laut kel way urang kec kalianda kab lampung selatan prov lampung indonesia
https://www.instagram.com/p/CpXrs-IrvuM/,329.jpg,44989.59516203704,Kebersamaan Way Tebing Ceppa Kalianda Lampung Selatan✨👍🏻🌊😇😊 #waytebingceppa #wisatalampung #wisatalampungselatan,Attraction,,kebersamaan way tebing ceppa kalianda lampung selatan✨👍🏻🌊😇😊,waytebingceppa wisatalampung wisatalampungselatan,kebersamaan way tebing ceppa kalianda lampung selatan indah bagus laut senang senang
https://www.instagram.com/p/CSDgYtPhAMU/,330.jpg,44410.091168981482,"Terima kasih kk kk kece 
Ditunggu ya acara camp selanjutnya 

Lokasi : @pantaikedu 
#wisatalampungselatan #wisatalampung #wisatakalianda #kaliandaig #kaliandaoutdoor",Attraction,,terima kasih kk kk kece ditunggu ya acara camp selanjutnya lokasi,wisatalampungselatan wisatalampung wisatakalianda kaliandaig kaliandaoutdoor,terima kasih kk kk kece ditunggu ya acara camp selanjutnya lokasi
https://www.instagram.com/p/CUhYVLfvi4_/,331.jpg,44471.403402777767,"Hidup adalah 10 % hal yang terjadi pada kita ,dan 90 % bagaimana kita meresponnya.

🚢🔭📌 lok :Dermaga  Eksekutif
  Pelabuhan Bakauheni 

#kelilinglampung
#wisatalampungselatan
#explorelampung
#gengkwaciexplore
#sahabattravellerlampung
#parapejalanlampung
#mata_lampungku
#wajahlampung",Accessibility ,Dermaga,"hidup adalah 10 % hal yang terjadi pada kita,dan 90 % bagaimana kita meresponnya. 🚢🔭📌 lok:dermaga eksekutif pelabuhan bakauheni",kelilinglampung wisatalampungselatan explorelampung gengkwaciexplore sahabattravellerlampung parapejalanlampung mata lampungku wajahlampung,hidup adalah 10 hal yang terjadi pada kita dan 90 bagaimana kita meresponnya lokasi lok dermaga eksekutif pelabuhan bakauheni
https://www.instagram.com/p/CPn7b3arggK/,332.jpg,44349.670914351853,#kurnianoen #kurnianoentravelling #pantaiembe #embebeach #mbbeach #pantaimb #merakbelatung #wisatalampungselatan #pariwisatalampungselatan #wisatalampung,Attraction,,,kurnianoen kurnianoentravelling pantaiembe embebeach mbbeach pantaimb merakbelatung wisatalampungselatan pariwisatalampungselatan wisatalampung,
https://www.instagram.com/p/CN_efAbBGw6/,333.jpg,44309.105636574073,"Wisata Alam. Gunung Batu. Desa Sri  Katon. Tanjung Bintang, Lampung Selatan.
.
.
Foto @rudiafrian04 TENANGLAH
tak perlu iri kita punya takdir masing masing,
hidup yg terlihat mewah belum tentu benar-benar indah.
.
.
Follow :
@jalanjalandilampung
@parapejalanlampung
@sahabattravellerlampung
@sahabattravellerindonesia
@pesonatraveller
.
.
#wisatalampungselatan
#tanjungbintang #gunungbatu
#jalanjalanlampung #jalanjalandilampung
#lampung #ayodolan 
#idpejalan #idpetualang 
#mytripmyadventure #mtma
#indonesiantraveller #indotravels
#triplampung #traveling 
#explore #nusantarakita #exploreindonesia #travellers #indozonetravel #travellampung 
#fotonesia #adventure 
#instagood #indotravellers 
#like4like #fff #likeforfollow 
#pesonaindonesia",Attraction,,"wisata alam. gunung batu. desa sri katon. tanjung bintang, lampung selatan foto tenanglah tak perlu iri kita punya takdir masing masing, hidup yg terlihat mewah belum tentu benar-benar indah follow",wisatalampungselatan tanjungbintang gunungbatu jalanjalanlampung jalanjalandilampung lampung ayodolan idpejalan idpetualang mytripmyadventure mtma indonesiantraveller indotravels triplampung traveling explore nusantarakita exploreindonesia travellers indozonetravel travellampung fotonesia adventure instagood indotravellers like4like fff likeforfollow pesonaindonesia,wisata alam gunung batu desa sri katon tanjung bintang lampung selatan foto tenanglah tak perlu iri kita punya takdir masing masing hidup yang terlihat mewah belum tentu benar benar indah follow
https://www.instagram.com/p/CYTCf0zLzBY/,334.jpg,44565.254386574074,"Sans pinggir pantai:v
.
#janah2410 #storyaesthetic99 #ａｅｓｔｈｅｔｉｃ#selebgramlampuung #selebgramlampung_id #selebgramlampung_ #selebgramindonesia #ootdstyle #ootddaily #ootdfashion #wisatalampung #wisatalampungselatan #selebgram_lampung_id #pantaimarinakalianda #pantaimarinalampung #pantaimarina #fypシ #fypinstagram #fypindonesia #fff💋 #lfl💛 #fff😊 #lll #lflfff❤ #ombakpantai",Attraction,,sans pinggir pantai:v. シ 💋 💛 😊 ❤,janah2410 storyaesthetic99 aesthetic selebgramlampuung selebgramlampung id selebgramlampung selebgramindonesia ootdstyle ootddaily ootdfashion wisatalampung wisatalampungselatan selebgram lampung id pantaimarinakalianda pantaimarinalampung pantaimarina fyp fypinstagram fypindonesia fff lfl lll lflfff ombakpantai,sans pinggir pantai v cinta cinta senang cinta
https://www.instagram.com/p/CU-NSWfvzDS/,335.jpg,44482.598865740743,"Menurut saya, wisata terlengkap di lampung itu di kabupaten lampung selatan. Di lampung selatan, terdapat gunung, laut, belerang, air terjun, tebing, dll. bahkan gunung berapi pun ada. Di lampung selatan juga terdapat beberapa aktifitas wisata. seperti di pantai kalianda, kalian bisa surfing juga di sini #kurnianoen
#wisatalampungselatan
#surfmatrasouthlampung
#surf
#beach",Attraction,,"menurut saya, wisata terlengkap di lampung itu di kabupaten lampung selatan. di lampung selatan, terdapat gunung, laut, belerang, air terjun, tebing, dll. bahkan gunung berapi pun ada. di lampung selatan juga terdapat beberapa aktifitas wisata. seperti di pantai kalianda, kalian bisa surfing juga di sini",kurnianoen wisatalampungselatan surfmatrasouthlampung surf beach,menurut saya wisata terlengkap di lampung itu di kabupaten lampung selatan di lampung selatan terdapat gunung laut belerang air terjun tebing dll bahkan gunung berapi pun ada di lampung selatan juga terdapat beberapa aktifitas wisata seperti di pantai kalianda kalian bisa surfing juga di sini
https://www.instagram.com/p/CZapYv9pNHx/,336.jpg,44593.064039351862,"Sunset nya indah banget kek omongan kamu 🤧
.
.
.
#pariwisatalampung #parapejalanlampung #wisatalampungselatan #berandalampung #potretlampung #hijabtraveller #lampunghits #inilampungyay #lampunggeh #likeforlikes #likesforlike #likeforlikeback #like4likes #likeforfollow #lll #llllllllllllllllllllllllllllllllllllllllllllllllllllllllllllllllllllll",Attraction,,sunset nya indah banget kek omongan kamu 🤧,pariwisatalampung parapejalanlampung wisatalampungselatan berandalampung potretlampung hijabtraveller lampunghits inilampungyay lampunggeh likeforlikes likesforlike likeforlikeback like4likes likeforfollow lll llllllllllllllllllllllllllllllllllllllllllllllllllllllllllllllllllllll,sunset nya indah banget kek omongan kamu
https://www.instagram.com/p/CrHpcvwSJjy/,337.jpg,45033.077974537038,"Senja mengajarkan kita bahwa keindahan tak harus datang lebih awal 🤗🤗
.
#wisatalampung 
#wisatalampungselatan 
#pantai 
#pantailampung 
#pesonaindonesia",Attraction,,senja mengajarkan kita bahwa keindahan tak harus datang lebih awal 🤗🤗,wisatalampung wisatalampungselatan pantai pantailampung pesonaindonesia,senja mengajarkan kita bahwa keindahan tak harus datang lebih awal ramah ramah
https://www.instagram.com/p/CbnQZqyv5WU/,338.jpg,44647.671388888892,"Mendungpun tampak indah jika disitu ada cinta 😍😍

Foto repost @gfnphotography 

#pantai_keduwarna 
#preweddingphotography 
#wisatalampungselatan 
#ilovelampung 
#wisatakenallampung 
#kaliandaig",Attraction,,mendungpun tampak indah jika disitu ada cinta 😍😍 foto repost,pantai keduwarna preweddingphotography wisatalampungselatan ilovelampung wisatakenallampung kaliandaig,mendungpun tampak indah jika disitu ada cinta suka suka foto repost
https://www.instagram.com/p/Cc7AwRhPJtq/,339.jpg,44680.198807870373,"Kepantai Berenang❌
Kepantai Ngamen✔️
😂🤣

#fujifilm #fujifilmxseries #fujifilmxt200 #xt200 #Siriant #SiriantPhotography #pantai #pantailampung #pantailampungselatan #pantaikalianda #pantaikaliandalampung #pantaiindonesia #mbeach #mbeachlampung #wisatalampung #wisatalampungselatan #holiday #liburan #liburlebaran",Attraction,,kepantai berenang❌ kepantai ngamen✔️ 😂🤣,fujifilm fujifilmxseries fujifilmxt200 xt200 siriant siriant photography pantai pantailampung pantailampungselatan pantaikalianda pantaikaliandalampung pantaiindonesia mbeach mbeachlampung wisatalampung wisatalampungselatan holiday liburan liburlebaran,kepantai berenang kepantai ngamen tertawa tertawa
https://www.instagram.com/p/Ctv8UOEJPVL/,340.jpg,45098.437199074076,"True
. 
. 
. 
. 
. 
. 
📌lok. Sanggarbeac kec. Kalianda Lampung Selatan 
. 
. 
. 
. 
. 
. 
#sanggarbeach #sanggarbeach_lpg #pantailampung #pantailampungselatan #kalianda #lampung #wisatalampung #wisatalampungselatan #lampunghits #infolampung #ily #ilyy #like #likesforlike #instalike #liketime #likes #followforfollowback #followers",Attraction,,true 📌lok. sanggarbeac kec. kalianda lampung selatan,sanggarbeach sanggarbeach lpg pantailampung pantailampungselatan kalianda lampung wisatalampung wisatalampungselatan lampunghits infolampung ily ilyy like likesforlike instalike liketime likes followforfollowback followers,true lokasi lok sanggarbeac kec kalianda lampung selatan
https://www.instagram.com/p/CyPb-aOSRBv/,341.jpg,45210.089050925933,"Taman di Area Makam Pahlawan Nasional Raden Intan II

#makamradenintan
#makamradenintankalianda 
#makamradenintanII
#lampungselatan 
#wisatalampungselatan",Attraction,Makam Pahlawan,taman di area makam pahlawan nasional raden intan ii,makamradenintan makamradenintankalianda makamradenintan ii lampungselatan wisatalampungselatan,taman di area makam pahlawan nasional raden intan ii
https://www.instagram.com/p/CcEHEX4PQ_D/,342.jpg,44658.877245370371,"Tak usah melebih - lebihkan, saya memang bukan orang baik, tapi saya tak sejahat yg kamu katakan. 

#pulauumang #pulauumangumang #pulausebesi #pulausebesilampung #rajabasa #lampungselatan #lampung #sebesiapdate #puloexplore #lampunggeh #lampunghits #wisatalampung #wisatalampungselatan #traveling #liburan",Attraction,,"tak usah melebih - lebihkan, saya memang bukan orang baik, tapi saya tak sejahat yg kamu katakan",pulauumang pulauumangumang pulausebesi pulausebesilampung rajabasa lampungselatan lampung sebesiapdate puloexplore lampunggeh lampunghits wisatalampung wisatalampungselatan traveling liburan,tak usah melebih lebihkan saya memang bukan orang baik tapi saya tak sejahat yang kamu katakan
https://www.instagram.com/p/CYQo4dhPV7k/,343.jpg,44564.322233796287,"Gimana kesan kalian liat Pantai Sebalang yang sekarang? 
.
.
📸 @intanpahawang 
.
#SebalangBeach #lampung #lampunginsta #potretlampung #explorelampung #wisatalampung #wisatalampungselatan #lampunghits #lampungkece",Attraction,,gimana kesan kalian liat pantai sebalang yang sekarang? 📸,sebalang beach lampung lampunginsta potretlampung explorelampung wisatalampung wisatalampungselatan lampunghits lampungkece,gimana kesan kalian liat pantai sebalang yang sekarang kamera
https://www.instagram.com/p/CliCC8KB_xN/,344.jpg,44894.193819444437,"The Little Pony 🌻
•
#mini #minipony #klangenan #klangenanindonesia #lampung #lampunghits #lampunggeh #wisatalampung #wisatalampungselatan",Amenities,wahana Kudu,the little pony 🌻,mini minipony klangenan klangenanindonesia lampung lampunghits lampunggeh wisatalampung wisatalampungselatan,the little pony
https://www.instagram.com/p/CjLGvcfp7gW/,345.jpg,44835.579733796287,"Mbuh piye carane pokok'e kudu seneng 😊

#tole
#atayamilanalfarizqi 
#radevamilanannavaran 
#liburan
#pantai
#anakpantai 
#pantaikeduwarna 
#keduwarna 
#pantaikeduwarnakalianda 
#wisatakalianda 
#wisatalampungselatan 
#wisatalampung",Attraction,,mbuh piye carane pokok'e kudu seneng 😊,tole atayamilanalfarizqi radevamilanannavaran liburan pantai anakpantai pantaikeduwarna keduwarna pantaikeduwarnakalianda wisatakalianda wisatalampungselatan wisatalampung,mbuh piye carane pokok e kudu seneng senang
https://www.instagram.com/p/CV9vB4Jvn_T/,346.jpg,44507.27039351852,"Yuk berwisata ke Pantai Semukuk, banyak fasilitas dan spot foto menarik disana.
.
.
.
.
.
.
.
.
.
📸@novicamailanti
📍 @pantai.semukuk
🌏 Jl. Pesisir Desa pauh Tanjung Iman Kec. kalianda kab. LAMPUNG SELATAN
.
.
.
.
#pantaisemukuk 
#wisatakalianda 
#wisatalampungselatan 
#indonesiaparadise 
#wisatalampung",Attraction,,"yuk berwisata ke pantai semukuk, banyak fasilitas dan spot foto menarik disana 📸 📍 🌏 jl. pesisir desa pauh tanjung iman kec. kalianda kab. lampung selatan",pantaisemukuk wisatakalianda wisatalampungselatan indonesiaparadise wisatalampung,ayo berwisata ke pantai semukuk banyak fasilitas dan spot foto menarik disana kamera lokasi bumi jl pesisir desa pauh tanjung iman kec kalianda kab lampung selatan
https://www.instagram.com/p/CWlg9vLh8Na/,347.jpg,44522.719502314823,"Prewedding
.
.
.
.
Ms. @mardaneli_shavira & 
Mr. @trmztaher_ 
.
.
.
Mua : @_antonprastyo 
Foto : @asep_photography 
Lightning : @dull.project
Cinematik : @screen.shoot_lpg / @ahmadtri.wb
.
.
.
.
#preweddingcasual 
#preweddingoutdoor 
#preweddingalam 
#preweddingsantai 
#preweddingconcep 
#temaprewedding 
#myprewedding 
#preweddingfotography 
#thepreweddingphotography 
#kaliandaphotography 
#menujuhalal2022 
#komitmenbersama 
#preweddingsawah 
#lampungkece 
#ga_lampung_hits 
#kelampunggeh 
#wisatakalianda 
#wisatalampungselatan 
#lampunghitss 
#lampungyai 
#lampungkerenyay",Attraction,,prewedding ms. dan mr mua: foto: lightning: cinematik: /,preweddingcasual preweddingoutdoor preweddingalam preweddingsantai preweddingconcep temaprewedding myprewedding preweddingfotography thepreweddingphotography kaliandaphotography menujuhalal2022 komitmenbersama preweddingsawah lampungkece ga lampung hits kelampunggeh wisatakalianda wisatalampungselatan lampunghitss lampungyai lampungkerenyay,prewedding ms dan mr mua foto lightning cinematik
https://www.instagram.com/p/CUplqMVPsFi/,348.jpg,44474.591168981482,"Alhamdulillah...

Field trip kj2 ke kalianda.
Wisata yang menyenangkan itu ya wisata alam...tadaburnya...ya harus itu...

#wtckalianda
Yang belum kisini sebaiknya pagi kalau udah siang pengunjungnya rame banget.

#pantai_kudu_kalianda.
Ya... sebaiknya sore ya guys
#wisatalampung 
#wisatalampungselatan",Ancillary,Kelompok Wisata,alhamdulillah field trip kj2 ke kalianda. wisata yang menyenangkan itu ya wisata alam tadaburnya ya harus itu yang belum kisini sebaiknya pagi kalau udah siang pengunjungnya rame banget ya sebaiknya sore ya guys,wtckalianda pantai kudu kalianda wisatalampung wisatalampungselatan,alhamdulillah field trip kj2 ke kalianda wisata yang menyenangkan itu ya wisata alam tadaburnya ya harus itu yang belum kisini sebaiknya pagi kalau sudah siang pengunjungnya rame banget ya sebaiknya sore ya guys
https://www.instagram.com/p/CLPQ23Zlkp-/,349.jpg,44240.671331018522,"@tamanwisatapancurindah  Liburan keluarga yg gak jauh dari Bandar Lampung, suasana Asri dengan pemandangan Alam dan udara yang bersih, tiket masuk juga terjangkau bagi masyarakat 😍
#tamanwisatapancurindah 
#wisatalampungselatan 
#explorejatiagung 
#explorelampungselatan 
#explorelampung",Attraction,,"liburan keluarga yg gak jauh dari bandar lampung, suasana asri dengan pemandangan alam dan udara yang bersih, tiket masuk juga terjangkau bagi masyarakat 😍",tamanwisatapancurindah wisatalampungselatan explorejatiagung explorelampungselatan explorelampung,liburan keluarga yang tidak jauh dari bandar lampung suasana asri dengan pemandangan alam dan udara yang bersih tiket masuk juga terjangkau bagi masyarakat suka
https://www.instagram.com/p/CR_v6kXlgfG/,350.jpg,44408.631956018522,"Vit sea🌊

#pantai_keduwarna #wisatalampung #wisatalampungselatan #potretlampung #lampungkuy  #lfl💛",Attraction,,vit sea🌊 💛,pantai keduwarna wisatalampung wisatalampungselatan potretlampung lampungkuy lfl,vit sea laut cinta
https://www.instagram.com/p/CdLQaRwK8w4/,351.jpg,44686.507604166669,"Wanitaku🥰😘

#fujifilm #fujifilmxseries #fujifilmxt200 #xt200 #Siriant #SiriantPhotography #pantai #pantailampung #pantailampungselatan #pantaikalianda #pantaikaliandalampung #pantaiindonesia #landscapephotography #landscape #wisatalampung #wisatalampungselatan #holiday #liburan #liburlebaran",Attraction,,wanitaku🥰😘,fujifilm fujifilmxseries fujifilmxt200 xt200 siriant siriant photography pantai pantailampung pantailampungselatan pantaikalianda pantaikaliandalampung pantaiindonesia landscapephotography landscape wisatalampung wisatalampungselatan holiday liburan liburlebaran,wanitaku suka
https://www.instagram.com/p/CXFaBRAPeVF/,352.jpg,44535.104930555557,"Pantai Setigi Heni, salah satu pantai yang menyajikan hamparan pantai indah dengan nuansa alam yang masih sangat terjaga kelestariannya
.
.
.
.
.
📸 @septianyt_
📍Pantai Setigi Heni, kalianda, Lampung selatan

#pantaisetigiheni 
#pantaikalianda 
#wisatalampungselatan 
#tempatwisatalampung 
#wisataindonesia",Attraction,,"pantai setigi heni, salah satu pantai yang menyajikan hamparan pantai indah dengan nuansa alam yang masih sangat terjaga kelestariannya 📸 📍pantai setigi heni, kalianda, lampung selatan",pantaisetigiheni pantaikalianda wisatalampungselatan tempatwisatalampung wisataindonesia,pantai setigi heni salah satu pantai yang menyajikan hamparan pantai indah dengan nuansa alam yang masih sangat terjaga kelestariannya kamera lokasi pantai setigi heni kalianda lampung selatan
https://www.instagram.com/p/CPf4OPGlcs_/,353.jpg,44346.544525462959,"🔥🔥🔥
.
.
📸 @redwinglady 
.
.
#SebalangBeach#lampung #lampunginsta #potretlampung #explorelampung #wisatalampung #wisatalampungselatan #lampunghits #lampungkece",Attraction,,🔥🔥🔥 📸,sebalang beach lampung lampunginsta potretlampung explorelampung wisatalampung wisatalampungselatan lampunghits lampungkece,kamera
https://www.instagram.com/p/CUzsMsRJx63/,354.jpg,44478.514467592591,"#pantaikeduwarna , #wisatalampungselatan , #wisatalampung",Attraction,,,pantaikeduwarna wisatalampungselatan wisatalampung,
https://www.instagram.com/p/ChmRlM0JIn0/,355.jpg,44796.421006944453,"Bahagia lebih bagus 🤓🫶
#wisatapantailampungselatan #wisatapantailampung #wisatalampungselatan #boyhair #lampunghits #lampunggeh",Attraction,,bahagia lebih bagus 🤓🫶,wisatapantailampungselatan wisatapantailampung wisatalampungselatan boyhair lampunghits lampunggeh,bahagia lebih bagus
https://www.instagram.com/p/CWOMAMjJ86c/,356.jpg,44513.66,"Membaca adalah cara saya memahami semuanya.
- But, everyone doesn't want to understand me
.
@sebalangyay 
@sebalangbeach 
.
#diarygadisbiru #quotesoftheday #pathdailyquote #pathdaily #pathbaper #ruangkata #ruangrasa #kutipankata  #kutipanrasa #wisatalampung #wisatakalianda #wisatalampungselatan #explorelampungselatan",Attraction,,"membaca adalah cara saya memahami semuanya. - but, everyone doesn't want to understand me",diarygadisbiru quotesoftheday pathdailyquote pathdaily pathbaper ruangkata ruangrasa kutipankata kutipanrasa wisatalampung wisatakalianda wisatalampungselatan explorelampungselatan,membaca adalah cara saya memahami semuanya but everyone doesn t want to understand me
https://www.instagram.com/p/CR_wO_PFwKI/,357.jpg,44408.633888888893,"Sunsetnya😍

🌅
#pantai_keduwarna #wisatalampung #wisatalampungselatan #lampunghits #potretlampung #traveling #lfl💛",Attraction,Sunset,sunsetnya😍 🌅 💛,pantai keduwarna wisatalampung wisatalampungselatan lampunghits potretlampung traveling lfl,sunsetnya suka matahari terbit cinta
https://www.instagram.com/p/CQSSgBdBEkp/,358.jpg,44366.122060185182,"Natural beauty,,so clear's water, maintained beach it's cleanliness and the towering Raja Basa Mount be Complete the Panorama of Kalianda Beach - South Lampung...
Come Join Us.....!!! 😊😊😄😄
@inilampungyay
@salepisangzhayha
@pikniklampung
#visitelampungselatan 
#wisatalampungselatan 
#indonesiawonderful 
#visitelampung",Attraction,,"natural beauty,so clear's water, maintained beach it's cleanliness and the towering raja basa mount be complete the panorama of kalianda beach - south lampung come join us! 😊😊😄😄",visitelampungselatan wisatalampungselatan indonesiawonderful visitelampung,natural beauty so clear s water maintained beach it s cleanliness and the towering raja basa mount be complete the panorama of kalianda beach south lampung come join us senang senang
https://www.instagram.com/p/CdnlS4iPp2w/,359.jpg,44697.508449074077,"#sapenanbeach 
#kaliandalagi 
#wisatalampungselatan 
#16mei2022",Attraction,Slide 2 dan setrusnya,,sapenanbeach kaliandalagi wisatalampungselatan 16mei2022,
https://www.instagram.com/p/CYgQX2NLBDL/,360.jpg,44570.387291666673,"#Repost @so.aditc
...
I have a lot to say.

#wisataindonesia #wisatalampung #alaualauresort #따르다 #wisatalampungselatan",Attraction,,i have a lot to say. #따르다,repost wisataindonesia wisatalampung alaualauresort wisatalampungselatan,i have a lot to say
https://www.instagram.com/p/CRv3Ii8Dv-Y/,361.jpg,44402.461967592593,"holiday  vibe with trowback 2019🤭
#tegalmasisland #tegalmaslampung #wisatalampungselatan #wisatalampung",Attraction,,holiday vibe with trowback 2019🤭,tegalmasisland tegalmaslampung wisatalampungselatan wisatalampung,holiday vibe with trowback 2019 malu
https://www.instagram.com/p/CPHyey6NxRh/,362.jpg,44337.189016203702,"Masih kecil main tembak tembakan..
Pas udah gede ga berani nembak ke orangtua..
Hiya hiya hiya..
.
.
.
.
.
.
.
.
.
.
.
.
.
.
.
📷 @denihaerjo 
#pantaimarinalampung
#kaliandabeach
#wisatalampung
#jelajahlampung 
#lampunghits 
#lampunginsta 
#pantailampungselatan 
#anakmetro 
#wonderfullampung
#lampungindonesia 
#lampungindah 
#wisatalampung 
#wisatalampungselatan 
#explorelampung",Attraction,,masih kecil main tembak tembakan pas udah gede ga berani nembak ke orangtua hiya hiya hiya 📷,pantaimarinalampung kaliandabeach wisatalampung jelajahlampung lampunghits lampunginsta pantailampungselatan anakmetro wonderfullampung lampungindonesia lampungindah wisatalampungselatan explorelampung,masih kecil main tembak tembakan pas sudah gede tidak berani nembak ke orangtua hiya hiya hiya kamera
https://www.instagram.com/p/CPoQtErFT6_/,363.jpg,44349.799976851849,"""Menikmati alam sejenak tak membuat kita mengurangi kekayaan diri malah justru menambah memori pengalaman."" 

Yuk #kembalikealam naik gunung ga se-mahal naik pelaminan kok 😁✌ 

📍Lokasi Gunung Rajabasa Lampung Selatan.
⛰@gunungrajabasa
Penyewaan alat outdoor @wayrataioutdoor

#kembalikealam #lampung #lampunggeh #wisatalampungselatan #ayokelampung
#sahabattravelerlampung #pendakigunung #pendakilampung #wisatalampung #consina #explorelampung",Attraction,,"""menikmati alam sejenak tak membuat kita mengurangi kekayaan diri malah justru menambah memori pengalaman."" yuk naik gunung ga se-mahal naik pelaminan kok 😁✌ 📍lokasi gunung rajabasa lampung selatan. ⛰ penyewaan alat outdoor",kembalikealam lampung lampunggeh wisatalampungselatan ayokelampung sahabattravelerlampung pendakigunung pendakilampung wisatalampung consina explorelampung,menikmati alam sejenak tak membuat kita mengurangi kekayaan diri malah justru menambah memori pengalaman ayo naik gunung tidak se mahal naik pelaminan kok senang lokasi lokasi gunung rajabasa lampung selatan gunung penyewaan alat outdoor
https://www.instagram.com/p/C1kUPIdyajA/,364.jpg,45292.763090277767,"Pelayanan garuntang Genk  di menara siger Bakauheni Lampung ,
#rentalmobilbandarlampung 
#rentallampung 
#rentalmobilbali 
#rentalmobiljogja 
# rentalmobilmurah
#sewamobilmurah 
#sewahaiacemurah 
#sewahaiacelampung 
#pariwisata 
#wisatategalmaslampung 
#wisatalampungbarat 
#wisatalampung 
#wisatalampungselatan 
#kunjungankerja 
#tour",Attraction,Siger,"pelayanan garuntang genk di menara siger bakauheni lampung, # rentalmobilmurah",rentalmobilbandarlampung rentallampung rentalmobilbali rentalmobiljogja sewamobilmurah sewahaiacemurah sewahaiacelampung pariwisata wisatategalmaslampung wisatalampungbarat wisatalampung wisatalampungselatan kunjungankerja tour,pelayanan garuntang genk di menara siger bakauheni lampung rentalmobilmurah
https://www.instagram.com/p/ChFonkpvqpW/,365.jpg,44783.74486111111,"Destinasi Wisata Alam Air Terjun Way Kalam

#wisatalampungselatan 
#kehutananprovlampung 
#kphwaypisang 

@ilya_nur_00",Attraction,,destinasi wisata alam air terjun way kalam,wisatalampungselatan kehutananprovlampung kphwaypisang,destinasi wisata alam air terjun way kalam
https://www.instagram.com/p/DTxsI6hEjJW/,366.jpg,46043.610879629632,"Moment With Family

Venua @pantai.marina.official 

#familytime #momentkeluarga #familyphotography #family #gatheringfamily #wisatalampungselatan #lampungselatanexplore #keindahanlaut #photoshoot #keluargabahagia #momentbersamakeluarga",Attraction,,moment with family venua,familytime momentkeluarga familyphotography family gatheringfamily wisatalampungselatan lampungselatanexplore keindahanlaut photoshoot keluargabahagia momentbersamakeluarga,moment with family venua
https://www.instagram.com/p/CSoUtg6BH6X/,367.jpg,44424.389699074083,"pinggiran Lampung .
.
.
.
.
..
#menarasiger #menarasigerlampung #pelabuhanbakauheni 
#lampung #lampungitukerreen #lampungituindah #lampunggeh #lampungselatan #wisatalampung #wisatalampungselatan #potretlampung #potretlampung📷 #lampunghits #lampungkeren",Attraction,,pinggiran lampung 📷,menarasiger menarasigerlampung pelabuhanbakauheni lampung lampungitukerreen lampungituindah lampunggeh lampungselatan wisatalampung wisatalampungselatan potretlampung lampunghits lampungkeren,pinggiran lampung kamera
https://www.instagram.com/p/CStKtv7HgTY/,368.jpg,44426.270844907413,"Soreku terlalu sepi tanpa dirinya #bucinktl 
#repost 
#wisatalampungselatan 
#wisatalampung",Attraction,Sunset,soreku terlalu sepi tanpa dirinya,bucinktl repost wisatalampungselatan wisatalampung,soreku terlalu sepi tanpa dirinya
https://www.instagram.com/p/CRnGRNbptbb/,369.jpg,44399.058564814812,"👋🏻 ROJAIP (Rombongan Jadi Ngetrip) 
————————————————
🌍 Lokasi : Teropong Kota Kalianda, Desa Sumur Kumbang, Kec.Kalianda, Kab.Lampung Selatan, Prov.Lampung, Indonesia. 
.
#lampungtok #jalanjalandilampung #lampungselatanexplore #lampungberwisata #lampungselatanig #lampungtraveling #kaliandaig #surganyalampung #lampungmu #lokal_kalianda #lampungme #jejaklampung #disparbudlamsel #lampungselatanamazing #khamkalianda #wisata_lampungsai_ig #lampungselatan #teropongkotakalianda #kalianda #wisatalampungselatan",Attraction,,"👋🏻 rojaip (rombongan jadi ngetrip) 🌍 lokasi: teropong kota kalianda, desa sumur kumbang, kec.kalianda, kab.lampung selatan, prov.lampung, indonesia",lampungtok jalanjalandilampung lampungselatanexplore lampungberwisata lampungselatanig lampungtraveling kaliandaig surganyalampung lampungmu lokal kalianda lampungme jejaklampung disparbudlamsel lampungselatanamazing khamkalianda wisata lampungsai ig lampungselatan teropongkotakalianda kalianda wisatalampungselatan,rojaip rombongan jadi ngetrip bumi lokasi teropong kota kalianda desa sumur kumbang kec kalianda kab lampung selatan prov lampung indonesia
https://www.instagram.com/p/Clc1-y7rMG0/,370.jpg,44892.178807870368,"📍Sunset
. 
#janah2410 #fff💋 #lflfff❤ #lfl💛 #lfl❤️ #flfl💛 #flf❤ #flf  @pantai_keduwarna @selebgram.lampuung #wisatalampungselatan #selebgramlampuung #ootdstyle #ootddaily #ootdfashion #ootdhijab #selebgramlampung_id #ootdselebgram #selebgramlampung_ #gadisindonesia37 #selebgramindonesia #remajaindonesia37 #fypindonesia #remajaindonesiaaaa #fypシ❤️💞❤️ #fypinstagram #fypシ #ａｅｓｔｈｅｔｉｃ #senja #senjasore #sunset",Attraction,,📍sunset. 💋 ❤ 💛 ❤️ 💛 ❤ シ❤️💞❤️ シ,janah2410 fff lflfff lfl flfl flf wisatalampungselatan selebgramlampuung ootdstyle ootddaily ootdfashion ootdhijab selebgramlampung id ootdselebgram selebgramlampung gadisindonesia37 selebgramindonesia remajaindonesia37 fypindonesia remajaindonesiaaaa fyp fypinstagram aesthetic senja senjasore sunset,lokasi sunset cinta cinta cinta cinta cinta cinta cinta cinta cinta
https://www.instagram.com/p/CXdwA_IlDsn/,371.jpg,44544.55908564815,"Suatu saat nanti akan ada hari bahagia . . .
dimana apa yng kamu korbankan dan perjuangkan dengan tulus akan berbuah manis. . 🌸🌸
.
 Jadilah yng berbeda ketika mereka menyakiti kamu dengan sengaja. .
 balaslah dengan kebaikan do'a. . .
Karna dalam hatimu yakin, Allah adalah sebaik baik harapan yng nyata. . . 🌼🌼

Wisata @bukit_idaman_
#wisatatanggamus #gisting #wisatalampungselatan
.. 
.. 

.. 
.. 
.. 

.. 

#ukhtyndin421",Attraction,,"suatu saat nanti akan ada hari bahagia dimana apa yng kamu korbankan dan perjuangkan dengan tulus akan berbuah manis 🌸🌸. jadilah yng berbeda ketika mereka menyakiti kamu dengan sengaja balaslah dengan kebaikan do'a karna dalam hatimu yakin, allah adalah sebaik baik harapan yng nyata 🌼🌼 wisata",wisatatanggamus gisting wisatalampungselatan ukhtyndin421,suatu saat nanti akan ada hari bahagia dimana apa yang kamu korbankan dan perjuangkan dengan tulus akan berbuah manis jadilah yang berbeda ketika mereka menyakiti kamu dengan sengaja balaslah dengan kebaikan do a karena dalam hatimu yakin allah adalah sebaik baik harapan yang nyata wisata
https://www.instagram.com/p/CX6Fv3Mp_dc/,372.jpg,44555.565081018518,Kebersamaan di Wisata Perengan Anteng Karang Anyar Lampung Selatan 🏞️✨😊 #wisata #wisatalampung #wisatalampungselatan #perengananteng,Attraction,,kebersamaan di wisata perengan anteng karang anyar lampung selatan 🏞️✨😊,wisata wisatalampung wisatalampungselatan perengananteng,kebersamaan di wisata perengan anteng karang anyar lampung selatan indah senang
https://www.instagram.com/p/DAH1CgCTFUi/,373.jpg,45555.106134259258,"Lantas mana yang lebih indah?
Menatap laut yg disertai ombak ,atau menatap langit disertai bintang🌊

Lokasi pantai Keduwarna Kalianda, Lampung Selatan.

#tempatwisatalampung #pantaikeduwarna #pantaikalianda #beach #wisatalampungselatan #holiday #traveling #healing #happyweekend",Attraction,,"lantas mana yang lebih indah? menatap laut yg disertai ombak,atau menatap langit disertai bintang🌊 lokasi pantai keduwarna kalianda, lampung selatan",tempatwisatalampung pantaikeduwarna pantaikalianda beach wisatalampungselatan holiday traveling healing happyweekend,lantas mana yang lebih indah menatap laut yang disertai ombak atau menatap langit disertai bintang laut lokasi pantai keduwarna kalianda lampung selatan
https://www.instagram.com/p/DNcbHhITmmM/,374.jpg,45886.221192129633,"""Indahnya bunga negeri di bawah megahnya atap budaya — semangat kemerdekaan terus tumbuh dan mekar di tanah air tercinta, bumi ragom mufakat 🇮🇩✨""

@radityoegi
@m_syaiful.anwar
@pemkab.lampungselatan 

#pesonamerahputihlampungselatan #hutke80ri #wisatalampungselatan #radityoegi #syaifulanwar #kawasanmenarasiger #lampungselatanmaju #bismillahbisa #lampung #hutri #indonesia",Attraction,Siger,"""indahnya bunga negeri di bawah megahnya atap budaya semangat kemerdekaan terus tumbuh dan mekar di tanah air tercinta, bumi ragom mufakat 🇮🇩✨""",pesonamerahputihlampungselatan hutke80ri wisatalampungselatan radityoegi syaifulanwar kawasanmenarasiger lampungselatanmaju bismillahbisa lampung hutri indonesia,indahnya bunga negeri di bawah megahnya atap budaya semangat kemerdekaan terus tumbuh dan mekar di tanah air tercinta bumi ragom mufakat indah
https://www.instagram.com/p/C8pYwGPyfVJ/,375.jpg,45468.718240740738,"Bendungan U25 - Umbulselawe , Tanjung sari - Lampung Selatan

Report @ummuhanii89
.
#lampunghits #lampungselatan #umbulselawe #potretlampung #wisatalampungselatan #pikniklampungkuy #eksotikalampung",Attraction,Bendungan,"bendungan u25 - umbulselawe, tanjung sari - lampung selatan report",lampunghits lampungselatan umbulselawe potretlampung wisatalampungselatan pikniklampungkuy eksotikalampung,bendungan u25 umbulselawe tanjung sari lampung selatan report
https://www.instagram.com/p/C7T-oe3yXvq/,376.jpg,45435.549016203702,"Pantai marina Kalianda Lampung Selatan

Foto by : @alfalailaa_

#fyp #reelsinstagram #wisatalampung #wisatalampungselatan #wisatakalianda #kalianda #kaliandageh #lampungselatanexplore",Attraction,,pantai marina kalianda lampung selatan foto by,fyp reelsinstagram wisatalampung wisatalampungselatan wisatakalianda kalianda kaliandageh lampungselatanexplore,pantai marina kalianda lampung selatan foto by
https://www.instagram.com/p/C5NezEnvVvO/,377.jpg,45383.315405092602,"Moments
.
#tempatwisatalampung #beach #wonderfulindonesia #traveling #holiday #healing 
#kaliandabeach
#wisatalampungselatan
#wisatalampung
#kaliandaresort",Attraction,,moments,tempatwisatalampung beach wonderfulindonesia traveling holiday healing kaliandabeach wisatalampungselatan wisatalampung kaliandaresort,moments
https://www.instagram.com/p/DCO9AKBP-4S/,378.jpg,45607.58326388889,"Sea,sun,sand and smiles 🌊

#wisata #wisatalampung #wisatalampungselatan #wisatalampungkeren #lampung #riobeachclub #pantairiobythebeach #pantai",Attraction,,"sea,sun,sand and smiles 🌊",wisata wisatalampung wisatalampungselatan wisatalampungkeren lampung riobeachclub pantairiobythebeach pantai,sea sun sand and smiles laut
https://www.instagram.com/p/DNcQ3JYSKg4/,379.jpg,45886.158958333333,"*DIRGAHAYU REPUBLIK INDONESIA KE-80*
Bersatu, Berdaulat, Rakyat Sejahtera, Indonesia Maju 🇮🇩❤️

Venue terbaik Upacara Kemerdekaan RI kali ini ada di Lapangan Menara Siger, Bakauheni Harbour City, Lampung Selatan 👑

Terima kasih pak Bupati @radityoegi sudah memperkenalkan ikon kebanggan warga Lampung Selatan 

Bergerak Berdampak, untuk Lampung Selatan Maju, Bismillah Bisa 

@pemkab.lampungselatan 
@radityoegi 
@m_syaiful.anwar 

🥻by @galeri_maura 
💄by me

#pesonamerahputihlampungselatan #hutke80ri 
#wisatalampungselatan 
#radityoegi 
#syaifulanwar 
#kawasanmenarasiger 
#lampungselatanmaju 
#bismillahbisa
#bergerakberdampak",Attraction,Siger,"*dirgahayu republik indonesia ke-80* bersatu, berdaulat, rakyat sejahtera, indonesia maju 🇮🇩❤️ venue terbaik upacara kemerdekaan ri kali ini ada di lapangan menara siger, bakauheni harbour city, lampung selatan 👑 terima kasih pak bupati sudah memperkenalkan ikon kebanggan warga lampung selatan bergerak berdampak, untuk lampung selatan maju, bismillah bisa 🥻by 💄by me",pesonamerahputihlampungselatan hutke80ri wisatalampungselatan radityoegi syaifulanwar kawasanmenarasiger lampungselatanmaju bismillahbisa bergerakberdampak,dirgahayu republik indonesia ke 80 bersatu berdaulat rakyat sejahtera indonesia maju cinta venue terbaik upacara kemerdekaan ri kali ini ada di lapangan menara siger bakauheni harbour city lampung selatan terima kasih pak bupati sudah memperkenalkan ikon kebanggan warga lampung selatan bergerak berdampak untuk lampung selatan maju bismillah bisa by by me
https://www.instagram.com/p/CneRvKZJtzC/,380.jpg,44942.445868055547,"Keindahan Desa Suak saat senja datang 🌙
. 
. 
.

📍Jl. Raya Suak Desa Suak Kec. Sidomulyo Lampung Selatan 

_______________
Follow & tag foto kamu 
IG @desa.suak
FB Pemdes Suak

________________
#desasuak #sidomulyo #lampungselatan #pantailampungselatan #wisatalampung #wisatalampungselatan #piknik #healingvibes",Attraction,,keindahan desa suak saat senja datang 🌙 📍jl. raya suak desa suak kec. sidomulyo lampung selatan follow dan tag foto kamu ig fb pemdes suak,desasuak sidomulyo lampungselatan pantailampungselatan wisatalampung wisatalampungselatan piknik healingvibes,keindahan desa suak saat senja datang lokasi jl raya suak desa suak kec sidomulyo lampung selatan follow dan tag foto kamu ig fb pemdes suak
https://www.instagram.com/p/CtiLplDPQbV/,381.jpg,45093.093182870369,"Krakatau Wave 
Hay hay siapa yg ke Slanik Selalu nunggu kolam ombak ini 🙋‍♀🙋‍♀🙋‍♀

#slanikwaterpark 
#slanikwaterparklampung 
#wisatalampung 
#wisatalampungselatan",Attraction,,krakatau wave hay hay siapa yg ke slanik selalu nunggu kolam ombak ini 🙋‍♀🙋‍♀🙋‍♀,slanikwaterpark slanikwaterparklampung wisatalampung wisatalampungselatan,krakatau wave hay hay siapa yang ke slanik selalu nunggu kolam ombak ini
https://www.instagram.com/p/CTA7EJchE81/,382.jpg,44433.943101851852,"𝗣𝗮𝗻𝗷𝗮𝗻𝗴 𝘂𝗺𝘂𝗿 𝘂𝘁𝗸 𝘁𝗲𝗺𝗲𝗻² 𝘆𝗴 𝘀𝗲𝗿𝗶𝗻𝗴 𝗯𝗶𝗹𝗮𝗻𝗴 : “𝗵𝗮𝗹𝗮𝗮𝗮𝗵 , 𝗸𝗮𝘆𝗮𝗸 𝘀𝗮𝗺𝗮 𝘀𝗶𝗮𝗽𝗮 𝗮𝗷𝗮”
______________________________
.
#pikniklampungkuy #pikniklampungselatan #potretlampunginsta #wisatalampungme #wisatalampungselatan@wisatalampungku

Photo © Reposted from @ummuhanii89

Location: #Bendungan U25 Umbulselawe , Sidomukti - Lampung Selatan,  Lampung 

© All Rights and Credits reserved to the respective owner(s). Please contact us for credit or removal.

#selampung
#semestalampung
#fotolampung
#lampung2021
#agustusselampung",Attraction,,"panjang umur utk temen2 yg sering bilang: “halaaah, kayak sama siapa aja”. photo © reposted from location: u25 umbulselawe, sidomukti - lampung selatan, lampung © all rights and credits reserved to the respective owner(s). please contact us for credit or removal",pikniklampungkuy pikniklampungselatan potretlampunginsta wisatalampungme wisatalampungselatan bendungan selampung semestalampung fotolampung lampung2021 agustusselampung,panjang umur untuk temen2 yang sering bilang halaah kayak sama siapa saja photo reposted from location u25 umbulselawe sidomukti lampung selatan lampung all rights and credits reserved to the respective owner s please contact us for credit or removal
https://www.instagram.com/p/DC-40rLzxu_/,383.jpg,45626.199247685188,"Masyaallah 🌻,
Every exit leads us to a new entrance 🥰
.
.
.
#pantaimarinakalianda
#pantailampung #pantaiindah #wisatalampung #wisatalampungselatan",Attraction,,"masyaallah 🌻, every exit leads us to a new entrance 🥰",pantaimarinakalianda pantailampung pantaiindah wisatalampung wisatalampungselatan,masyaallah every exit leads us to a new entrance suka
https://www.instagram.com/p/CZeUP1JvzVN/,384.jpg,44594.489212962973,"Happinnes come in waves 🌊🥰
.
.
📸 @fikaafns 
.
#SebalangBeach #lampung #lampunginsta #potretlampung #explorelampung #wisatalampung #wisatalampungselatan #lampunghits #lampungkece",Attraction,,happinnes come in waves 🌊🥰 📸,sebalang beach lampung lampunginsta potretlampung explorelampung wisatalampung wisatalampungselatan lampunghits lampungkece,happinnes come in waves laut suka kamera
https://www.instagram.com/p/CkGLWuPSoCJ/,385.jpg,44858.521053240736,"Way tebing cepa✨

#wisatalampungselatan",Attraction,,way tebing cepa✨,wisatalampungselatan,way tebing cepa indah
https://www.instagram.com/p/CsDTY7jJv_O/,386.jpg,45056.245810185188,#masyaallahtabarakallah #meanddaughter #krakataupark #bakauheni #wisatalampungselatan,Amenities,Wahana Permainan,,masyaallahtabarakallah meanddaughter krakataupark bakauheni wisatalampungselatan,
https://www.instagram.com/p/Cel5TH3Juie/,387.jpg,44721.708252314813,"""Selain pengalaman, petualangan juga akan mempertemukanmu dengan sebuah keluarga lain.""
.
.
.
.
.
#wisatalampungselatan #lampungexplorer #wisatakaliandalampungselatan #wisatalampung #wisataindonesiakeren🇲🇨",Attraction,,"""selain pengalaman, petualangan juga akan mempertemukanmu dengan sebuah keluarga lain."" 🇲🇨",wisatalampungselatan lampungexplorer wisatakaliandalampungselatan wisatalampung wisataindonesiakeren,selain pengalaman petualangan juga akan mempertemukanmu dengan sebuah keluarga lain
https://www.instagram.com/p/CMLz9W9n8ai/,388.jpg,44264.186018518521,"👥 Manusia yang katanya raja, namun akan rendah di hadapan semesta. 
. 
🌍 Lokasi : Wisata Alam Gunung Batu, Desa Srikaton, Kec.Tanjung Bintang, Kab.Lampung Selatan, Prov.Lampung, Indonesia. 
. 
#parapejalanlampung #jalanjalandilampung #mampirlampung #gerbanglampung #lampungselatanexplore #lampungselatanig #lampunghey #lampungmu #lampungdong #lampunginsta #jelajahlampung #infolampungku #pesonatraveller #bolang_lampung #selampung #lampungkuy #surganyalampung #infokyaitravel #lampungtok #lampungselatan #wisatalampung #wisatalampungselatan #gunungbatu",Attraction,,"👥 manusia yang katanya raja, namun akan rendah di hadapan semesta 🌍 lokasi: wisata alam gunung batu, desa srikaton, kec.tanjung bintang, kab.lampung selatan, prov.lampung, indonesia",parapejalanlampung jalanjalandilampung mampirlampung gerbanglampung lampungselatanexplore lampungselatanig lampunghey lampungmu lampungdong lampunginsta jelajahlampung infolampungku pesonatraveller bolang lampung selampung lampungkuy surganyalampung infokyaitravel lampungtok lampungselatan wisatalampung wisatalampungselatan gunungbatu,manusia yang katanya raja namun akan rendah di hadapan semesta bumi lokasi wisata alam gunung batu desa srikaton kec tanjung bintang kab lampung selatan prov lampung indonesia
https://www.instagram.com/p/CNqEKtJsitX/,389.jpg,44300.790358796286,"Buka Puasa di Pantai Kedu Warna yuks.., selain melepas dahaga, mata kita insyaalloh akan dimanjakan dgn Sunset ciptaan Alloh yg  luarrr biasaaa..😍😍😍
#pantai_keduwarna 
#wisatalampungselatan
#wisatalampung #bglampungkece 
#lampumgkece 
#lampunghitz 
#lampunggeh 
#potretlampung
#lampunginsta 
#kaliandaig",Attraction,,"buka puasa di pantai kedu warna yuks, selain melepas dahaga, mata kita insyaalloh akan dimanjakan dgn sunset ciptaan alloh yg luarrr biasaaa 😍😍😍",pantai keduwarna wisatalampungselatan wisatalampung bglampungkece lampumgkece lampunghitz lampunggeh potretlampung lampunginsta kaliandaig,buka puasa di pantai kedu warna yuks selain melepas dahaga mata kita insyaalloh akan dimanjakan dengan sunset ciptaan alloh yang luarr biasaa suka suka suka
https://www.instagram.com/p/Cle18DDBZPA/,390.jpg,44892.955266203702,"Dunia itu berputar makannya banyak pusingnya
.
.
.
📍pantai kedu
#pantaikedu #pantaikeduwarna #wisatalampung #eksplorlampung #potretlampung #wisatalampungselatan #lampunghits #lampunginsta #lampunggeh",Attraction,,dunia itu berputar makannya banyak pusingnya 📍pantai kedu,pantaikedu pantaikeduwarna wisatalampung eksplorlampung potretlampung wisatalampungselatan lampunghits lampunginsta lampunggeh,dunia itu berputar makannya banyak pusingnya lokasi pantai kedu
https://www.instagram.com/p/CNhGWdlFeET/,391.jpg,44297.308356481481,"Kesumbawa beli tinta, abis ketawa kok jadi cinta *Ehh 🙊
.
.
.
Mimin juga cinta sama mbaknyah 📸 @meri_yunida 
.
#SebalangBeach #lampung #lampunginsta #potretlampung #explorelampung #wisatalampung #wisatalampungselatan #lampunghits #lampungkece",Attraction,,"kesumbawa beli tinta, abis ketawa kok jadi cinta *ehh 🙊 mimin juga cinta sama mbaknyah 📸",sebalang beach lampung lampunginsta potretlampung explorelampung wisatalampung wisatalampungselatan lampunghits lampungkece,kesumbawa beli tinta abis ketawa kok jadi cinta ehh mimin juga cinta sama mbaknyah kamera
https://www.instagram.com/p/CZFaCN9B3KF/,392.jpg,44584.815289351849,"Don't just enjoy this nature, but take care of it is also necessary✨
#pantaisemukuk #lampung #l  #sunset #lampungpunya #likesforlike #lampungselatan #explorelampung #bikinkerenlampung #wisatalampung #wisatalampungselatan",Attraction,,"don't just enjoy this nature, but take care of it is also necessary✨",pantaisemukuk lampung l sunset lampungpunya likesforlike lampungselatan explorelampung bikinkerenlampung wisatalampung wisatalampungselatan,don t just enjoy this nature but take care of it is also necessary indah
https://www.instagram.com/p/Cp2pc9NyYDL/,393.jpg,45001.620717592603,"Bukan senja namanya jika tak sendu
Bukan senja namanya jika tak sunyi
Dan bukan senja nama nya jika tak menciptakan rindu
.
.
#sanggarbeach #pelampungtrip #kalinda #katakatabijak #katakatarindu #bapakinstagram #boys 
#wisatalampung #pikniklampung #piknikasik
#wisatalampungselatan 
At @sanggarbeach_lpg",Attraction,,bukan senja namanya jika tak sendu bukan senja namanya jika tak sunyi dan bukan senja nama nya jika tak menciptakan rindu at,sanggarbeach pelampungtrip kalinda katakatabijak katakatarindu bapakinstagram boys wisatalampung pikniklampung piknikasik wisatalampungselatan,bukan senja namanya jika tak sendu bukan senja namanya jika tak sunyi dan bukan senja nama nya jika tak menciptakan rindu at
https://www.instagram.com/p/CNSPjzPrDn6/,394.jpg,44291.538807870369,"Berlokasi di jalan raya trans, kecamatan kalianda, kabupatan lampung selatan.
Tepat di belakang rumah dinas bupati lampung selatan.
Menuju ke kebun edukasi, kita melewati pusat kuliner dengan beragam makanan.
Begitu masuk, mata kita di manjakan oleh pemandangan indah berlatar belakang gunung rajabasa.
Di kebun edukasi terdapat banyak jenis tanaman buah dan bunga. 
Kebun edukasi ini dulu nya hanya lahan kosong, berkat gagasan Bapak Bupati Lampung Selatan, Bapak H Nanang Ermanto, tempat ini menjadi wisata yang indah.
Di kebun edukasi ada tembok lukisan yang mengelilingi kebun ini. lukisan dari komunitas pelukis Lampung Selatan, yang membuat kebun edukasi semakin menarik.
Selain itu ada gazebo, kolam, area bermain anak, taman burung, beberapa spot foto, toilet, dan masih banyak lain nya.
Tempat ini masih terus dikembangkan dan dipercantik. 
Tempat nya sangat luas sekali, mengelilingi kebun edukasi ini, anggap saja kita berwisata sambil berolahraga. Hehehe 

@wisatalampungselatan
@riniariasih
@sedulur_nanang
@pandukesumadewangsa1

Salam, kurnianoen travelling
#kurnianoen #kurnianoentravelling #kebunedukasikalianda #kebunedukasilampungselatan #wisatalampungselatan #pariwisatalampungselatan #kebunedukasikaliandalampungselatan",Attraction,,"berlokasi di jalan raya trans, kecamatan kalianda, kabupatan lampung selatan. tepat di belakang rumah dinas bupati lampung selatan. menuju ke kebun edukasi, kita melewati pusat kuliner dengan beragam makanan. begitu masuk, mata kita di manjakan oleh pemandangan indah berlatar belakang gunung rajabasa. di kebun edukasi terdapat banyak jenis tanaman buah dan bunga. kebun edukasi ini dulu nya hanya lahan kosong, berkat gagasan bapak bupati lampung selatan, bapak h nanang ermanto, tempat ini menjadi wisata yang indah. di kebun edukasi ada tembok lukisan yang mengelilingi kebun ini. lukisan dari komunitas pelukis lampung selatan, yang membuat kebun edukasi semakin menarik. selain itu ada gazebo, kolam, area bermain anak, taman burung, beberapa spot foto, toilet, dan masih banyak lain nya. tempat ini masih terus dikembangkan dan dipercantik. tempat nya sangat luas sekali, mengelilingi kebun edukasi ini, anggap saja kita berwisata sambil berolahraga. hehehe salam, kurnianoen travelling",kurnianoen kurnianoentravelling kebunedukasikalianda kebunedukasilampungselatan wisatalampungselatan pariwisatalampungselatan kebunedukasikaliandalampungselatan,berlokasi di jalan raya trans kecamatan kalianda kabupatan lampung selatan tepat di belakang rumah dinas bupati lampung selatan menuju ke kebun edukasi kita melewati pusat kuliner dengan beragam makanan begitu masuk mata kita di manjakan oleh pemandangan indah berlatar belakang gunung rajabasa di kebun edukasi terdapat banyak jenis tanaman buah dan bunga kebun edukasi ini dulu nya hanya lahan kosong berkat gagasan bapak bupati lampung selatan bapak h nanang ermanto tempat ini menjadi wisata yang indah di kebun edukasi ada tembok lukisan yang mengelilingi kebun ini lukisan dari komunitas pelukis lampung selatan yang membuat kebun edukasi semakin menarik selain itu ada gazebo kolam area bermain anak taman burung beberapa spot foto toilet dan masih banyak lain nya tempat ini masih terus dikembangkan dan dipercantik tempat nya sangat luas sekali mengelilingi kebun edukasi ini anggap saja kita berwisata sambil berolahraga hehehe salam kurnianoen travelling
https://www.instagram.com/p/CyPbriXSYc_/,395.jpg,45210.087256944447,"Patung Raden Intan II Lampung Selatan

#makamradenintan
#makamradenintankalianda 
#makamradenintanII
#lampungselatan 
#wisatalampungselatan",Attraction,,patung raden intan ii lampung selatan,makamradenintan makamradenintankalianda makamradenintan ii lampungselatan wisatalampungselatan,patung raden intan ii lampung selatan
https://www.instagram.com/p/C4DKFSVr3X1/,396.jpg,45354.450949074067,"Wisata Air Terjun Way Kalam 
#WayKalam
#wisatalampungselatan",Attraction,,wisata air terjun way kalam,way kalam wisatalampungselatan,wisata air terjun way kalam
https://www.instagram.com/p/DNcW_Oepzj-/,397.jpg,45886.196122685193,"Terus lah berkibar MERAH PUTIH KU walau pun kami berbeda tapi tetap bersatu untuk kejayaan MU. SEKALI MERDEKA TETAP MERDEKA 💪🇮🇩🇮🇩
@pemkab.lampungselatan @radityoegi @m_syaiful.anwar #pesonamerahputihlampungselatan #hutke80ri #wisatalampungselatan #radityoegi #syaifulanwar #kawasanmenarasiger #lampungselatanmaju #bismilahbisa",Attraction,Siger,terus lah berkibar merah putih ku walau pun kami berbeda tapi tetap bersatu untuk kejayaan mu. sekali merdeka tetap merdeka 💪🇮🇩🇮🇩,pesonamerahputihlampungselatan hutke80ri wisatalampungselatan radityoegi syaifulanwar kawasanmenarasiger lampungselatanmaju bismilahbisa,terus lah berkibar merah putih ku walau pun kami berbeda tapi tetap bersatu untuk kejayaan mu sekali merdeka tetap merdeka semangat
https://www.instagram.com/p/CmnGBiSPXNQ/,398.jpg,44921.014907407407,"Ketenangan untuk diri sendiri ituperlu 
😌. Namaste

.
Mari kita jaga bersama lingkungan disekitar kita. Salam lestari 🌱
•

#lampungmenyapa 
#menyapalampung 
#nyapalampung 
#lampungmenyapanew#lampungselatan #wisatalampungselatan #explorelampung #lampung  #exploreindonesia #fff #fff😊 #fff💋 #followforfollowback
#lampung #senjasore #sunset #sunrise
#bandarlampung #pariwisatalampung #explorelamsel #wisatalampung #aranglampung #wonderfulindonesia  #lampungnatureadventure
Reposted from @donniarjanggi",Attraction,,ketenangan untuk diri sendiri ituperlu 😌. namaste. mari kita jaga bersama lingkungan disekitar kita. salam lestari 🌱 😊 💋 reposted from,lampungmenyapa menyapalampung nyapalampung lampungmenyapanew lampungselatan wisatalampungselatan explorelampung lampung exploreindonesia fff followforfollowback senjasore sunset sunrise bandarlampung pariwisatalampung explorelamsel wisatalampung aranglampung wonderfulindonesia lampungnatureadventure,ketenangan untuk diri sendiri ituperlu namaste mari kita jaga bersama lingkungan disekitar kita salam lestari alam senang cinta reposted from
https://www.instagram.com/p/CfVzRe1v-U7/,399.jpg,44740.313032407408,"Masya Allah tabarokallah
bermain bersama adam 🍄🍄@jatiagro ❗❗

kolam renang deket rumah nih 🤩bosen dikit renang 😆 canda Masuknya murah meriah cuman 10 ribu anak"" renang 15 ribu. Karcisnya bisa di tuker jdi minuman juga. 
Tempat nya luas enak si buat nyore apa mau jalan bareng ama ayang tapi ga mau jauh bisa disini loh maps aj ""jatiagro""

#wisatalampung #wisatalampungselatan #jatimulyo #bandarlampung #wisatabandarlampung #lampung #lampunggeh",Amenities,,"masya allah tabarokallah bermain bersama adam 🍄🍄 ❗❗ kolam renang deket rumah nih 🤩bosen dikit renang 😆 canda masuknya murah meriah cuman 10 ribu anak"" renang 15 ribu. karcisnya bisa di tuker jdi minuman juga. tempat nya luas enak si buat nyore apa mau jalan bareng ama ayang tapi ga mau jauh bisa disini loh maps aj ""jatiagro""",wisatalampung wisatalampungselatan jatimulyo bandarlampung wisatabandarlampung lampung lampunggeh,masya allah tabarokallah bermain bersama adam kolam renang deket rumah ini bosen dikit renang canda masuknya murah meriah cuman 10 ribu anak renang 15 ribu karcisnya bisa di tuker jadi minuman juga tempat nya luas enak si buat nyore apa mau jalan bersama ama ayang tapi tidak mau jauh bisa disini loh maps saja jatiagro
https://www.instagram.com/p/CnA6zLDvuSP/,400.jpg,44931.044189814813,"Ada yang tau caraa menghilangkan kepenatan di tengah kota.? 
..
.
.
🚩 Batu lapis, Lampung Selatan
.
.
#lampungmenyapa #menyapalampung #nyapalampung #pariwisatalampung #pariwisata 
#lamsel #humas
#wisatalampungselatan #protokol #batulapis
#tempatwisatalampung #gayafotokekinian #ga_lampung_hits #bandarlampung #lampungpose
#lampungexsis #lampungsemakinexis #lampungexplore #lampungsemakinexis #lampunginsta #tapakjejaklampung #tempatwisata #tempatwisatalampung #bolanglampung #destinasilampung #petualanglampung #pesonalampung #pesonabandarlampung #gayapopuler #fff #like4likes #followforfollowback",Attraction,,"ada yang tau caraa menghilangkan kepenatan di tengah kota? 🚩 batu lapis, lampung selatan",lampungmenyapa menyapalampung nyapalampung pariwisatalampung pariwisata lamsel humas wisatalampungselatan protokol batulapis tempatwisatalampung gayafotokekinian ga lampung hits bandarlampung lampungpose lampungexsis lampungsemakinexis lampungexplore lampunginsta tapakjejaklampung tempatwisata bolanglampung destinasilampung petualanglampung pesonalampung pesonabandarlampung gayapopuler fff like4likes followforfollowback,ada yang tau caraa menghilangkan kepenatan di tengah kota batu lapis lampung selatan
https://www.instagram.com/p/CpbQzPgS-Jg/,401.jpg,44990.98537037037,"Setelah weekend lanjut dengan rutinitas kembali..💪

Terimakasih yang sudah berkunjung menghabiskan weekend ke Desa Suak dengan Panorama wisata Pantainya dan bukit yang menjadi spot foto favorit para pengunjung🌊🏝🏖🏕..
.
.
📍Jl. Raya Suak Desa Suak Kec. Sidomulyo Lampung Selatan 

_______________
Follow & tag foto kamu 
IG @desa.suak
FB Pemdes Suak

________________
#desasuak #desawisata #sidomulyo #lampungselatan #pantailampungselatan #wisatalampung #wisatalampungselatan n #piknik_asik #healingvibes",Attraction,,setelah weekend lanjut dengan rutinitas kembali 💪 terimakasih yang sudah berkunjung menghabiskan weekend ke desa suak dengan panorama wisata pantainya dan bukit yang menjadi spot foto favorit para pengunjung🌊🏝🏖🏕 📍jl. raya suak desa suak kec. sidomulyo lampung selatan follow dan tag foto kamu ig fb pemdes suak n,desasuak desawisata sidomulyo lampungselatan pantailampungselatan wisatalampung wisatalampungselatan piknik asik healingvibes,setelah weekend lanjut dengan rutinitas kembali semangat terimakasih yang sudah berkunjung menghabiskan weekend ke desa suak dengan panorama wisata pantainya dan bukit yang menjadi spot foto favorit para pengunjung laut pulau pantai lokasi jl raya suak desa suak kec sidomulyo lampung selatan follow dan tag foto kamu ig fb pemdes suak n
https://www.instagram.com/p/CWnAj6EsOXn/,402.jpg,44523.29959490741,"𝗖𝗶𝗻𝘁𝗮 𝗮𝗸𝘂 𝗸𝗲 𝗸𝗮𝗺𝘂 𝗶𝘁𝘂 , 𝗸𝗮𝘆𝗮𝗸 𝗸𝗲𝗰𝗮𝗽 𝗯𝗮𝗻𝗴𝗼 ..

𝙎𝙤𝙖𝙡 𝙧𝙖𝙨𝙖 , 𝙜𝙖 𝙗𝙞𝙨𝙖 𝙗𝙤𝙝𝙤𝙣𝙜 ..
☺️☺️☺️
.
.
📍 Bendungan U25 - umbul selawe , Tanjung sari - Lampung Selatan
________________________
#potretlampung #jalanjalanlampung #pikniklampung #wisatalampungselatan #bendunganU25 #umbulselawe #lampunghits #ootdhijab #holidayvibes 

@potretlampung @pikniklampung @lampuung @lampung.eksis @inilampungyay @lampunginsta @cahayapicture__",Attraction,Bendungan,"cinta aku ke kamu itu, kayak kecap bango soal rasa, ga bisa bohong ☺️☺️☺️ 📍 bendungan u25 - umbul selawe, tanjung sari - lampung selatan",potretlampung jalanjalanlampung pikniklampung wisatalampungselatan bendungan u25 umbulselawe lampunghits ootdhijab holidayvibes,cinta aku ke kamu itu kayak kecap bango soal rasa tidak bisa bohong senang senang senang lokasi bendungan u25 umbul selawe tanjung sari lampung selatan
https://www.instagram.com/p/C05G5m4Smcs/,403.jpg,45275.982615740737,"""Peresmian Homestay dan Cafe desa, di Desa Wisata Muara Indah Desa Suak Kecamatan Sidomulyo""

Jumat, 15 Desember 2023

  Peresmian Homestay dan Cafe Desa, atas Program Tanggung jawab sosial dan Lingkungan (TJSL).
 PT Pelindo Regional 2 Panjang Bandar Lampung
Peresmian dihadiri oleh Staff Ahli Bidang Keuangan, Kadis PMD, Plt Kadis Pariwisata, Manajer Keuangan dan SDM PT  @pelindo  Regional 2 Panjang, Kepala Desa Suak, Bumdes Jejama Jaya Suak.

  Dengan adanya Penambahan Sarana dan Prasarana berupa Homestay dan Cafe Desa tersebut, diharapkan dapat lebih menarik minat Masyarakat untuk berkunjung dan berwisata dipantai muara indah, Mengingat Desa Suak memiliki banyak objek wisata khususnya wisata Pantai,

  Selain itu  dengan Bertambahnya Jumlah Pengunjung yang berwisata ke Desa Suak maka akan berdampak pada peningkatan ekonomi, serta Pemberdayaan Masyarakat di Desa Suak.

#semangatmembangundesa 
#tingkatkansumberdayaalam 
#wisatalampungselatan",Amenities,cafe,"""peresmian homestay dan cafe desa, di desa wisata muara indah desa suak kecamatan sidomulyo"" jumat, 15 desember 2023 peresmian homestay dan cafe desa, atas program tanggung jawab sosial dan lingkungan (tjsl). pt pelindo regional 2 panjang bandar lampung peresmian dihadiri oleh staff ahli bidang keuangan, kadis pmd, plt kadis pariwisata, manajer keuangan dan sdm pt regional 2 panjang, kepala desa suak, bumdes jejama jaya suak. dengan adanya penambahan sarana dan prasarana berupa homestay dan cafe desa tersebut, diharapkan dapat lebih menarik minat masyarakat untuk berkunjung dan berwisata dipantai muara indah, mengingat desa suak memiliki banyak objek wisata khususnya wisata pantai, selain itu dengan bertambahnya jumlah pengunjung yang berwisata ke desa suak maka akan berdampak pada peningkatan ekonomi, serta pemberdayaan masyarakat di desa suak",semangatmembangundesa tingkatkansumberdayaalam wisatalampungselatan,peresmian homestay dan cafe desa di desa wisata muara indah desa suak kecamatan sidomulyo jumat 15 desember 2023 peresmian homestay dan cafe desa atas program tanggung jawab sosial dan lingkungan tjsl pt pelindo regional 2 panjang bandar lampung peresmian dihadiri oleh staff ahli bidang keuangan kadis pmd plt kadis pariwisata manajer keuangan dan sdm pt regional 2 panjang kepala desa suak bumdes jejama jaya suak dengan adanya penambahan sarana dan prasarana berupa homestay dan cafe desa tersebut diharapkan dapat lebih menarik minat masyarakat untuk berkunjung dan berwisata dipantai muara indah mengingat desa suak memiliki banyak objek wisata khususnya wisata pantai selain itu dengan bertambahnya jumlah pengunjung yang berwisata ke desa suak maka akan berdampak pada peningkatan ekonomi serta pemberdayaan masyarakat di desa suak
https://www.instagram.com/p/CMnuPMKFEVb/,404.jpg,44275.025416666656,"Sudah akhir pekan aja ni kak, masih bingung mau kemana weekend kali ini, so engga usah bingung, Air terjun Way Tayas solusinya.

Air Terjun Way Tayas ini, merupakan satu dari beberapa objek wisata alam Air Terjun di Kabupaten Lampung Selatan.

Lokasi Air Terjun yang berada di bagian punggung Gunung Rajabasa dengan kebun cengkeh dan pohon-pohon hutan alami. Tapi keindahan Air Terjun Way Tayas sangatlah menggoda untuk didatangi.

Adapun Perjalanan tidaklah terlalu jauh dari Kalianda. Hanya sekira perjalan menempuh waktu 20-30 menit untuk sampai di Dusun Pangkul, Desa Sukaraja dari Kalianda melalui jalan pesisir Rajabasa dengan menggunakan kendaraan sepeda motor.

Namun lelah kaki melangkah menyusuri jalan setapak di sisi tebing seketika terbayarkan kala titik embun air menerpa wajah memberikan kesejukan.

Hijaunya pepohonan khas Gunung Rajabasa yang masih alami, serta didik batu hitam dengan hiasan lumut menjadi pemandangan yang menyejukan mata.

Riak suara air yang turun dari ketinggian sekira 30 meter, seolah menjadi irama syahdu.

Perjuangan melelahkan dan memacu andrenalin, terbayarkan sudah, kala mata menatap Air Terjun Way Tayas.
Sumber : Tribunlampung.co.id/Dedi Sutomo
........................................
...................................
..............................
..........................
......................
..................
...............
............ 
..........
........
......
....
...
..
.
📍 Air Terjun Way Tayas Kalianda

#curug #waterfall #explorelampung #lampungselatan #wisatalampungselatan  #lampungmoment #visitlampung #wisatalampung #pesonalampung #genpilampung #pesonaindonesia #lampunggeh #lampunghits #lampungeksis #lampungyay #inilampungyay #potretlampung #lampunginsta #parapejalanlampung #pendakilampung #travellerlampung #lampungkece  #lampungpedia #airterjunwaytayas #alamlampung #nature #instagood  #travelingindonesia #traveling #waterfalls",Attraction,,"sudah akhir pekan aja ni kak, masih bingung mau kemana weekend kali ini, so engga usah bingung, air terjun way tayas solusinya. air terjun way tayas ini, merupakan satu dari beberapa objek wisata alam air terjun di kabupaten lampung selatan. lokasi air terjun yang berada di bagian punggung gunung rajabasa dengan kebun cengkeh dan pohon-pohon hutan alami. tapi keindahan air terjun way tayas sangatlah menggoda untuk didatangi. adapun perjalanan tidaklah terlalu jauh dari kalianda. hanya sekira perjalan menempuh waktu 20-30 menit untuk sampai di dusun pangkul, desa sukaraja dari kalianda melalui jalan pesisir rajabasa dengan menggunakan kendaraan sepeda motor. namun lelah kaki melangkah menyusuri jalan setapak di sisi tebing seketika terbayarkan kala titik embun air menerpa wajah memberikan kesejukan. hijaunya pepohonan khas gunung rajabasa yang masih alami, serta didik batu hitam dengan hiasan lumut menjadi pemandangan yang menyejukan mata. riak suara air yang turun dari ketinggian sekira 30 meter, seolah menjadi irama syahdu. perjuangan melelahkan dan memacu andrenalin, terbayarkan sudah, kala mata menatap air terjun way tayas. sumber: tribunlampung.co.id/dedi sutomo 📍 air terjun way tayas kalianda",curug waterfall explorelampung lampungselatan wisatalampungselatan lampungmoment visitlampung wisatalampung pesonalampung genpilampung pesonaindonesia lampunggeh lampunghits lampungeksis lampungyay inilampungyay potretlampung lampunginsta parapejalanlampung pendakilampung travellerlampung lampungkece lampungpedia airterjunwaytayas alamlampung nature instagood travelingindonesia traveling waterfalls,sudah akhir pekan saja ini kak masih bingung mau kemana weekend kali ini so engga usah bingung air terjun way tayas solusinya air terjun way tayas ini merupakan satu dari beberapa objek wisata alam air terjun di kabupaten lampung selatan lokasi air terjun yang berada di bagian punggung gunung rajabasa dengan kebun cengkeh dan pohon pohon hutan alami tapi keindahan air terjun way tayas sangatlah menggoda untuk didatangi adapun perjalanan tidaklah terlalu jauh dari kalianda hanya sekira perjalan menempuh waktu 20 30 menit untuk sampai di dusun pangkul desa sukaraja dari kalianda melalui jalan pesisir rajabasa dengan menggunakan kendaraan sepeda motor namun lelah kaki melangkah menyusuri jalan setapak di sisi tebing seketika terbayarkan kala titik embun air menerpa wajah memberikan kesejukan hijaunya pepohonan khas gunung rajabasa yang masih alami serta didik batu hitam dengan hiasan lumut menjadi pemandangan yang menyejukan mata riak suara air yang turun dari ketinggian sekira 30 meter seolah menjadi irama syahdu perjuangan melelahkan dan memacu andrenalin terbayarkan sudah kala mata menatap air terjun way tayas sumber tribunlampung co id dedi sutomo lokasi air terjun way tayas kalianda
https://www.instagram.com/p/CvEBpzYymLH/,405.jpg,45131.091944444437,"Tetaplah Pacaran Meskipun Sdh Menikah❤️

#pantaiarang #pantailampung #wisatalampung #wisatalampungselatan #pantaiselatan #bersenangsenang #bersamapasangan #akongama #nenekgaul #grandmigrandpi #keluargailibi❤️ #ilibi",Attraction,,tetaplah pacaran meskipun sdh menikah❤️ ❤️,pantaiarang pantailampung wisatalampung wisatalampungselatan pantaiselatan bersenangsenang bersamapasangan akongama nenekgaul grandmigrandpi keluargailibi ilibi,tetaplah pacaran meskipun sdh menikah cinta cinta
https://www.instagram.com/p/CsNL-LBvQeU/,406.jpg,45060.084409722222,"Our hearts speak the same language 😊

#thetyos #travellercouple #adventurouscouple #growoldtogether #kakeknenekpetualang #pantaipasirputihlampung #pantaipasirputihlampungselatan #pantailampung #pantailampungselatan #wisatalampung #wisatalampungselatan #lampunghits #explorelampung #explorelampungselatan #wisatapantailampung #wisatapantailampungselatan",Attraction,,our hearts speak the same language 😊,thetyos travellercouple adventurouscouple growoldtogether kakeknenekpetualang pantaipasirputihlampung pantaipasirputihlampungselatan pantailampung pantailampungselatan wisatalampung wisatalampungselatan lampunghits explorelampung explorelampungselatan wisatapantailampung wisatapantailampungselatan,our hearts speak the same language senang
https://www.instagram.com/p/CdtAgEMvk0w/,407.jpg,44699.615347222221,"back with a better version🤍
.
.

🌍 Informasi wisata seputar Lampung Selatan 

Mau di repost ?? ..
Cara nya 
follow : 👇👇

|| @lampungselatanexplore
|| @lampungselatanexplore
|| @lampungselatanexplore

|| Hastag #lampungselatanexplore

Follow Facebook : Lampung Selatan Lampung

Foto menarik akan kami repost 😊

_______________________

Info wisata & kerjasama silahkan DM 💌
_______________________

© Pic : @hallo_agstn19
...

.
.
.
#lampung #lampungeksis #lampunghits #lampungexplore #explorelampung #ilovelampung #wisatalampungme #wisataterbaiklampung #wajahlampung #pikniklampung #travellerlampung #travelling #pesonatraveller #ootdhijab #hijabstyle #lfl #lfl💛 #lampunggeh
#lampungselatanexplore #kalianda #wisatalampungselatan",Attraction,,back with a better version🤍 🌍 informasi wisata seputar lampung selatan mau di repost? cara nya follow: 👇👇 || || || || hastag follow facebook: lampung selatan lampung foto menarik akan kami repost 😊 info wisata dan kerjasama silahkan dm 💌 © pic: 💛,lampungselatanexplore lampung lampungeksis lampunghits lampungexplore explorelampung ilovelampung wisatalampungme wisataterbaiklampung wajahlampung pikniklampung travellerlampung travelling pesonatraveller ootdhijab hijabstyle lfl lampunggeh kalianda wisatalampungselatan,back with a better version bumi informasi wisata seputar lampung selatan mau di repost cara nya follow arah bawah arah bawah hastag follow facebook lampung selatan lampung foto menarik akan kami repost senang info wisata dan kerjasama silahkan dm pic cinta
https://www.instagram.com/p/CMlijY0hhcq/,408.jpg,44274.177800925929,""" Lampung keren "" ❤️❤️❤️

Prewedding
@wulandarimakeup_ & @diki_wahyu04 

@asep_photography
@doldedoank
@_antonprastyo 
@alena_hennaart 
@pematang.sunrise 
@bukitpematangsunrise 

#preweddingkalianda 
#preweddingoutdor 
#mypreweddingphoto 
#wisatalampung 
#wisatahits 
#wisatalampungselatan 
#kaliandakeren 
#kaliandaig 
#weddingkalianda 
#lokasiwisata 
#wajahlampung 
#bakauheuni",Attraction,,""" lampung keren "" ❤️❤️❤️ prewedding dan",preweddingkalianda preweddingoutdor mypreweddingphoto wisatalampung wisatahits wisatalampungselatan kaliandakeren kaliandaig weddingkalianda lokasiwisata wajahlampung bakauheuni,lampung keren cinta cinta cinta prewedding dan
https://www.instagram.com/p/ChMdhkQv8YR/,409.jpg,44786.39607638889,"Terimakasih sudah berkunjung 😊🙏

📍@muaraindahsuak 
Jl. Raya Suak Desa Suak Kec. Sidomulyo Lampung Selatan 

_______________
Follow & tag foto kamu 
IG @muaraindahsuak 
FB Muara Indah Suak 

________________
#muaraindahsuak #pantaimuaraindahsuak #pantailampung #pantailampungselatan #wisatalampung #wisatalampungselatan #piknik #healingvibesonly",Attraction,,terimakasih sudah berkunjung 😊🙏 📍 jl. raya suak desa suak kec. sidomulyo lampung selatan follow dan tag foto kamu ig fb muara indah suak,muaraindahsuak pantaimuaraindahsuak pantailampung pantailampungselatan wisatalampung wisatalampungselatan piknik healingvibesonly,terimakasih sudah berkunjung senang terima kasih lokasi jl raya suak desa suak kec sidomulyo lampung selatan follow dan tag foto kamu ig fb muara indah suak
https://www.instagram.com/p/C3KNX1Ar1N3/,410.jpg,45332.334305555552,"[FEBRUARI]
Sama seperti lagunya awan dan alam saling menyatu☁️🌿

#wisatalampung #tempat_wisata_lampung #wisata #wisatalampungselatan #lautlampung #lampunginsta #lampunghits #mercusuar #diataspermukaanlaut #menyatudenganalam🌱🌳🌲 #menyatudenganalam #post #likesforlike #like kelampungyuk #kelampung_geh #lampungku #lampungkuybareng #lampungkuybareng #jalanjalan #jalanjalanbareng #wisatalampung #lampungeksis #lampungstore #wonderful #infolampung #infolampungtengah #Bandarlampung #inilampungyay #inilampung #wisata_lampungme",Attraction,,[februari] sama seperti lagunya awan dan alam saling menyatu☁️🌿 🌱🌳🌲 kelampungyuk,wisatalampung tempat wisata lampung wisata wisatalampungselatan lautlampung lampunginsta lampunghits mercusuar diataspermukaanlaut menyatudenganalam post likesforlike like kelampung geh lampungku lampungkuybareng jalanjalan jalanjalanbareng lampungeksis lampungstore wonderful infolampung infolampungtengah bandarlampung inilampungyay inilampung wisata lampungme,februari sama seperti lagunya awan dan alam saling menyatu alam kelampungyuk
https://www.instagram.com/p/CK0T6F9l5d8/,411.jpg,44230.204074074078,"Bangun dan sadarlah bahwa ada pemandangan indah diluar rumahmu yg sedang menunggumu 

#mytripmyadventure 
#pesonaindonesia 
#travellerindonesia 
#jalanjalan 
#wisatalampungselatan 

@mytrip_myadvntrindonesia 
@pesona_lampung 
@backpakerindonesia 
@sahabattravellerlampung 
.
.
.
.
.
.
.
LOKASI :// Bukit Pematang Sunrise - Dusun Kayutabu, Kelawi, Kec. Bakauheni, Kabupaten Lampung Selatan, Lampung 35592
.
.
.",Attraction,,"bangun dan sadarlah bahwa ada pemandangan indah diluar rumahmu yg sedang menunggumu lokasi:// bukit pematang sunrise - dusun kayutabu, kelawi, kec. bakauheni, kabupaten lampung selatan, lampung 35592",mytripmyadventure pesonaindonesia travellerindonesia jalanjalan wisatalampungselatan,bangun dan sadarlah bahwa ada pemandangan indah diluar rumahmu yang sedang menunggumu lokasi bukit pematang sunrise dusun kayutabu kelawi kec bakauheni kabupaten lampung selatan lampung 35592
https://www.instagram.com/p/CPoDWOWsGCM/,412.jpg,44349.718923611108,"Biasa nya cuaca lagi panas atau hujan lebat, enak nya neduh sambil ngopi sembari melihat arus air yang terus mengalir tanpa henti...seperti kasih sayang kamu ke dia yang tak ada ujung nya... 

#wisatalampung 
#wisatalampungselatan",Attraction,,"biasa nya cuaca lagi panas atau hujan lebat, enak nya neduh sambil ngopi sembari melihat arus air yang terus mengalir tanpa henti seperti kasih sayang kamu ke dia yang tak ada ujung nya",wisatalampung wisatalampungselatan,biasa nya cuaca lagi panas atau hujan lebat enak nya neduh sambil ngopi sembari melihat arus air yang terus mengalir tanpa henti seperti kasih sayang kamu ke dia yang tak ada ujung nya
https://www.instagram.com/p/ChMdPq1P9h9/,413.jpg,44786.394375000003,"Terimakasih sudah berkunjung 😊🙏

📍@muaraindahsuak 
Jl. Raya Suak Desa Suak Kec. Sidomulyo Lampung Selatan 

_______________
Follow & tag foto kamu 
IG @muaraindahsuak 
FB Muara Indah Suak 

________________
#muaraindahsuak #pantaimuaraindahsuak #pantailampung #pantailampungselatan #wisatalampung #wisatalampungselatan #piknik #healingvibes",Attraction,,terimakasih sudah berkunjung 😊🙏 📍 jl. raya suak desa suak kec. sidomulyo lampung selatan follow dan tag foto kamu ig fb muara indah suak,muaraindahsuak pantaimuaraindahsuak pantailampung pantailampungselatan wisatalampung wisatalampungselatan piknik healingvibes,terimakasih sudah berkunjung senang terima kasih lokasi jl raya suak desa suak kec sidomulyo lampung selatan follow dan tag foto kamu ig fb muara indah suak
https://www.instagram.com/p/CcJevyiPq26/,414.jpg,44660.962731481479,"Ceritaku 

#healthylifestyle #pantai #jalanjalan #wisatalampung #wisatalampungselatan #ootdhijab #ootdinspiration",Attraction,,ceritaku,healthylifestyle pantai jalanjalan wisatalampung wisatalampungselatan ootdhijab ootdinspiration,ceritaku
https://www.instagram.com/p/CUrCiBBvajy/,415.jpg,44475.154733796298,"@pematang_sunrise cocok untuk berlibur di saat pikiran kamu lagi kacau dan menghilangkan rasa lelah ditubuh kamu💫
____
____
____
____
Ayo jangan pikir dua kali untuk berlibur di @pematang_sunrise ✨💫
____
____
____
____
📸@alazis003 
📍@rizkysaputra01.official ____
____
____
____
Loc📍jln.permata batu Alif / pematang malang 
Dusun kayu-tabu Desa Kelawi kec Bakauheni Lampung Selatan .
____
____
Flw⬇️
_______________________
@mulimanaiujungaspal
•••••••••••••••••••••••••••••••••
°°
°°
°°more info : +62 895-1936-9799
°°
°°
..📌TEMPAT
➡️JLN. PERMATA BATU-ALIF/  PEMATANG MALANG.
➡️DESA KELAWI.
➡️DUSUN KAYU-TABU.
➡️KEC.BAKAUHENI.
➡️KAB.LAMPUNG SELATAN.
.
°°

GO IFTA! 
KEEP MOVING PEMATANG SUNRISE !
LETS GO LAMPSEL
BANGKIT PARIWISATA INDONESIA 🇲🇨
SALAM EXPLORASI 💪

Adaptasi Kebiasaan Baru
Berwisata Aman dengan Protokol Kesehatan

#prewedding #preweddingphotography #photography #photographer #preweddingshoot #prewedingmuslim #photoprewedding @iftaassociation
@riniariasih
@kutaheriawan
@sahabattravellerlampung
@apalampung
@bg_lpgkece
@parapejalanlampung
@lampuung @lampungselatanexplore @pesonalampunng @syah_herwan@dianarsaf #ramahtamahjelajah

#teamexploreifta2021
#pariwisatalampungselatan ____
____
#lampungwisata #lampunggeh #lampung #lampungselatan #lampungpunyabrand #lampunghits #lampungselatanamezing #lampungyay #wisataindonesia #wisatalampung #wisata #wisatalampungselatan #bakauheni #bakauhenilampung #gerbang_sumatra_seller #camping #camp #campcamp #sunmori",Attraction,,cocok untuk berlibur di saat pikiran kamu lagi kacau dan menghilangkan rasa lelah ditubuh kamu💫 ayo jangan pikir dua kali untuk berlibur di ✨💫 📸 📍 loc📍jln.permata batu alif / pematang malang dusun kayu-tabu desa kelawi kec bakauheni lampung selatan. flw⬇️ more info: +62 895-1936-9799 📌tempat ➡️jln. permata batu-alif/ pematang malang. ➡️desa kelawi. ➡️dusun kayu-tabu. ➡️kec.bakauheni. ➡️kab.lampung selatan go ifta! keep moving pematang sunrise! lets go lampsel bangkit pariwisata indonesia 🇲🇨 salam explorasi 💪 adaptasi kebiasaan baru berwisata aman dengan protokol kesehatan @dianarsaf,prewedding preweddingphotography photography photographer preweddingshoot prewedingmuslim photoprewedding ramahtamahjelajah teamexploreifta2021 pariwisatalampungselatan lampungwisata lampunggeh lampung lampungselatan lampungpunyabrand lampunghits lampungselatanamezing lampungyay wisataindonesia wisatalampung wisata wisatalampungselatan bakauheni bakauhenilampung gerbang sumatra seller camping camp campcamp sunmori,cocok untuk berlibur di saat pikiran kamu lagi kacau dan menghilangkan rasa lelah ditubuh kamu ayo jangan pikir dua kali untuk berlibur di indah kamera lokasi lokasi lokasi jln permata batu alif pematang malang dusun kayu tabu desa kelawi kec bakauheni lampung selatan flw more info 62 895 1936 9799 lokasi tempat arah jln permata batu alif pematang malang arah desa kelawi arah dusun kayu tabu arah kec bakauheni arah kab lampung selatan go ifta keep moving pematang sunrise lets go lampsel bangkit pariwisata indonesia salam explorasi semangat adaptasi kebiasaan baru berwisata aman dengan protokol kesehatan dianarsaf
https://www.instagram.com/p/CUkCb3Rhymw/,416.jpg,44472.435624999998,"Tidak ada mimpi yang terlalu tinggi untuk digapai, yang ada hanyalah niat yang rendah untuk melangkah 🪂

#wisatalampung#lampungselatan#paralayang#perengananteng#wisatalampungselatan#happy#sunday#fly#littlefighter",Attraction,,"tidak ada mimpi yang terlalu tinggi untuk digapai, yang ada hanyalah niat yang rendah untuk melangkah 🪂",wisatalampung lampungselatan paralayang perengananteng wisatalampungselatan happy sunday fly littlefighter,tidak ada mimpi yang terlalu tinggi untuk digapai yang ada hanyalah niat yang rendah untuk melangkah
https://www.instagram.com/p/CL5vd7hMyyM/,417.jpg,44257.168263888889,"#Repost @abid_rabbani28
• • • • • •
Desa Way Hui Lampung Selatan

😱 Bersejarah dan misterius ungkapan yang tepat untuk tempat ini. Konon, batu ini sudah ada sejak zaman kolonial Belanda. Penamaannya pun beragam seperti “Batu Lingguh”, “Mini Stone” dan ada juga yang menyebutnya “Tugu Empat”.
. 
🌍 Lokasi : Batu Lingguh/Mini Stone/Tugu Empat, Desa Way Huwi, Kec.Jati Agung, Kab.Lampung Selatan, Prov.Lampung, Indonesia. 
. 
#kelampungaja #lampungdong #pejalankakilampung #lampungtok #lampungkuy #lampungselatanig #lampungmu #lampungselatanexplore #pejuangpesonalampung #mata_lampungku #ekspedisisumatera #lampungme_ #bolang_lampung #lampung_light #wisata_lampungme #lampungselatan #wisatalampungselatan #batulingguhlampung #tuguempatlampung #ministonelampung",Attraction,,"desa way hui lampung selatan 😱 bersejarah dan misterius ungkapan yang tepat untuk tempat ini. konon, batu ini sudah ada sejak zaman kolonial belanda. penamaannya pun beragam seperti “batu lingguh”, “mini stone” dan ada juga yang menyebutnya “tugu empat” 🌍 lokasi: batu lingguh/mini stone/tugu empat, desa way huwi, kec.jati agung, kab.lampung selatan, prov.lampung, indonesia",repost kelampungaja lampungdong pejalankakilampung lampungtok lampungkuy lampungselatanig lampungmu lampungselatanexplore pejuangpesonalampung mata lampungku ekspedisisumatera lampungme bolang lampung lampung light wisata lampungme lampungselatan wisatalampungselatan batulingguhlampung tuguempatlampung ministonelampung,desa way hui lampung selatan bersejarah dan misterius ungkapan yang tepat untuk tempat ini konon batu ini sudah ada sejak zaman kolonial belanda penamaannya pun beragam seperti batu lingguh mini stone dan ada juga yang menyebutnya tugu empat bumi lokasi batu lingguh mini stone tugu empat desa way huwi kec jati agung kab lampung selatan prov lampung indonesia
https://www.instagram.com/p/CYTAEKTriCi/,418.jpg,44565.239629629628,"Suara deburan ombak bikin candu💙
.
#janah2410 #storyaesthetic99 #ａｅｓｔｈｅｔｉｃ#selebgramlampuung #selebgramlampung_id #selebgramlampung_ #selebgramindonesia #ootdstyle #ootddaily #ootdfashion #wisatalampung #wisatalampungselatan #selebgram_lampung_id #pantaimarinakalianda #pantaimarinalampung #pantaimarina #fypシ #fypinstagram #fypindonesia #fff💋 #lfl💛 #fff😊 #lll #lflfff❤ #ombakpantai",Attraction,,suara deburan ombak bikin candu💙. シ 💋 💛 😊 ❤,janah2410 storyaesthetic99 aesthetic selebgramlampuung selebgramlampung id selebgramlampung selebgramindonesia ootdstyle ootddaily ootdfashion wisatalampung wisatalampungselatan selebgram lampung id pantaimarinakalianda pantaimarinalampung pantaimarina fyp fypinstagram fypindonesia fff lfl lll lflfff ombakpantai,suara deburan ombak bikin candu cinta cinta cinta senang cinta
https://www.instagram.com/p/CKVmJhnpBd1/,419.jpg,44218.275567129633,"Hati akan merasa tenang jika kita yakin apapun yg luput dari kita bukanlah takdir kita,dan apapun yg ditakdirkan untuk kita tak akan luput dari kita..
 
#pantaitapakkera 
#wisatalampungselatan",Attraction,,"hati akan merasa tenang jika kita yakin apapun yg luput dari kita bukanlah takdir kita,dan apapun yg ditakdirkan untuk kita tak akan luput dari kita",pantaitapakkera wisatalampungselatan,hati akan merasa tenang jika kita yakin apapun yang luput dari kita bukanlah takdir kita dan apapun yang ditakdirkan untuk kita tak akan luput dari kita
https://www.instagram.com/p/CYbpsa3v0So/,420.jpg,44568.599131944437,"Sendiri itu tenang, selebihnya kesepian
.
.
📸 @baguspangestu31 
.
#SebalangBeach #lampung #lampunginsta #potretlampung #explorelampung #wisatalampung #wisatalampungselatan #lampunghits #lampungkece",Attraction,,"sendiri itu tenang, selebihnya kesepian 📸",sebalang beach lampung lampunginsta potretlampung explorelampung wisatalampung wisatalampungselatan lampunghits lampungkece,sendiri itu tenang selebihnya kesepian kamera
https://www.instagram.com/p/Cfyu0Xdr2uz/,421.jpg,44751.548483796287,"Wisata Jati Agro Farm yang ada di Jatimulyo Lampung Selatan sekarang ada kolam renangnya. 

Cek video dan info lengkapnya di channel YouTube Jani Master, LINK ada di profil. 

#wisatabandarlampung #wisatalampung #wisatalampungselatan #jatimulyo #jatiagro #jatiagrofarm #wisatajatiagro #wisatadilampung",Attraction,,"wisata jati agro farm yang ada di jatimulyo lampung selatan sekarang ada kolam renangnya. cek video dan info lengkapnya di channel youtube jani master, link ada di profil",wisatabandarlampung wisatalampung wisatalampungselatan jatimulyo jatiagro jatiagrofarm wisatajatiagro wisatadilampung,wisata jati agro farm yang ada di jatimulyo lampung selatan sekarang ada kolam renangnya cek video dan info lengkapnya di channel youtube jani master link ada di profil
https://www.instagram.com/p/CXix38Cl_QJ/,422.jpg,44546.512164351851,"Mention orang yang ingin kamu ajak ke pulau Pahawang island 🥰

-
Private trip, adalah favorit pilihan yang tepat untuk tour.

-
[ Fasilitas ]

∆ Kapal xplore pulau
∆ maksimal 5 pulau dan pantai
∆ 1 set alat snorkeling ( mask, pelampung )

_________________________________________________________

More info and reservation :
☎️ Cp/wa : +62 83168234908

-

-
---------------------------
 -----------------------------

#travel #sunset #travelgram #vacation #wisatalampungselatan #beach #lampunghits #pesonaindonesia #opentrippahawangmurah #palembangupdate #sewakapalmurah #kelagianlunik #pasirtimbullampung #liburanmurah #lampunggeh",Attraction,,"mention orang yang ingin kamu ajak ke pulau pahawang island 🥰 - private trip, adalah favorit pilihan yang tepat untuk tour. - [ fasilitas ] ∆ kapal xplore pulau ∆ maksimal 5 pulau dan pantai ∆ 1 set alat snorkeling ( mask, pelampung ) more info and reservation: ☎️ cp/wa: +62 83168234908",travel sunset travelgram vacation wisatalampungselatan beach lampunghits pesonaindonesia opentrippahawangmurah palembangupdate sewakapalmurah kelagianlunik pasirtimbullampung liburanmurah lampunggeh,mention orang yang ingin kamu ajak ke pulau pahawang island suka private trip adalah favorit pilihan yang tepat untuk tour fasilitas kapal xplore pulau maksimal 5 pulau dan pantai 1 set alat snorkeling mask pelampung more info and reservation telepon cp whatsapp 62 83168234908
https://www.instagram.com/p/Cfj7dgrBvGn/,423.jpg,44745.799780092602,"Wake Me Up When I Care...
.
.
.
📍Pulau Sebesi, Lampung
#explorelampung #pantaisebesi #visitlampung #explorepantai #solotravelling #solotraveller #canoing #infopandeglang #travelphotography #photography #nature #travelgram #pickoftheday #instagood #snorkeling #instatravel #adventure #travelblogger #trip #landscape #naturephotography #pulausebesi #sebesiisland #wisatakrakatau #wisatalampungselatan #exploresebesi #gunungkrakatau #explorekrakatau #gunungkrakatau",Attraction,,"wake me up when i care 📍pulau sebesi, lampung",explorelampung pantaisebesi visitlampung explorepantai solotravelling solotraveller canoing infopandeglang travelphotography photography nature travelgram pickoftheday instagood snorkeling instatravel adventure travelblogger trip landscape naturephotography pulausebesi sebesiisland wisatakrakatau wisatalampungselatan exploresebesi gunungkrakatau explorekrakatau,wake me up when i care lokasi pulau sebesi lampung
https://www.instagram.com/p/CSX7c7ZhC4N/,424.jpg,44418.022638888891,"🐎 Hewan pun mempunyai hati. Jika kita tak melukainya, maka ia pun tak akan melukai kita. 
————————————————
🌍 Lokasi : Kampung Kuda, Desa Gedung Agung Kec.Jati Agung, Kab.Lampung Selatan, Prov.Lampung, Indonesia. 
. 
#lampung #mampirlampung #pesonatraveller  #lampungtraveling #ingetlampung #jelajahlampung #lampungable #lampungselatanexplore #lampungselatanig #disparbudlamsel #lampungselatanamazing #lampungselatan #kampungkuda #jatiagung #wisatalampungselatan
Reposted from @abid_rabbani28",Amenities,Fasilitas Berkuda,"🐎 hewan pun mempunyai hati. jika kita tak melukainya, maka ia pun tak akan melukai kita. 🌍 lokasi: kampung kuda, desa gedung agung kec.jati agung, kab.lampung selatan, prov.lampung, indonesia reposted from",lampung mampirlampung pesonatraveller lampungtraveling ingetlampung jelajahlampung lampungable lampungselatanexplore lampungselatanig disparbudlamsel lampungselatanamazing lampungselatan kampungkuda jatiagung wisatalampungselatan,hewan pun mempunyai hati jika kita tak melukainya maka ia pun tak akan melukai kita bumi lokasi kampung kuda desa gedung agung kec jati agung kab lampung selatan prov lampung indonesia reposted from
https://www.instagram.com/p/CfTnz5qplwl/,425.jpg,44739.46675925926,"''Kalo mau tau asli nya gua
Main sama gua
Duduk berdua
Kita ngopi
Kalo dari cerita orang mah
Gua kebagian brengseknya doang 😁.''
.
.
.
.
.
#wisatalampung #wisatalampungselatan #wisatakalianda #lampungselatanexplore #wisataindonesiakeren🇲🇨",Attraction,,''kalo mau tau asli nya gua main sama gua duduk berdua kita ngopi kalo dari cerita orang mah gua kebagian brengseknya doang 😁.'' 🇲🇨,wisatalampung wisatalampungselatan wisatakalianda lampungselatanexplore wisataindonesiakeren,kalau mau tau asli nya gua main sama gua duduk berdua kita ngopi kalau dari cerita orang mah gua kebagian brengseknya doang senang
https://www.instagram.com/p/CkQSSBIBH8U/,426.jpg,44862.446701388893,"-✈️
.
Sudah akhir pekan aja ni kak, masih bingung mau kemana weekend kali ini, eitsss kagak usah bingung, Air terjun Citiis solusinya.

Air Terjun Citiis ini, merupakan satu dari beberapa objek wisata alam Air Terjun di Kabupaten Lampung Selatan.

Lokasi Air Terjun yang berada di bawah kaki Gunung Rajabasa dengan dikelilingi pohon-pohon hutan alami. Keindahan Air Terjun Citiis sangatlah menggoda untuk didatangi.

Hijaunya pepohonan khas Gunung Rajabasa yang masih alami, serta batu hitam dengan hiasan lumut menjadi pemandangan yang menyejukan mata.

Riak suara air yang turun dari ketinggian sekira 10-20 meter, seolah menjadi irama syahdu.
Perjuangan melelahkan, track memacu andrenalin akan terbayarkan sudah, kala mata menatap dan merasakan langsung kesegaran Air Terjun Citiis.
If @ekamaulanaiqbal_18

📍 Air Terjun Citiis, Rajabasa, Lampung Selatan.

🏅From @demenalam

#curug #waterfall #explorelampung #lampungselatan #wisatalampungselatan  #lampungmoment #visitlampung #wisatalampung #pesonalampung #genpilampung #pesonaindonesia #lampunggeh #lampunghits #lampungeksis #lfl #likeforlikes #likeforfollow #inilampungyay #potretlampung #lampunginsta #parapejalanlampung #pendakilampung #travellerlampung #lampungkece  #lampungpedia  #alamlampung #nature #instagood  #travelingindonesia #traveling",Attraction,,"✈️. sudah akhir pekan aja ni kak, masih bingung mau kemana weekend kali ini, eitsss kagak usah bingung, air terjun citiis solusinya. air terjun citiis ini, merupakan satu dari beberapa objek wisata alam air terjun di kabupaten lampung selatan. lokasi air terjun yang berada di bawah kaki gunung rajabasa dengan dikelilingi pohon-pohon hutan alami. keindahan air terjun citiis sangatlah menggoda untuk didatangi. hijaunya pepohonan khas gunung rajabasa yang masih alami, serta batu hitam dengan hiasan lumut menjadi pemandangan yang menyejukan mata. riak suara air yang turun dari ketinggian sekira 10-20 meter, seolah menjadi irama syahdu. perjuangan melelahkan, track memacu andrenalin akan terbayarkan sudah, kala mata menatap dan merasakan langsung kesegaran air terjun citiis. if 📍 air terjun citiis, rajabasa, lampung selatan. 🏅from",curug waterfall explorelampung lampungselatan wisatalampungselatan lampungmoment visitlampung wisatalampung pesonalampung genpilampung pesonaindonesia lampunggeh lampunghits lampungeksis lfl likeforlikes likeforfollow inilampungyay potretlampung lampunginsta parapejalanlampung pendakilampung travellerlampung lampungkece lampungpedia alamlampung nature instagood travelingindonesia traveling,sudah akhir pekan saja ini kak masih bingung mau kemana weekend kali ini eitss kagak usah bingung air terjun citiis solusinya air terjun citiis ini merupakan satu dari beberapa objek wisata alam air terjun di kabupaten lampung selatan lokasi air terjun yang berada di bawah kaki gunung rajabasa dengan dikelilingi pohon pohon hutan alami keindahan air terjun citiis sangatlah menggoda untuk didatangi hijaunya pepohonan khas gunung rajabasa yang masih alami serta batu hitam dengan hiasan lumut menjadi pemandangan yang menyejukan mata riak suara air yang turun dari ketinggian sekira 10 20 meter seolah menjadi irama syahdu perjuangan melelahkan track memacu andrenalin akan terbayarkan sudah kala mata menatap dan merasakan langsung kesegaran air terjun citiis if lokasi air terjun citiis rajabasa lampung selatan from
https://www.instagram.com/p/CYMCKIGFfH0/,427.jpg,44562.533796296288,"Search wisata lampung

.
.
#kaliandaresort #alaualauresort #lagunabeach #lagunaalaualau #wisatalampungselatan #wisatalampung #pesonalampung #wisataindonesia #travellerindonesia #indovidgramvideo #lampungvidgram #lampungwisata #lampungtrip ##pesonaindonesia #trans7 #jelajahindonesia #travelling #lampungeksis #potretlampung #pikniklampung #explorelampung #lflflflflflflfl",Amenities,Lummay Villa Dan ResortsAlau Alau Boutique Resort Kalianda,search wisata lampung #,kaliandaresort alaualauresort lagunabeach lagunaalaualau wisatalampungselatan wisatalampung pesonalampung wisataindonesia travellerindonesia indovidgramvideo lampungvidgram lampungwisata lampungtrip pesonaindonesia trans7 jelajahindonesia travelling lampungeksis potretlampung pikniklampung explorelampung lflflflflflflfl,search wisata lampung
https://www.instagram.com/p/CLUqbkVHvU7/,428.jpg,44242.768321759257,"Ditanganmu segalanya jadi luar biasa, thanks...
Prewed @pantai_keduwarna
Repost :@hansphotography_09 
#pantai_keduwarna
#preweddingphotography
#prewedding#pantai #wisatalampungselatan #wonderfullampungselatan #dinaspariwisatalampungselatan #kaliandaig",Attraction,,"ditanganmu segalanya jadi luar biasa, thanks prewed repost",pantai keduwarna preweddingphotography prewedding pantai wisatalampungselatan wonderfullampungselatan dinaspariwisatalampungselatan kaliandaig,ditanganmu segalanya jadi luar biasa thanks prewed repost
https://www.instagram.com/p/CPDDwnsBM52/,429.jpg,44335.352048611108,"Carilah tempat dimana kmu di hargai bukan dibutuhkan, karena banyak orang yang butuh tapi lupa caranya menghargai. ⚪️

#Lampungpunyacerita
#janganmenyerah 
#janganlupabersyukur 
#janganlupabahagia 
#lampunghits 
#lampunggeh 
#wisatalampungselatan 
#Kalianda
#lampunggeh 
#Bujangsumatera
#Minang
#Jawa
#Sunda
#Lampung
#Indonesia",Attraction,,"carilah tempat dimana kmu di hargai bukan dibutuhkan, karena banyak orang yang butuh tapi lupa caranya menghargai. ⚪️",lampungpunyacerita janganmenyerah janganlupabersyukur janganlupabahagia lampunghits lampunggeh wisatalampungselatan kalianda bujangsumatera minang jawa sunda lampung indonesia,carilah tempat dimana kmu di hargai bukan dibutuhkan karena banyak orang yang butuh tapi lupa caranya menghargai
https://www.instagram.com/p/DQVSQ0AkpBI/,430.jpg,45958.014328703714,"HOLIDAY TRIP BY PT ANDINI TOURS & TRAVEL❤️✨

______________________________________________
Bingung mikirin liburan akhir tahun ke mana???
Tenang sobat!!! ANDINI TOURS & TRAVEL siap menemani liburan para sahabat!!!!

Info trip:081271103187

#pahawangmurah #pahawanglampung #pahawangislandlampung #pahawangtrip #pahawangbeach #telukhantu #telukhantupesawaran #telukhantulampung #fyp #fypppppppppppppppppppppppppppppppppppppppppppppppppppppppppppppppppppppp #fypシ❤️💞❤️ #wisatalam #wisatalampung #wisatalampungku #wisatalampungselatan",Attraction,,holiday trip by pt andini tours dan travel❤️✨ bingung mikirin liburan akhir tahun ke mana? tenang sobat! andini tours dan travel siap menemani liburan para sahabat! info trip:081271103187 シ❤️💞❤️,pahawangmurah pahawanglampung pahawangislandlampung pahawangtrip pahawangbeach telukhantu telukhantupesawaran telukhantulampung fyp fypppppppppppppppppppppppppppppppppppppppppppppppppppppppppppppppppppppp wisatalam wisatalampung wisatalampungku wisatalampungselatan,holiday trip by pt andini tours dan travel cinta indah bingung mikirin liburan akhir tahun ke mana tenang sobat andini tours dan travel siap menemani liburan para sahabat info trip 081271103187 cinta cinta cinta
https://www.instagram.com/p/C0dWKwrycLB/,431.jpg,45265.201145833344,"Menghidupkan kembali momen ini 😍

#deogratias #happiness #grateful #marinalampung #pantaimarinalampung #wisatalampungselatan",Attraction,,menghidupkan kembali momen ini 😍,deogratias happiness grateful marinalampung pantaimarinalampung wisatalampungselatan,menghidupkan kembali momen ini suka
https://www.instagram.com/p/CO9Y4uoFjGP/,432.jpg,44333.150081018517,"""Hidup itu bukan tentang memiliki dan mendapatkan, tetapi tentang memberi serta menjadi ""sesuatu"".""

Pantai Batu Rame, Kalianda, Lampung Selatan

#lampung #lampunghits #lampunggeh #lampungselatan #lampungwalk #lampungwawai #lovelampung #lampunginsta #lampunggham #lampungmoment #lampungyay #lampungkeren #pikniklampung #explorelampung #wisatalampung #wisatalampungselatan #pesonalampung #pesonapantai #ayodolan #pariwisata #explorelampung #lampung_geh #explorekalianda #pantaibaturame #pesonapantai #ayodolan #infokyai #lampungwah #lampunghelau",Attraction,,"""hidup itu bukan tentang memiliki dan mendapatkan, tetapi tentang memberi serta menjadi ""sesuatu""."" pantai batu rame, kalianda, lampung selatan",lampung lampunghits lampunggeh lampungselatan lampungwalk lampungwawai lovelampung lampunginsta lampunggham lampungmoment lampungyay lampungkeren pikniklampung explorelampung wisatalampung wisatalampungselatan pesonalampung pesonapantai ayodolan pariwisata lampung geh explorekalianda pantaibaturame infokyai lampungwah lampunghelau,hidup itu bukan tentang memiliki dan mendapatkan tetapi tentang memberi serta menjadi sesuatu pantai batu rame kalianda lampung selatan
https://www.instagram.com/p/CR7tNX-he35/,433.jpg,44407.062083333331,"👋🏻 ROJAIP (Rombongan Jadi Ngetrip) 

Kapan terakhir kalian ke sini cuy ??? ...

————————————————
🌍 Lokasi : Teropong Kota Kalianda, Desa Sumur Kumbang, Kec.Kalianda, Kab.Lampung Selatan, Prov.Lampung, Indonesia. 
.

#Repost @abid_rabbani28
...

#lampungtok #jalanjalandilampung #lampungselatanexplore #lampungberwisata #lampungselatanig #lampungtraveling #kaliandaig #surganyalampung #lampungmu #lokal_kalianda #lampungme #jejaklampung #disparbudlamsel #lampungselatanamazing #khamkalianda #wisata_lampungsai_ig #lampungselatan #teropongkotakalianda #kalianda #wisatalampungselatan",Attraction,,"👋🏻 rojaip (rombongan jadi ngetrip) kapan terakhir kalian ke sini cuy? 🌍 lokasi: teropong kota kalianda, desa sumur kumbang, kec.kalianda, kab.lampung selatan, prov.lampung, indonesia",repost lampungtok jalanjalandilampung lampungselatanexplore lampungberwisata lampungselatanig lampungtraveling kaliandaig surganyalampung lampungmu lokal kalianda lampungme jejaklampung disparbudlamsel lampungselatanamazing khamkalianda wisata lampungsai ig lampungselatan teropongkotakalianda kalianda wisatalampungselatan,rojaip rombongan jadi ngetrip kapan terakhir kalian ke sini cuy bumi lokasi teropong kota kalianda desa sumur kumbang kec kalianda kab lampung selatan prov lampung indonesia
https://www.instagram.com/p/C65ePiALD_W/,434.jpg,45425.255069444444,"Siang Bolong Gini Enaknya Sih Nyebur Di @way_tebing_ceppa 🤗

☑ Salam kenal teman-teman, Kepoin kita dong. Yuk follow & saling support. Kunjungi channel yoututube kami juga ya (link ada di bio/profil/disematkan)

#waytebingceppa #wisatalampungku #wisatalampungselatan #wisataalamindonesia #pemandianalam #potretlampung #kaliandahits #potretkece",Attraction,,"siang bolong gini enaknya sih nyebur di 🤗 ☑ salam kenal teman-teman, kepoin kita dong. yuk follow dan saling support. kunjungi channel yoututube kami juga ya (link ada di bio/profil/disematkan)",waytebingceppa wisatalampungku wisatalampungselatan wisataalamindonesia pemandianalam potretlampung kaliandahits potretkece,siang bolong gini enaknya sih nyebur di ramah cek salam kenal teman teman kepoin kita dong ayo follow dan saling support kunjungi channel yoututube kami juga ya link ada di bio profil disematkan
https://www.instagram.com/p/CdTFRCCJxcP/,435.jpg,44689.546863425923,"Kurang darah AE mumet,OPO eneh kurang perhatianmu.....piuuuuupiuuuupiuuuuu...
Foto terakhir bonus 😂😂
#lblb💙 #lfl💛 #folowforfolowback #followers #hijabers #pantaikeduwarna #pantaikedu #holiday #fff #三代目jsoulbrothers #lampungselatan #wisatalampungselatan",Attraction,,"kurang darah ae mumet,opo eneh kurang perhatianmu piuuuuupiuuuupiuuuuu foto terakhir bonus 😂😂 💙 💛 #三代目jsoulbrothers",lblb lfl folowforfolowback followers hijabers pantaikeduwarna pantaikedu holiday fff lampungselatan wisatalampungselatan,kurang darah ae mumet opo eneh kurang perhatianmu piuupiuupiuu foto terakhir bonus tertawa tertawa cinta cinta jsoulbrothers
https://www.instagram.com/p/CpAaHkZy_KT/,436.jpg,44980.556145833332,"🔁 Repost : @a_lkmn 

 ""Tidak ada yang lebih indah, daripada melihat kegigihan laut yang menolak berhenti mencumbui bibir pantai. Meski berkali-kali harus menjauh terbawa arus"".
.
.
.
📍 Minang Rua Bahari, Lampung Selatan
.
.
.
Follow : @barbar_adventure_indonesia 
Tag : #barbar_adventure_indonesia 

#wisatalampung #wisatalampungselatan #minangruabeach #barbar_adventure_indonesia #explore",Attraction,,"🔁 repost: ""tidak ada yang lebih indah, daripada melihat kegigihan laut yang menolak berhenti mencumbui bibir pantai. meski berkali-kali harus menjauh terbawa arus"" 📍 minang rua bahari, lampung selatan follow: tag",barbar adventure indonesia wisatalampung wisatalampungselatan minangruabeach explore,repost tidak ada yang lebih indah daripada melihat kegigihan laut yang menolak berhenti mencumbui bibir pantai meski berkali kali harus menjauh terbawa arus lokasi minang rua bahari lampung selatan follow tag
https://www.instagram.com/p/Cy3Uov-P21Q/,437.jpg,45225.578981481478,"We travel not to escape life, but for life not to escape us…

#thetyos #travellercouple #adventurouscouple #growoldtogether #kakeknenekpetualang #pantaimarinakalianda #pantaimarinalampung #pantaimarinalampungselatan #pantailampung #pantailampungselatan #wisatalampung #wisatalampungselatan #lampunghits #explorelampung #explorelampungselatan #wisatapantailampung #wisatapantailampungselatan",Attraction,,"we travel not to escape life, but for life not to escape us",thetyos travellercouple adventurouscouple growoldtogether kakeknenekpetualang pantaimarinakalianda pantaimarinalampung pantaimarinalampungselatan pantailampung pantailampungselatan wisatalampung wisatalampungselatan lampunghits explorelampung explorelampungselatan wisatapantailampung wisatapantailampungselatan,we travel not to escape life but for life not to escape us
https://www.instagram.com/p/C3xKgT7Pwo6/,438.jpg,45347.463009259263,"[ OUTBOUND SERU DI LAMPUNG UDAH PASTI BARENG KAMI ]
. 
✨ Yuk maksimalkan kegiatan outbound kalian bareng kami @restubumioutbound.
_______________________
🏝️ RBA - TOUR PACKAGES 
▪️Wisata Alam
▪️Wisata Desa
▪️Minat Khusus
▪️Outbound Training
▪️Family & Corporate Gathering
.
----More information-----
• Kontak : 
> 081271046209 (Admin 1) 
> 081272477622 (Admin 2)
• Instagram : @restubumiadventure 
• Facebook : Restu Bumi Adventure 
• Tik Tok : @restubumiadventure64
• Youtube : Restu Bumi Adventure 
• Website : www.restutour.co.id
• Email : restubumiadventure64@gmail.com
. 
#restubumiadventure #restubumi #adventure #pariwisata #pariwisatalampung #wisatalampung #paketoutboundmurah #paketwisatamurah #pahawanglampung #triplampung #outbond #outboundlampung #wisataalampung #lampung #pantaidilampungselatan #wisatalampungselatan #lampunggeh #paketoutboundlampung #jasaoutboundlampung #mbeachkalianda #pantaiembekalianda",Ancillary,Kelompok Wisata,[ outbound seru di lampung udah pasti bareng kami ]. ✨ yuk maksimalkan kegiatan outbound kalian bareng kami 🏝️ rba - tour packages ️wisata alam ️wisata desa ️minat khusus ️outbound training ️family dan corporate gathering. more information kontak: > 081271046209 (admin 1) > 081272477622 (admin 2) instagram: facebook: restu bumi adventure tik tok: youtube: restu bumi adventure website: email: restubumiadventure64@gmail.com,restubumiadventure restubumi adventure pariwisata pariwisatalampung wisatalampung paketoutboundmurah paketwisatamurah pahawanglampung triplampung outbond outboundlampung wisataalampung lampung pantaidilampungselatan wisatalampungselatan lampunggeh paketoutboundlampung jasaoutboundlampung mbeachkalianda pantaiembekalianda,outbound seru di lampung sudah pasti bersama kami indah ayo maksimalkan kegiatan outbound kalian bersama kami pulau rba tour packages wisata alam wisata desa minat khusus outbound training family dan corporate gathering more information kontak 081271046209 admin 1 081272477622 admin 2 instagram facebook restu bumi adventure tik tok youtube restu bumi adventure website email restubumiadventure64 gmail com
https://www.instagram.com/p/ComkIkCybob/,439.jpg,44970.519525462973,"photo family
#couplesyah#kalianda #wisatakalianda #wisatalampungselatan #pantaikalindalampung #kaliandahits #pantaikalianda #jalanjalankalianda #lampungselatanexplore #pantailampungselatan #kalianda #pantaiaranglampung #jasaphotopantaikalinda #tempatwisatalampung #wisatalampungselatan #photofamilykalinda #photofamily #photofamilyoutdoor #farrsofampict",Attraction,,photo family,couplesyah kalianda wisatakalianda wisatalampungselatan pantaikalindalampung kaliandahits pantaikalianda jalanjalankalianda lampungselatanexplore pantailampungselatan pantaiaranglampung jasaphotopantaikalinda tempatwisatalampung photofamilykalinda photofamily photofamilyoutdoor farrsofampict,photo family
https://www.instagram.com/p/CQOY314Bc7b/,440.jpg,44364.60728009259,"Perjalanan masih panjang, moga kita selalu dimudahkan dan dikuatkan oleh Allah Sang Maha Pemberi Kehidupan.
.
.
.
#tadabburalam  #bukitpematangsunrise  #lampunghits  #lampungexsplore  #wisatalampungselatan  #wisatalampung #kelampung_geh  #inspirasihidup",Attraction,,"perjalanan masih panjang, moga kita selalu dimudahkan dan dikuatkan oleh allah sang maha pemberi kehidupan",tadabburalam bukitpematangsunrise lampunghits lampungexsplore wisatalampungselatan wisatalampung kelampung geh inspirasihidup,perjalanan masih panjang moga kita selalu dimudahkan dan dikuatkan oleh allah sang maha pemberi kehidupan
https://www.instagram.com/p/CPc-segsu6v/,441.jpg,44345.418715277781,"Nikmatnya mandi di wisata batu kincir..... Sejuuuukkkkkkk

#wisatalampungselatan",Attraction,,nikmatnya mandi di wisata batu kincir sejuuuukkkkkkk,wisatalampungselatan,nikmatnya mandi di wisata batu kincir sejuukk
https://www.instagram.com/p/CpKw86Kyz4A/,442.jpg,44984.578321759262,"Kadang kita perlu datang ke tempat baru agar lebih bersyukur☺️

-📷 @elviraaripratwi

-@lummayvillaresort 
-@minangruabeach_inn 

-📍Pantai Minangrua, lampung selatan 

#ciwiciwi_aesthetic #wisatalampungselatan #minangruabeach",Attraction,,"kadang kita perlu datang ke tempat baru agar lebih bersyukur☺️ -📷 - - -📍pantai minangrua, lampung selatan",ciwiciwi aesthetic wisatalampungselatan minangruabeach,kadang kita perlu datang ke tempat baru agar lebih bersyukur senang kamera lokasi pantai minangrua lampung selatan
https://www.instagram.com/p/Cfl16lhpfrp/,443.jpg,44746.542847222219,"Aromamu candu buatku 🏝
.
.
.
📍Pulau Sebesi, Lampung
#explorelampung #pantaisebesi #visitlampung #explorepantai #solotravelling #solotraveller #canoing #infopandeglang #travelphotography #photography #nature #travelgram #pickoftheday #instagood #snorkeling #instatravel #adventure #travelblogger #trip #landscape #naturephotography #pulausebesi #sebesiisland #wisatakrakatau #wisatalampungselatan #exploresebesi #gunungkrakatau #explorekrakatau #gunungkrakatau",Attraction,,"aromamu candu buatku 🏝 📍pulau sebesi, lampung",explorelampung pantaisebesi visitlampung explorepantai solotravelling solotraveller canoing infopandeglang travelphotography photography nature travelgram pickoftheday instagood snorkeling instatravel adventure travelblogger trip landscape naturephotography pulausebesi sebesiisland wisatakrakatau wisatalampungselatan exploresebesi gunungkrakatau explorekrakatau,aromamu candu buatku pulau lokasi pulau sebesi lampung
https://www.instagram.com/p/CrkZpNqLeLT/,444.jpg,45044.24454861111,"Menara siger Lampung..
#menarasiger 
#wisatalampungselatan 
#bakahuneilampung 
#lampunggeh",Attraction,,menara siger lampung,menarasiger wisatalampungselatan bakahuneilampung lampunggeh,menara siger lampung
https://www.instagram.com/p/CPTLW7mnRad/,445.jpg,44341.611944444441,"Berasa pantai pribadi 😁🌅
.
.
.
.
#lampunghits #lampungselatan #lampunggeh #wisatalampungselatan #pantaikedu",Attraction,,berasa pantai pribadi 😁🌅,lampunghits lampungselatan lampunggeh wisatalampungselatan pantaikedu,berasa pantai pribadi senang matahari terbit
https://www.instagram.com/p/ChMdYtwPL5L/,446.jpg,44786.395243055558,"Terimakasih sudah berkunjung 😊🙏

📍@muaraindahsuak 
Jl. Raya Suak Desa Suak Kec. Sidomulyo Lampung Selatan 

_______________
Follow & tag foto kamu 
IG @muaraindahsuak 
FB Muara Indah Suak 

________________
#muaraindahsuak #pantaimuaraindahsuak #pantailampung #pantailampungselatan #wisatalampung #wisatalampungselatan #piknik #healingvibes",Attraction,,terimakasih sudah berkunjung 😊🙏 📍 jl. raya suak desa suak kec. sidomulyo lampung selatan follow dan tag foto kamu ig fb muara indah suak,muaraindahsuak pantaimuaraindahsuak pantailampung pantailampungselatan wisatalampung wisatalampungselatan piknik healingvibes,terimakasih sudah berkunjung senang terima kasih lokasi jl raya suak desa suak kec sidomulyo lampung selatan follow dan tag foto kamu ig fb muara indah suak
https://www.instagram.com/p/CxcFCq8R4kJ/,447.jpg,45190.143449074072,#lampungselatan #bakauheni #minangruabeach #pesonaindonesia #wisatalampungselatan #wisatalampung #wisataindonesia #beach,Attraction,,,lampungselatan bakauheni minangruabeach pesonaindonesia wisatalampungselatan wisatalampung wisataindonesia beach,
https://www.instagram.com/p/CMGZlCknUY9/,448.jpg,44262.084131944437,"✨ KUNJUNGAN KE POKDARWIS/BUMDES/KOPERASI ✨
. 
👥 Nama Mahasiswa : 
• M. Abid Rabbani (20756044)
• Nadiya Shabrina (20756046)
• Salsa Zulya Putri (20756052) 
. 
💯 Wisata Alam Gunung Batu dikelola resmi oleh Kelompok Sadar Wisata (POKDARWIS) yang bekerja sama dengan Badan Usaha Milik Desa (BUMDES) Desa Srikaton.
. 
💫 POKDARWIS sendiri merupakan lembaga kelompok masyarakat yang dibentuk untuk menjalankan kepariwisataan di Desa Srikaton serta bisa menciptakan sapta pesona. POKDARWIS Wisata Gunung Batu disahkan pada tanggal 10 Oktober 2019. Agar keberadaan kepariwisataan Gunung Batu bisa berjalan dengan baik dan kondusif maka diadakan kerja sama dengan Badan Usaha Milik Desa (BUMDES) Desa Srikaton.
. 
🌍 Lokasi : Wisata Alam Gunung Batu, Desa Srikaton, Kec.Tanjung Bintang, Kab.Lampung Selatan, Prov.Lampung, Indonesia. 
. 
#politekniknegerilampung #polinela #mahasiswapolinela #perjalananwisatapolinela #pwpolinela #anakpariwisata #pariwisatapolinela #kuliahpariwisata #tugaslapangan #pokdarwis #pokdarwislampung #bumdes #tatakelolaobjekwisata #anakkuliah #mahasiswalampung #mahasiswa #lampung #wisatalampung #lampungselatan #wisatalampungselatan #desasrikaton #gunungbatu",Ancillary,Kelompok Wisata,"✨ kunjungan ke pokdarwis/bumdes/koperasi ✨. 👥 nama mahasiswa: m. abid rabbani (20756044) nadiya shabrina (20756046) salsa zulya putri (20756052). 💯 wisata alam gunung batu dikelola resmi oleh kelompok sadar wisata (pokdarwis) yang bekerja sama dengan badan usaha milik desa (bumdes) desa srikaton 💫 pokdarwis sendiri merupakan lembaga kelompok masyarakat yang dibentuk untuk menjalankan kepariwisataan di desa srikaton serta bisa menciptakan sapta pesona. pokdarwis wisata gunung batu disahkan pada tanggal 10 oktober 2019. agar keberadaan kepariwisataan gunung batu bisa berjalan dengan baik dan kondusif maka diadakan kerja sama dengan badan usaha milik desa (bumdes) desa srikaton 🌍 lokasi: wisata alam gunung batu, desa srikaton, kec.tanjung bintang, kab.lampung selatan, prov.lampung, indonesia",politekniknegerilampung polinela mahasiswapolinela perjalananwisatapolinela pwpolinela anakpariwisata pariwisatapolinela kuliahpariwisata tugaslapangan pokdarwis pokdarwislampung bumdes tatakelolaobjekwisata anakkuliah mahasiswalampung mahasiswa lampung wisatalampung lampungselatan wisatalampungselatan desasrikaton gunungbatu,indah kunjungan ke pokdarwis bumdes koperasi indah nama mahasiswa m abid rabbani 20756044 nadiya shabrina 20756046 salsa zulya putri 20756052 wisata alam gunung batu dikelola resmi oleh kelompok sadar wisata pokdarwis yang bekerja sama dengan badan usaha milik desa bumdes desa srikaton pokdarwis sendiri merupakan lembaga kelompok masyarakat yang dibentuk untuk menjalankan kepariwisataan di desa srikaton serta bisa menciptakan sapta pesona pokdarwis wisata gunung batu disahkan pada tanggal 10 oktober 2019 agar keberadaan kepariwisataan gunung batu bisa berjalan dengan baik dan kondusif maka diadakan kerja sama dengan badan usaha milik desa bumdes desa srikaton bumi lokasi wisata alam gunung batu desa srikaton kec tanjung bintang kab lampung selatan prov lampung indonesia
https://www.instagram.com/p/CvhcZCRr7Mm/,449.jpg,45142.51667824074,"""Sebuah liburan terbaik diukur dalam teman, bukan cuma jarak tempuh.""
.
.
.
.
@piknikkalianda 
@__her.mawan 
.
.
.
.
#pikniklampung #wisatalampung
#pantaikedu #pantaikedulampungselatan #wisatakalianda #wisatalampung #wisatalampungselatan #pantaikalianda #lampunghits #lampung #bglampungkece #lampunggeh #lampungkece",Attraction,,"""sebuah liburan terbaik diukur dalam teman, bukan cuma jarak tempuh.""",pikniklampung wisatalampung pantaikedu pantaikedulampungselatan wisatakalianda wisatalampungselatan pantaikalianda lampunghits lampung bglampungkece lampunggeh lampungkece,sebuah liburan terbaik diukur dalam teman bukan cuma jarak tempuh
https://www.instagram.com/p/CXbYFfCP1v9/,450.jpg,44543.637152777781,Wisata Perengan Anteng Karang Anyar Lampung Selatan 🏞️✨😊 #wisata #wisatalampung #wisatalampungselatan #perengananteng,Attraction,,wisata perengan anteng karang anyar lampung selatan 🏞️✨😊,wisata wisatalampung wisatalampungselatan perengananteng,wisata perengan anteng karang anyar lampung selatan indah senang
https://www.instagram.com/p/CW-T90RrZgY/,451.jpg,44532.349664351852,"Kapan kita berlibur ketempat ini,berenang dengan menikmati indahnya pemandangan alam😁

📍Way Benteng Kedangaan (WKB) , Kalianda, Lampung Selatan 
Credit @info_wisatabdl 

#azana #azanahotels #aerofrontonecabinlampung #waybentengkedagaan_wbk  #wisatalampungselatan  #wbk",Attraction,,"kapan kita berlibur ketempat ini,berenang dengan menikmati indahnya pemandangan alam😁 📍way benteng kedangaan (wkb), kalianda, lampung selatan credit",azana azanahotels aerofrontonecabinlampung waybentengkedagaan wbk wisatalampungselatan wbk,kapan kita berlibur ketempat ini berenang dengan menikmati indahnya pemandangan alam senang lokasi way benteng kedangaan wkb kalianda lampung selatan credit
https://www.instagram.com/p/CPGqpqsLlc1/,452.jpg,44336.753136574072,"Bosen di rumah? Cus aja ke air terjun way tayas

#wisatabandarlampung#lampunghits#lampungeksis#explorlampung#lampunggehh#wisatalampung#wisatalampungselatan",Attraction,,bosen di rumah? cus aja ke air terjun way tayas,wisatabandarlampung lampunghits lampungeksis explorlampung lampunggehh wisatalampung wisatalampungselatan,bosen di rumah cus saja ke air terjun way tayas
https://www.instagram.com/p/CnlNYtMrqm4/,453.jpg,44945.137997685182,"Masih blm move on dr @lummayvillaresort 🤭
.
.
.
.
.
.
.
.
.
#healingsejenak 
#wisatalampungselatan
#pantaiminangrua 
#lummayvillaresort",Amenities,Lummay Villa Dan Resorts,masih blm move on dr 🤭,healingsejenak wisatalampungselatan pantaiminangrua lummayvillaresort,masih blm move on dari malu
https://www.instagram.com/p/DTx8EvmEo6u/,454.jpg,46043.707569444443,"Moment With Family

Venua @pantai.marina.official 

#familytime #momentkeluarga #familyphotography #family #gatheringfamily #wisatalampungselatan #lampungselatanexplore #keindahanlaut #photoshoot #keluargabahagia #momentbersamakeluarga",Attraction,,moment with family venua,familytime momentkeluarga familyphotography family gatheringfamily wisatalampungselatan lampungselatanexplore keindahanlaut photoshoot keluargabahagia momentbersamakeluarga,moment with family venua
https://www.instagram.com/p/CQtA8OfjsoG/,455.jpg,44376.501261574071,"Self healing....

#pantaipasirputihlampung #wisatalampungselatan #remajaindonesia",Attraction,,self healing,pantaipasirputihlampung wisatalampungselatan remajaindonesia,self healing
https://www.instagram.com/p/CPN98jiggm7/,456.jpg,44339.588750000003,"Pose diatas batu pinggir jurang macam ini aja, Saya dan keluarga sudah senang bukan kepalang!.🥰🥰🥰
.

Menciptakan momen bahagia bersama keluarga itu gak harus Mevvah kok!. Dateng ke spot wisata yang punya view dermaga Bakauheni dan kawasan pesisir Lampung Selatan begini aja udah bahagia  banged!😊😊😊
.
.
Lokesyen ; @pematang_sunrise @pematang_sunrise @pematang_sunrise @pematang_sunrise 
.
.
.
Gimana Weekend kalian? Always Happy yaaaa ....
.
.
Capture moment by @firman.uno 
.
.
.
#familyqualitytime #myfamilymyteam #myfamilyismyeverything #mylovelyfamily #duniaindra #travelblogger #pariwisataindonesia #pariwisatalampung #pariwisatalampungselatan #pematangsunrise #wisatalampungselatan #pematangsunriselampung #pematangsunrisebakau #wisatabakauheni #indrapradyamclampung #indrapradyalampung #indrapradyafamily #selampung #kelilinglampung #infolampung #lampunghits #lampunggeh",Attraction,,"pose diatas batu pinggir jurang macam ini aja, saya dan keluarga sudah senang bukan kepalang.🥰🥰🥰. menciptakan momen bahagia bersama keluarga itu gak harus mevvah kok. dateng ke spot wisata yang punya view dermaga bakauheni dan kawasan pesisir lampung selatan begini aja udah bahagia banged!😊😊😊 lokesyen; gimana weekend kalian? always happy yaaaa capture moment by",familyqualitytime myfamilymyteam myfamilyismyeverything mylovelyfamily duniaindra travelblogger pariwisataindonesia pariwisatalampung pariwisatalampungselatan pematangsunrise wisatalampungselatan pematangsunriselampung pematangsunrisebakau wisatabakauheni indrapradyamclampung indrapradyalampung indrapradyafamily selampung kelilinglampung infolampung lampunghits lampunggeh,pose diatas batu pinggir jurang macam ini saja saya dan keluarga sudah senang bukan kepalang suka suka suka menciptakan momen bahagia bersama keluarga itu tidak harus mevvah kok dateng ke spot wisata yang punya view dermaga bakauheni dan kawasan pesisir lampung selatan begini saja sudah bahagia banged senang senang senang lokesyen gimana weekend kalian always happy yaa capture moment by
https://www.instagram.com/p/DUACwNtDpS1/,457.jpg,46049.185162037043,#junglesealampung #wisatalampungselatan #jusjumbo #jusbuahasli,Amenities,Fasilitas Kuliner,,junglesealampung wisatalampungselatan jusjumbo jusbuahasli,
https://www.instagram.com/p/DNFa9YGBlU0/,458.jpg,45877.287916666668,"One day , you will be living the life you prayed for

Kepingan Surga di Lampung.,
📍 Pantai Gigi Hiu , Lampung Selatan

#gigihiu #gigihiulampung #lampunggehnews #lampunggehhh #explorelampungselatan #lampungselatan #gigihiubeach #gigihiulampungtanggamus",Attraction,,"one day, you will be living the life you prayed for kepingan surga di lampung, 📍 pantai gigi hiu, lampung selatan",gigihiu gigihiulampung lampunggehnews lampunggehhh explorelampungselatan lampungselatan gigihiubeach gigihiulampungtanggamus,one day you will be living the life you prayed for kepingan surga di lampung lokasi pantai gigi hiu lampung selatan
https://www.instagram.com/p/DP_OBJukYEp/,459.jpg,45949.444618055553,"Yang lagi diLampung bisa bawa anak-anak ke @jungleseaofficial nih, uwo, anjeng dan ibing Happy, Popom Momomnya juga Happy 🤗🥰

#explorelampungselatan 
#wisatalampung 
#junglesea",Attraction,,"yang lagi dilampung bisa bawa anak-anak ke nih, uwo, anjeng dan ibing happy, popom momomnya juga happy 🤗🥰",explorelampungselatan wisatalampung junglesea,yang lagi dilampung bisa bawa anak anak ke ini uwo anjeng dan ibing happy popom momomnya juga happy ramah suka
https://www.instagram.com/p/C75_5yESWDi/,460.jpg,45450.314467592587,"Si topi jerami. 👒 
.
.
.
.
.
.
.
.
.
.
.
 #kalianda #kaliandabeach #kaliandaig #lampung #lampunggeh #explorelampung #explorelampungselatan #lampungselatan  #riobeach",Attraction,,si topi jerami. 👒,kalianda kaliandabeach kaliandaig lampung lampunggeh explorelampung explorelampungselatan lampungselatan riobeach,si topi jerami
https://www.instagram.com/p/DLZfpfLypXe/,461.jpg,45835.37332175926,#explorelampungselatan #pulauumangumang,Attraction,,,explorelampungselatan pulauumangumang,
https://www.instagram.com/p/CkHWyTEvQLa/,462.jpg,44858.978784722232,"Kali ini di meja enggak ada kopi dan gorengan, hanya tersedia tisu-tisu menghapus belek di matamu 
.
.
.
.
.
.
.
.
.
.
.
.
🍁Bukit Slimpuyang, Sidomulyo, Lampung Selatan
.
.
.
.
.
.
.
.
.
.
.
.
#lampungeksis #lampungsemakineksis #koncodolanlampung #explorelampung #lampunginsta #wajahlampung #ilovelampung #sidomulyolampungselatan #bukitslimpuyang #explorelampungselatan #lampungtourid #LampungGeh #lampungkece #wisata_lampungme #lampungindonesia #lampungselataninfo #kelampunggeh #lampungselatan #backpakerindonesia #lampungkece #trendinglampung #nyapalampung #menyapalampung #lampuung #inilampungyay #potretwisataindonesia #hellolampung #kelilingindonesia #travellingnusantara #likesforlike #follow4followback",Attraction,,"kali ini di meja enggak ada kopi dan gorengan, hanya tersedia tisu-tisu menghapus belek di matamu 🍁bukit slimpuyang, sidomulyo, lampung selatan",lampungeksis lampungsemakineksis koncodolanlampung explorelampung lampunginsta wajahlampung ilovelampung sidomulyolampungselatan bukitslimpuyang explorelampungselatan lampungtourid lampung geh lampungkece wisata lampungme lampungindonesia lampungselataninfo kelampunggeh lampungselatan backpakerindonesia trendinglampung nyapalampung menyapalampung lampuung inilampungyay potretwisataindonesia hellolampung kelilingindonesia travellingnusantara likesforlike follow4followback,kali ini di meja enggak ada kopi dan gorengan hanya tersedia tisu tisu menghapus belek di matamu bukit slimpuyang sidomulyo lampung selatan
https://www.instagram.com/p/DNziCJJ4goM/,463.jpg,45895.195462962962,"Ketika laut, gunung, langit bersatu 🥹

#explorelampungselatan #exploreindonesia #traveladdict #indonesia_traveler #pulausebesi #girlstyle #ootd #beachvibes #beachday #girltraveler #indonesia_photography",Attraction,,"ketika laut, gunung, langit bersatu 🥹",explorelampungselatan exploreindonesia traveladdict indonesia traveler pulausebesi girlstyle ootd beachvibes beachday girltraveler indonesia photography,ketika laut gunung langit bersatu
https://www.instagram.com/p/Cpo4DCvvezW/,464.jpg,44996.272222222222,"Main kuda diPantai? Disini juga ada loh😁

#explorelampungselatan 
#explorelampung",Attraction,,main kuda dipantai? disini juga ada loh😁,explorelampungselatan explorelampung,main kuda dipantai disini juga ada loh senang
https://www.instagram.com/p/CnoCLLuvBNu/,465.jpg,44946.235046296293,"Have more quality time at this beautiful Private Beach with your Loved one! 

Make your reservation now at @alaualauboutiqueresort 

Foto credit : @billy.yoga

#alaualaubeach #alaualau #alaualauresort #kaliandabeach #kalianda #kaliandalampungselatan #kaliandaig #kaliandaresort #kaliandahits #lampung #lampunginsta #lampunghits #lampungkece #lampungselatan #explorelampung #explorelampungselatan #PRIVATEBEACH",Attraction,,have more quality time at this beautiful private beach with your loved one! make your reservation now at foto credit,alaualaubeach alaualau alaualauresort kaliandabeach kalianda kaliandalampungselatan kaliandaig kaliandaresort kaliandahits lampung lampunginsta lampunghits lampungkece lampungselatan explorelampung explorelampungselatan privatebeach,have more quality time at this beautiful private beach with your loved one make your reservation now at foto credit
https://www.instagram.com/p/DByRVz3vcoe/,466.jpg,45596.444189814807,"✨ Ciptakan momen bahagia bersama keluarga kecilmu ✨

📌 Pantai Marina

#pantaimarina #pantaimarinakalianda #pantaimarinalampungselatan #wisatalanpung #explorelampungselatan #fotokeluarga",Attraction,,✨ ciptakan momen bahagia bersama keluarga kecilmu ✨ 📌 pantai marina,pantaimarina pantaimarinakalianda pantaimarinalampungselatan wisatalanpung explorelampungselatan fotokeluarga,indah ciptakan momen bahagia bersama keluarga kecilmu indah lokasi pantai marina
https://www.instagram.com/p/ClpSJddhbcT/,467.jpg,44897.010069444441,"Alau Alau Permanent Cottage

1 bed room
2 bed room
Royal Family 

Lagoon view
Room include Breakfast
Free mineral water
King size bed
Air conditioner 
Standard Amenities 

#alaualau #alaualauresort #kalianda #lampungselatan #explorelampungselatan #explorelampung #exoticplaces #privatevilla #wisata #cottage #villa #supportlocal",Amenities,Alau-Alau Boutique Resort,alau alau permanent cottage 1 bed room 2 bed room royal family lagoon view room include breakfast free mineral water king size bed air conditioner standard amenities,alaualau alaualauresort kalianda lampungselatan explorelampungselatan explorelampung exoticplaces privatevilla wisata cottage villa supportlocal,alau alau permanent cottage 1 bed room 2 bed room royal family lagoon view room include breakfast free mineral water king size bed air conditioner standard amenities
https://www.instagram.com/p/Ca-5ofPPoaS/,468.jpg,44631.998773148152,"Kalau namamu bukan Google, berhentilah berlagak seperti kamu tahu segalanya 👌🏻

#lampungselatanexplore
#lampungselatanhits
#pantaimarinalampung
#wonderfulllampung
#wonderfulindonesia
#explorelampung
#explorelampungselatan",Attraction,,"kalau namamu bukan google, berhentilah berlagak seperti kamu tahu segalanya 👌🏻",lampungselatanexplore lampungselatanhits pantaimarinalampung wonderfulllampung wonderfulindonesia explorelampung explorelampungselatan,kalau namamu bukan google berhentilah berlagak seperti kamu tahu segalanya oke
https://www.instagram.com/p/CwNaSjNvxrA/,469.jpg,45159.591828703713,"Asal jepret ja juga di sini mah enak dilihat 😍🌴🏝️🗻
.
.
#3rdtouring2023 #familyadventure #familytouring #touringlintaspulau #touringlintasprovinsi #lampung #lampungselatan #explorelampung #explorelampungselatan #bakauhenilampung #travel #pelabuhancanti #kalianda #pulausebuku #pulausebesi #pulauumang #pulauumangumang #perahu #gelombang #wave #waves #ombak #laut #sea #sealife #beach #pantai #tejang #tejangpulausebesi",Attraction,,asal jepret ja juga di sini mah enak dilihat 😍🌴🏝️🗻,3rdtouring2023 familyadventure familytouring touringlintaspulau touringlintasprovinsi lampung lampungselatan explorelampung explorelampungselatan bakauhenilampung travel pelabuhancanti kalianda pulausebuku pulausebesi pulauumang pulauumangumang perahu gelombang wave waves ombak laut sea sealife beach pantai tejang tejangpulausebesi,asal jepret ja juga di sini mah enak dilihat suka pohon kelapa pulau gunung
https://www.instagram.com/p/Cns7tjXP1OI/,470.jpg,44948.137638888889,"Thank you for staying at @alaualauboutiqueresort

What a lovely picture 🥰😍

Fhoto Credit : @chendy_erwandi

#alaualau #alaualaubeach
#alaualauboutiqueresort #alaualauresort #kalianda #kaliandabeach #kaliandaig #kaliandaresort #kaliandalampungselatan #kaliandahits #lampung #lampungkece #lampunghits #lampungselatan #lampunggeh #explorelampungselatan #explorelampung #PRIVATEBEACH #indonesianbeach #indonesiaarchipelago",Ancillary,Kelompok Wisata,thank you for staying at what a lovely picture 🥰😍 fhoto credit,alaualau alaualaubeach alaualauboutiqueresort alaualauresort kalianda kaliandabeach kaliandaig kaliandaresort kaliandalampungselatan kaliandahits lampung lampungkece lampunghits lampungselatan lampunggeh explorelampungselatan explorelampung privatebeach indonesianbeach indonesiaarchipelago,thank you for staying at what a lovely picture suka suka fhoto credit
https://www.instagram.com/p/CwQUABHPaw4/,471.jpg,45160.71875,"Bocil ini nih yg bikin kita tambah semangat buat TOURING 🤗😎❤️🗻😍
.
.
Bocil ajaib yg tahan segala medan perjalanan 😎🤗
.
.
Senggol nih bosss 😎🤗🤣
.
.
#3rdtouring2023 #familyadventure #familytouring #touringlintaspulau #touringlintasprovinsi #lampung #lampungselatan #explorelampung #explorelampungselatan #bakauhenilampung #travel #pelabuhancanti #kalianda #pulausebuku #pulausebesi #pulauumang #pulauumangumang #perahu #gelombang #wave #waves #ombak #laut #sea #sealife #beach #pantai #tejang #tejangpulausebesi",Attraction,,bocil ini nih yg bikin kita tambah semangat buat touring 🤗😎❤️🗻😍 bocil ajaib yg tahan segala medan perjalanan 😎🤗 senggol nih bosss 😎🤗🤣,3rdtouring2023 familyadventure familytouring touringlintaspulau touringlintasprovinsi lampung lampungselatan explorelampung explorelampungselatan bakauhenilampung travel pelabuhancanti kalianda pulausebuku pulausebesi pulauumang pulauumangumang perahu gelombang wave waves ombak laut sea sealife beach pantai tejang tejangpulausebesi,bocil ini ini yang bikin kita tambah semangat buat touring ramah cinta gunung suka bocil ajaib yang tahan segala medan perjalanan ramah senggol ini boss ramah tertawa
https://www.instagram.com/p/CglRITWv1Sn/,472.jpg,44771.174768518518,"Siang di pantai kahai beach hotel Dengan pemandangan gunung Krakatau 🌟

#kahaibeachlampung#pantaikahaibeach#wisatakaliandalampungselatan#explorelampungselatan#gunungkrakatau#kahaibeachhotel#desabatubalakkahai#lampunghits#wisatalampungselatankekinian",Attraction,,siang di pantai kahai beach hotel dengan pemandangan gunung krakatau 🌟,kahaibeachlampung pantaikahaibeach wisatakaliandalampungselatan explorelampungselatan gunungkrakatau kahaibeachhotel desabatubalakkahai lampunghits wisatalampungselatankekinian,siang di pantai kahai beach hotel dengan pemandangan gunung krakatau
https://www.instagram.com/p/CwVj2kpvb8C/,473.jpg,45162.756747685176,"Nungguin kunci Villa Krakatau 🏡
.
.
Selfi2 dulu dong🤗🤣
.
.
#familytouring2023 #familyadventure #3rdtouring2023 #touringlintaspulau #touringlintasprovinsi #lampung #lampungselatan #explorelampung #explorelampungselatan #bakauhenilampung #travel #pelabuhancanti #kalianda #pulausebuku #pulausebesi #pulauumang #pulauumangumang #perahu #gelombang #wave #waves #ombak #laut #sea #sealife #beach #pantai #pulaumenggunang #tejangpulausebesi",Attraction,,nungguin kunci villa krakatau 🏡 selfi2 dulu dong🤗🤣,familytouring2023 familyadventure 3rdtouring2023 touringlintaspulau touringlintasprovinsi lampung lampungselatan explorelampung explorelampungselatan bakauhenilampung travel pelabuhancanti kalianda pulausebuku pulausebesi pulauumang pulauumangumang perahu gelombang wave waves ombak laut sea sealife beach pantai pulaumenggunang tejangpulausebesi,nungguin kunci villa krakatau selfi2 dulu dong ramah tertawa
https://www.instagram.com/p/Cxjnfo7ytxt/,474.jpg,45193.07104166667,"Us…

#thetyos
#travellercouple 
#adventurouscouple 
#growoldtogether #kakeknenekpetualang #pantaikedulampung #pantaikedulampungselatan #pantailampung #pantailampungselatan #wisatalampung #wisatalampungselatan #lampunghits #explorelampung #explorelampungselatan #wisatapantailampung #wisatapantailampungselatan",Attraction,,us,thetyos travellercouple adventurouscouple growoldtogether kakeknenekpetualang pantaikedulampung pantaikedulampungselatan pantailampung pantailampungselatan wisatalampung wisatalampungselatan lampunghits explorelampung explorelampungselatan wisatapantailampung wisatapantailampungselatan,us
https://www.instagram.com/p/C3LNl4iSRdb/,475.jpg,45332.724004629628,"Exotica Pantai Marina, ada yg tertarik ? Silahkan berkunjung kesini.
In frame @muhammadrizal6403 
#pantaimarinakalianda #pantaimarinalampung #pantaimarina #explorelampungselatan #lampung #tabikpun #wonderfulindonesia #wonderland #wonderful_places #travelphotography #indonesia",Attraction,,"exotica pantai marina, ada yg tertarik? silahkan berkunjung kesini. in frame",pantaimarinakalianda pantaimarinalampung pantaimarina explorelampungselatan lampung tabikpun wonderfulindonesia wonderland wonderful places travelphotography indonesia,exotica pantai marina ada yang tertarik silahkan berkunjung kesini in frame
https://www.instagram.com/p/CgmGAn-vaCK/,476.jpg,44771.495648148149,"Patung Gurita & Menara 🐙🌊🛕

#kahaibeachlampung#pantaikahaibeach#wisatakaliandalampungselatan#explorelampungselatan#gunungkrakatau#kahaibeachhotel#desabatubalakkahai#lampunghits#wisatalampungselatankekinian",Attraction,,patung gurita dan menara 🐙🌊🛕,kahaibeachlampung pantaikahaibeach wisatakaliandalampungselatan explorelampungselatan gunungkrakatau kahaibeachhotel desabatubalakkahai lampunghits wisatalampungselatankekinian,patung gurita dan menara laut
https://www.instagram.com/p/CwVmKtUvZ7o/,477.jpg,45162.770798611113,"Selamat datang di Pulau Menggunang 🏝️
.
.
Klo background kita itu P. Sebesi dengan gunungnya yg setinggi 800 meteran 🤗🗻
.
.

#familytouring2023 #familyadventure #3rdtouring2023 #touringlintaspulau #touringlintasprovinsi #lampung #lampungselatan #explorelampung #explorelampungselatan #bakauhenilampung #travel #pelabuhancanti #kalianda #pulausebuku #pulausebesi #pulauumang #pulauumangumang #perahu #gelombang #wave #waves #ombak #laut #sea #sealife #beach #pantai #pulaumenggunang #tejangpulausebesi",Attraction,,selamat datang di pulau menggunang 🏝️ klo background kita itu p. sebesi dengan gunungnya yg setinggi 800 meteran 🤗🗻,familytouring2023 familyadventure 3rdtouring2023 touringlintaspulau touringlintasprovinsi lampung lampungselatan explorelampung explorelampungselatan bakauhenilampung travel pelabuhancanti kalianda pulausebuku pulausebesi pulauumang pulauumangumang perahu gelombang wave waves ombak laut sea sealife beach pantai pulaumenggunang tejangpulausebesi,selamat datang di pulau menggunang pulau klo background kita itu p sebesi dengan gunungnya yang setinggi 800 meteran ramah gunung
https://www.instagram.com/p/CsNIS59v_Jg/,478.jpg,45060.062094907407,"Make sure your vacation is a good and fun moment, trust us !!!
Liburan di pantai, tapi bukan sekedar pantai.
Pantai minangrua menyajikan rekreasi alam yg berbeda.
Selain pantai, di Minangrua juga ada destinasi wisata lain.
Seperti, Air Terjun Dan Green Canyon.

Your family story must be happy!!
 ________________________
This is👉. Pantai Minangrua - Desa Kelawi - Bakauheni - Lampung Selatan.
________________________
Hurry up, follow us, because we are processing something amazing!!!
NOTE!!!
(Lodging on this beach is very limited)

More info & Reservasi: HP/WA: 081272250665
________________________
Don't miss out on information!!

Tag dan follow 👇👇

@minangruabeach_inn
@minangruabeach_inn
@minangruabeach_inn 

Sertakan #minangruabeach
❎ Vacation is a necessity too
________________________
•Don't focus too much on money•
________________________
#minangruabeachinn #minangruabeach #pantaiminangrua #bakauheni #lampungselatan #lampung #viral #jakarta #bandung #palembang #travel #explore #tourism #trippieredd",Ancillary,Kelompok Wisata,"make sure your vacation is a good and fun moment, trust us! liburan di pantai, tapi bukan sekedar pantai. pantai minangrua menyajikan rekreasi alam yg berbeda. selain pantai, di minangrua juga ada destinasi wisata lain. seperti, air terjun dan green canyon. your family story must be happy! this is👉. pantai minangrua - desa kelawi - bakauheni - lampung selatan. hurry up, follow us, because we are processing something amazing! note! (lodging on this beach is very limited) more info dan reservasi: hp/wa: 081272250665 don't miss out on information! tag dan follow 👇👇 sertakan ❎ vacation is a necessity too don't focus too much on money",minangruabeach minangruabeachinn pantaiminangrua bakauheni lampungselatan lampung viral jakarta bandung palembang travel explore tourism trippieredd,make sure your vacation is a good and fun moment trust us liburan di pantai tapi bukan sekedar pantai pantai minangrua menyajikan rekreasi alam yang berbeda selain pantai di minangrua juga ada destinasi wisata lain seperti air terjun dan green canyon your family story must be happy this is arah pantai minangrua desa kelawi bakauheni lampung selatan hurry up follow us because we are processing something amazing note lodging on this beach is very limited more info dan reservasi hp whatsapp 081272250665 don t miss out on information tag dan follow arah bawah arah bawah sertakan salah vacation is a necessity too don t focus too much on money
https://www.instagram.com/p/Cblz8M5Jy2y/,479.jpg,44647.110335648147,"Kau melihatnya, ia melihatku, aku melihat ke kamera aja sambil nyengir. Krik krik 🦗

#explorelampung #explorelampungselatan #explorekalianda",Attraction,,"kau melihatnya, ia melihatku, aku melihat ke kamera aja sambil nyengir. krik krik 🦗",explorelampung explorelampungselatan explorekalianda,kau melihatnya ia melihatku aku melihat ke kamera saja sambil nyengir krik krik
https://www.instagram.com/p/CjknCHfPc1G/,480.jpg,44845.484722222223,"📍bukit slimpuyang kalianda  lampung selatan
.
.
.
.
.
.
.
.
.
.
.
..
.
.

#lampung #bukitslimpuyang #gunungbatu #lampungselatan #foto #tanjungbintang #indonesiarepost #trip #traveling #viral #explore #nusantarakita #exploreindonesia  #traveler  #indozonetravel #amazingnusantara #flirtingwithnature #nakedplanet #fotonesia  #adventure  #instagood #landscape #indotravellers #ayodolan #like4like #fff  #likeforfollow  #lfl💛",Attraction,,📍bukit slimpuyang kalianda lampung selatan 💛,lampung bukitslimpuyang gunungbatu lampungselatan foto tanjungbintang indonesiarepost trip traveling viral explore nusantarakita exploreindonesia traveler indozonetravel amazingnusantara flirtingwithnature nakedplanet fotonesia adventure instagood landscape indotravellers ayodolan like4like fff likeforfollow lfl,lokasi bukit slimpuyang kalianda lampung selatan cinta
https://www.instagram.com/p/ClukA_xPYGZ/,481.jpg,44899.060300925928,"Jangan lupa liburan,🤣
Your family story must be happy!!
 ________________________
This is👉. Pantai Minangrua - Desa Kelawi - Bakauheni - Lampung Selatan.
________________________
Hurry up, follow us, because we are processing something amazing!!!
NOTE!!!
(Lodging on this beach is very limited)

More info & Reservasi: HP/WA: 081272250665
________________________
Don't miss out on information!!

Tag dan follow 👇👇

@minangruabeach_inn
@minangruabeach_inn
@minangruabeach_inn 

Sertakan #minangruabeach
❎ Vacation is a necessity too
________________________
•Don't focus too much on money•
________________________
#minangruabeachinn #minangruabeach #pantaiminangrua #bakauheni #lampungselatan #lampung #sebalang #pahawang #tegalmas #pahawanglampung #selebriti #viral #jakarta #bandung #palembang #travel #explore #tourism #trip #lfl #beach #sunset #photography #likeforlikes #explore",Attraction,,"jangan lupa liburan,🤣 your family story must be happy! this is👉. pantai minangrua - desa kelawi - bakauheni - lampung selatan. hurry up, follow us, because we are processing something amazing! note! (lodging on this beach is very limited) more info dan reservasi: hp/wa: 081272250665 don't miss out on information! tag dan follow 👇👇 sertakan ❎ vacation is a necessity too don't focus too much on money",minangruabeach minangruabeachinn pantaiminangrua bakauheni lampungselatan lampung sebalang pahawang tegalmas pahawanglampung selebriti viral jakarta bandung palembang travel explore tourism trip lfl beach sunset photography likeforlikes,jangan lupa liburan tertawa your family story must be happy this is arah pantai minangrua desa kelawi bakauheni lampung selatan hurry up follow us because we are processing something amazing note lodging on this beach is very limited more info dan reservasi hp whatsapp 081272250665 don t miss out on information tag dan follow arah bawah arah bawah sertakan salah vacation is a necessity too don t focus too much on money
https://www.instagram.com/p/CcPCmFyJ8k6/,482.jpg,44663.122071759259,"𝙎𝙪𝙙𝙖𝙝 𝙖𝙙𝙖 𝙖𝙜𝙚𝙣𝙙𝙖 𝙙𝙖𝙣 𝙧𝙚𝙣𝙘𝙖𝙣𝙖 𝙢𝙖𝙪 𝙡𝙞𝙗𝙪𝙧𝙖𝙣 𝙠𝙚𝙢𝙖𝙣𝙖??
𝙎𝙪𝙙𝙖𝙝 𝙖𝙩𝙖𝙪 𝙗𝙚𝙡𝙪𝙢, 𝙗𝙞𝙨𝙖 𝙝𝙪𝙗𝙪𝙣𝙜𝙞 𝙠𝙖𝙢𝙞 𝙙𝙞 @𝙟𝙪𝙣𝙖𝙩𝙧𝙞𝙥 
𝘼𝙣𝙙𝙖 𝙗𝙞𝙨𝙖 𝙢𝙚𝙢𝙞𝙡𝙞𝙝 𝙩𝙚𝙢𝙥𝙖𝙩 𝙩𝙪𝙟𝙪𝙖𝙣 𝙡𝙞𝙗𝙪𝙧𝙖𝙣 𝙖𝙣𝙙𝙖 𝙙𝙞 𝙨𝙞𝙣𝙞!!!
__
𝙆𝙖𝙢𝙞 𝙖𝙠𝙖𝙣 𝙢𝙚𝙢𝙥𝙚𝙧𝙢𝙪𝙙𝙖𝙝 𝙧𝙚𝙣𝙘𝙖𝙣𝙖 𝙡𝙞𝙗𝙪𝙧𝙖𝙣 𝙖𝙣𝙙𝙖!!!
𝘿𝙖𝙣 𝙚𝙨𝙩𝙞𝙢𝙖𝙨𝙞 𝙗𝙞𝙖𝙮𝙖 𝙖𝙠𝙖𝙣 𝙠𝙖𝙢𝙞 𝙨𝙚𝙨𝙪𝙖𝙞𝙠𝙖𝙣!!!
𝘿𝙚𝙨𝙩𝙞𝙣𝙖𝙨𝙞 𝙩𝙪𝙟𝙪𝙖𝙣 𝙬𝙞𝙨𝙖𝙩𝙖 𝙠𝙖𝙢𝙞 𝙨𝙚𝙨𝙪𝙖𝙞𝙠𝙖𝙣.
__
Adapun Destinasi:
Pantai Minangrua
Pulau Pahawang
Pulau Tegal Mas
Pulau Mengkudu
Pantai Gigi Hiu
Krakatau
Dan seluruh destinasi wisata di Lampung!!!
__
More info: 081278582021
________________________
Easy way to repost?
👇Tag dan follow akun 👇
@junatrip / @tripinlampung
@lampung_staycation
________________________
•Don't focus too much on money•
________________________
#junatrip #pantaiminangrua #bakauheni #lampungselatan #lampung #sebalang #pahawang #tegalmas #pahawanglampung #selebriti #viral #jakarta #bandung #palembang #travel #explore #tourism #trip #lfl #beach #sunset #sunrise #photography #likeforlikes #song #explore",Attraction,,"sudah ada agenda dan rencana mau liburan kemana? sudah atau belum, bisa hubungi kami di anda bisa memilih tempat tujuan liburan anda di sini! kami akan mempermudah rencana liburan anda! dan estimasi biaya akan kami sesuaikan! destinasi tujuan wisata kami sesuaikan. adapun destinasi: pantai minangrua pulau pahawang pulau tegal mas pulau mengkudu pantai gigi hiu krakatau dan seluruh destinasi wisata di lampung! more info: 081278582021 easy way to repost? 👇tag dan follow akun 👇 / don't focus too much on money",junatrip pantaiminangrua bakauheni lampungselatan lampung sebalang pahawang tegalmas pahawanglampung selebriti viral jakarta bandung palembang travel explore tourism trip lfl beach sunset sunrise photography likeforlikes song,sudah ada agenda dan rencana mau liburan kemana sudah atau belum bisa hubungi kami di anda bisa memilih tempat tujuan liburan anda di sini kami akan mempermudah rencana liburan anda dan estimasi biaya akan kami sesuaikan destinasi tujuan wisata kami sesuaikan adapun destinasi pantai minangrua pulau pahawang pulau tegal mas pulau mengkudu pantai gigi hiu krakatau dan seluruh destinasi wisata di lampung more info 081278582021 easy way to repost arah bawah tag dan follow akun arah bawah don t focus too much on money
https://www.instagram.com/p/CPNeTZkLvzJ/,483.jpg,44339.396736111114,"Happy weekend sob ...
 Kalian pada weekend kmna nih ??

Eittt.. pantai semukuk banyak spot terbaru nya nih sob .. 😉😉
..
..

Kuyyy donk ajak keluarga, teman, sahabat, & doi mu untuk berkunjung ke pantai semukuk Kalianda Lampung Selatan
..
..

Location : pantai semukuk Kalianda Lampung Selatan ( google maps pantai semukuk Kalianda)
..
..

YouTube channel klik link di bio 👉
..
..
📸Fotografer : @kiyay_andy86

#lampungselatanexplore  #semukuk #pantaisemukuk #kaliandaig #wajahlampung #kelampunggeh #travel2lampung #lampungeksis #lampung #selampung #pariwisatalampung #selebgramindonesia #selebgramjakarta #selebgramlampung #selampung #pesonalampung #pariwisataindonesia #pariwisatalampung #explorelampungselatan #exploreindonesia #jelajahindonesia #lampungfun #lampungeksis #explorealam #adbenture #mtma #jejakpetualang #beach",Attraction,,"happy weekend sob kalian pada weekend kmna nih? eittt pantai semukuk banyak spot terbaru nya nih sob 😉😉 kuyyy donk ajak keluarga, teman, sahabat, dan doi mu untuk berkunjung ke pantai semukuk kalianda lampung selatan location: pantai semukuk kalianda lampung selatan ( google maps pantai semukuk kalianda) youtube channel klik link di bio 👉 📸fotografer",lampungselatanexplore semukuk pantaisemukuk kaliandaig wajahlampung kelampunggeh travel2lampung lampungeksis lampung selampung pariwisatalampung selebgramindonesia selebgramjakarta selebgramlampung pesonalampung pariwisataindonesia explorelampungselatan exploreindonesia jelajahindonesia lampungfun explorealam adbenture mtma jejakpetualang beach,happy weekend sob kalian pada weekend kmna ini eitt pantai semukuk banyak spot terbaru nya ini sob kuyy donk ajak keluarga teman sahabat dan doi mu untuk berkunjung ke pantai semukuk kalianda lampung selatan location pantai semukuk kalianda lampung selatan google maps pantai semukuk kalianda youtube channel klik link di bio arah kamera fotografer
https://www.instagram.com/p/CQ5VNgdL5Cv/,484.jpg,44381.28460648148,"Akhirnya mantai 🌊
.
.
.
Semoga kamu yang lihat postingan ini tetap bisa menciptakan bahagia dan menemukan 'tempat wisata' sesuai situasi dan kondisi yang mendukung yah. 
.
Tetap bahagia meski pandemi 🌼
.
#berlibursaatpandemi
#pesonalampung
#explorelampungselatan",Attraction,,akhirnya mantai 🌊 semoga kamu yang lihat postingan ini tetap bisa menciptakan bahagia dan menemukan 'tempat wisata' sesuai situasi dan kondisi yang mendukung yah tetap bahagia meski pandemi 🌼,berlibursaatpandemi pesonalampung explorelampungselatan,akhirnya mantai laut semoga kamu yang lihat postingan ini tetap bisa menciptakan bahagia dan menemukan tempat wisata sesuai situasi dan kondisi yang mendukung yah tetap bahagia meski pandemi
https://www.instagram.com/p/CS3UpnNHBYq/,485.jpg,44430.214745370373,"Lagi ppkm ya ...

Weekend ppkm, kalian di rumah aja apa cari pantai yg buka sob .... ??

🔹🔹🔹🔹🔹🔹🔹🔹🔹🔹🔹🔹🔹🔹🔹🔹🔹
_____________________________________________

🔄 Silahkan Berbagi informasi di sini :
↪️ Share foto/Vidio mu dgn cara :

1️⃣ Follow Instagram :  @lampungselatanexplore

2️⃣ tag foto/ Vidio kalian ke @lampungselatanexplore

3️⃣ Gunakan hastag #lampungselatanexplore

4️⃣ Note : akun jangan di privat 🔐🔑

🔴 Foto / Vidio terbaik akan kami repost 🔃
___________________________________________

🏝️Trip wisata Lampung Selatan silahkan DM 💌

🔹🔹🔹🔹🔹🔹🔹🔹🔹🔹🔹🔹🔹🔹🔹🔹🔹

🌐FACEBOOK : Lampung Selatan explore

🔴Subscribe YouTube channel klik link di bio 👉👉

📩PP/indorsm DM 📩
_____________________________________________

🖇️Pic : @ghinarahmatiaraa

🔹🔹🔹🔹🔹🔹🔹🔹🔹🔹🔹🔹🔹🔹🔹🔹🔹

📍Pantai Marina Kalianda Lampung Selatan

.
.
.#lfl💛 #fff❤ #fff💋 #lfl💛 #lfl💛lfllflfllffllflflflflflflflflfllflflflflflflflflflflflflflflflflflflflflflflflflflflflflfllflflflflflflflflfllflfllflflflflflflfllflflflflflllfl #fff😊ff💋ff👌ff💕4f❤️🔝🔫💣44follow４followforfollow４f4frs4likeforlikeforfollow4likeforlikesback44likes4me4lramahhits 
 #alamlampung_ #wajahlampung  #lampung#lampungfun #lovelampung #explorelampungselatan #lampung_indah  #lampung446 #kelampunggeh #travel2lampung #lampungselatanexplore  #gerbang_lampung  #lampunggallery #mata_lampungku  #lampung #wisatalampunghits #lampungholiday_ #apalampung #semestalampung",Attraction,,"lagi ppkm ya weekend ppkm, kalian di rumah aja apa cari pantai yg buka sob? 🔹🔹🔹🔹🔹🔹🔹🔹🔹🔹🔹🔹🔹🔹🔹🔹🔹 🔄 silahkan berbagi informasi di sini: ↪️ share foto/vidio mu dgn cara: 1️⃣ follow instagram: 2️⃣ tag foto/ vidio kalian ke 3️⃣ gunakan hastag 4️⃣ note: akun jangan di privat 🔐🔑 🔴 foto / vidio terbaik akan kami repost 🔃 🏝️trip wisata lampung selatan silahkan dm 💌 🔹🔹🔹🔹🔹🔹🔹🔹🔹🔹🔹🔹🔹🔹🔹🔹🔹 🌐facebook: lampung selatan explore 🔴subscribe youtube channel klik link di bio 👉👉 📩pp/indorsm dm 📩 🖇️pic: 🔹🔹🔹🔹🔹🔹🔹🔹🔹🔹🔹🔹🔹🔹🔹🔹🔹 📍pantai marina kalianda lampung selatan 💛 ❤ 💋 💛 💛lfllflfllffllflflflflflflflflfllflflflflflflflflflflflflflflflflflflflflflflflflflflflflfllflflflflflflflflfllflfllflflflflflflfllflflflflflllfl 😊ff💋ff👌ff💕4f❤️🔝🔫💣44follow4followforfollow4f4frs4likeforlikeforfollow4likeforlikesback44likes4me4lramahhits",lampungselatanexplore lfl fff alamlampung wajahlampung lampung lampungfun lovelampung explorelampungselatan lampung indah lampung446 kelampunggeh travel2lampung gerbang lampung lampunggallery mata lampungku wisatalampunghits lampungholiday apalampung semestalampung,lagi ppkm ya weekend ppkm kalian di rumah saja apa cari pantai yang buka sob silahkan berbagi informasi di sini share foto vidio mu dengan cara 1 follow instagram 2 tag foto vidio kalian ke 3 gunakan hastag 4 note akun jangan di privat foto vidio terbaik akan kami repost pulau trip wisata lampung selatan silahkan dm facebook lampung selatan explore subscribe youtube channel klik link di bio arah arah pp indorsm dm pic lokasi pantai marina kalianda lampung selatan cinta cinta cinta cinta cinta lfllflfllffllflflflflflflflflfllflflflflflflflflflflflflflflflflflflflflflflflflflflflflfllflflflflflflflflfllflfllflflflflflflfllflflflflfllfl senang ff cinta ff oke ff cinta 4f cinta 44follow4followforfollow4f4frs4likeforlikeforfollow4likeforlikesback44likes4me4lramahhits
https://www.instagram.com/p/COE4xfVM6NO/,486.jpg,44311.206979166673,"Gapapa miskin harta, asal jangan miskin etika.
Yg jadi masalah sekarang adalah ""udah gak kaya, gak punya etika"".
Awiik wookwok. 🤣
.
.
.
.
.
.
.
.
.
.
.
#waytebingceppa #wtc #lampung #lampungselatan #lampungbarat #lampungtimur #lampungutara #pahawang #tegalmas #selebriti #viral #jakarta #bandung #palembang #travel #explore #tourism #trip #lfl #beach #sunset #photography #likeforlikes #music #instapic #kaliandaig #lampunggeh #lampunginsta #lmpungselatan #lampungselatanexplore",Attraction,,"gapapa miskin harta, asal jangan miskin etika. yg jadi masalah sekarang adalah ""udah gak kaya, gak punya etika"". awiik wookwok. 🤣",waytebingceppa wtc lampung lampungselatan lampungbarat lampungtimur lampungutara pahawang tegalmas selebriti viral jakarta bandung palembang travel explore tourism trip lfl beach sunset photography likeforlikes music instapic kaliandaig lampunggeh lampunginsta lmpungselatan lampungselatanexplore,gapapa miskin harta asal jangan miskin etika yang jadi masalah sekarang adalah sudah tidak kaya tidak punya etika awiik wookwok tertawa
https://www.instagram.com/p/DLMOrfHRAHy/,487.jpg,45830.221655092602,"Trip murah dan super lengkap laut dan gunung bisa kamu kunjungi disini😍

Open Trip Pulau Sebesi Karakatau 3D2N 

Ready setiap weekend

Solusi trip buat kamu rasakan keindahan nya 

Kuy rencanakan liburan nya dari sekarang di jamin liburan kalian aman,nyaman dan have fun tentunya😁

Daptar 1 orang di pastikan bisa brangkat

Jadwal trip 2025.

Jadwal trip 2025 :

Juni : 5-7, 6-8, 7-9,13-15, 20-22, 26-28, 27-29
Juli : 4-6, 11-13, 18-20, 25-27
Agustus : 1-3, 8-10, 15-17, 22-24, 29-31
September : 5-7, 12-14, 19-21, 26-28
Oktober : 3-5, 10-12, 17-19, 24-26, 31-02 Nov
November : 7-9, 14-16, 21-23, 28-30
Desember : 5-7, 12-14, 19-21, 24-26, 25-27, 26-28, 30-01 Januari

Kami melayani paket open trip & private pulau sebesi karakatau

1. Start Cawang 700.000/ Pax

✓ Kebun jeruk
✓ Slipi

2.Start Pelabuan Merak 600.000/ Pax

Destinasi
* Pulau Sebaku besar & kecil
* Pulau Sebesi
* Pulau Umang-umang 
* Anak Gunung Krakatau
* Spot snorkeling Camara besar, Geligi, & Pulau sawo (optional)

INCLUDING (Termasuk)
* Makan Selama wisata 4x
* Transport Darat Ac Dari Jakarta - Merak (Pp) * Transportasi angkutan kota Bakauheni - Dermaga canti (pp)
* Kapal hoping island 
* Restibusi Pulau
* Homstay (room sharing) 
* Tour laeder
* Dokumentasi Up & Underwater 
* Mimi P3k
* Drone (optional)

Excluding (Blm termasuk)
- Upgrade room (600k bisa di isi max 6 orang) 
- Alat snorkeling (50.000)
- Fin (30.000)
- Tiping Crew (Seikhlasnya)

More Info : 
Wa/tlpn : 085778179815
Instagram : jejak_perjalanan.id x tripseru.id
Tiktok : jejak_perjalanan.id x tripseru.id

#pulausebesi #pulausebuku #pulausebesikrakatau #opentrippulausebesi #opentripsebesikrakatau #explore #explorelampung #exploresebesi #krakatau #gunungkrakatau #exploreindonesia #jejakperjalanan #pesonaindonesia #wonderfulindonesia #wisataalam #wisataalamindonesia #lampunghits #ilovlampung 
#explorejakarta #explorebandung #explorebali #ujungkulon #travelgram #traveling #infolampung #infoliburan #trippahawang #tripmurah #lampungselatan #pahawang",Ancillary,Kelompok Wisata,"trip murah dan super lengkap laut dan gunung bisa kamu kunjungi disini😍 open trip pulau sebesi karakatau 3d2n ready setiap weekend solusi trip buat kamu rasakan keindahan nya kuy rencanakan liburan nya dari sekarang di jamin liburan kalian aman,nyaman dan have fun tentunya😁 daptar 1 orang di pastikan bisa brangkat jadwal trip 2025. jadwal trip 2025: juni: 5-7, 6-8, 7-9,13-15, 20-22, 26-28, 27-29 juli: 4-6, 11-13, 18-20, 25-27 agustus: 1-3, 8-10, 15-17, 22-24, 29-31 september: 5-7, 12-14, 19-21, 26-28 oktober: 3-5, 10-12, 17-19, 24-26, 31-02 nov november: 7-9, 14-16, 21-23, 28-30 desember: 5-7, 12-14, 19-21, 24-26, 25-27, 26-28, 30-01 januari kami melayani paket open trip dan private pulau sebesi karakatau 1. start cawang 700.000/ pax ✓ kebun jeruk ✓ slipi 2.start pelabuan merak 600.000/ pax destinasi * pulau sebaku besar dan kecil * pulau sebesi * pulau umang-umang * anak gunung krakatau * spot snorkeling camara besar, geligi, dan pulau sawo (optional) including (termasuk) * makan selama wisata 4x * transport darat ac dari jakarta - merak (pp) * transportasi angkutan kota bakauheni - dermaga canti (pp) * kapal hoping island * restibusi pulau * homstay (room sharing) * tour laeder * dokumentasi up dan underwater * mimi p3k * drone (optional) excluding (blm termasuk) - upgrade room (600k bisa di isi max 6 orang) - alat snorkeling (50.000) - fin (30.000) - tiping crew (seikhlasnya) more info: wa/tlpn: 085778179815 instagram: jejak_perjalanan.id x tripseru.id tiktok: jejak_perjalanan.id x tripseru.id",pulausebesi pulausebuku pulausebesikrakatau opentrippulausebesi opentripsebesikrakatau explore explorelampung exploresebesi krakatau gunungkrakatau exploreindonesia jejakperjalanan pesonaindonesia wonderfulindonesia wisataalam wisataalamindonesia lampunghits ilovlampung explorejakarta explorebandung explorebali ujungkulon travelgram traveling infolampung infoliburan trippahawang tripmurah lampungselatan pahawang,trip murah dan super lengkap laut dan gunung bisa kamu kunjungi disini suka open trip pulau sebesi karakatau 3d2n ready setiap weekend solusi trip buat kamu rasakan keindahan nya kuy rencanakan liburan nya dari sekarang di jamin liburan kalian aman nyaman dan have fun tentunya senang daptar 1 orang di pastikan bisa brangkat jadwal trip 2025 jadwal trip 2025 juni 5 7 6 8 7 9 13 15 20 22 26 28 27 29 juli 4 6 11 13 18 20 25 27 agustus 1 3 8 10 15 17 22 24 29 31 september 5 7 12 14 19 21 26 28 oktober 3 5 10 12 17 19 24 26 31 02 nov november 7 9 14 16 21 23 28 30 desember 5 7 12 14 19 21 24 26 25 27 26 28 30 01 januari kami melayani paket open trip dan private pulau sebesi karakatau 1 start cawang 700 00 orang kebun jeruk slipi 2 start pelabuan merak 600 00 orang destinasi pulau sebaku besar dan kecil pulau sebesi pulau umang umang anak gunung krakatau spot snorkeling camara besar geligi dan pulau sawo optional including termasuk makan selama wisata 4x transport darat ac dari jakarta merak pp transportasi angkutan kota bakauheni dermaga canti pp kapal hoping island restibusi pulau homstay room sharing tour laeder dokumentasi up dan underwater mimi p3k drone optional excluding blm termasuk upgrade room 600k bisa di isi max 6 orang alat snorkeling 50 00 fin 30 00 tiping crew seikhlasnya more info whatsapp tlpn 085778179815 instagram jejak perjalanan id x tripseru id tiktok jejak perjalanan id x tripseru id
https://www.instagram.com/p/CR6HwrhrEdC/,488.jpg,44406.446481481478,"Selamat sore... Jangan lupa pada mandi ya .... 😛😛
..
..
#lampungselatanexplore  #semukuk #pantaisemukuk #kaliandaig #wajahlampung #kelampunggeh #travel2lampung #lampungeksis #lampung #selampung #pariwisatalampung #selebgramindonesia #selebgramjakarta #selebgramlampung #selampung #pesonalampung #pariwisataindonesia #pariwisatalampung #explorelampungselatan #exploreindonesia #jelajahindonesia #lampungfun #lampungeksis #explorealam #adbenture #mtma #jejakpetualang #beach",Attraction,,selamat sore jangan lupa pada mandi ya 😛😛,lampungselatanexplore semukuk pantaisemukuk kaliandaig wajahlampung kelampunggeh travel2lampung lampungeksis lampung selampung pariwisatalampung selebgramindonesia selebgramjakarta selebgramlampung pesonalampung pariwisataindonesia explorelampungselatan exploreindonesia jelajahindonesia lampungfun explorealam adbenture mtma jejakpetualang beach,selamat sore jangan lupa pada mandi ya
https://www.instagram.com/p/CWrSQ_WPezy/,489.jpg,44524.960474537038,"Sudah ada agenda dan rencana mau liburan kemana??
Sudah atau belum, bisa hubungi kami di @junatrip 
Anda bisa memilih tempat tujuan liburan anda di sini!!!
__
Kami akan mempermudah rencana liburan anda!!!
Dan estimasi biaya akan kami sesuaikan!!!
Destinasi tujuan wisata kami sesuaikan.
__
Adapun Destinasi:
Pantai Minangrua
Pulau Pahawang
Pulau Tegal Mas
Pulau Mengkudu
Pantai Gigi Hiu
Krakatau
Dan seluruh destinasi wisata di Lampung!!!
__
More info: 081278582021
________________________
Easy way to repost?
Tag dan follow akun @junatrip
________________________
•Don't focus too much on money•
________________________
#junatrip #pantaiminangrua #bakauheni #lampungselatan #lampung #sebalang #pahawang #tegalmas #pahawanglampung #selebriti #viral #jakarta #bandung #palembang #travel #explore #tourism #trip #lfl #beach #sunset #sunrise #photography #likeforlikes #song #explore",Ancillary,Kelompok Wisata,"sudah ada agenda dan rencana mau liburan kemana? sudah atau belum, bisa hubungi kami di anda bisa memilih tempat tujuan liburan anda di sini! kami akan mempermudah rencana liburan anda! dan estimasi biaya akan kami sesuaikan! destinasi tujuan wisata kami sesuaikan. adapun destinasi: pantai minangrua pulau pahawang pulau tegal mas pulau mengkudu pantai gigi hiu krakatau dan seluruh destinasi wisata di lampung! more info: 081278582021 easy way to repost? tag dan follow akun don't focus too much on money",junatrip pantaiminangrua bakauheni lampungselatan lampung sebalang pahawang tegalmas pahawanglampung selebriti viral jakarta bandung palembang travel explore tourism trip lfl beach sunset sunrise photography likeforlikes song,sudah ada agenda dan rencana mau liburan kemana sudah atau belum bisa hubungi kami di anda bisa memilih tempat tujuan liburan anda di sini kami akan mempermudah rencana liburan anda dan estimasi biaya akan kami sesuaikan destinasi tujuan wisata kami sesuaikan adapun destinasi pantai minangrua pulau pahawang pulau tegal mas pulau mengkudu pantai gigi hiu krakatau dan seluruh destinasi wisata di lampung more info 081278582021 easy way to repost tag dan follow akun don t focus too much on money
https://www.instagram.com/p/C2RAO3mpaX2/,490.jpg,45310.117962962962,"Tidak ada kata lelah untuk hasil yang indah🌻
.
.
.
📍Bukit Slimpuyang, Sidomulyo-Lampung Selatan
.
.
.
#lfl #lflflflflflflflflflflfl #lfl #lfl #lfl #lfl #fff #fff #lfl #lfl #lfl #lfl #lfl #lfl #lfl❤️ #fff #fff #fff❤ #infokyai #lampuung #lampunginsta #inilampungyay #ilovelampung #pikniklampung #jelajahsumatera #tempatwisatalampung #infolampungcom #bg_oganilirhits #ga_lampung_hits #kelampungaja #lampungselatanexplore #lampungselatan #seputarlamsel #seputarlampung #explorelampung #explorelampungselatan #sumateraindonesia #sumatera #wisatalampungme #wisatalampungsai #lampungselataninfo #kelilinglampung #",Attraction,,"tidak ada kata lelah untuk hasil yang indah🌻 📍bukit slimpuyang, sidomulyo-lampung selatan ❤️ ❤ #",lfl lflflflflflflflflflflfl fff infokyai lampuung lampunginsta inilampungyay ilovelampung pikniklampung jelajahsumatera tempatwisatalampung infolampungcom bg oganilirhits ga lampung hits kelampungaja lampungselatanexplore lampungselatan seputarlamsel seputarlampung explorelampung explorelampungselatan sumateraindonesia sumatera wisatalampungme wisatalampungsai lampungselataninfo kelilinglampung,tidak ada kata lelah untuk hasil yang indah lokasi bukit slimpuyang sidomulyo lampung selatan cinta cinta
https://www.instagram.com/p/DPoFYQuEepb/,491.jpg,45940.45988425926,"Pov: my kind of therapy🌊

#pantailampungselatan #explorelampungselatan",Attraction,Pada Slide 2 dan seterusnya,pov: my kind of therapy🌊,pantailampungselatan explorelampungselatan,pov my kind of therapy laut
https://www.instagram.com/p/DM20BK-TcKA/,492.jpg,45871.614548611113,"hidden gem nya lampung selatan 

📍batu alif paragliding, bakauheni, south lampung

#lampunginsta #lampung #kelilinglampung #explorelampung #explorelampungselatan #lampuung #lampunghits #wonderfullindonesia #indonesia #sunset #paragliding #batualifparagliding #paralayanglampungclub #paralayanglampung",Attraction,,"hidden gem nya lampung selatan 📍batu alif paragliding, bakauheni, south lampung",lampunginsta lampung kelilinglampung explorelampung explorelampungselatan lampuung lampunghits wonderfullindonesia indonesia sunset paragliding batualifparagliding paralayanglampungclub paralayanglampung,hidden gem nya lampung selatan lokasi batu alif paragliding bakauheni south lampung
https://www.instagram.com/p/CYTkhvrJvTr/,493.jpg,44565.4608912037,"Cerah nih, nyore yuk?

📍 Bukit Lematang, Lampung Selatan.

#lampung #lampuung #lampungselatan #bandarlampung #explorelampung #explorelampungselatan",Attraction,,"cerah nih, nyore yuk? 📍 bukit lematang, lampung selatan",lampung lampuung lampungselatan bandarlampung explorelampung explorelampungselatan,cerah ini nyore ayo lokasi bukit lematang lampung selatan
https://www.instagram.com/p/DItEdgIx-zG/,494.jpg,45768.410173611112,"Bali❌
Lampung ✅

#pantaimarina #marinabeach #pantailampung #lampungfolk #explorelampungselatan",Attraction,,bali❌ lampung ✅,pantaimarina marinabeach pantailampung lampungfolk explorelampungselatan,bali lampung
https://www.instagram.com/p/CaoUE3ovKou/,495.jpg,44623.226921296293,"Pesona @aranglampung luar biasa

#explorelampungselatan 
#pantaiaranglampung 
#explorelampung 
#lampunghits",Attraction,,pesona luar biasa,explorelampungselatan pantaiaranglampung explorelampung lampunghits,pesona luar biasa
https://www.instagram.com/p/CbrxdWTLTiM/,496.jpg,44649.425439814811,"Ada gunung, laut dan pulau kecil.. epic banged. Efek tsunami akhir 2018 blm pulih juga.. healing mmg butuh proses kan 🤭 stlh tsunami lanjut pandemi, bln ini baru ramai kembali. Pulau cantik ini namanya pulau umang2 di Lampung selatan. Teriak2, ghibah, becanda dan futu2 with bestie 😅 #pulauumangumang #explorelampung #explorelampungselatan",Attraction,,"ada gunung, laut dan pulau kecil epic banged. efek tsunami akhir 2018 blm pulih juga healing mmg butuh proses kan 🤭 stlh tsunami lanjut pandemi, bln ini baru ramai kembali. pulau cantik ini namanya pulau umang2 di lampung selatan. teriak2, ghibah, becanda dan futu2 with bestie 😅",pulauumangumang explorelampung explorelampungselatan,ada gunung laut dan pulau kecil epic banged efek tsunami akhir 2018 blm pulih juga healing mmg butuh proses kan malu stlh tsunami lanjut pandemi bln ini baru ramai kembali pulau cantik ini namanya pulau umang2 di lampung selatan teriak2 ghibah becanda dan futu2 with bestie
https://www.instagram.com/p/C2Q591FPN5j/,497.jpg,45310.079942129632,"Tidak ada kata lelah untuk hasil yang indah🌻
.
.
.
.
.
📍Bukit Slimpuyang, Sidomulyo-Lampung Selatan
.
.
.
.
.
#infokyai #lampuung #lampunginsta #inilampungyay #ilovelampung #pikniklampung #jelajahsumatera #tempatwisatalampung #infolampungcom #bg_oganilirhits #ga_lampung_hits #kelampungaja #lampungselatanexplore #lampungselatan #seputarlamsel #seputarlampung #explorelampung #explorelampungselatan #sumateraindonesia #sumatera #wisatalampungme #wisatalampungsai #lampungselataninfo #kelilinglampung #pejalankakilampung",Attraction,,"tidak ada kata lelah untuk hasil yang indah🌻 📍bukit slimpuyang, sidomulyo-lampung selatan",infokyai lampuung lampunginsta inilampungyay ilovelampung pikniklampung jelajahsumatera tempatwisatalampung infolampungcom bg oganilirhits ga lampung hits kelampungaja lampungselatanexplore lampungselatan seputarlamsel seputarlampung explorelampung explorelampungselatan sumateraindonesia sumatera wisatalampungme wisatalampungsai lampungselataninfo kelilinglampung pejalankakilampung,tidak ada kata lelah untuk hasil yang indah lokasi bukit slimpuyang sidomulyo lampung selatan
https://www.instagram.com/p/DJy1SROP5GE/,498.jpg,45795.503391203703,"Sangat begitu tenang
#healinglampung #sebesiisland #explorelampungselatan 
#lampunggeh #lampunginsta #lampunghits",Attraction,,sangat begitu tenang,healinglampung sebesiisland explorelampungselatan lampunggeh lampunginsta lampunghits,sangat begitu tenang
https://www.instagram.com/p/CrphpQHyNdt/,499.jpg,45046.234907407408,"Sunday vibes 

📍Bukit Slimpuyang,  Sidomulyo Lampung selatan. 

#sidomulyo #lampungselatan #lampung #explorelampungselatan #sigerlampung #inilampungyay #tempatwisatalampung #berandalampung #pikniklampung #infolampung #lampunginsta #virallampung #kelampunggeh  #hellolampuung  #lampungselatanexplore #indonesia",Attraction,,"sunday vibes 📍bukit slimpuyang, sidomulyo lampung selatan",sidomulyo lampungselatan lampung explorelampungselatan sigerlampung inilampungyay tempatwisatalampung berandalampung pikniklampung infolampung lampunginsta virallampung kelampunggeh hellolampuung lampungselatanexplore indonesia,sunday vibes lokasi bukit slimpuyang sidomulyo lampung selatan
https://www.instagram.com/p/CkAJdPyvJty/,500.jpg,44856.179375,"🌊 
.
.
.
.
📍Pantai Marina, Lampung Selatan 
.
#Repost @ayuni.kim
#lampung #lampunghits #lampunggeh #lampuung #explorelampung #explorelampungselatan #lampungholiday #lampungselatan #lampungkece #lampunginsta #lampungku #lampungwisata #lampungeksis #lampungsemakineksis #ilovelampung #potretlampung #lampungyay #lampungpedia #visitlampung #pikniklampung #kelilinglampung #pesonalampung #pantaimarinalampung #lampunghelau #koncodolanlampung",Attraction,,"🌊 📍pantai marina, lampung selatan",repost lampung lampunghits lampunggeh lampuung explorelampung explorelampungselatan lampungholiday lampungselatan lampungkece lampunginsta lampungku lampungwisata lampungeksis lampungsemakineksis ilovelampung potretlampung lampungyay lampungpedia visitlampung pikniklampung kelilinglampung pesonalampung pantaimarinalampung lampunghelau koncodolanlampung,laut lokasi pantai marina lampung selatan
https://www.instagram.com/p/CmpnfQFPsOl/,501.jpg,44921.994699074072,"Senang-senang melulu. Utangmu bereskan dulu
.
.
.
.
.
.
.
.
.
.
.
.
🍁@sanggarbeach_lpg (Queen Resto) , Kalianda, Lampung Selatan
.
.
.
.
.
.
.
.
.
.
.
.
#lampungeksis #lampungsemakineksis #koncodolanlampung #explorelampung #lampunginsta #wajahlampung #ilovelampung #pantaisanggar #sanggarbeachlampung #explorelampungselatan #lampungtourid #LampungGeh #lampungkece #wisata_lampungme #lampungindonesia #lampungselataninfo #kelampunggeh #lampungselatan #backpakerindonesia #lampungkece #trendinglampung #nyapalampung #menyapalampung #lampuung #inilampungyay #potretwisataindonesia #hellolampung #kelilingindonesia #travellingnusantara #likesforlike #follow4followback",Attraction,,"senang-senang melulu. utangmu bereskan dulu 🍁 (queen resto), kalianda, lampung selatan",lampungeksis lampungsemakineksis koncodolanlampung explorelampung lampunginsta wajahlampung ilovelampung pantaisanggar sanggarbeachlampung explorelampungselatan lampungtourid lampung geh lampungkece wisata lampungme lampungindonesia lampungselataninfo kelampunggeh lampungselatan backpakerindonesia trendinglampung nyapalampung menyapalampung lampuung inilampungyay potretwisataindonesia hellolampung kelilingindonesia travellingnusantara likesforlike follow4followback,senang senang melulu utangmu bereskan dulu queen resto kalianda lampung selatan
https://www.instagram.com/p/C3NQYNESVmW/,502.jpg,45333.517627314817,"Hari baru petualangan baru ! Yuk semangat semangat...
In frame :@kikitirta48 
Loc : Pantai Marina Lampung
#pantaimarinakalianda #pantaimarinalampung #pantaimarina #explorelampungselatan #explorelampung #travelphotography #traveler #travelgram #lampung #Bali #indonesia #wonderful_places #wonderfulindonesia",Attraction,,hari baru petualangan baru! yuk semangat semangat in frame: loc: pantai marina lampung,pantaimarinakalianda pantaimarinalampung pantaimarina explorelampungselatan explorelampung travelphotography traveler travelgram lampung bali indonesia wonderful places wonderfulindonesia,hari baru petualangan baru ayo semangat semangat in frame lokasi pantai marina lampung
https://www.instagram.com/p/CwQVK4VvYxU/,503.jpg,45160.725844907407,"Bersyukur banget gwah.... ❤️
.
.
Bisa menatap langsung keindahan yg satu ini 😍🗻
.
.
.
#3rdtouring2023 #familyadventure #familytouring #touringlintaspulau #touringlintasprovinsi #lampung #lampungselatan #explorelampung #explorelampungselatan #bakauhenilampung #travel #pelabuhancanti #kalianda #pulausebuku #pulausebesi #pulauumang #pulauumangumang #perahu #gelombang #wave #waves #ombak #laut #sea #sealife #beach #pantai #tejang #tejangpulausebesi",Attraction,,bersyukur banget gwah ❤️ bisa menatap langsung keindahan yg satu ini 😍🗻,3rdtouring2023 familyadventure familytouring touringlintaspulau touringlintasprovinsi lampung lampungselatan explorelampung explorelampungselatan bakauhenilampung travel pelabuhancanti kalianda pulausebuku pulausebesi pulauumang pulauumangumang perahu gelombang wave waves ombak laut sea sealife beach pantai tejang tejangpulausebesi,bersyukur banget gwah cinta bisa menatap langsung keindahan yang satu ini suka gunung
https://www.instagram.com/p/C29VVW4qoka/,504.jpg,45327.333923611113,"Berkunjung ke Lampung, tentu tidak boleh melewatkan pergi ke Bakauheni Harbour City. Selain menyajikan pemandangan sekitar bakauheni yang menawan. Wisatawan dapat berkunjung ke objek wisata menarik yang ada di lokasi. Yuk lihat infonya di http://tinyurl.com/jnkd33xh
#travelspromo #bakauheniharbourcity #wisatalampungselatan #wisatalampung #tamanrekreasi #tamanrekreasilampungselatan #tamanrekreasilampung #informasiwisata #infowisata #infowisatalampungselatan #infowisatalampung #hargatiket #tiketmasuk #tiketmasukbakauheniharbourcity #visitlampungselatan #explorelampungselatan",Attraction,Siger,"berkunjung ke lampung, tentu tidak boleh melewatkan pergi ke bakauheni harbour city. selain menyajikan pemandangan sekitar bakauheni yang menawan. wisatawan dapat berkunjung ke objek wisata menarik yang ada di lokasi. yuk lihat infonya di",travelspromo bakauheniharbourcity wisatalampungselatan wisatalampung tamanrekreasi tamanrekreasilampungselatan tamanrekreasilampung informasiwisata infowisata infowisatalampungselatan infowisatalampung hargatiket tiketmasuk tiketmasukbakauheniharbourcity visitlampungselatan explorelampungselatan,berkunjung ke lampung tentu tidak boleh melewatkan pergi ke bakauheni harbour city selain menyajikan pemandangan sekitar bakauheni yang menawan wisatawan dapat berkunjung ke objek wisata menarik yang ada di lokasi ayo lihat infonya di
https://www.instagram.com/p/CgjvSy6Pl_J/,505.jpg,44770.581087962957,#rumahkayukahaibeachhotel#kahaibeachlampung#pantaikahaibeach#wisatakaliandalampungselatan#explorelampungselatan#gunungkrakatau#kahaibeachhotel#desabatubalakkahai#lampunghits#wisatalampungselatankekinian,Amenities,Krakatau Kahai Beach Hotel,,rumahkayukahaibeachhotel kahaibeachlampung pantaikahaibeach wisatakaliandalampungselatan explorelampungselatan gunungkrakatau kahaibeachhotel desabatubalakkahai lampunghits wisatalampungselatankekinian,
https://www.instagram.com/p/Ce46WLqv0Br/,506.jpg,44729.093472222223,"Posted @pantai.setigiheni Nikmatilah setiap perjalanan yang kamu hadapi karena perjalanan yang rumit akan menghasilkan sebuah cerita yang menarik🌊
.
.
 from @rimachasanah25
Lokasi :Pantai Setigiheni,  Lampung Selatan
.
.
.
#Setigiheni
#lampung #lampungeksis #potretlampung #lampunginstan #lampunghits #lampungexplore #explorelampung #ilovelampung #wajahlampung #apalampung #lampungekspos #lampungpedia #ayokelampung #holiday #lampungholiday_  #wisatalampungme #kelampungaja #explorelampungselatan #inilampungyay #ayopiknik #piknik #lampungpose #parapejalanlampung #inews #hijab #ottdhijab #lff",Attraction,,"posted nikmatilah setiap perjalanan yang kamu hadapi karena perjalanan yang rumit akan menghasilkan sebuah cerita yang menarik🌊 from lokasi:pantai setigiheni, lampung selatan",setigiheni lampung lampungeksis potretlampung lampunginstan lampunghits lampungexplore explorelampung ilovelampung wajahlampung apalampung lampungekspos lampungpedia ayokelampung holiday lampungholiday wisatalampungme kelampungaja explorelampungselatan inilampungyay ayopiknik piknik lampungpose parapejalanlampung inews hijab ottdhijab lff,posted nikmatilah setiap perjalanan yang kamu hadapi karena perjalanan yang rumit akan menghasilkan sebuah cerita yang menarik laut from lokasi pantai setigiheni lampung selatan
https://www.instagram.com/p/CwiRvcSP2Nq/,507.jpg,45167.695555555547,"Ngumpulin kerang2 indah buat dibawa pulang 🤗🤣🌊🏝️
.
.
#familytouring2023 #familyadventure #3rdtouring2023 #touringlintaspulau #touringlintasprovinsi #lampung #lampungselatan #explorelampung #explorelampungselatan #bakauhenilampung #travel #terumbukarang #kalianda #pulausebuku #pulausebesi #pulauumang #pulauumangumang #perahu #gelombang #wave #waves #ombak #laut #sea #sealife #beach #pantai #pulaumenggunang #tejangpulausebesi",Attraction,,ngumpulin kerang2 indah buat dibawa pulang 🤗🤣🌊🏝️,familytouring2023 familyadventure 3rdtouring2023 touringlintaspulau touringlintasprovinsi lampung lampungselatan explorelampung explorelampungselatan bakauhenilampung travel terumbukarang kalianda pulausebuku pulausebesi pulauumang pulauumangumang perahu gelombang wave waves ombak laut sea sealife beach pantai pulaumenggunang tejangpulausebesi,ngumpulin kerang2 indah buat dibawa pulang ramah tertawa laut pulau
https://www.instagram.com/p/CgmEEbNP8E5/,508.jpg,44771.483877314808,"Rumah jamur🍄🍄🍄

#kahaibeachlampung#pantaikahaibeach#wisatakaliandalampungselatan#explorelampungselatan#gunungkrakatau#kahaibeachhotel#desabatubalakkahai#lampunghits#wisatalampungselatankekinian",Attraction,,rumah jamur🍄🍄🍄,kahaibeachlampung pantaikahaibeach wisatakaliandalampungselatan explorelampungselatan gunungkrakatau kahaibeachhotel desabatubalakkahai lampunghits wisatalampungselatankekinian,rumah jamur
https://www.instagram.com/p/CwIygPUSo5d/,509.jpg,45157.796956018523,"Tinggi Gunung di Pulau Sebesi ini 800 Meteran.... 
.
.
Sama dong tingginya dgn gweh ...
🤗🏞️🤣
.
.
#3rdtouring2023 #letsgo #familyadventure #touringlintaspulau #touringlintasprovinsi #lampung #lampungselatan #explorelampung #explorelampungselatan #bakauhenilampung #travel #pelabuhancanti #kalianda #pulausebuku #pulausebesi #pulauumang #pulauumangumang #perahu #gelombang #wave #waves #ombak #laut #sea #sealife #beach #pantai #tejang #tejangpulausebesi",Attraction,,tinggi gunung di pulau sebesi ini 800 meteran sama dong tingginya dgn gweh 🤗🏞️🤣,3rdtouring2023 letsgo familyadventure touringlintaspulau touringlintasprovinsi lampung lampungselatan explorelampung explorelampungselatan bakauhenilampung travel pelabuhancanti kalianda pulausebuku pulausebesi pulauumang pulauumangumang perahu gelombang wave waves ombak laut sea sealife beach pantai tejang tejangpulausebesi,tinggi gunung di pulau sebesi ini 800 meteran sama dong tingginya dengan gweh ramah tertawa
https://www.instagram.com/p/Cw0Qw2uJ4fh/,510.jpg,45174.680127314823,"View2 kyk begini yg bikin kita hoby menabung 🤗🤣
.
.
#touring #familytouring2023 #familyadventure #3rdtouring #3rdtouring2023 #letsgo #selatsunda #sundastrait #letsgosomewhere #touringlintaspulau #touringlintasprovinsi #merak #pelabuhanmerak #pelabuhanmerakbanten #merakbakauheni #pelabuhanbakauheni #bakauheni #lampung #lampungselatan #explorelampung #explorelampungselatan #bakauhenilampung #travel #travelgram #traveling",Attraction,,view2 kyk begini yg bikin kita hoby menabung 🤗🤣,touring familytouring2023 familyadventure 3rdtouring 3rdtouring2023 letsgo selatsunda sundastrait letsgosomewhere touringlintaspulau touringlintasprovinsi merak pelabuhanmerak pelabuhanmerakbanten merakbakauheni pelabuhanbakauheni bakauheni lampung lampungselatan explorelampung explorelampungselatan bakauhenilampung travel travelgram traveling,view2 kyk begini yang bikin kita hoby menabung ramah tertawa
https://www.instagram.com/p/CwdNcKRvKNW/,511.jpg,45165.727638888893,"Hidup itu ga ada yg tau, tergantung pada nasib 🤗
.
.
Kayak kita nih, tau tau milih pulau n pantai nya bener... 🤣🏝️🗻
.
.
Awalnya ga tau bakal seindah begini woyy 🤣🤗🏝️🗻
.
.
.
#familytouring2023 #familyadventure #3rdtouring2023 #touringlintaspulau #touringlintasprovinsi #lampung #lampungselatan #explorelampung #explorelampungselatan #bakauhenilampung #travel #terumbukarang #kalianda #pulausebuku #pulausebesi #pulauumang #pulauumangumang #perahu #gelombang #wave #waves #ombak #laut #sea #sealife #beach #pantai #pulaumenggunang #tejangpulausebesi",Attraction,,"hidup itu ga ada yg tau, tergantung pada nasib 🤗 kayak kita nih, tau tau milih pulau n pantai nya bener 🤣🏝️🗻 awalnya ga tau bakal seindah begini woyy 🤣🤗🏝️🗻",familytouring2023 familyadventure 3rdtouring2023 touringlintaspulau touringlintasprovinsi lampung lampungselatan explorelampung explorelampungselatan bakauhenilampung travel terumbukarang kalianda pulausebuku pulausebesi pulauumang pulauumangumang perahu gelombang wave waves ombak laut sea sealife beach pantai pulaumenggunang tejangpulausebesi,hidup itu tidak ada yang tau tergantung pada nasib ramah kayak kita ini tau tau milih pulau n pantai nya bener tertawa pulau gunung awalnya tidak tau bakal seindah begini woyy tertawa ramah pulau gunung
https://www.instagram.com/p/CwVkTspP00B/,512.jpg,45162.759513888886,"Nungguin nelayan nyiapin perahu ⛵🚣
.
.
#familytouring2023 #familyadventure #3rdtouring2023 #touringlintaspulau #touringlintasprovinsi #lampung #lampungselatan #explorelampung #explorelampungselatan #bakauhenilampung #travel #pelabuhancanti #kalianda #pulausebuku #pulausebesi #pulauumang #pulauumangumang #perahu #gelombang #wave #waves #ombak #laut #sea #sealife #beach #pantai #pulaumenggunang #tejangpulausebesi",Attraction,,nungguin nelayan nyiapin perahu ⛵🚣,familytouring2023 familyadventure 3rdtouring2023 touringlintaspulau touringlintasprovinsi lampung lampungselatan explorelampung explorelampungselatan bakauhenilampung travel pelabuhancanti kalianda pulausebuku pulausebesi pulauumang pulauumangumang perahu gelombang wave waves ombak laut sea sealife beach pantai pulaumenggunang tejangpulausebesi,nungguin nelayan nyiapin perahu
https://www.instagram.com/p/Cgjr-lCPL5y/,513.jpg,44770.560960648138,"Make the holidays more fun at kahai beach hotel🤗

Kami siap melayani🙏🙏🙏

#kahaibeachlampung#pantaikahaibeach#wisatakaliandalampungselatan#explorelampungselatan#gunungkrakatau#kahaibeachhotel#desabatubalakkahai#lampunghits#wisatalampungselatankekinian",Amenities,Krakatau Kahai Beach Hotel,make the holidays more fun at kahai beach hotel🤗 kami siap melayani🙏🙏🙏,kahaibeachlampung pantaikahaibeach wisatakaliandalampungselatan explorelampungselatan gunungkrakatau kahaibeachhotel desabatubalakkahai lampunghits wisatalampungselatankekinian,make the holidays more fun at kahai beach hotel ramah kami siap melayani terima kasih terima kasih terima kasih
https://www.instagram.com/p/CwdKXX8PSKO/,514.jpg,45165.708981481483,"Ga butuh snorkeling 🏊
.
.
Ossan cuma mantengin alias memandang indahnya taman terumbu karang di Pulau Umang Umang 🤗🏝️😍
.
.
#familytouring2023 #familyadventure #3rdtouring2023 #touringlintaspulau #touringlintasprovinsi #lampung #lampungselatan #explorelampung #explorelampungselatan #bakauhenilampung #travel #terumbukarang #kalianda #pulausebuku #pulausebesi #pulauumang #pulauumangumang #perahu #gelombang #wave #waves #ombak #laut #sea #sealife #beach #pantai #pulaumenggunang #tejangpulausebesi",Attraction,,ga butuh snorkeling 🏊 ossan cuma mantengin alias memandang indahnya taman terumbu karang di pulau umang umang 🤗🏝️😍,familytouring2023 familyadventure 3rdtouring2023 touringlintaspulau touringlintasprovinsi lampung lampungselatan explorelampung explorelampungselatan bakauhenilampung travel terumbukarang kalianda pulausebuku pulausebesi pulauumang pulauumangumang perahu gelombang wave waves ombak laut sea sealife beach pantai pulaumenggunang tejangpulausebesi,tidak butuh snorkeling ossan cuma mantengin alias memandang indahnya taman terumbu karang di pulau umang umang ramah pulau suka
https://www.instagram.com/p/CV9XoKAJgjF/,515.jpg,44507.128391203703,"Duduk santai di tepi pantai
Kopi hitam pahit rasanya
Jalan jalan kesana kesini
Kapan nih ke pantai berdua
•
📍Pantai Minang Rua, Lampung Selatan, Lampung.
•
Mari kita jaga bersama lingkungan disekitar kita. Salam lestari 🌱
•
#sahabatalam #pesonaindonesia #pesonaalam #pesonalampung #lampuung #lampunghits #minangruabeach #minangrua #lampungselatan #lampunggeh #potretlampung #pejalanlampung #petualanglampung #kaliandaig #explorelampung #explorelampungselatan #lampungnatureadventure",Attraction,,"duduk santai di tepi pantai kopi hitam pahit rasanya jalan jalan kesana kesini kapan nih ke pantai berdua 📍pantai minang rua, lampung selatan, lampung. mari kita jaga bersama lingkungan disekitar kita. salam lestari 🌱",sahabatalam pesonaindonesia pesonaalam pesonalampung lampuung lampunghits minangruabeach minangrua lampungselatan lampunggeh potretlampung pejalanlampung petualanglampung kaliandaig explorelampung explorelampungselatan lampungnatureadventure,duduk santai di tepi pantai kopi hitam pahit rasanya jalan jalan kesana kesini kapan ini ke pantai berdua lokasi pantai minang rua lampung selatan lampung mari kita jaga bersama lingkungan disekitar kita salam lestari alam
https://www.instagram.com/p/CRvuTpfLB75/,516.jpg,44402.408414351848,"📷@rhemaayu28 

#beachvibes #lampungselatan #explorelampungselatan #pulausebesi #sebesiisland",Attraction,,📷,beachvibes lampungselatan explorelampungselatan pulausebesi sebesiisland,kamera
https://www.instagram.com/p/CWk82M9F1hN/,517.jpg,44522.500335648147,"You are mineral without ral

#eaaa #gunungbatulampung #ootdhijab #holiday #ootd #explore #explorelampung #explorelampungselatan #kalianda #explorekalianda #dress #likeme #ffff #likememore",Attraction,,you are mineral without ral,eaaa gunungbatulampung ootdhijab holiday ootd explore explorelampung explorelampungselatan kalianda explorekalianda dress likeme ffff likememore,you are mineral without ral
https://www.instagram.com/p/CM5lBaxhBME/,518.jpg,44281.960011574083,"Tabik Pun...!!!

...
Cecakhah way pekhos kalianda lampung selatan ☑️

Kalian udah ke sini belum ??? 

Jangan lupa tonton vlog nya di YouTube channel MISRI VLOG..
Besok pagi jam 06:30 
..
..

🖼️ Shoot by : @perjalanankita.ig
Repost @misrivlog 

#lampungeksis #kaliandaig #travelerkece #travel2lampung #ijilampung #mata_lampungku #apalampung #selampung #exploreindonesia #explorelampung #explorelampungselatan #lampung #lampungfun #lampungeksis #kalianda #kaliandaig #wisatalampung #lampung #selebgramindonesia  #selebgramlampung #selebgramaceh #vidgram #travelvlog #fff💋 #fff #fff😊ff💋ff👌ff💕4f❤️🔝🔫💣44follow４followforfollow４f4frs4likeforlikeforfollow4likeforlikesback44likes4me4lramahhits #ffxiv #bffs #likesforlike #lb #followforfollowback

@cecakhah_waypekhos",Attraction,,tabik pun! cecakhah way pekhos kalianda lampung selatan ☑️ kalian udah ke sini belum? jangan lupa tonton vlog nya di youtube channel misri vlog besok pagi jam 06:30 🖼️ shoot by: repost 💋 😊ff💋ff👌ff💕4f❤️🔝🔫💣44follow4followforfollow4f4frs4likeforlikeforfollow4likeforlikesback44likes4me4lramahhits,lampungeksis kaliandaig travelerkece travel2lampung ijilampung mata lampungku apalampung selampung exploreindonesia explorelampung explorelampungselatan lampung lampungfun kalianda wisatalampung selebgramindonesia selebgramlampung selebgramaceh vidgram travelvlog fff ffxiv bffs likesforlike lb followforfollowback,tabik pun cecakhah way pekhos kalianda lampung selatan cek kalian sudah ke sini belum jangan lupa tonton vlog nya di youtube channel misri vlog besok pagi jam 06 30 shoot by repost cinta senang ff cinta ff oke ff cinta 4f cinta 44follow4followforfollow4f4frs4likeforlikeforfollow4likeforlikesback44likes4me4lramahhits
https://www.instagram.com/p/CX5Tt48Lh-s/,519.jpg,44555.261481481481,"the view of lampung
#lampung 
#explolampung
#menarasiger
#explorelampungselatan
#bakauheni",Attraction,,the view of lampung,lampung explolampung menarasiger explorelampungselatan bakauheni,the view of lampung
https://www.instagram.com/p/CnQtZvtvtka/,520.jpg,44937.176678240743,"Tangan udah gatel klo ngeliat tanah.
👌👌👌💨💨💨

#bmwg310gs #Santaipastisampai #explorlampung #explorelampungselatan #soulmatra",Attraction,,tangan udah gatel klo ngeliat tanah. 👌👌👌💨💨💨,bmwg310gs santaipastisampai explorlampung explorelampungselatan soulmatra,tangan sudah gatel klo ngeliat tanah oke oke oke
https://www.instagram.com/p/CNJXQKaAuwQ/,521.jpg,44288.090243055558,"Nasib baik adalah pertemuan antara persiapan dan kesempatan.

📍🏞lok :Kalianda.
( Kebun Edukasi 
Lampung Selatan)

#explorelampungselatan
#wonderfulllampungselatan
#kebunedukasilampungselatan
#sahabattravellerlampung
#mata_lampungku
#travel2lampung
#ijilampung
#lampunggeh
#agrowisatalampung
#kelilinglampung
#tempat_wisata_lampung",Attraction,,nasib baik adalah pertemuan antara persiapan dan kesempatan. 📍🏞lok:kalianda. ( kebun edukasi lampung selatan),explorelampungselatan wonderfulllampungselatan kebunedukasilampungselatan sahabattravellerlampung mata lampungku travel2lampung ijilampung lampunggeh agrowisatalampung kelilinglampung tempat wisata lampung,nasib baik adalah pertemuan antara persiapan dan kesempatan lokasi lok kalianda kebun edukasi lampung selatan
https://www.instagram.com/p/COZo_8pHZ7t/,522.jpg,44319.266840277778,#pahawang #pulau #pantai #dermaga #pano #panorama #laut #pulaupahawang #lampung #trip #gunung #pemandangan #alam #pulaupahawang #pahawangislamd #lampunghits #lampunggeh #lamsel #lampungselatan #keren #pelabuhan #perahu  #villa #iskhasulistia,Attraction,,,pahawang pulau pantai dermaga pano panorama laut pulaupahawang lampung trip gunung pemandangan alam pahawangislamd lampunghits lampunggeh lamsel lampungselatan keren pelabuhan perahu villa iskhasulistia,
https://www.instagram.com/p/CVabOVIvJJs/,523.jpg,44493.557557870372,"Reposted from @shdyt_ Sejauh mana pun kaki mu melangkah, ingatlah ada rumah yang menjadi tempatmu untuk pulang.
.
.
.
.
.
.
.
.
.
.
.
.
#trip #traveling #lampung #airterjun #curug #wisatalampung #triplampung #kuymain #healing #traveller #lampungselatan #potretlampung #airterjunwaykalam #lamsel #jelajahlampung",Attraction,,"reposted from sejauh mana pun kaki mu melangkah, ingatlah ada rumah yang menjadi tempatmu untuk pulang",trip traveling lampung airterjun curug wisatalampung triplampung kuymain healing traveller lampungselatan potretlampung airterjunwaykalam lamsel jelajahlampung,reposted from sejauh mana pun kaki mu melangkah ingatlah ada rumah yang menjadi tempatmu untuk pulang
https://www.instagram.com/p/CnF7oh5S4RC/,524.jpg,44932.991064814807,"Liburan tidak mesti jauh jauh gaes di lampung juga kalian udah bisa menikmati alam seperti ini .

#menyapalampung 
#lampungmenyapa 
#lampung
#lamsel 
#lampungselatan 
#explorelampung 
#kalianda
#ff #fff #fpy 
#jelajahlampung 
#jelajahsumatera 
#jalanjalanmen 
#trip 
From : @apriyadii532",Attraction,,liburan tidak mesti jauh jauh gaes di lampung juga kalian udah bisa menikmati alam seperti ini. from,menyapalampung lampungmenyapa lampung lamsel lampungselatan explorelampung kalianda ff fff fpy jelajahlampung jelajahsumatera jalanjalanmen trip,liburan tidak mesti jauh jauh gaes di lampung juga kalian sudah bisa menikmati alam seperti ini from
https://www.instagram.com/p/Cm8TFcUSJUy/,525.jpg,44929.249756944453,"Selamat tahun baru 2023 👋 

••••••••••••••••••••••••••••••••••••••••••••••••••••••••
Layanan wisata Lampung Selatan

✓ Local guide south Lampung 🔻

🔻 Paket wisata & trip Lampung Selatan DM or wa : 0857-6867-5339

Follow tiktok : Lamselexplore
Facebook : Lampung Selatan explore
YouTube : Lamselexplore

..

Follow @lampungselatanexplore
Hastag #lampungselatanexplore

Tiktok : Lamselexplore 
YouTube : Lamsel explore

Foto by : @w_apriyanii

📍 Pantai guci batu kapal, Kalianda Lampung Selatan

#lampung #lampungeksis #lampungselatanexplore #lampungexplore #ootdhijab #hijabstyle #lfl #lfl💛 #lampunggeh #ootdhijab
#ootdfashion #kalianda #wisatalampung
#fff #lfl❤️ #follow4followback #followforfollowback #fyp #ootdhijabindonesia
#hijabstyle
#ootdstyle
#flowers #lb #flowerstagram #wisatalampung #kalianda #bakauheni",Attraction,,"selamat tahun baru 2023 👋 layanan wisata lampung selatan ✓ local guide south lampung 🔻 🔻 paket wisata dan trip lampung selatan dm or wa: 0857-6867-5339 follow tiktok: lamselexplore facebook: lampung selatan explore youtube: lamselexplore follow hastag tiktok: lamselexplore youtube: lamsel explore foto by: 📍 pantai guci batu kapal, kalianda lampung selatan 💛 ❤️",lampungselatanexplore lampung lampungeksis lampungexplore ootdhijab hijabstyle lfl lampunggeh ootdfashion kalianda wisatalampung fff follow4followback followforfollowback fyp ootdhijabindonesia ootdstyle flowers lb flowerstagram bakauheni,selamat tahun baru 2023 layanan wisata lampung selatan local guide south lampung paket wisata dan trip lampung selatan dm or whatsapp 0857 6867 5339 follow tiktok lamselexplore facebook lampung selatan explore youtube lamselexplore follow hastag tiktok lamselexplore youtube lamsel explore foto by lokasi pantai guci batu kapal kalianda lampung selatan cinta cinta
https://www.instagram.com/p/CQ0-isZLMA0/,526.jpg,44379.593599537038,"𝘠𝘢𝘯𝘨 𝘵𝘪𝘥𝘢𝘬 𝘣𝘪𝘴𝘢 𝘸𝘢𝘯𝘪𝘵𝘢 𝘵𝘢𝘩𝘢𝘯 𝘪𝘵𝘶 𝘢𝘪𝘳 𝘮𝘢𝘵𝘢, 𝘤𝘦𝘮𝘣𝘶𝘳𝘶 𝘥𝘢𝘯 𝘳𝘢𝘴𝘢 𝘪𝘯𝘨𝘪𝘯 𝘵𝘢𝘩𝘶... 
(𝘓𝘢𝘯𝘫𝘶𝘵 𝘚𝘦𝘯𝘥𝘪𝘳𝘪²😂)🌸💙
.
.
#apalampung
#Allahmahabaik 
#Alhamdulillahsyukur
#explorelampungselatan
#Lampungselatanexplore 
#Lampungselatanamazing",Amenities,,"yang tidak bisa wanita tahan itu air mata, cemburu dan rasa ingin tahu (lanjut sendiri2😂)🌸💙",apalampung allahmahabaik alhamdulillahsyukur explorelampungselatan lampungselatanexplore lampungselatanamazing,yang tidak bisa wanita tahan itu air mata cemburu dan rasa ingin tahu lanjut sendiri2 tertawa cinta
https://www.instagram.com/p/CwNa0UsvQcI/,527.jpg,45159.595034722217,"Ga usah banyak gaya n pose.... 🤣
.
.
Cukup duduk2 santuy saja sambil mainan pasir di pantai ..🤗
.
.
Sudah enak dilihat kok beneran 🤗🤣😍🌴🏝️🗻🌊
.
.
#3rdtouring2023 #familyadventure #familytouring #touringlintaspulau #touringlintasprovinsi #lampung #lampungselatan #explorelampung #explorelampungselatan #bakauhenilampung #travel #pelabuhancanti #kalianda #pulausebuku #pulausebesi #pulauumang #pulauumangumang #perahu #gelombang #wave #waves #ombak #laut #sea #sealife #beach #pantai #tejang #tejangpulausebesi",Attraction,,ga usah banyak gaya n pose 🤣 cukup duduk2 santuy saja sambil mainan pasir di pantai 🤗 sudah enak dilihat kok beneran 🤗🤣😍🌴🏝️🗻🌊,3rdtouring2023 familyadventure familytouring touringlintaspulau touringlintasprovinsi lampung lampungselatan explorelampung explorelampungselatan bakauhenilampung travel pelabuhancanti kalianda pulausebuku pulausebesi pulauumang pulauumangumang perahu gelombang wave waves ombak laut sea sealife beach pantai tejang tejangpulausebesi,tidak usah banyak gaya n pose tertawa cukup duduk2 santuy saja sambil mainan pasir di pantai ramah sudah enak dilihat kok beneran ramah tertawa suka pohon kelapa pulau gunung laut
https://www.instagram.com/p/CNRET6MsVuG/,528.jpg,44291.082187499997,"guide dan Balawista pantai minangrua
.
.
.
.
.
.
.
@pantai_minangrua 
@dinaspariwisata.lampungselatan 
@yoexplore 
.
.
.
.
.
.
.
.
#pantaiminangrua#pokdaarwisMinangruaBahari 
#potretlampung #wisatapantai#pantailampung🌴 
#informasilpg #cooking #jalanjalanlampung #jelajahwisatalampung #lampungjuara #lampunghits #explorelampung #explorelampungselatan #indonesiaku#indonesiahebat
#pokdarwisindonesia #pokdarwisnasional",Accessibility,,guide dan balawista pantai minangrua 🌴,pantaiminangrua pokdaarwis minangrua bahari potretlampung wisatapantai pantailampung informasilpg cooking jalanjalanlampung jelajahwisatalampung lampungjuara lampunghits explorelampung explorelampungselatan indonesiaku indonesiahebat pokdarwisindonesia pokdarwisnasional,guide dan balawista pantai minangrua pohon kelapa
https://www.instagram.com/p/Cjb46o8vDQk/,529.jpg,44842.097986111112,"Make sure your vacation is a good and fun moment, trust us !!!
Liburan di pantai, tapi bukan sekedar pantai.
Pantai minangrua menyajikan rekreasi alam yg berbeda.
Selain pantai, di Minangrua juga ada destinasi wisata lain.
Seperti, Air Terjun Dan Green Canyon.

Your family story must be happy!!
 ________________________
This is👉. Pantai Minangrua - Desa Kelawi - Bakauheni - Lampung Selatan.
________________________
Hurry up, follow us, because we are processing something amazing!!!
NOTE!!!
(Lodging on this beach is very limited)

More info & Reservasi: HP/WA: 081272250665
________________________
Don't miss out on information!!

Tag dan follow 👇👇

@minangruabeach_inn
@minangruabeach_inn
@minangruabeach_inn 

Sertakan #minangruabeach
❎ Vacation is a necessity too
________________________
•Don't focus too much on money•
________________________
#minangruabeachinn #minangruabeach #pantaiminangrua #bakauheni #lampungselatan #lampung #sebalang #pahawang #tegalmas #pahawanglampung #selebriti #viral #jakarta #bandung #palembang #travel #explore #tourism #trip #lfl #beach #sunset #photography #likeforlikes #explore",Attraction,,"make sure your vacation is a good and fun moment, trust us! liburan di pantai, tapi bukan sekedar pantai. pantai minangrua menyajikan rekreasi alam yg berbeda. selain pantai, di minangrua juga ada destinasi wisata lain. seperti, air terjun dan green canyon. your family story must be happy! this is👉. pantai minangrua - desa kelawi - bakauheni - lampung selatan. hurry up, follow us, because we are processing something amazing! note! (lodging on this beach is very limited) more info dan reservasi: hp/wa: 081272250665 don't miss out on information! tag dan follow 👇👇 sertakan ❎ vacation is a necessity too don't focus too much on money",minangruabeach minangruabeachinn pantaiminangrua bakauheni lampungselatan lampung sebalang pahawang tegalmas pahawanglampung selebriti viral jakarta bandung palembang travel explore tourism trip lfl beach sunset photography likeforlikes,make sure your vacation is a good and fun moment trust us liburan di pantai tapi bukan sekedar pantai pantai minangrua menyajikan rekreasi alam yang berbeda selain pantai di minangrua juga ada destinasi wisata lain seperti air terjun dan green canyon your family story must be happy this is arah pantai minangrua desa kelawi bakauheni lampung selatan hurry up follow us because we are processing something amazing note lodging on this beach is very limited more info dan reservasi hp whatsapp 081272250665 don t miss out on information tag dan follow arah bawah arah bawah sertakan salah vacation is a necessity too don t focus too much on money
https://www.instagram.com/p/CW67wmPPTxo/,530.jpg,44531.03769675926,"Sudah ada agenda dan rencana mau liburan kemana??
Sudah atau belum, bisa hubungi kami di @junatrip 
Anda bisa memilih tempat tujuan liburan anda di sini!!!
__
Kami akan mempermudah rencana liburan anda!!!
Dan estimasi biaya akan kami sesuaikan!!!
Destinasi tujuan wisata kami sesuaikan.
__
Adapun Destinasi:
Pantai Minangrua
Pulau Pahawang
Pulau Tegal Mas
Pulau Mengkudu
Pantai Gigi Hiu
Krakatau
Dan seluruh destinasi wisata di Lampung!!!
__
More info: 081278582021
________________________
Easy way to repost?
Tag dan follow akun @junatrip
________________________
•Don't focus too much on money•
________________________
#junatrip #pantaiminangrua #bakauheni #lampungselatan #lampung #sebalang #pahawang #tegalmas #pahawanglampung #selebriti #viral #jakarta #bandung #palembang #travel #explore #tourism #trip #lfl #beach #sunset #sunrise #photography #likeforlikes #song #explore",Amenities,,"sudah ada agenda dan rencana mau liburan kemana? sudah atau belum, bisa hubungi kami di anda bisa memilih tempat tujuan liburan anda di sini! kami akan mempermudah rencana liburan anda! dan estimasi biaya akan kami sesuaikan! destinasi tujuan wisata kami sesuaikan. adapun destinasi: pantai minangrua pulau pahawang pulau tegal mas pulau mengkudu pantai gigi hiu krakatau dan seluruh destinasi wisata di lampung! more info: 081278582021 easy way to repost? tag dan follow akun don't focus too much on money",junatrip pantaiminangrua bakauheni lampungselatan lampung sebalang pahawang tegalmas pahawanglampung selebriti viral jakarta bandung palembang travel explore tourism trip lfl beach sunset sunrise photography likeforlikes song,sudah ada agenda dan rencana mau liburan kemana sudah atau belum bisa hubungi kami di anda bisa memilih tempat tujuan liburan anda di sini kami akan mempermudah rencana liburan anda dan estimasi biaya akan kami sesuaikan destinasi tujuan wisata kami sesuaikan adapun destinasi pantai minangrua pulau pahawang pulau tegal mas pulau mengkudu pantai gigi hiu krakatau dan seluruh destinasi wisata di lampung more info 081278582021 easy way to repost tag dan follow akun don t focus too much on money
https://www.instagram.com/p/CZDsmEVP_Kz/,531.jpg,44584.151192129633,"Salah satu pulau yang harus kalian kunjungi yang letaknya tidak jauh dari pulau mengkudu. 
➖➖➖➖➖➖➖➖➖➖

Lokasi: Pulau Sekepel, Desa Totoharjo, Kec Bakauheni, Kab Lampung Selatan 
➖➖➖➖➖➖➖➖➖➖

Fg: @ardiwijay04
➖➖➖➖➖➖➖➖➖➖

#lampuung #lampuunggeh #lampunginsta #ilovelampung #kaliandaig #lampungeksis #inilampungyay #alamlampung #explorelampung #wajahlampung #explorelampungselatan #pulausekepel",Attraction,,"salah satu pulau yang harus kalian kunjungi yang letaknya tidak jauh dari pulau mengkudu. lokasi: pulau sekepel, desa totoharjo, kec bakauheni, kab lampung selatan fg",lampuung lampuunggeh lampunginsta ilovelampung kaliandaig lampungeksis inilampungyay alamlampung explorelampung wajahlampung explorelampungselatan pulausekepel,salah satu pulau yang harus kalian kunjungi yang letaknya tidak jauh dari pulau mengkudu lokasi pulau sekepel desa totoharjo kec bakauheni kab lampung selatan fg
https://www.instagram.com/p/Cd7AMh9v4wL/,532.jpg,44705.050555555557,"Perjalanan masih panjang, jauh dan berliku, persiapkanlah bekal yang cukup  untuk menjalaninya.
.
.
.
.
.
#RamahTamahJelajah
#KhaduSantaiMakkung 
#Pantai_Minangrua
#PokdarwisMinangrua
#Selamatkhatong
#Explorelampungselatan
#Dinaspariwisatalampungselatan 
#sahabattravelerlampung
#wajahlampung
#lampungselatanAmazing
#lampungselatanexplore
#lampungexist
#informasilpg",Ancillary,,"perjalanan masih panjang, jauh dan berliku, persiapkanlah bekal yang cukup untuk menjalaninya",ramah tamah jelajah khadu santai makkung pantai minangrua pokdarwis minangrua selamatkhatong explorelampungselatan dinaspariwisatalampungselatan sahabattravelerlampung wajahlampung lampungselatan amazing lampungselatanexplore lampungexist informasilpg,perjalanan masih panjang jauh dan berliku persiapkanlah bekal yang cukup untuk menjalaninya
https://www.instagram.com/p/CMqLpTEhk_0/,533.jpg,44275.98060185185,"Tabik Pun...!!!

Selamat berlibur... 
Jangan lupa mandi gengs .... 

Dok by @misrivlog 

#travelerkece #explorealamindonesia #pecintaalam #dutawisata #exploreindonesia #pendakiindonesia #airterjun #explorelampung #explorelampungselatan #lampung #lampungfun #lampungeksis #kalianda #kaliandaig #wisatalampung #lampung #selebgramindonesia #selebgramjakarta #selebgramlampung #selebgramaceh #vidgram #travelvlog #fff💋 #fff #fff😊ff💋ff👌ff💕4f❤️🔝🔫💣44follow４followforfollow４f4frs4likeforlikeforfollow4likeforlikesback44likes4me4lramahhits #ffxiv #bffs #likesforlike #lb #followforfollowback",Attraction,,tabik pun! selamat berlibur jangan lupa mandi gengs dok by 💋 😊ff💋ff👌ff💕4f❤️🔝🔫💣44follow4followforfollow4f4frs4likeforlikeforfollow4likeforlikesback44likes4me4lramahhits,travelerkece explorealamindonesia pecintaalam dutawisata exploreindonesia pendakiindonesia airterjun explorelampung explorelampungselatan lampung lampungfun lampungeksis kalianda kaliandaig wisatalampung selebgramindonesia selebgramjakarta selebgramlampung selebgramaceh vidgram travelvlog fff ffxiv bffs likesforlike lb followforfollowback,tabik pun selamat berlibur jangan lupa mandi gengs dok by cinta senang ff cinta ff oke ff cinta 4f cinta 44follow4followforfollow4f4frs4likeforlikeforfollow4likeforlikesback44likes4me4lramahhits
https://www.instagram.com/p/DKD3bnFTfCq/,534.jpg,45802.11855324074,"Thank you for visiting at minangrua beach🌊☀
— SNORKELING Rp:75.000/pax all fasilitas 

Make sure your vacation is a good and fun moment, trust us !!!

Liburan di pantai, tapi bukan sekedar pantai.
Pantai minangrua menyajikan rekreasi alam yg berbeda.
Selain pantai, di Minangrua juga ada destinasi wisata lain.
Seperti, Air Terjun Dan Green Canyon.

Your family story must be happy!!
 ________________________
This is👉. Pantai Minangrua - Desa Kelawi - Bakauheni - Lampung Selatan.

Rute: 1.5 jam dari kota Bandar lampung. 10 menit dari Pelabuhan Bakauheni. 
________________________
Hurry up, follow us, because we are processing something amazing!!!
NOTE!!!
(Lodging on this beach is very limited)
__
Pos HTM: 10k/orang (non higeseason) 
__
Green Canyon HTM: 15k/orang 
__
Family Gathering Mulai Rp:170.000/orang
__
Snorkeling mulai Rp: 75.000/orang 

More info & Reservasi: HP/WA: 081272250665
________________________
Don’t miss out on information!!

Tag dan follow 👇👇

@minangruabeach_inn
@pantaiminangrua_lampung

Sertakan #minangruabeach 
❎ Vacation is a necessity too
________________________
•Don’t focus too much on money•
________________________
#minangruabeachinn #minangruabeach #pantaiminangrua #bakauheni #lampungselatan #lampung #lampung #bandung #palembang #travel #explore #tourism #trip #explore",Attraction,,"thank you for visiting at minangrua beach🌊☀ snorkeling rp:75.000/pax all fasilitas make sure your vacation is a good and fun moment, trust us! liburan di pantai, tapi bukan sekedar pantai. pantai minangrua menyajikan rekreasi alam yg berbeda. selain pantai, di minangrua juga ada destinasi wisata lain. seperti, air terjun dan green canyon. your family story must be happy! this is👉. pantai minangrua - desa kelawi - bakauheni - lampung selatan. rute: 1.5 jam dari kota bandar lampung. 10 menit dari pelabuhan bakauheni. hurry up, follow us, because we are processing something amazing! note! (lodging on this beach is very limited) pos htm: 10k/orang (non higeseason) green canyon htm: 15k/orang family gathering mulai rp:170.000/orang snorkeling mulai rp: 75.000/orang more info dan reservasi: hp/wa: 081272250665 don’t miss out on information! tag dan follow 👇👇 sertakan ❎ vacation is a necessity too don’t focus too much on money",minangruabeach minangruabeachinn pantaiminangrua bakauheni lampungselatan lampung bandung palembang travel explore tourism trip,thank you for visiting at minangrua beach laut matahari snorkeling rupiah 75 00 orang all fasilitas make sure your vacation is a good and fun moment trust us liburan di pantai tapi bukan sekedar pantai pantai minangrua menyajikan rekreasi alam yang berbeda selain pantai di minangrua juga ada destinasi wisata lain seperti air terjun dan green canyon your family story must be happy this is arah pantai minangrua desa kelawi bakauheni lampung selatan rute 1 5 jam dari kota bandar lampung 10 menit dari pelabuhan bakauheni hurry up follow us because we are processing something amazing note lodging on this beach is very limited pos harga tiket masuk 10k orang non higeseason green canyon harga tiket masuk 15k orang family gathering mulai rupiah 170 00 orang snorkeling mulai rupiah 75 00 orang more info dan reservasi hp whatsapp 081272250665 don t miss out on information tag dan follow arah bawah arah bawah sertakan salah vacation is a necessity too don t focus too much on money
https://www.instagram.com/p/CPpudbwL0cg/,535.jpg,44350.368900462963,"Good sore ...

Jangan lupa mantai lah sob ...
..
..

Subscribe bYouTube channel MISRI VLOG, klik link in bio 👉
..
..

#lampungselatanexplore  #semukuk #pantaisemukuk #kaliandaig #wajahlampung #kelampunggeh #travel2lampung #lampungeksis #lampung #selampung #pariwisatalampung #selebgramindonesia #selebgramjakarta #selebgramlampung #selampung #pesonalampung #pariwisataindonesia #pariwisatalampung #explorelampungselatan #exploreindonesia #jelajahindonesia #lampungfun #lampungeksis #explorealam #adbenture #mtma #jejakpetualang #beach",Attraction,,"good sore jangan lupa mantai lah sob subscribe byoutube channel misri vlog, klik link in bio 👉",lampungselatanexplore semukuk pantaisemukuk kaliandaig wajahlampung kelampunggeh travel2lampung lampungeksis lampung selampung pariwisatalampung selebgramindonesia selebgramjakarta selebgramlampung pesonalampung pariwisataindonesia explorelampungselatan exploreindonesia jelajahindonesia lampungfun explorealam adbenture mtma jejakpetualang beach,good sore jangan lupa mantai lah sob subscribe byoutube channel misri vlog klik link in bio arah
https://www.instagram.com/p/CidD0zBpVqR/,536.jpg,44817.69740740741,"Cium aroma laut, rasakan langit, biarkan jiwa²mu pergi

#masyaallahtabarakallah #like4likes #instatravel #morningvibes #grandeltykrakatoa #kaliandaresort #lampungwisata #lampung#explorelampungselatan",Attraction,,"cium aroma laut, rasakan langit, biarkan jiwa2mu pergi",masyaallahtabarakallah like4likes instatravel morningvibes grandeltykrakatoa kaliandaresort lampungwisata lampung explorelampungselatan,cium aroma laut rasakan langit biarkan jiwa2mu pergi
https://www.instagram.com/p/CLlBoBMnMQn/,537.jpg,44249.122847222221,"#blueseaview 
#bluesea🌊 
#jumping 
#kapalferry 
#holidaytrip #travelphotography #travelingindonesia #potography📷 #jalanjalanmen #pelariindonesia #pelarikece #freeletictangerang #indonesiaberlari #runbib#yeuah #explorelampungselatan #selatsunda 
Kesempatan kadang tak datang dua kali .maka nikmatilah kesempatan itu selagi kamu bisa ,walau hanya sebentar tpi kita tak bisa mengulang kembali waktu itu , walaupun tujuan utamanya wedding party tpi bisa d manfaatkan demi hobby traveling ,jgn d pikir seberapa deketny tpi seberapa kamu bisa menikmati keindahan nya , liburan itu penting wat rilexasi d tengah rutinitas yg tiada henti foto by @yusuf_swd @freeleticstgr",Accessibility,,"🌊 📷 kesempatan kadang tak datang dua kali.maka nikmatilah kesempatan itu selagi kamu bisa,walau hanya sebentar tpi kita tak bisa mengulang kembali waktu itu, walaupun tujuan utamanya wedding party tpi bisa d manfaatkan demi hobby traveling,jgn d pikir seberapa deketny tpi seberapa kamu bisa menikmati keindahan nya, liburan itu penting wat rilexasi d tengah rutinitas yg tiada henti foto by",blueseaview bluesea jumping kapalferry holidaytrip travelphotography travelingindonesia potography jalanjalanmen pelariindonesia pelarikece freeletictangerang indonesiaberlari runbib yeuah explorelampungselatan selatsunda,laut kamera kesempatan kadang tak datang dua kali maka nikmatilah kesempatan itu selagi kamu bisa walau hanya sebentar tapi kita tak bisa mengulang kembali waktu itu walaupun tujuan utamanya wedding party tapi bisa d manfaatkan demi hobby traveling jgn d pikir seberapa deketny tapi seberapa kamu bisa menikmati keindahan nya liburan itu penting wat rilexasi d tengah rutinitas yang tiada henti foto by
https://www.instagram.com/p/DOTb4c_k_LD/,538.jpg,45907.585706018523,"Vitamin sea ☀️🌊
.
.
.
📍Rio The Beach , Lampung
#pantailampungselatan #explorelampungselatan #pantailampung #kaliandalampungselatan #pesonaindonesia_id #wonderful #riothebeachlampung",Amenities,,"vitamin sea ☀️🌊 📍rio the beach, lampung",pantailampungselatan explorelampungselatan pantailampung kaliandalampungselatan pesonaindonesia id wonderful riothebeachlampung,vitamin sea matahari laut lokasi rio the beach lampung
https://www.instagram.com/p/DJrR4SAPf1b/,539.jpg,45792.570011574076,"Team Orang Senang
Jawa Barat Lintas Sumatra 🤟😎
Next Kemana Lagi Kita🔥

#lampung #bandarlampung #sumatra #singerlampung #travelinglampung #explorelampungselatan",Accessibility,,team orang senang jawa barat lintas sumatra 🤟😎 next kemana lagi kita🔥,lampung bandarlampung sumatra singerlampung travelinglampung explorelampungselatan,team orang senang jawa barat lintas sumatra next kemana lagi kita
https://www.instagram.com/p/DNzjUwz4vjf/,540.jpg,45895.203298611108,"Ga ada kalimat yang bisa deskripsiin secantik apa tempat ini 💖

#explorelampungselatan #exploreindonesia #indonesia_traveler #girl #beach #pulausebesi #tripotocommunity #pulau #beachvibes #pulausebesi #exploreeverything #ootd #beachtime",Attraction,,ga ada kalimat yang bisa deskripsiin secantik apa tempat ini 💖,explorelampungselatan exploreindonesia indonesia traveler girl beach pulausebesi tripotocommunity pulau beachvibes exploreeverything ootd beachtime,tidak ada kalimat yang bisa deskripsiin secantik apa tempat ini
https://www.instagram.com/p/DO_IWiFk0MI/,541.jpg,45924.555104166669,"Referensi trip yang gak perlu cuti:
"" Open Trip Pulau Sebesi ""

Katanya mau liburan? 
Jangan cuma scroll doang cong!
Buruan booking slotnya! Di @explorepulausebesi 
Kapan lagi opentrip destinasinya dapet pantai dan gunung sekaligus?
Harganya start 400rban aja udah bisa nyebrang ke pulau Sumatera.
Bener2 worth it!

#exploreindonesia #explorelampungselatan #anakgunungkrakatau #explorepulausebesi #bandaneiralampung #wisatalampung #opentripanakgunungkrakatau #pulauumangumang",Attraction,,"referensi trip yang gak perlu cuti: "" open trip pulau sebesi "" katanya mau liburan? jangan cuma scroll doang cong! buruan booking slotnya! di kapan lagi opentrip destinasinya dapet pantai dan gunung sekaligus? harganya start 400rban aja udah bisa nyebrang ke pulau sumatera. bener2 worth it!",exploreindonesia explorelampungselatan anakgunungkrakatau explorepulausebesi bandaneiralampung wisatalampung opentripanakgunungkrakatau pulauumangumang,referensi trip yang tidak perlu cuti open trip pulau sebesi katanya mau liburan jangan cuma scroll doang cong buruan booking slotnya di kapan lagi opentrip destinasinya dapet pantai dan gunung sekaligus harganya start 400rban saja sudah bisa nyebrang ke pulau sumatera bener2 worth it
https://www.instagram.com/p/Ctom7gpJP_l/,542.jpg,45095.588888888888,"[2 6 23]
Rekomend ni yg mau nangis tapi gk mau ketauan nangis ngecamp dipantai aja prenddd suara ombak nya keras bangett sambil teriakk juga amann sii ini🌊🌴
.
.
.📍Pantai Sanggar🏝Kalianda, Lampung
#sanggarbeach_lpg #explorelampungselatan #lampunggeh",Amenities,,"[2 6 23] rekomend ni yg mau nangis tapi gk mau ketauan nangis ngecamp dipantai aja prenddd suara ombak nya keras bangett sambil teriakk juga amann sii ini🌊🌴 📍pantai sanggar🏝kalianda, lampung",sanggarbeach lpg explorelampungselatan lampunggeh,2 6 23 rekomend ini yang mau nangis tapi tidak mau ketauan nangis ngecamp dipantai saja prendd suara ombak nya keras bangett sambil teriakk juga amann sii ini laut pohon kelapa lokasi pantai sanggar pulau kalianda lampung
https://www.instagram.com/p/CwczWVZrqJF/,543.jpg,45165.56931712963,"Manfaatkan liburan kamu untuk melepaskan semua beban agar pikiran dan tubuh menjadi sehat kembali.

#liburan #lfl #beach #island #explorelampungselatan #lampung #visitindonesia #exploreindonesia #kemenparekraf #pariwisatalampung #wonderfulindonesia #jelajahlampung #jelajahindonesia #lfl❤️ #lfl💛 #fffffffffffffffffffffffffffffffffffffffffffffffffffffffffffffffffffffffffffffffffffffffffffffffffffffffffffffffffffffffffffffffffffffffffffffffffffff #likesforlike",Attraction,,manfaatkan liburan kamu untuk melepaskan semua beban agar pikiran dan tubuh menjadi sehat kembali. ❤️ 💛,liburan lfl beach island explorelampungselatan lampung visitindonesia exploreindonesia kemenparekraf pariwisatalampung wonderfulindonesia jelajahlampung jelajahindonesia fffffffffffffffffffffffffffffffffffffffffffffffffffffffffffffffffffffffffffffffffffffffffffffffffffffffffffffffffffffffffffffffffffffffffffffffffffff likesforlike,manfaatkan liburan kamu untuk melepaskan semua beban agar pikiran dan tubuh menjadi sehat kembali cinta cinta
https://www.instagram.com/p/CwMRRyrL1ei/,544.jpg,45159.148784722223,"Senikmat inikah rasanya liburan .... 🌊🌴🌴
..
..

Kaos keren dari : @lampungselatanexplore

#liburan #lfl #beach #island #explorelampungselatan #lampung #visitindonesia #exploreindonesia #kemenparekraf #pariwisatalampung #wonderfulindonesia #jelajahlampung #jelajahindonesia #lfl❤️ #lfl💛 #fffffffffffffffffffffffffffffffffffffffffffffffffffffffffffffffffffffffffffffffffffffffffffffffffffffffffffffffffffffffffffffffffffffffffffffffffffff #likesforlike",Attraction,,senikmat inikah rasanya liburan 🌊🌴🌴 kaos keren dari: ❤️ 💛,liburan lfl beach island explorelampungselatan lampung visitindonesia exploreindonesia kemenparekraf pariwisatalampung wonderfulindonesia jelajahlampung jelajahindonesia fffffffffffffffffffffffffffffffffffffffffffffffffffffffffffffffffffffffffffffffffffffffffffffffffffffffffffffffffffffffffffffffffffffffffffffffffffff likesforlike,senikmat inikah rasanya liburan laut pohon kelapa pohon kelapa kaos keren dari cinta cinta
https://www.instagram.com/p/Cd299S_htiu/,545.jpg,44703.483530092592,"LAMPUNG : “Lamunan rindu yang tak tertampung”
.
.
.
.
.
#explorelampungselatan 
#selampung 
@selampung",Attraction,,lampung: “lamunan rindu yang tak tertampung”,explorelampungselatan selampung,lampung lamunan rindu yang tak tertampung
https://www.instagram.com/p/C0-6fyNyJKp/,546.jpg,45278.237523148149,".
.
Kalo ada orang ngiri, ga usah pusing sebaiknya kita nganan aja biar ga nabrak 😌
.
.
.
📍MBeach, Starlight Cabin, Kalianda
Lampung Selatan
.
#explorelampung #explorelampungselatan #pantaipasirputih #whitesandbeach #travelphotography #traveling #traveler #travelblogger #starlightcabin #holiday #staycation",Attraction,,"kalo ada orang ngiri, ga usah pusing sebaiknya kita nganan aja biar ga nabrak 😌 📍mbeach, starlight cabin, kalianda lampung selatan",explorelampung explorelampungselatan pantaipasirputih whitesandbeach travelphotography traveling traveler travelblogger starlightcabin holiday staycation,kalau ada orang ngiri tidak usah pusing sebaiknya kita nganan saja biar tidak nabrak lokasi mbeach starlight cabin kalianda lampung selatan
https://www.instagram.com/p/ColU_r_y1zC/,547.jpg,44970.039305555547,"🏝🏝
#pantaimarina #pantaimarinakalianda #explorelampung #explorelampungselatan #wisatakalianda #fyp #fypシ",Attraction,,🏝🏝 シ,pantaimarina pantaimarinakalianda explorelampung explorelampungselatan wisatakalianda fyp,pulau pulau
https://www.instagram.com/p/DB5ILfFTWKs/,548.jpg,45599.107129629629,"Sunmori NXR Tangerang.
Rio By The Beach Kalianda Lampung Selatan
#explorelampung 
#explorelampungselatan 
#pantairiobythebeach",Amenities,,sunmori nxr tangerang. rio by the beach kalianda lampung selatan,explorelampung explorelampungselatan pantairiobythebeach,sunmori nxr tangerang rio by the beach kalianda lampung selatan
https://www.instagram.com/p/CrpWEDkSyHS/,549.jpg,45046.164629629631,"Enjoy moment ....

📍Bukit Slimpuyang, Sidomulyo Lampung selatan

#bukitslimpuyang #lampungselatan #kalianda #lampung #lampungexplore #explorelampungselatan #potretlampung #pikniklampung #sigerlampung #trendinglampung #tempatwisatalampung #berandalampung #indonesia #instagram",Amenities,,"enjoy moment 📍bukit slimpuyang, sidomulyo lampung selatan",bukitslimpuyang lampungselatan kalianda lampung lampungexplore explorelampungselatan potretlampung pikniklampung sigerlampung trendinglampung tempatwisatalampung berandalampung indonesia instagram,enjoy moment lokasi bukit slimpuyang sidomulyo lampung selatan
https://www.instagram.com/p/DN5JDKbk370/,550.jpg,45897.374027777783,"Pernah baca quotes ini : “Worrying gets you nowhere” dan makin kesini makin sadar, diam di tempat nggak akan bawa kita kemana-mana. Lebih baik mulai jalan, walau pelan🫶🏽🧡.

#exploresebesi #explorelampungselatan #anakkrakatau #opentrip #sebesiisland",Attraction,,"pernah baca quotes ini: “worrying gets you nowhere” dan makin kesini makin sadar, diam di tempat nggak akan bawa kita kemana-mana. lebih baik mulai jalan, walau pelan🫶🏽🧡",exploresebesi explorelampungselatan anakkrakatau opentrip sebesiisland,pernah baca quotes ini worrying gets you nowhere dan makin kesini makin sadar diam di tempat tidak akan bawa kita kemana mana lebih baik mulai jalan walau pelan
https://www.instagram.com/p/CgmDnbIvxXX/,551.jpg,44771.481122685182,"I ❤️ U

#kahaibeachlampung#pantaikahaibeach#wisatakaliandalampungselatan#explorelampungselatan#gunungkrakatau#kahaibeachhotel#desabatubalakkahai#lampunghits#wisatalampungselatankekinian",Attraction,,i ❤️ u,kahaibeachlampung pantaikahaibeach wisatakaliandalampungselatan explorelampungselatan gunungkrakatau kahaibeachhotel desabatubalakkahai lampunghits wisatalampungselatankekinian,i cinta u
https://www.instagram.com/p/DOV6gh0Ez1H/,552.jpg,45908.548275462963,"✈️ September S-nya Siap Kabur!
Siapa nih yang lagi nyari slot opentrip dadakan buat healing sebelum quarter life crisis menyerang? 😂

Tag temen travel kamu biar makin rame jalan-jalannya! 🌍🧡.

#septemberchallenge #septembervibes #explorelampungselatan #liburanasik #anakgunungkrakatau #sebesiisland",Attraction,,✈️ september s-nya siap kabur! siapa nih yang lagi nyari slot opentrip dadakan buat healing sebelum quarter life crisis menyerang? 😂 tag temen travel kamu biar makin rame jalan-jalannya! 🌍🧡,septemberchallenge septembervibes explorelampungselatan liburanasik anakgunungkrakatau sebesiisland,september s nya siap kabur siapa ini yang lagi nyari slot opentrip dadakan buat healing sebelum quarter life crisis menyerang tertawa tag temen travel kamu biar makin rame jalan jalannya bumi
https://www.instagram.com/p/DMpSxd7xW6X/,553.jpg,45866.364120370366,"Banda Neira Lampung 
#pulausebesi #pulausebesilampung #bandaneira #lampung #explorelampungselatan",Attraction,,banda neira lampung,pulausebesi pulausebesilampung bandaneira lampung explorelampungselatan,banda neira lampung
https://www.instagram.com/p/CwQTA_wP_UN/,554.jpg,45160.712777777779,"Ini pulau indahnya itu beda banget 😍🗻
.
.
.
#3rdtouring2023 #familyadventure #familytouring #touringlintaspulau #touringlintasprovinsi #lampung #lampungselatan #explorelampung #explorelampungselatan #bakauhenilampung #travel #pelabuhancanti #kalianda #pulausebuku #pulausebesi #pulauumang #pulauumangumang #perahu #gelombang #wave #waves #ombak #laut #sea #sealife #beach #pantai #tejang #tejangpulausebesi",Attraction,,ini pulau indahnya itu beda banget 😍🗻,3rdtouring2023 familyadventure familytouring touringlintaspulau touringlintasprovinsi lampung lampungselatan explorelampung explorelampungselatan bakauhenilampung travel pelabuhancanti kalianda pulausebuku pulausebesi pulauumang pulauumangumang perahu gelombang wave waves ombak laut sea sealife beach pantai tejang tejangpulausebesi,ini pulau indahnya itu beda banget suka gunung
https://www.instagram.com/p/CwQRXKgPqXk/,555.jpg,45160.702743055554,"Hijau dan biru membuat mata & hatiku tertuju padamu 🗻
.
.
.
#3rdtouring2023 #familyadventure #familytouring #touringlintaspulau #touringlintasprovinsi #lampung #lampungselatan #explorelampung #explorelampungselatan #bakauhenilampung #travel #pelabuhancanti #kalianda #pulausebuku #pulausebesi #pulauumang #pulauumangumang #perahu #gelombang #wave #waves #ombak #laut #sea #sealife #beach #pantai #tejang #tejangpulausebesi",Accessibility,,hijau dan biru membuat mata dan hatiku tertuju padamu 🗻,3rdtouring2023 familyadventure familytouring touringlintaspulau touringlintasprovinsi lampung lampungselatan explorelampung explorelampungselatan bakauhenilampung travel pelabuhancanti kalianda pulausebuku pulausebesi pulauumang pulauumangumang perahu gelombang wave waves ombak laut sea sealife beach pantai tejang tejangpulausebesi,hijau dan biru membuat mata dan hatiku tertuju padamu gunung
https://www.instagram.com/p/CwiOTKzvPV-/,556.jpg,45167.674664351849,"Kita kembali lagi ke Pulau Sebesi 🗻🏝️😍❤️🌴🌴🌴🌴
.
.
#familytouring2023 #familyadventure #3rdtouring2023 #touringlintaspulau #touringlintasprovinsi #lampung #lampungselatan #explorelampung #explorelampungselatan #bakauhenilampung #travel #terumbukarang #kalianda #pulausebuku #pulausebesi #pulauumang #pulauumangumang #perahu #gelombang #wave #waves #ombak #laut #sea #sealife #beach #pantai #pulaumenggunang #tejangpulausebesi",Attraction,,kita kembali lagi ke pulau sebesi 🗻🏝️😍❤️🌴🌴🌴🌴,familytouring2023 familyadventure 3rdtouring2023 touringlintaspulau touringlintasprovinsi lampung lampungselatan explorelampung explorelampungselatan bakauhenilampung travel terumbukarang kalianda pulausebuku pulausebesi pulauumang pulauumangumang perahu gelombang wave waves ombak laut sea sealife beach pantai pulaumenggunang tejangpulausebesi,kita kembali lagi ke pulau sebesi gunung pulau suka cinta pohon kelapa pohon kelapa pohon kelapa pohon kelapa
https://www.instagram.com/p/CkiLRfYvSjX/,557.jpg,44869.394687499997,"Handover ceremony Area pantai kahai beach hotel dan wahana-wahana lainnya dari kahai beach hotel ke pelangi hotel internasional.

#kahaibeachlampung#pantaikahaibeach#wisatakaliandalampungselatan#explorelampungselatan#gunungkrakatau#kahaibeachhotel#desabatubalakkahai#lampunghits#wisatalampungselatankekinian",Amenities,,handover ceremony area pantai kahai beach hotel dan wahana-wahana lainnya dari kahai beach hotel ke pelangi hotel internasional,kahaibeachlampung pantaikahaibeach wisatakaliandalampungselatan explorelampungselatan gunungkrakatau kahaibeachhotel desabatubalakkahai lampunghits wisatalampungselatankekinian,handover ceremony area pantai kahai beach hotel dan wahana wahana lainnya dari kahai beach hotel ke pelangi hotel internasional
https://www.instagram.com/p/CcN2I0XPU6q/,558.jpg,44662.658125000002,"Jagalah hatiku ini .agar tak pergi kelain hati
#explorelampungselatan
#wisatalampungselatan",Attraction,,jagalah hatiku ini.agar tak pergi kelain hati,explorelampungselatan wisatalampungselatan,jagalah hatiku ini agar tak pergi kelain hati
https://www.instagram.com/p/CwNfGIyvj5m/,559.jpg,45159.620995370373,"Hidupku dulu tak begini ....
.
.
Kini happy n indah sekali 🤗🤣🤣🏝️🌊🏊🗻
.
.
#3rdtouring2023 #familyadventure #familytouring #touringlintaspulau #touringlintasprovinsi #lampung #lampungselatan #explorelampung #explorelampungselatan #bakauhenilampung #travel #pelabuhancanti #kalianda #pulausebuku #pulausebesi #pulauumang #pulauumangumang #perahu #gelombang #wave #waves #ombak #laut #sea #sealife #beach #pantai #tejang #tejangpulausebesi",Attraction,,hidupku dulu tak begini kini happy n indah sekali 🤗🤣🤣🏝️🌊🏊🗻,3rdtouring2023 familyadventure familytouring touringlintaspulau touringlintasprovinsi lampung lampungselatan explorelampung explorelampungselatan bakauhenilampung travel pelabuhancanti kalianda pulausebuku pulausebesi pulauumang pulauumangumang perahu gelombang wave waves ombak laut sea sealife beach pantai tejang tejangpulausebesi,hidupku dulu tak begini kini happy n indah sekali ramah tertawa tertawa pulau laut gunung
https://www.instagram.com/p/CgEF9mdJ2Jv/,560.jpg,44758.291076388887,"Cottage Minakha Khua adalah penginapan yang memiliki konsep bangunan rumah panggung sederhana dengan suasana pedesaan pesisir pantai dengan halaman yang luas

- 𝐊𝐚𝐩𝐚𝐬𝐢𝐭𝐚𝐬 𝐌𝐚𝐤𝐬𝐢𝐦𝐚𝐥 𝟏𝟖 𝐎𝐫𝐚𝐧𝐠
- 𝟐 𝐊𝐚𝐦𝐚𝐫 𝐓𝐢𝐝𝐮𝐫
- 𝐑𝐮𝐚𝐧𝐠 𝐒𝐚𝐧𝐭𝐚𝐢 & 𝐁𝐞𝐫𝐤𝐮𝐦𝐩𝐮𝐥 𝐊𝐞𝐥𝐮𝐚𝐫𝐠𝐚
- 𝐊𝐚𝐦𝐚𝐫 𝐌𝐚𝐧𝐝𝐢 (Bangunan Terpisah)

𝘊𝘰𝘵𝘵𝘢𝘨𝘦 𝘔𝘪𝘯𝘢𝘬𝘩𝘢 𝘒𝘩𝘶𝘢 𝘥𝘪𝘭𝘦𝘯𝘨𝘬𝘢𝘱𝘪 𝘥𝘦𝘯𝘨𝘢𝘯 𝘧𝘢𝘴𝘪𝘭𝘪𝘵𝘢𝘴 𝘴𝘦𝘣𝘢𝘨𝘢𝘪 𝘣𝘦𝘳𝘪𝘬𝘶𝘵:
𝟏. 𝐒𝐢𝐧𝐠𝐥𝐞 𝐁𝐞𝐝 (Double Size)
𝟐. 𝐊𝐢𝐩𝐚𝐬 𝐀𝐧𝐠𝐢𝐧
𝟑. 𝐃𝐢𝐬𝐩𝐞𝐧𝐬𝐞𝐫

𝘗𝘳𝘪𝘤𝘦:
𝐑𝐩.𝟏.𝟎𝟎𝟎.𝟎𝟎𝟎.-/𝐧𝐢𝐠𝐡𝐭 (Weekday & Weekend)
_________________________

UNTUK RESERVASI PENGINAPAN DAN INFO KETERSEDIAAN KAMAR, SERTA INFO DETAIL LAINNYA SILAHKAN HUBUNGI KONTAK YANG TERTERA DI KOLOM KONTAK PROFILE ATAU KUNJUNGI WEBSITE RESMI KAMI: 𝐦𝐢𝐧𝐚𝐧𝐠𝐫𝐮𝐚.𝐜𝐨𝐦

'𝐀𝐉𝐀𝐊 𝐊𝐄𝐂𝐀𝐌𝐔 𝐊𝐇𝐀𝐌 𝐍𝐘𝐀𝐍𝐈𝐊 𝐂𝐄𝐊𝐇𝐈𝐓𝐀 𝐃𝐈 𝐃𝐈𝐉𝐀'

#minangrua #pantaiminangrua #ramahtamahjelajah #lampung #explorelampungselatan #explorelampung #visitlampung #lampunggeh #letsgosomewhere #summer #summertime #summervibes #holiday #holidayseason #goodvibes #beach #beachlife #beachday #beachvibes #travel #travelphotography #vacation",Amenities,,"cottage minakha khua adalah penginapan yang memiliki konsep bangunan rumah panggung sederhana dengan suasana pedesaan pesisir pantai dengan halaman yang luas - kapasitas maksimal 18 orang - 2 kamar tidur - ruang santai dan berkumpul keluarga - kamar mandi (bangunan terpisah) cottage minakha khua dilengkapi dengan fasilitas sebagai berikut: 1. single bed (double size) 2. kipas angin 3. dispenser price: rp.1.000.000.-/night (weekday dan weekend) untuk reservasi penginapan dan info ketersediaan kamar, serta info detail lainnya silahkan hubungi kontak yang tertera di kolom kontak profile atau kunjungi website resmi kami: minangrua.com 'ajak kecamu kham nyanik cekhita di dija'",minangrua pantaiminangrua ramahtamahjelajah lampung explorelampungselatan explorelampung visitlampung lampunggeh letsgosomewhere summer summertime summervibes holiday holidayseason goodvibes beach beachlife beachday beachvibes travel travelphotography vacation,cottage minakha khua adalah penginapan yang memiliki konsep bangunan rumah panggung sederhana dengan suasana pedesaan pesisir pantai dengan halaman yang luas kapasitas maksimal 18 orang 2 kamar tidur ruang santai dan berkumpul keluarga kamar mandi bangunan terpisah cottage minakha khua dilengkapi dengan fasilitas sebagai berikut 1 single bed double size 2 kipas angin 3 dispenser price rupiah 1 00 00 night weekday dan weekend untuk reservasi penginapan dan info ketersediaan kamar serta info detail lainnya silahkan hubungi kontak yang tertera di kolom kontak profile atau kunjungi website resmi kami minangrua com ajak kecamu kham nyanik cekhita di dija
https://www.instagram.com/p/CJlmHXUjI5N/,561.jpg,44199.634004629632,"Menikmati indahnya alam semesta..
#pantaikunjirkalianda #explorelampungselatan #explorelampung",Attraction,,menikmati indahnya alam semesta,pantaikunjirkalianda explorelampungselatan explorelampung,menikmati indahnya alam semesta
https://www.instagram.com/p/COpa5t4n_OZ/,562.jpg,44325.39508101852,"-
-
Air terjun way kalam saat ini sedang berbenah diri Demi kenyamanan para pengunjung nya..mulai dari akses jalan yg dulu berbatu menjadi cor betoon kyak tol..membuat post loket 1pintu untk masuk area karena mengingat way kalam sekrng mempunyai 2 air terjun berikut anakkan way kalam .dri pihak Pokdarwis jg membuat jembatan coor beton...jdi dlu jembatan bambu nya sudah tidak ada lagi .jdi skrng untuk nyebrang ke air terjun sudah enak Krn ada jembatan..nah untuk masalh tiket buat pengunjung permotor nya di kenakan 15ribu..gpp ya ...itung2  cara kita suport Pokdarwis untuk kemajuan mengelola wisata berkelanjutan..siap kan stamina krna untk smpai air terjun kita akan menuri anak tangga...beda hal nya dengan anakkan way kalam yg jlnnya bnyk datar...
Yg belum kemari wajib coba yg udah coba yuuk dtng lgi....
. . . .
. . .
. . 
.
🌍Air terjun way kalam.desa way kalam kec penengahan kab Lampung selatan
📷 @kutaheriawan 
. . . .
#Repost - @syah_herwan 
. . .
. .
.
#gengkwaci _explore
#jelajahsumatera 
#wajahlampuung
#wilayahlampung 
#ilovelampung
#pesona_lampungkita 
#lampungeksis 
#lampunggeh
#gerbangsumateraa 
#lampungholiday_ 
#curugmanialampung 
#jejaklampung 
#jejakwisatalampung
#pikniklampung 
#kelampung_geh 
#kelampungaja 
#lampungdong 
#lampungme 
#airterjunwaykalam
#explorelampungselatan",Attraction,,air terjun way kalam saat ini sedang berbenah diri demi kenyamanan para pengunjung nya mulai dari akses jalan yg dulu berbatu menjadi cor betoon kyak tol membuat post loket 1pintu untk masuk area karena mengingat way kalam sekrng mempunyai 2 air terjun berikut anakkan way kalam.dri pihak pokdarwis jg membuat jembatan coor beton jdi dlu jembatan bambu nya sudah tidak ada lagi.jdi skrng untuk nyebrang ke air terjun sudah enak krn ada jembatan nah untuk masalh tiket buat pengunjung permotor nya di kenakan 15ribu gpp ya itung2 cara kita suport pokdarwis untuk kemajuan mengelola wisata berkelanjutan siap kan stamina krna untk smpai air terjun kita akan menuri anak tangga beda hal nya dengan anakkan way kalam yg jlnnya bnyk datar yg belum kemari wajib coba yg udah coba yuuk dtng lgi 🌍air terjun way kalam.desa way kalam kec penengahan kab lampung selatan 📷 - _explore,repost gengkwaci jelajahsumatera wajahlampuung wilayahlampung ilovelampung pesona lampungkita lampungeksis lampunggeh gerbangsumateraa lampungholiday curugmanialampung jejaklampung jejakwisatalampung pikniklampung kelampung geh kelampungaja lampungdong lampungme airterjunwaykalam explorelampungselatan,air terjun way kalam saat ini sedang berbenah diri demi kenyamanan para pengunjung nya mulai dari akses jalan yang dulu berbatu menjadi cor betoon kyak tol membuat post loket 1pintu untk masuk area karena mengingat way kalam sekrng mempunyai 2 air terjun berikut anakkan way kalam dari pihak pokdarwis jg membuat jembatan coor beton jadi dulu jembatan bambu nya sudah tidak ada lagi jadi sekarang untuk nyebrang ke air terjun sudah enak karena ada jembatan nah untuk masalh tiket buat pengunjung permotor nya di kenakan 15ribu gpp ya itung2 cara kita suport pokdarwis untuk kemajuan mengelola wisata berkelanjutan siap kan stamina krna untk smpai air terjun kita akan menuri anak tangga beda hal nya dengan anakkan way kalam yang jlnnya bnyk datar yang belum kemari wajib coba yang sudah coba yuuk dtng lgi bumi air terjun way kalam desa way kalam kec penengahan kab lampung selatan kamera explore
https://www.instagram.com/p/CNOzgzmAQOI/,563.jpg,44290.203530092593,"Yg mengaudit dan yg diaudit... Disatukan dalam satu kamar, jadi rasa temen main... 🤭 see you ibu @sukmayunani_ 🥰
.
#auditbpkp2021 #pusrilampung #staycationlampung #staycationlampungselatan #explorelampungselatan #explorelampung #kahaibeach #kahaibeachlampung #kahaibeachresort",Attraction,,"yg mengaudit dan yg diaudit disatukan dalam satu kamar, jadi rasa temen main 🤭 see you ibu 🥰",auditbpkp2021 pusrilampung staycationlampung staycationlampungselatan explorelampungselatan explorelampung kahaibeach kahaibeachlampung kahaibeachresort,yang mengaudit dan yang diaudit disatukan dalam satu kamar jadi rasa temen main malu see you ibu suka
https://www.instagram.com/p/CNXZ7p2MDpG/,564.jpg,44293.543553240743,"Sunset
.
.
.
.
.
.
.
.
#sunsets #sunsetpantaiminangrua 
#yoexplore #explorelampungselatan 
#explorewisatalampungselatan 
#pesonapantailampung #lampungindonesia❤️ 
#informasilpg #Amazinglampungselatan",Attraction,,sunset ❤️,sunsets sunsetpantaiminangrua yoexplore explorelampungselatan explorewisatalampungselatan pesonapantailampung lampungindonesia informasilpg amazinglampungselatan,sunset cinta
https://www.instagram.com/p/CJzw3Run81O/,565.jpg,44205,"Karena di setiap perjalanan terdapat hikmah dan cerita yang berbeda
#visitindonesia 
#indonesiakeren 
#visitlampung
#visitlampungselatan 
#visitkalianda 
#lestarialamku
#purna1261-1262
#saudaratunaskelapa",Attraction,,karena di setiap perjalanan terdapat hikmah dan cerita yang berbeda -1262,visitindonesia indonesiakeren visitlampung visitlampungselatan visitkalianda lestarialamku purna1261 saudaratunaskelapa,karena di setiap perjalanan terdapat hikmah dan cerita yang berbeda 1262
https://www.instagram.com/p/C7cPbnCyJ5n/,566.jpg,45439,"Weekend Getaway, naik motor cuma 3 jam dari jakarta sudah dapat experience selengkap ini…\nSebagai Mekhanai lampung Selatan 2006 , I highly recommend to Visit Lampung Selatan .\nYang mau di spill budget, dan objek wisata apa aja yang menarik di lampung selatan bisa comment dibawah !\n#lampung #shortgetaway #touringwisata",Accessibility,,"weekend getaway, naik motor cuma 3 jam dari jakarta sudah dapat experience selengkap ini \nsebagai mekhanai lampung selatan 2006, i highly recommend to visit lampung selatan.\nyang mau di spill budget, dan objek wisata apa aja yang menarik di lampung selatan bisa comment dibawah!\n",lampung shortgetaway touringwisata,weekend getaway naik motor cuma 3 jam dari jakarta sudah dapat experience selengkap ini nsebagai mekhanai lampung selatan 2006 i highly recommend to visit lampung selatan nyang mau di spill budget dan objek wisata apa saja yang menarik di lampung selatan bisa comment dibawah n
https://www.instagram.com/p/C7sslk7yE2V/,567.jpg,45445,"Tabik pun… 🙏
.
.
.
.
.
#visitlampung #visitlampungselatan #beach #riobythebeach",Amenities,,tabik pun 🙏,visitlampung visitlampungselatan beach riobythebeach,tabik pun terima kasih
https://www.instagram.com/p/DSeSGqcj5mm/,568.jpg,45646,"Make your day sweeter with a scoop of happiness 🍦\nVisit Setigi Sundae at Setigi Heni Lampung!\nBooking and Reservation:\nWhatsapp +62 821 2200 2098\n—\nPantai Setigi Heni\nCanggung, Lampung Selatan\n#SetigiHeni #HarmonyWithNature #BatokKelapaBeachCafe #ShellOfFlavor #HiddenGem #Canggung #LampungSelatan",Amenities,,"make your day sweeter with a scoop of happiness 🍦\nvisit setigi sundae at setigi heni lampung!\nbooking and reservation:\nwhatsapp +62 821 2200 2098\n \npantai setigi heni\ncanggung, lampung selatan\n",setigi heni harmony with nature batok kelapa beach cafe shell of flavor hidden gem canggung lampung selatan,make your day sweeter with a scoop of happiness nvisit setigi sundae at setigi heni lampung nbooking and reservation nwhatsapp 62 821 2200 2098 n npantai setigi heni ncanggung lampung selatan n
https://www.instagram.com/p/C3ZLjxnvTOc/,569.jpg,45338,What a dreamy island to visit! #lampungselatan,Attraction,,what a dreamy island to visit!,lampungselatan,what a dreamy island to visit
https://www.instagram.com/p/C6x6E29vT2l/,570.jpg,45422,"NOT Santorini, but Lampung! 🥰🌟👍🏼
Must visit Pantai Marina. 
.
#lampung #lampungselatan #indonesia #santorini #beach #sumatera @yennyhs",Attraction,,"not santorini, but lampung! 🥰🌟👍🏼 must visit pantai marina",lampung lampungselatan indonesia santorini beach sumatera,not santorini but lampung suka bagus must visit pantai marina
https://www.instagram.com/p/CaxC8ZKvVfi/,571.jpg,44626,"Menunggu yang akan berlalu.
Menanti yang akan pergi
Walaupun cuma sesaat ku nikmati .
Esok pagi akan menyapa kembali  dgn penuh berseri
#lampung
#visitlampungselatan
@explorewisatalampung
@pulaumengkudu
@wisatalampungselatan",Attraction,,menunggu yang akan berlalu. menanti yang akan pergi walaupun cuma sesaat ku nikmati. esok pagi akan menyapa kembali dgn penuh berseri,lampung visitlampungselatan,menunggu yang akan berlalu menanti yang akan pergi walaupun cuma sesaat ku nikmati esok pagi akan menyapa kembali dengan penuh berseri
https://www.instagram.com/p/CfTl7xMBhCY/,572.jpg,44739,"Ketukan nada kehidupan yang slalu membangunkan mimpi panjang ku

Pict @nurrhasanah237

📍Pantai Sebalang, Tarahan, Katibung, Lampung Selatan.

Visit 👉 www.ayokelampung.com

#ayokelampung #travel #tour #wisata #holiday #pesonaindonesia #travelphotography #visitindonesia #jalanjalan #wonderfulindonesia #like4like #wisataindonesia #lfl #wisatalampung #lampunggeh #lampung #genpilampung #bandarlampung #lampunginsta #lampungselatan #lampungbarat #lampunghits #lampungtengah #lampungtimur #lampungwisata #lampungkece #lampungyay #lampungeksis #lampungkeren #lampunggham",Attraction,,"ketukan nada kehidupan yang slalu membangunkan mimpi panjang ku pict 📍pantai sebalang, tarahan, katibung, lampung selatan. visit 👉",ayokelampung travel tour wisata holiday pesonaindonesia travelphotography visitindonesia jalanjalan wonderfulindonesia like4like wisataindonesia lfl wisatalampung lampunggeh lampung genpilampung bandarlampung lampunginsta lampungselatan lampungbarat lampunghits lampungtengah lampungtimur lampungwisata lampungkece lampungyay lampungeksis lampungkeren lampunggham,ketukan nada kehidupan yang slalu membangunkan mimpi panjang ku pict lokasi pantai sebalang tarahan katibung lampung selatan visit arah
https://www.instagram.com/p/CsJZSDYyFu6/,573.jpg,45058,"masjidbsi_bakauheni 
#visitlampung #visitlampungselatan",Amenities,,masjidbsi_bakauheni,visitlampung visitlampungselatan,masjidbsi bakauheni
https://www.instagram.com/p/Cd8QJO7hF6B/,574.jpg,44705,"Yakinlah setiap perbuatan akan kembali ke diri kita sendiri, maka fokuslah untuk berfikir baik, berkata baik, dan berhati baik:)

Pict @rikahdyni

📍Pantai Marina, Kalianda Lampung Selatan

Visit 👉 www.ayokelampung.com

#ayokelampung #travel #tour #wisata #holiday #pesonaindonesia #travelphotography #visitindonesia #jalanjalan #wonderfulindonesia #like4like #wisataindonesia #lfl #wisatalampung #lampunggeh #lampung #genpilampung #bandarlampung #lampunginsta #lampungselatan #lampungbarat #lampunghits #lampungtengah #lampungtimur #lampungwisata #lampungkece #lampungyay #lampungeksis #lampungkeren #lampunggham",Attraction,,"yakinlah setiap perbuatan akan kembali ke diri kita sendiri, maka fokuslah untuk berfikir baik, berkata baik, dan berhati baik:) pict 📍pantai marina, kalianda lampung selatan visit 👉",ayokelampung travel tour wisata holiday pesonaindonesia travelphotography visitindonesia jalanjalan wonderfulindonesia like4like wisataindonesia lfl wisatalampung lampunggeh lampung genpilampung bandarlampung lampunginsta lampungselatan lampungbarat lampunghits lampungtengah lampungtimur lampungwisata lampungkece lampungyay lampungeksis lampungkeren lampunggham,yakinlah setiap perbuatan akan kembali ke diri kita sendiri maka fokuslah untuk berfikir baik berkata baik dan berhati baik pict lokasi pantai marina kalianda lampung selatan visit arah
https://www.instagram.com/p/DFwGI7uyS2r/,575.jpg,45705,"Gua Maria Ngison Nando, Kalianda, Lampung Selatan. Lokasinya di pinggir jalan utama, dan cukup luas untuk rombongan bus. Susteran yang juga bisa digunakan untuk retreat.

Must visit kalau sedang di area Lampung 🤗",Amenities,,"gua maria ngison nando, kalianda, lampung selatan. lokasinya di pinggir jalan utama, dan cukup luas untuk rombongan bus. susteran yang juga bisa digunakan untuk retreat. must visit kalau sedang di area lampung 🤗",,gua maria ngison nando kalianda lampung selatan lokasinya di pinggir jalan utama dan cukup luas untuk rombongan bus susteran yang juga bisa digunakan untuk retreat must visit kalau sedang di area lampung ramah
https://www.instagram.com/p/CJTUkW-Mx3l/,576.jpg,44557,"Ada rindu mendekam dijiwa
Seperti merindukan senja disudut kota
Ada rindu yang selalu jatuh
Diterik sepi yang lupa berteduh
Semoga hati ini tak kan Rapuh
#pejuangLDR
#rindukamu
#dailyhijabootd#dailyhijabtraveller
#keduwarnakalianda#lampunghits
#lampungeksis#lampunggeh#visitlampung
#visitlampungselatan#lampungselatan
#kelampungyuk#kelampunggeh#keduwarna",Attraction,,ada rindu mendekam dijiwa seperti merindukan senja disudut kota ada rindu yang selalu jatuh diterik sepi yang lupa berteduh semoga hati ini tak kan rapuh,pejuang ldr rindukamu dailyhijabootd dailyhijabtraveller keduwarnakalianda lampunghits lampungeksis lampunggeh visitlampung visitlampungselatan lampungselatan kelampungyuk kelampunggeh keduwarna,ada rindu mendekam dijiwa seperti merindukan senja disudut kota ada rindu yang selalu jatuh diterik sepi yang lupa berteduh semoga hati ini tak kan rapuh
https://www.instagram.com/p/DF5CoH1JSzz/,577.jpg,45698,"DEPARTURE INDUSTRY VISIT SMK N 1 NATAR LAMPUNG SELATAN Tahun 2025 bersama Puma Tour 
.
.
.
#pumatour #terbaik #bus #travel #kunjunganindustri #tour",Accessibility,,departure industry visit smk n 1 natar lampung selatan tahun 2025 bersama puma tour,pumatour terbaik bus travel kunjunganindustri tour,departure industry visit smk n 1 natar lampung selatan tahun 2025 bersama puma tour
https://www.instagram.com/p/DRgsJFhki2X/,578.jpg,45987,"⏩(Balam) - Wakil Gubernur Lampung, Jihan Nurlela, meninjau site visit feasibility study pengembangan nilai ekonomi karbon di kawasan Perhutanan Sosial Desa Way Kalam, Kecamatan Penengahan, Lampung Selatan, Selasa (25/11/2025).
.
.
Dalam kunjungan itu, Wagub bersama rombongan dari Otoritas Jasa Keuangan (OJK) dan Dinas Kehutanan Provinsi Lampung menyusuri jalur hutan yang rimbun. Suasana alami dengan pepohonan besar, kicauan burung, dan aliran sungai menambah kesejukan perjalanan.
.
.
Jihan menilai, kawasan perhutanan sosial di Way Kalam memiliki potensi besar untuk dikembangkan, baik dari sisi konservasi lingkungan, penguatan ekonomi masyarakat, maupun nilai ekonomi karbon.
.
.
“Pengembangan potensi perhutanan sosial ini sangat luas, terutama jika berbicara tentang ekonomi karbon. Tapi kita juga perlu merapikan manajemen dari hal-hal kecil agar potensi ini benar-benar bisa dioptimalkan,” ujarnya.
.
.
Selama peninjauan, Wagub berhenti di beberapa titik strategis, termasuk area sumber mata air dan jalur menuju Air Terjun Anakan di Hutan Register Way Kalam. 
.
.
Di sana, ia mendapat penjelasan terkait keberadaan satwa dilindungi serta peran masyarakat desa dalam menjaga kawasan konservasi.
.
.
Wagub Jihan juga mengapresiasi keberadaan Peraturan Desa (Perdes) yang mengatur pengelolaan wisata alam di kawasan tersebut, seperti area camping, jalur trekking, dan dua lokasi air terjun.
.
.
“Sekarang kita berada di dekat sumber mata air. Kalau di bawah itu ada Air Terjun Way Kalam yang besar. Tempat ini cocok sekali untuk aktivitas seperti yoga. Ke depan, mungkin bisa diukur pH airnya agar diketahui kandungan oksigennya, ini bisa jadi nilai tambah untuk promosi wisata,” tambahnya.
.
.
Pemerintah Provinsi Lampung berharap hasil kajian ini dapat memperkuat pengelolaan perhutanan sosial secara berkelanjutan. Selain menjaga kelestarian alam, program ini juga diharapkan mampu meningkatkan kesejahteraan masyarakat sekitar.
.
.
Ikuti update terus via www.beritalampung.id
.
.
#BeritaLampungid #TrendingLampung #Lampungid",Ancillary,,"⏩(balam) - wakil gubernur lampung, jihan nurlela, meninjau site visit feasibility study pengembangan nilai ekonomi karbon di kawasan perhutanan sosial desa way kalam, kecamatan penengahan, lampung selatan, selasa (25/11/2025) dalam kunjungan itu, wagub bersama rombongan dari otoritas jasa keuangan (ojk) dan dinas kehutanan provinsi lampung menyusuri jalur hutan yang rimbun. suasana alami dengan pepohonan besar, kicauan burung, dan aliran sungai menambah kesejukan perjalanan jihan menilai, kawasan perhutanan sosial di way kalam memiliki potensi besar untuk dikembangkan, baik dari sisi konservasi lingkungan, penguatan ekonomi masyarakat, maupun nilai ekonomi karbon “pengembangan potensi perhutanan sosial ini sangat luas, terutama jika berbicara tentang ekonomi karbon. tapi kita juga perlu merapikan manajemen dari hal-hal kecil agar potensi ini benar-benar bisa dioptimalkan,” ujarnya selama peninjauan, wagub berhenti di beberapa titik strategis, termasuk area sumber mata air dan jalur menuju air terjun anakan di hutan register way kalam di sana, ia mendapat penjelasan terkait keberadaan satwa dilindungi serta peran masyarakat desa dalam menjaga kawasan konservasi wagub jihan juga mengapresiasi keberadaan peraturan desa (perdes) yang mengatur pengelolaan wisata alam di kawasan tersebut, seperti area camping, jalur trekking, dan dua lokasi air terjun “sekarang kita berada di dekat sumber mata air. kalau di bawah itu ada air terjun way kalam yang besar. tempat ini cocok sekali untuk aktivitas seperti yoga. ke depan, mungkin bisa diukur ph airnya agar diketahui kandungan oksigennya, ini bisa jadi nilai tambah untuk promosi wisata,” tambahnya pemerintah provinsi lampung berharap hasil kajian ini dapat memperkuat pengelolaan perhutanan sosial secara berkelanjutan. selain menjaga kelestarian alam, program ini juga diharapkan mampu meningkatkan kesejahteraan masyarakat sekitar ikuti update terus via",berita lampungid trending lampung lampungid,balam wakil gubernur lampung jihan nurlela meninjau site visit feasibility study pengembangan nilai ekonomi karbon di kawasan perhutanan sosial desa way kalam kecamatan penengahan lampung selatan selasa 25 11 2025 dalam kunjungan itu wagub bersama rombongan dari otoritas jasa keuangan ojk dan dinas kehutanan provinsi lampung menyusuri jalur hutan yang rimbun suasana alami dengan pepohonan besar kicauan burung dan aliran sungai menambah kesejukan perjalanan jihan menilai kawasan perhutanan sosial di way kalam memiliki potensi besar untuk dikembangkan baik dari sisi konservasi lingkungan penguatan ekonomi masyarakat maupun nilai ekonomi karbon pengembangan potensi perhutanan sosial ini sangat luas terutama jika berbicara tentang ekonomi karbon tapi kita juga perlu merapikan manajemen dari hal hal kecil agar potensi ini benar benar bisa dioptimalkan ujarnya selama peninjauan wagub berhenti di beberapa titik strategis termasuk area sumber mata air dan jalur menuju air terjun anakan di hutan register way kalam di sana ia mendapat penjelasan terkait keberadaan satwa dilindungi serta peran masyarakat desa dalam menjaga kawasan konservasi wagub jihan juga mengapresiasi keberadaan peraturan desa perdes yang mengatur pengelolaan wisata alam di kawasan tersebut seperti area camping jalur trekking dan dua lokasi air terjun sekarang kita berada di dekat sumber mata air kalau di bawah itu ada air terjun way kalam yang besar tempat ini cocok sekali untuk aktivitas seperti yoga ke depan mungkin bisa diukur ph airnya agar diketahui kandungan oksigennya ini bisa jadi nilai tambah untuk promosi wisata tambahnya pemerintah provinsi lampung berharap hasil kajian ini dapat memperkuat pengelolaan perhutanan sosial secara berkelanjutan selain menjaga kelestarian alam program ini juga diharapkan mampu meningkatkan kesejahteraan masyarakat sekitar ikuti update terus via
https://www.instagram.com/p/CbTzsJgJGB_/,579.jpg,44640,"Continue…
Karena sudah malam setelah nengok saudara jadilah makan di nasi uduk toha karena dia buka sampe lewat tengah malam
Nasi uduk toha 3/5
Besok pagi habis papa acara keluarga besar mama di hotel jam 12 kita makan di baso sony dan pempek tenda biru kemudian beli oleh2x…
Baso sony  3/5
Pempek tenda biru 4.25/5

Sambil menunggu kapal fery jam 18:45
Kita ke @aranglampung dari bandar lampung 1,5jam via tol tetapi jika sudah masuk jalanan desa jlananya aga berlubang, klo sudah masuk kawasan wisatanya jalanya berbatu…

Tiket masuk dewasa 3 orang (anak anak dibawah 5thn free) total 150k 
Tetapi sudah termasuk mobil HLUX antar jemput pantai dan free voucher makan @100k total voucher 300k ( makananya bisa di bilang overpriced) menu makanan yg dipesan :
Sirloin meltic,french fries 300gr, beef slice 250gr, nasi goreng ayam,lecy tea, kelapa batok 2, free sauce/bumbu grill dan alat bakar+arang…total mkan sktr 400an tetapi krn tiket masuk sdh termasuk voucher makan maka kami membayar sisanya 130k
Total makan, tiket masuk dan sewa hilux ke pantai = 150k+130k=280k worth it sh karena pantai bersih bisa renang ada tempat untuk rebahan free, adem tetapi hati hati krn ombaknya lumayan tinggi..

Tips bawa anak : 
1. Download video yutub di hp/tab anak
2. Bawa cemilan, susu, dll
3. Bawa buku favorit anak
4. Bed cover dan bantal buat rebahan
5. Bawa vitamin anak

Sayang banget mendadak tidak prepare apapun next insyAllah explore pantai lampung lagi pantainya bagus pake kamera hp udah bagus, dari arang beach ke pelabuhan 1.5jam lumayan liburan tipis2 btw kita di sini cuma 2jam krn cuma nunggu jadwal kapal fery..jgn lupa reservasi dulu nomornya ada di ig @aranglampung 

#arangbeach #visitlampungselatan #familytime #masyaallahtabarakallah #33weekspregnant",Attraction ,,"continue karena sudah malam setelah nengok saudara jadilah makan di nasi uduk toha karena dia buka sampe lewat tengah malam nasi uduk toha 3/5 besok pagi habis papa acara keluarga besar mama di hotel jam 12 kita makan di baso sony dan pempek tenda biru kemudian beli oleh2x baso sony 3/5 pempek tenda biru 4.25/5 sambil menunggu kapal fery jam 18:45 kita ke dari bandar lampung 1,5jam via tol tetapi jika sudah masuk jalanan desa jlananya aga berlubang, klo sudah masuk kawasan wisatanya jalanya berbatu tiket masuk dewasa 3 orang (anak anak dibawah 5thn free) total 150k tetapi sudah termasuk mobil hlux antar jemput pantai dan free voucher makan total voucher 300k ( makananya bisa di bilang overpriced) menu makanan yg dipesan: sirloin meltic,french fries 300gr, beef slice 250gr, nasi goreng ayam,lecy tea, kelapa batok 2, free sauce/bumbu grill dan alat bakar+arang total mkan sktr 400an tetapi krn tiket masuk sdh termasuk voucher makan maka kami membayar sisanya 130k total makan, tiket masuk dan sewa hilux ke pantai = 150k+130k=280k worth it sh karena pantai bersih bisa renang ada tempat untuk rebahan free, adem tetapi hati hati krn ombaknya lumayan tinggi tips bawa anak: 1. download video yutub di hp/tab anak 2. bawa cemilan, susu, dll 3. bawa buku favorit anak 4. bed cover dan bantal buat rebahan 5. bawa vitamin anak sayang banget mendadak tidak prepare apapun next insyallah explore pantai lampung lagi pantainya bagus pake kamera hp udah bagus, dari arang beach ke pelabuhan 1.5jam lumayan liburan tipis2 btw kita di sini cuma 2jam krn cuma nunggu jadwal kapal fery jgn lupa reservasi dulu nomornya ada di ig",arangbeach visitlampungselatan familytime masyaallahtabarakallah 33weekspregnant,continue karena sudah malam setelah nengok saudara jadilah makan di nasi uduk toha karena dia buka sampe lewat tengah malam nasi uduk toha 3 5 besok pagi habis papa acara keluarga besar mama di hotel jam 12 kita makan di baso sony dan pempek tenda biru kemudian beli oleh2x baso sony 3 5 pempek tenda biru 4 25 5 sambil menunggu kapal fery jam 18 45 kita ke dari bandar lampung 1 5jam via tol tetapi jika sudah masuk jalanan desa jlananya aga berlubang klo sudah masuk kawasan wisatanya jalanya berbatu tiket masuk dewasa 3 orang anak anak dibawah 5thn free total 150k tetapi sudah termasuk mobil hlux antar jemput pantai dan free voucher makan total voucher 300k makananya bisa di bilang overpriced menu makanan yang dipesan sirloin meltic french fries 300gr beef slice 250gr nasi goreng ayam lecy tea kelapa batok 2 free sauce bumbu grill dan alat bakar arang total mkan sktr 400an tetapi karena tiket masuk sdh termasuk voucher makan maka kami membayar sisanya 130k total makan tiket masuk dan sewa hilux ke pantai 150k 130k 280k worth it sh karena pantai bersih bisa renang ada tempat untuk rebahan free adem tetapi hati hati karena ombaknya lumayan tinggi tips bawa anak 1 download video yutub di hp tab anak 2 bawa cemilan susu dll 3 bawa buku favorit anak 4 bed cover dan bantal buat rebahan 5 bawa vitamin anak sayang banget mendadak tidak prepare apapun next insyallah explore pantai lampung lagi pantainya bagus pake kamera hp sudah bagus dari arang beach ke pelabuhan 1 5jam lumayan liburan tipis2 btw kita di sini cuma 2jam karena cuma nunggu jadwal kapal fery jgn lupa reservasi dulu nomornya ada di ig
https://www.instagram.com/p/CQFKodfMFpw/,580.jpg,44361,""" Kau tunduk kepada alam selama belum melihat Penciptanya. Jika kau telah menyaksikan-Nya maka alam akan tunduk kepadamu."" 

 ~  Ibnu Athaillah ~

Running and Swimming Time 

#running 
#swimming 
#runforhumanity 
#runforibadah 
#justicerunners 
#bugarsepanjangusia 
#keepstrong 
#staystrong 
#visitlampung 
#visitlampungselatan 
#silahturahmi
#ayolebihbaik",Attraction ,,""" kau tunduk kepada alam selama belum melihat penciptanya. jika kau telah menyaksikan-nya maka alam akan tunduk kepadamu."" ~ ibnu athaillah ~ running and swimming time",running swimming runforhumanity runforibadah justicerunners bugarsepanjangusia keepstrong staystrong visitlampung visitlampungselatan silahturahmi ayolebihbaik,kau tunduk kepada alam selama belum melihat penciptanya jika kau telah menyaksikan nya maka alam akan tunduk kepadamu ibnu athaillah running and swimming time
https://www.instagram.com/p/CVO8oMMJw9B/,581.jpg,44489,".
Pantai Marina Lampung Selatan 🌊

📸Repost @riinaa23_ 

Salam Generasi Pesona Indonesia
Lapah Gham Jamo-Jamo Ngelestareiken Bumi Lampung

Visit www.genpilampung.com

@jokowi @kemensetneg.ri 
@sandiuno @kemenparekraf.ri 
@dwita_ria @ellanuryamah 
@dr.muhammad.kadafi.sh.mh @dpr_ri
@ustadzabdulhakim @jihanchalim
@bustami_zainudin32 @dpdri
@arinal_djunaidi @pemprov.lampung
@mbak_nunik @pemprovlampung_
@rianasariarinal @pkk_provinsi_lampung
@edarwan1962 @pariwisata_lampung
@vera_moz76 @ekraf.lampun @lyanda_melly
@elhannidjafar @heliana.dewi @perindaglampung
@ellywahyuni.s @ade_ui @vittorio_dwison @lestyputriii @wahrulfauzisilalahi @agiriakbar @dprdlampung 
@dharmasetyawan.com_ @payungiuniversity
@mustika_edi23 @ayokelampung.com_ @lampung.media
@mbakjhe @genpiindonesia @wonderful.indonesiaku
@abdulrohmanwahidone @genpi_lampung @infogeh

#genpi #genpilampung #genpilampung2021 #generasipesonaindonesia #pesonaindonesia #wonderfulindonesia #salamgenpigasgasgas #AyokeLampung #kelampungkeren #dilampungaja #diindonesiaaja #lampung #bandarlampung #kotametro #lampungbarat #lampungutara #lampungtimur #lampungtengah #lampungselatan #tanggamus #pringsewu #pesawaran #pesisirbarat #mesuji #waykanan #tulangbawang #tulangbawangbarat #love #lampungberjaya #pesonalampung",Attraction ,,pantai marina lampung selatan 🌊 📸repost salam generasi pesona indonesia lapah gham jamo-jamo ngelestareiken bumi lampung visit,genpi genpilampung genpilampung2021 generasipesonaindonesia pesonaindonesia wonderfulindonesia salamgenpigasgasgas ayoke lampung kelampungkeren dilampungaja diindonesiaaja lampung bandarlampung kotametro lampungbarat lampungutara lampungtimur lampungtengah lampungselatan tanggamus pringsewu pesawaran pesisirbarat mesuji waykanan tulangbawang tulangbawangbarat love lampungberjaya pesonalampung,pantai marina lampung selatan laut kamera repost salam generasi pesona indonesia lapah gham jamo jamo ngelestareiken bumi lampung visit
https://www.instagram.com/p/DRHkCFOk0bf/,582.jpg,45977,"What a majestic place to visit 🥹✨
📍Anak Gunung Krakatau, Selat Sunda, Lampung
Selatan

Saksi bisu letusan dahsyat yang pernah mengguncang dunia pada tahun 1883. Semoga tidurmu masih panjang ya anak baik..
Note: Kesana harus sama guide atau ikut Open Trip ya!

Jun ‘25",Attraction ,,"what a majestic place to visit 🥹✨ 📍anak gunung krakatau, selat sunda, lampung selatan saksi bisu letusan dahsyat yang pernah mengguncang dunia pada tahun 1883. semoga tidurmu masih panjang ya anak baik note: kesana harus sama guide atau ikut open trip ya! jun ‘25",,what a majestic place to visit indah lokasi anak gunung krakatau selat sunda lampung selatan saksi bisu letusan dahsyat yang pernah mengguncang dunia pada tahun 1883 semoga tidurmu masih panjang ya anak baik note kesana harus sama guide atau ikut open trip ya jun 25
https://www.instagram.com/p/DEBi4CYzoFz/,583.jpg,45652,"
drh_m.munawaroh
 
70w
I am and @farooqehtishamahmad  at @suak.sumatera  visit at PT Juang Jaya Abdi Alam Lampung Selatan..26.12.24",Attraction ,,drh_m.munawaroh 70w i am and at visit at pt juang jaya abdi alam lampung selatan 26.12.24,,drh m munawaroh 70w i am and at visit at pt juang jaya abdi alam lampung selatan 26 12 24
https://www.instagram.com/p/CdPlX_Pv2uQ/,584.jpg,44688,"The sunset sky speaks of a thousand of colors 

📍 one of the tours that you can visit in the Lampung Province “Arang Lampung” 

📸 @beryds 

#swissbelhotel 
#swissbelhotellampung 
#tourism 
#beachvibes 
#lampungselatan 
#aranglampung",Attraction ,,the sunset sky speaks of a thousand of colors 📍 one of the tours that you can visit in the lampung province “arang lampung” 📸,swissbelhotel swissbelhotellampung tourism beachvibes lampungselatan aranglampung,the sunset sky speaks of a thousand of colors lokasi one of the tours that you can visit in the lampung province arang lampung kamera
https://www.instagram.com/p/DBfqu9xvpXV/,585.jpg,45586,"Holla! We are now serving grilled fresh seafood. 
Visit us at our booth “Setigi BBQ” 🦐🦑🐟

Booking and Reservation:
Whatsapp +62 821 2200 2098

—
Pantai Setigi Heni
Canggung, Lampung Selatan

#SetigiHeni #HarmonyWithNature #BatokKelapaBeachCafe #ShellOfFlavor #HiddenGem #Canggung #LampungSelatan",Amenities,,"holla! we are now serving grilled fresh seafood. visit us at our booth “setigi bbq” 🦐🦑🐟 booking and reservation: whatsapp +62 821 2200 2098 pantai setigi heni canggung, lampung selatan",setigi heni harmony with nature batok kelapa beach cafe shell of flavor hidden gem canggung lampung selatan,holla we are now serving grilled fresh seafood visit us at our booth setigi bbq booking and reservation whatsapp 62 821 2200 2098 pantai setigi heni canggung lampung selatan
https://www.instagram.com/p/CJ5k_foAHit/,586.jpg,44207,"visit lampung yuuk , ada yg tau ga aku lagi piknik dimanaa ??! g kalah cantik kan sama pemandangan gunung fuji hheee 😀 , aku kemaren piknik dan berenang di laut kalianda lampung selatan, tepatnya di @elty_krakatoa , lautnya jernih bgt dan ombaknya relatif tenang kalian bs berenang, bs main floatis juga disana sambil nikmatin indahnya gunung rajabasa 😍, liburan dan tetap patuhi protokol kesehatan ya  #grandeltykrakatoa #pariwisatalampung #pantaikalianda",Attraction,,"visit lampung yuuk, ada yg tau ga aku lagi piknik dimanaa! g kalah cantik kan sama pemandangan gunung fuji hheee 😀, aku kemaren piknik dan berenang di laut kalianda lampung selatan, tepatnya di, lautnya jernih bgt dan ombaknya relatif tenang kalian bs berenang, bs main floatis juga disana sambil nikmatin indahnya gunung rajabasa 😍, liburan dan tetap patuhi protokol kesehatan ya",grandeltykrakatoa pariwisatalampung pantaikalianda,visit lampung yuuk ada yang tau tidak aku lagi piknik dimanaa g kalah cantik kan sama pemandangan gunung fuji hhee senang aku kemaren piknik dan berenang di laut kalianda lampung selatan tepatnya di lautnya jernih banget dan ombaknya relatif tenang kalian bs berenang bs main floatis juga disana sambil nikmatin indahnya gunung rajabasa suka liburan dan tetap patuhi protokol kesehatan ya
https://www.instagram.com/p/DSC6JTJDRBL/,587.jpg,46000,"Wagub Lampung Tinjau Potensi Ekonomi Karbon Way Kalam

LAMSEL- Wakil Gubernur Lampung Jihan Nurlela mengunjungi Studi Kelayakan Kunjungan Lapangan (Site Visit Feasibility Study) Pengembangan Nilai Ekonomi Karbon di kawasan Perhutanan Sosial Desa Way Kalam, Kecamatan Penengahan, Lampung Selatan, Selasa (25/11/2025). Kunjungan dilakukan dengan menyusuri jalur hutan yang rimbun. Wagub didampingi tim dari OJK dan Dinas Kehutanan Provinsi Lampung. Rombongan disambut suasana alami yang sejuk, dengan pepohonan besar, suara satwa, dan aliran sungai....

https://inspiratif.co.id/wagub-lampung-tinjau-potensi-ekonomi-karbon-way-kalam/",Attraction,,"wagub lampung tinjau potensi ekonomi karbon way kalam lamsel- wakil gubernur lampung jihan nurlela mengunjungi studi kelayakan kunjungan lapangan (site visit feasibility study) pengembangan nilai ekonomi karbon di kawasan perhutanan sosial desa way kalam, kecamatan penengahan, lampung selatan, selasa (25/11/2025). kunjungan dilakukan dengan menyusuri jalur hutan yang rimbun. wagub didampingi tim dari ojk dan dinas kehutanan provinsi lampung. rombongan disambut suasana alami yang sejuk, dengan pepohonan besar, suara satwa, dan aliran sungai",,wagub lampung tinjau potensi ekonomi karbon way kalam lamsel wakil gubernur lampung jihan nurlela mengunjungi studi kelayakan kunjungan lapangan site visit feasibility study pengembangan nilai ekonomi karbon di kawasan perhutanan sosial desa way kalam kecamatan penengahan lampung selatan selasa 25 11 2025 kunjungan dilakukan dengan menyusuri jalur hutan yang rimbun wagub didampingi tim dari ojk dan dinas kehutanan provinsi lampung rombongan disambut suasana alami yang sejuk dengan pepohonan besar suara satwa dan aliran sungai
https://www.instagram.com/p/C7qw29KSL7x/,588.jpg,45444,"Lanjutan video sebelumnya, karena banyak yang tanya di platform sebelah ? Klo menurut kalian apakah termasuk traveling low budget ? 
.
.
.
.
@kedasresort_hotel @minangruaofficial @minangrua_undersea 

#visitlampungselatan #beachvibes #watersport #riding #overland #roadtrip #healing #budgetfriendly #budgettravel #komunitasmotor #gasajadulubarucurhat",Attraction,,"lanjutan video sebelumnya, karena banyak yang tanya di platform sebelah? klo menurut kalian apakah termasuk traveling low budget?",visitlampungselatan beachvibes watersport riding overland roadtrip healing budgetfriendly budgettravel komunitasmotor gasajadulubarucurhat,lanjutan video sebelumnya karena banyak yang tanya di platform sebelah klo menurut kalian apakah termasuk traveling low budget
https://www.instagram.com/p/CTzR2qKhtad/,589.jpg,44453,"📍Bukit Pematang Sunrise, Bakauheni Lampung Selatan. 

📸 @putrikintann

 Visit 👉 www.ayokelampung.com

@jokowi @kemensetneg.ri  @sandiuno @kemenparekraf.ri  @arinal_djunaidi @mbak_nunik @edarwan1962
@pariwisata_lampung @ekraf.lampung @rianasariarinal @ardito_wijaya @dharmasetyawan.com_ @payungiuniversity  @genpiindonesia @genpi_lampung 
.
#ayokelampung #travel #tour #wisata #holiday #pesonaindonesia #travelphotography #visitindonesia #jalanjalan #wonderfulindonesia #like4like #wisataindonesia #lfl #wisatalampung #lampunggeh #lampung #genpilampung #bandarlampung #lampunginsta #lampungselatan #lampungbarat #lampunghits #lampungtengah #lampungtimur #lampungwisata #lampungkece #lampungyay #lampungeksis #lampungkeren #lampunggham",Attraction,,"📍bukit pematang sunrise, bakauheni lampung selatan. 📸 visit 👉",ayokelampung travel tour wisata holiday pesonaindonesia travelphotography visitindonesia jalanjalan wonderfulindonesia like4like wisataindonesia lfl wisatalampung lampunggeh lampung genpilampung bandarlampung lampunginsta lampungselatan lampungbarat lampunghits lampungtengah lampungtimur lampungwisata lampungkece lampungyay lampungeksis lampungkeren lampunggham,lokasi bukit pematang sunrise bakauheni lampung selatan kamera visit arah
https://www.instagram.com/p/CTylCr-hlmo/,590.jpg,44453,"Waktu dimana sebelum semuanya berubah :)

📍 Pantai Marina, Kalianda, Lampung Selatan
Visit 👉 www.ayokelampung.com

Repost from : @gadisfrh_19

@jokowi @kemensetneg.ri  @sandiuno @kemenparekraf.ri  @arinal_djunaidi @mbak_nunik @edarwan1962
@pariwisata_lampung @ekraf.lampung @rianasariarinal @ardito_wijaya @dharmasetyawan.com_ @payungiuniversity  @genpiindonesia @genpi_lampung 
.
#ayokelampung #travel #tour #wisata #holiday #pesonaindonesia #travelphotography #visitindonesia #jalanjalan #wonderfulindonesia #like4like #wisataindonesia #lfl #wisatalampung #lampunggeh #lampung #genpilampung #bandarlampung #lampunginsta #lampungselatan #lampungbarat #lampunghits #lampungtengah #lampungtimur #lampungwisata #lampungkece #lampungyay #lampungeksis #lampungkeren #lampunggham",Attraction,,"waktu dimana sebelum semuanya berubah:) 📍 pantai marina, kalianda, lampung selatan visit 👉 repost from",ayokelampung travel tour wisata holiday pesonaindonesia travelphotography visitindonesia jalanjalan wonderfulindonesia like4like wisataindonesia lfl wisatalampung lampunggeh lampung genpilampung bandarlampung lampunginsta lampungselatan lampungbarat lampunghits lampungtengah lampungtimur lampungwisata lampungkece lampungyay lampungeksis lampungkeren lampunggham,waktu dimana sebelum semuanya berubah lokasi pantai marina kalianda lampung selatan visit arah repost from
https://www.instagram.com/p/CROq7ApgR0H/,591.jpg,44389,"Apa pun situasi nya kalau mau holiday mh lanjut....
:
📌 Umang Umang island
  Pulau Sebesi Lampung
  Selatan
🔭🏝️🏝️🏝️🏝️
#lampungselatanindonesia #holiday #trevelerindonesia #treveling #ilovelampung #iloveindonesia #jelajahlampung #visitlampung #visitlampungselatan #wonderfullindonesia #wonderfullampung",Attraction,,apa pun situasi nya kalau mau holiday mh lanjut: 📌 umang umang island pulau sebesi lampung selatan 🔭🏝️🏝️🏝️🏝️,lampungselatanindonesia holiday trevelerindonesia treveling ilovelampung iloveindonesia jelajahlampung visitlampung visitlampungselatan wonderfullindonesia wonderfullampung,apa pun situasi nya kalau mau holiday mh lanjut lokasi umang umang island pulau sebesi lampung selatan pulau pulau pulau pulau
https://www.instagram.com/p/CeS7OGZBz0P/,592.jpg,44714,"Kapan terakhir kalian mantai🤔

Pict @awan_1810

📍Pantai Mbeach, Kalianda, Lampung Selatan.

Visit 👉 www.ayokelampung.com

#ayokelampung #travel #tour #wisata #holiday #pesonaindonesia #travelphotography #visitindonesia #jalanjalan #wonderfulindonesia #like4like #wisataindonesia #lfl #wisatalampung #lampunggeh #lampung #genpilampung #bandarlampung #lampunginsta #lampungselatan #lampungbarat #lampunghits #lampungtengah #lampungtimur #lampungwisata #lampungkece #lampungyay #lampungeksis #lampungkeren #lampunggham",Attraction,,"kapan terakhir kalian mantai🤔 pict 📍pantai mbeach, kalianda, lampung selatan. visit 👉",ayokelampung travel tour wisata holiday pesonaindonesia travelphotography visitindonesia jalanjalan wonderfulindonesia like4like wisataindonesia lfl wisatalampung lampunggeh lampung genpilampung bandarlampung lampunginsta lampungselatan lampungbarat lampunghits lampungtengah lampungtimur lampungwisata lampungkece lampungyay lampungeksis lampungkeren lampunggham,kapan terakhir kalian mantai pict lokasi pantai mbeach kalianda lampung selatan visit arah
https://www.instagram.com/p/Cd05JLvBFUC/,593.jpg,44702,"Selamat pagi🙌

Pict @odi_mudirul

📍Spot Green Canyon, Pantai Minang Rua,  Lampung Selatan

Visit 👉 www.ayokelampung.com

#ayokelampung #travel #tour #wisata #holiday #pesonaindonesia #travelphotography #visitindonesia #jalanjalan #wonderfulindonesia #like4like #wisataindonesia #lfl #wisatalampung #lampunggeh #lampung #genpilampung #bandarlampung #lampunginsta #lampungselatan #lampungbarat #lampunghits #lampungtengah #lampungtimur #lampungwisata #lampungkece #lampungyay #lampungeksis #lampungkeren #lampunggham",Attraction,,"selamat pagi🙌 pict 📍spot green canyon, pantai minang rua, lampung selatan visit 👉",ayokelampung travel tour wisata holiday pesonaindonesia travelphotography visitindonesia jalanjalan wonderfulindonesia like4like wisataindonesia lfl wisatalampung lampunggeh lampung genpilampung bandarlampung lampunginsta lampungselatan lampungbarat lampunghits lampungtengah lampungtimur lampungwisata lampungkece lampungyay lampungeksis lampungkeren lampunggham,selamat pagi dukungan pict lokasi spot green canyon pantai minang rua lampung selatan visit arah
https://www.instagram.com/p/CVu9LrVJC7v/,594.jpg,44501,".
📍bukit Pematang sunrise,Bakauheni,Lampung Selatan

Reposted from @hallooo.lilis_ Draf..

Salam Generasi Pesona Indonesia
Lapah Gham Jamo-Jamo Ngelestareiken Bumi Lampung

Visit www.genpilampung.com

@jokowi @kemensetneg.ri 
@sandiuno @kemenparekraf.ri 
@dwita_ria @ellanuryamah @dpr_ri
@ustadzabdulhakim @jihanchalim @dpdri
@arinal_djunaidi @pemprov.lampung
@mbak_nunik @pemprovlampung_
@rianasariarinal @pkk_provinsi_lampung
@edarwan1962 @ulidarebeca_ @pariwisata_lampung
@vera_moz76 @ekraf.lampun @lyanda_melly
@elhannidjafar @heliana.dewi @perindaglampung
@ellywahyuni.s @ade_ui @vittorio_dwison @lestyputriii @wahrulfauzisilalahi @garinca.reza.pahlevi
@agiriakbar @mirzano @dprdlampung 
@dharmasetyawan.com_ @payungiuniversity
@mustika_edi23 @ayokelampung.com_ @lampung.media
@mbakjhe @genpiindonesia @wonderful.indonesiaku
@abdulrohmanwahidone @genpi_lampung @infogeh
@akhyarmusthafa @myls.kotametro @payungikampungbahasa

#genpi #genpilampung #genpilampung2021 #generasipesonaindonesia #pesonaindonesia #wonderfulindonesia #salamgenpigasgasgas #AyokeLampung #kelampungkeren #dilampungaja #diindonesiaaja #lampung #bandarlampung #kotametro #lampungbarat #lampungutara #lampungtimur #lampungtengah #lampungselatan #tanggamus #pringsewu #pesawaran #pesisirbarat #mesuji #waykanan #tulangbawang #tulangbawangbarat #lampungberjaya #pesonalampung #myls.kotametro",Attraction,,"📍bukit pematang sunrise,bakauheni,lampung selatan reposted from draf salam generasi pesona indonesia lapah gham jamo-jamo ngelestareiken bumi lampung visit.kotametro",genpi genpilampung genpilampung2021 generasipesonaindonesia pesonaindonesia wonderfulindonesia salamgenpigasgasgas ayoke lampung kelampungkeren dilampungaja diindonesiaaja lampung bandarlampung kotametro lampungbarat lampungutara lampungtimur lampungtengah lampungselatan tanggamus pringsewu pesawaran pesisirbarat mesuji waykanan tulangbawang tulangbawangbarat lampungberjaya pesonalampung myls,lokasi bukit pematang sunrise bakauheni lampung selatan reposted from draf salam generasi pesona indonesia lapah gham jamo jamo ngelestareiken bumi lampung visit kotametro
https://www.instagram.com/p/ChZ58T_P0NU/,595.jpg,44791,"Masyaallah tabarakallah 🤍
Allhamdulillah pacaran setelah halal lebih indah 
#coplegoals #halalcople #taarufnikah #muslimah #islam #coplemuslim #travelers #astetic  #visitindonesia #visitlampung #visitlampungselatan #alexanderchristie #hijabchic #adidassneakers #cordydailyinspiration #ondaindonesia",Attraction,,masyaallah tabarakallah 🤍 allhamdulillah pacaran setelah halal lebih indah,coplegoals halalcople taarufnikah muslimah islam coplemuslim travelers astetic visitindonesia visitlampung visitlampungselatan alexanderchristie hijabchic adidassneakers cordydailyinspiration ondaindonesia,masyaallah tabarakallah allhamdulillah pacaran setelah halal lebih indah
https://www.instagram.com/p/CV7DzM1hNkg/,596.jpg,44506,"Memandangmu saja tak cukup apa lagi mengagumimu🌊
.
📍 Pantai Kedu Kalianda Lampung Selatan
.
Reposted from @rimachasanah25

Visit 👉 www.ayokelampung.com

@jokowi @kemensetneg.ri  @sandiuno @kemenparekraf.ri  @arinal_djunaidi @mbak_nunik @edarwan1962
@pariwisata_lampung @ekraf.lampung @rianasariarinal @ardito_wijaya @dharmasetyawan.com_ @payungiuniversity  @genpiindonesia @genpi_lampung 
.
#ayokelampung #travel #tour #wisata #holiday #pesonaindonesia #travelphotography #visitindonesia #jalanjalan #wonderfulindonesia #like4like #wisataindonesia #lfl #wisatalampung #lampunggeh #lampung #genpilampung #bandarlampung #lampunginsta #lampungselatan #lampungbarat #lampunghits #lampungtengah #lampungtimur #lampungwisata #lampungkece #lampungyay #lampungeksis #lampungkeren #lampunggham",Attraction,,memandangmu saja tak cukup apa lagi mengagumimu🌊. 📍 pantai kedu kalianda lampung selatan. reposted from visit 👉,ayokelampung travel tour wisata holiday pesonaindonesia travelphotography visitindonesia jalanjalan wonderfulindonesia like4like wisataindonesia lfl wisatalampung lampunggeh lampung genpilampung bandarlampung lampunginsta lampungselatan lampungbarat lampunghits lampungtengah lampungtimur lampungwisata lampungkece lampungyay lampungeksis lampungkeren lampunggham,memandangmu saja tak cukup apa lagi mengagumimu laut lokasi pantai kedu kalianda lampung selatan reposted from visit arah
https://www.instagram.com/p/DQLK2Q9Eovi/,597.jpg,45954,"Pantai Marina, Pantai cantik di Lampung Selatan yang hanya berjarak 50km dari pusat kota Bandar Lampung. 
Meski tidak dapat berenang tapi pantai ini terkenal memilki berbagai spot foto estetik dan keindahan alam.
HTM : 30K/person
Bakalan masuk ke bucket list places to visit kamu ga nih?

Sets @noaeveryday 

#shintatraveldiaries #wheninlampung #travelwithnoa #iwearnoaeveryday #placetogo #pantaimarina #pantaimarinalampung",Attraction,,"pantai marina, pantai cantik di lampung selatan yang hanya berjarak 50km dari pusat kota bandar lampung. meski tidak dapat berenang tapi pantai ini terkenal memilki berbagai spot foto estetik dan keindahan alam. htm: 30k/person bakalan masuk ke bucket list places to visit kamu ga nih? sets",shintatraveldiaries wheninlampung travelwithnoa iwearnoaeveryday placetogo pantaimarina pantaimarinalampung,pantai marina pantai cantik di lampung selatan yang hanya berjarak 50km dari pusat kota bandar lampung meski tidak dapat berenang tapi pantai ini terkenal memilki berbagai spot foto estetik dan keindahan alam harga tiket masuk 30k person bakalan masuk ke bucket list places to visit kamu tidak ini sets
https://www.instagram.com/p/DVxHGe4E4aX/,598.jpg,46093,"
disparbud_lampungselatan
 
7w
Meninjau Potensi Wisata Way Tebing Ceppa

Kunjungan ke destinasi wisata Way Tebing Ceppa bersama Kepala Dinas Pariwisata dan Kebudayaan Kabupaten Lampung Selatan Dr. I Nyoman Setiawan, S.E., M.M., didampingi oleh Camat Penengahan, Sekretaris Dinas Pariwisata dan Kebudayaan, serta Kepala Bidang Kebudayaan.

Kegiatan ini dilakukan sebagai bagian dari upaya melihat langsung potensi wisata alam yang dimiliki daerah, sekaligus mendorong pengembangan dan pengelolaan destinasi agar dapat menjadi daya tarik wisata yang semakin dikenal luas serta memberikan manfaat bagi masyarakat sekitar.

Semoga keindahan alam Way Tebing Ceppa dapat terus dijaga dan dikembangkan sebagai salah satu destinasi wisata unggulan di Kabupaten Lampung Selatan. 🌿✨

#PariwisataLampungSelatan #WayTebingCeppa #PesonaLampungSelatan #VisitLampungSelatan",Attraction,,"disparbud_lampungselatan 7w meninjau potensi wisata way tebing ceppa kunjungan ke destinasi wisata way tebing ceppa bersama kepala dinas pariwisata dan kebudayaan kabupaten lampung selatan dr. i nyoman setiawan, s.e, m.m, didampingi oleh camat penengahan, sekretaris dinas pariwisata dan kebudayaan, serta kepala bidang kebudayaan. kegiatan ini dilakukan sebagai bagian dari upaya melihat langsung potensi wisata alam yang dimiliki daerah, sekaligus mendorong pengembangan dan pengelolaan destinasi agar dapat menjadi daya tarik wisata yang semakin dikenal luas serta memberikan manfaat bagi masyarakat sekitar. semoga keindahan alam way tebing ceppa dapat terus dijaga dan dikembangkan sebagai salah satu destinasi wisata unggulan di kabupaten lampung selatan. 🌿✨",pariwisata lampung selatan way tebing ceppa pesona lampung selatan visit lampung selatan,disparbud lampungselatan 7w meninjau potensi wisata way tebing ceppa kunjungan ke destinasi wisata way tebing ceppa bersama kepala dinas pariwisata dan kebudayaan kabupaten lampung selatan dari i nyoman setiawan s e m m didampingi oleh camat penengahan sekretaris dinas pariwisata dan kebudayaan serta kepala bidang kebudayaan kegiatan ini dilakukan sebagai bagian dari upaya melihat langsung potensi wisata alam yang dimiliki daerah sekaligus mendorong pengembangan dan pengelolaan destinasi agar dapat menjadi daya tarik wisata yang semakin dikenal luas serta memberikan manfaat bagi masyarakat sekitar semoga keindahan alam way tebing ceppa dapat terus dijaga dan dikembangkan sebagai salah satu destinasi wisata unggulan di kabupaten lampung selatan indah
https://www.instagram.com/p/DRjuVZggsOw/,599.jpg,45988,"Wagub Lampung Tinjau Way Kalam: Ekonomi Karbon & Wisata Alam Jadi Prioritas!

Wakil Gubernur Lampung, Jihan Nurlela, melakukan site visit Perhutanan Sosial Way Kalam, Lampung Selatan, untuk mengkaji potensi ekonomi karbon, konservasi lingkungan, dan pengembangan wisata kesehatan. Ia mengapresiasi Perdes manajemen wisata masyarakat yang mengatur trekking, camping, dan pengelolaan air terjun secara mandiri.

#WayKalam #PerhutananSosial #EkonomiKarbon #WisataAlam #LampungLestari #WellnessTourism #KonservasiHutan #WagubLampung #PemberdayaanMasyarakat #LingkunganHijau",Amenities,,"wagub lampung tinjau way kalam: ekonomi karbon dan wisata alam jadi prioritas! wakil gubernur lampung, jihan nurlela, melakukan site visit perhutanan sosial way kalam, lampung selatan, untuk mengkaji potensi ekonomi karbon, konservasi lingkungan, dan pengembangan wisata kesehatan. ia mengapresiasi perdes manajemen wisata masyarakat yang mengatur trekking, camping, dan pengelolaan air terjun secara mandiri",way kalam perhutanan sosial ekonomi karbon wisata alam lampung lestari wellness tourism konservasi hutan wagub lampung pemberdayaan masyarakat lingkungan hijau,wagub lampung tinjau way kalam ekonomi karbon dan wisata alam jadi prioritas wakil gubernur lampung jihan nurlela melakukan site visit perhutanan sosial way kalam lampung selatan untuk mengkaji potensi ekonomi karbon konservasi lingkungan dan pengembangan wisata kesehatan ia mengapresiasi perdes manajemen wisata masyarakat yang mengatur trekking camping dan pengelolaan air terjun secara mandiri
https://www.instagram.com/p/DRZf0jHE5ne/,600.jpg,45984,"singkat, padat, berangkat 🤙🏻

#pulauumangumang #pulauumang #pulausebesi 

Pulau Umang Umang | Pulau Sebesi | Explore Lampung | Visit Lampung Selatan |",Attraction,,"singkat, padat, berangkat 🤙🏻 pulau umang umang | pulau sebesi | explore lampung | visit lampung selatan |",pulauumangumang pulauumang pulausebesi,singkat padat berangkat pulau umang umang pulau sebesi explore lampung visit lampung selatan
https://www.instagram.com/p/DVXsDsBgph4/,601.jpg,46083,"Nikmati pengalaman menginap dengan panorama laut yang menenangkan di Benteng On The Beach, Kalianda – Lampung Selatan 🌊✨

Suasana nyaman, angin sepoi-sepoi, dan pemandangan pantai yang memukau siap menyambut momen liburan Anda bersama keluarga maupun sahabat. Tempat yang tepat untuk melepas penat dan menikmati keindahan pesisir Kalianda.

Reservasi sekarang juga 📞 0821-6421-9212
Yuk, rasakan sensasi menginap tepat di tepi pantai! 🌅🏖️

#BentengOnTheBeach #PariwisataKalianda #WisataLampungSelatan #VisitLampungSelatan",Amenities,,"nikmati pengalaman menginap dengan panorama laut yang menenangkan di benteng on the beach, kalianda lampung selatan 🌊✨ suasana nyaman, angin sepoi-sepoi, dan pemandangan pantai yang memukau siap menyambut momen liburan anda bersama keluarga maupun sahabat. tempat yang tepat untuk melepas penat dan menikmati keindahan pesisir kalianda. reservasi sekarang juga 📞 0821-6421-9212 yuk, rasakan sensasi menginap tepat di tepi pantai! 🌅🏖️",benteng on the beach pariwisata kalianda wisata lampung selatan visit lampung selatan,nikmati pengalaman menginap dengan panorama laut yang menenangkan di benteng on the beach kalianda lampung selatan laut indah suasana nyaman angin sepoi sepoi dan pemandangan pantai yang memukau siap menyambut momen liburan anda bersama keluarga maupun sahabat tempat yang tepat untuk melepas penat dan menikmati keindahan pesisir kalianda reservasi sekarang juga telepon 0821 6421 9212 ayo rasakan sensasi menginap tepat di tepi pantai matahari terbit pantai
https://www.instagram.com/p/CTWe3xAvNP3/,602.jpg,44442,"Sering ngantuk di jam-jam penting?sering melewatkan kesempatan besar karena ketiduran? Cobain ni coffee V60 ala D'sas yang siap buat kamu melek seharian.

Yuk,ajak keluarga,teman dan juga pasangan kamu ngopi bareng di Cafe kami😍

#dsascafeandresto #kopienak #coffeehot #indonesiafood #kulinerlampungenak2 #kopilampung #kaliandaig #lampungkeren #lampungselatan #lfl❤️ #followforfollowback ",Amenities,,"sering ngantuk di jam-jam penting?sering melewatkan kesempatan besar karena ketiduran? cobain ni coffee v60 ala d'sas yang siap buat kamu melek seharian. yuk,ajak keluarga,teman dan juga pasangan kamu ngopi bareng di cafe kami😍 ❤️",dsascafeandresto kopienak coffeehot indonesiafood kulinerlampungenak2 kopilampung kaliandaig lampungkeren lampungselatan lfl followforfollowback,sering ngantuk di jam jam penting sering melewatkan kesempatan besar karena ketiduran cobain ini coffee v60 ala d sas yang siap buat kamu melek seharian ayo ajak keluarga teman dan juga pasangan kamu ngopi bersama di cafe kami suka cinta
https://www.instagram.com/p/C29VVW4qoka/,603.jpg,45327,"Berkunjung ke Lampung, tentu tidak boleh melewatkan pergi ke Bakauheni Harbour City. Selain menyajikan pemandangan sekitar bakauheni yang menawan. Wisatawan dapat berkunjung ke objek wisata menarik yang ada di lokasi. Yuk lihat infonya di http://tinyurl.com/jnkd33xh
#travelspromo #bakauheniharbourcity #wisatalampungselatan #wisatalampung #tamanrekreasi #tamanrekreasilampungselatan #tamanrekreasilampung #informasiwisata #infowisata #infowisatalampungselatan #infowisatalampung #hargatiket #tiketmasuk #tiketmasukbakauheniharbourcity #visitlampungselatan #explorelampungselatan",Attraction,,"berkunjung ke lampung, tentu tidak boleh melewatkan pergi ke bakauheni harbour city. selain menyajikan pemandangan sekitar bakauheni yang menawan. wisatawan dapat berkunjung ke objek wisata menarik yang ada di lokasi. yuk lihat infonya di",travelspromo bakauheniharbourcity wisatalampungselatan wisatalampung tamanrekreasi tamanrekreasilampungselatan tamanrekreasilampung informasiwisata infowisata infowisatalampungselatan infowisatalampung hargatiket tiketmasuk tiketmasukbakauheniharbourcity visitlampungselatan explorelampungselatan,berkunjung ke lampung tentu tidak boleh melewatkan pergi ke bakauheni harbour city selain menyajikan pemandangan sekitar bakauheni yang menawan wisatawan dapat berkunjung ke objek wisata menarik yang ada di lokasi ayo lihat infonya di
https://www.instagram.com/p/CUtos5_pYtZ/,604.jpg,44476,"Laut nya di bungkus bolee ga sii?🙏

📍Lokasi Pantai Marina Kalianda Lampung Selatan
📸Repost @sfrausss 

Salam Generasi Pesona Indonesia
Lapah Gham Jamo-Jamo Ngelestareiken Bumi Lampung

Visit www.genpilampung.com

@jokowi @kemensetneg.ri 
@sandiuno @kemenparekraf.ri 
@dwita_ria @ellanuryamah @dpr_ri
@ustadzabdulhakim @jihanchalim @dpdri
@arinal_djunaidi @pemprov.lampung
@mbak_nunik @pemprovlampung_
@rianasariarinal @pkk_provinsi_lampung
@edarwan1962 @pariwisata_lampung
@vera_moz76 @ekraf.lampun @lyanda_melly
@elhannidjafar @heliana.dewi @perindaglampung
@ellywahyuni.s @ade_ui @vittorio_dwison @lestyputriii @wahrulfauzisilalahi @agiriakbar @dprdlampung 
@dharmasetyawan.com_ @payungiuniversity
@mustika_edi23 @ayokelampung.com_ @lampung.media
@mbakjhe @genpiindonesia @wonderful.indonesiaku
@abdulrohmanwahidone @genpi_lampung @infogeh

#genpi #genpilampung #genpilampung2021 #generasipesonaindonesia #pesonaindonesia #wonderfulindonesia #salamgenpigasgasgas #AyokeLampung #kelampungkeren #dilampungaja #diindonesiaaja #lampung #bandarlampung #kotametro #lampungbarat #lampungutara #lampungtimur #lampungtengah #lampungselatan #tanggamus #pringsewu #pesawaran #pesisirbarat #mesuji #waykanan #tulangbawang #tulangbawangbarat #love #lampungberjaya",Attraction,,laut nya di bungkus bolee ga sii?🙏 📍lokasi pantai marina kalianda lampung selatan 📸repost salam generasi pesona indonesia lapah gham jamo-jamo ngelestareiken bumi lampung visit,genpi genpilampung genpilampung2021 generasipesonaindonesia pesonaindonesia wonderfulindonesia salamgenpigasgasgas ayoke lampung kelampungkeren dilampungaja diindonesiaaja lampung bandarlampung kotametro lampungbarat lampungutara lampungtimur lampungtengah lampungselatan tanggamus pringsewu pesawaran pesisirbarat mesuji waykanan tulangbawang tulangbawangbarat love lampungberjaya,laut nya di bungkus bolee tidak sii terima kasih lokasi lokasi pantai marina kalianda lampung selatan kamera repost salam generasi pesona indonesia lapah gham jamo jamo ngelestareiken bumi lampung visit
https://www.instagram.com/p/CUedKibBtW8/,605.jpg,44470,"📍Desa Taman Baru, Kecamatan penengahan, kabupaten Lampung Selatan

Repost From : @hallooo.lilis_ o.is

Visit 👉 www.ayokelampung.com

@jokowi @kemensetneg.ri  @sandiuno @kemenparekraf.ri  @arinal_djunaidi @mbak_nunik @edarwan1962
@pariwisata_lampung @ekraf.lampung @rianasariarinal @ardito_wijaya @dharmasetyawan.com_ @payungiuniversity  @genpiindonesia @genpi_lampung 
.
#ayokelampung #travel #tour #wisata #holiday #pesonaindonesia #travelphotography #visitindonesia #jalanjalan #wonderfulindonesia #like4like #wisataindonesia #lfl #wisatalampung #lampunggeh #lampung #genpilampung #bandarlampung #lampunginsta #lampungselatan #lampungbarat #lampunghits #lampungtengah #lampungtimur #lampungwisata #lampungkece #lampungyay #lampungeksis #lampungkeren #lampunggham",Attraction,,"📍desa taman baru, kecamatan penengahan, kabupaten lampung selatan repost from: o.is visit 👉",ayokelampung travel tour wisata holiday pesonaindonesia travelphotography visitindonesia jalanjalan wonderfulindonesia like4like wisataindonesia lfl wisatalampung lampunggeh lampung genpilampung bandarlampung lampunginsta lampungselatan lampungbarat lampunghits lampungtengah lampungtimur lampungwisata lampungkece lampungyay lampungeksis lampungkeren lampunggham,lokasi desa taman baru kecamatan penengahan kabupaten lampung selatan repost from o is visit arah
https://www.instagram.com/p/CiBo3puhKPs/,606.jpg,44807,"EduFun bersama Paud Mandiri Desa Hargo Pancuran, Rajabasa, Lamsel

Belajar sambil bermain untuk pengembangan saraf motorik anak. Seru dan asyik sekali 😊

Yuk ke @inkragarden_lampung 
Buka : setiap hari

#paud#anakbermain#berenang#wisata#edufunwithkids#kidsentertaining#swimmingpool#latepost#visitlampung#visitrajabasa#visitlampungselatan#dikbudlampung#dikbudlampungselatan#happy#pariwisatalamsel#happyfamily#happylearning",Attraction,,"edufun bersama paud mandiri desa hargo pancuran, rajabasa, lamsel belajar sambil bermain untuk pengembangan saraf motorik anak. seru dan asyik sekali 😊 yuk ke buka: setiap hari",paud anakbermain berenang wisata edufunwithkids kidsentertaining swimmingpool latepost visitlampung visitrajabasa visitlampungselatan dikbudlampung dikbudlampungselatan happy pariwisatalamsel happyfamily happylearning,edufun bersama paud mandiri desa hargo pancuran rajabasa lamsel belajar sambil bermain untuk pengembangan saraf motorik anak seru dan asyik sekali senang ayo ke buka setiap hari
https://www.instagram.com/p/CeC8oG8hZSh/,607.jpg,44708,"Beach 🏝️

Pict @exmeda

📍Pantai Sebalang, Tarahan, Kec. Katibung, Kabupaten Lampung Selatan, Lampung.

Visit 👉 www.ayokelampung.com

#ayokelampung #travel #tour #wisata #holiday #pesonaindonesia #travelphotography #visitindonesia #jalanjalan #wonderfulindonesia #like4like #wisataindonesia #lfl #wisatalampung #lampunggeh #lampung #genpilampung #bandarlampung #lampunginsta #lampungselatan #lampungbarat #lampunghits #lampungtengah #lampungtimur #lampungwisata #lampungkece #lampungyay #lampungeksis #lampungkeren #lampunggham",Attraction,,"beach 🏝️ pict 📍pantai sebalang, tarahan, kec. katibung, kabupaten lampung selatan, lampung. visit 👉",ayokelampung travel tour wisata holiday pesonaindonesia travelphotography visitindonesia jalanjalan wonderfulindonesia like4like wisataindonesia lfl wisatalampung lampunggeh lampung genpilampung bandarlampung lampunginsta lampungselatan lampungbarat lampunghits lampungtengah lampungtimur lampungwisata lampungkece lampungyay lampungeksis lampungkeren lampunggham,beach pulau pict lokasi pantai sebalang tarahan kec katibung kabupaten lampung selatan lampung visit arah
https://www.instagram.com/p/CNXXn5pgMLL/,608.jpg,44293,"Jak iyay @dentaabung 
📍Grand Elty Kalianda Resort - Kalianda - Lampung Selatan.

•
•
➡➡➡➡➡➡➡➡➡➡➡➡➡➡➡➡➡➡➡➡➡
•
•
.
.
Jika ingin Hits atu dan iyay segalow
.
Follow akun @lampungsegalow
.
Tag photo terbaik atu iyay @lampungsegalow
.
Jangan lupa hastag nya #lampungsegalow 
.
.
Info Kerja Sama, Hunting Mimin..
WA : 08111870069 
DM Instagram @lampungsegalow
.
.
Mohon maaf jika mimin ada salah, kepada Tuhan Yg Maha Esa mimin mohon ampun..
Salam Sayang Segalow 🤗
.
.
.
.
.
.
.
.
.
.
.
.
.
#bandarlampung#metrolampung#lampungselatan#pesawaran#pringsewu#tanggamus#pesisirbarat#lampungbarat#waykanan#lampungtimur#lampungtengah#lampungutara#tulangbawangbarat#tulangbawang#mesuji#lfl#fff#jj#igers#love#viral#vscogood#travelrack#liveofadventure#indonesiantraveler#explore#visit",Attraction,,"jak iyay 📍grand elty kalianda resort - kalianda - lampung selatan. ➡➡➡➡➡➡➡➡➡➡➡➡➡➡➡➡➡➡➡➡➡ jika ingin hits atu dan iyay segalow. follow akun. tag photo terbaik atu iyay. jangan lupa hastag nya info kerja sama, hunting mimin wa: 08111870069 dm instagram mohon maaf jika mimin ada salah, kepada tuhan yg maha esa mimin mohon ampun salam sayang segalow 🤗",lampungsegalow bandarlampung metrolampung lampungselatan pesawaran pringsewu tanggamus pesisirbarat lampungbarat waykanan lampungtimur lampungtengah lampungutara tulangbawangbarat tulangbawang mesuji lfl fff jj igers love viral vscogood travelrack liveofadventure indonesiantraveler explore visit,jak iyay lokasi grand elty kalianda resort kalianda lampung selatan arah arah arah arah arah arah arah arah arah arah arah arah arah arah arah arah arah arah arah arah arah jika ingin hits atu dan iyay segalow follow akun tag photo terbaik atu iyay jangan lupa hastag nya info kerja sama hunting mimin whatsapp 0811870069 dm instagram mohon maaf jika mimin ada salah kepada tuhan yang maha esa mimin mohon ampun salam sayang segalow ramah
https://www.instagram.com/p/CZY6Zr_Pso8/,609.jpg,44592,"Jika engkau ingin berbahagia, janganlah kau bandingkan kelemahanmu dengan kekuatan orang lain.
.
Yuk mabar
. 
.
.
.
.
.
.
.
.
.
.
.
.
.
.
.
.
.
#motivasiilmu #katabijak #TravelerDadakan #indonesia #lampung #lampungselatan #laut #pantai #pantaikedu #kalianda #awan #sunset #repost #repostindonesian #pesonaindonesia #jelajahindonesia #jelajahlampungselatan #jelajahsumatera #jelajahlampung #visitindonesia #visitlamsel #visitlampung #visitlampungselatan #trip #indonesia #likeforlikes #like4likes #likeforfollow #jalanjalan #travelling",Attraction,,"jika engkau ingin berbahagia, janganlah kau bandingkan kelemahanmu dengan kekuatan orang lain yuk mabar",motivasiilmu katabijak traveler dadakan indonesia lampung lampungselatan laut pantai pantaikedu kalianda awan sunset repost repostindonesian pesonaindonesia jelajahindonesia jelajahlampungselatan jelajahsumatera jelajahlampung visitindonesia visitlamsel visitlampung visitlampungselatan trip likeforlikes like4likes likeforfollow jalanjalan travelling,jika engkau ingin berbahagia janganlah kau bandingkan kelemahanmu dengan kekuatan orang lain ayo mabar
https://www.instagram.com/p/CTzgLLEp3Rd/,610.jpg,44453,"Nothing to lose ☁️

📍Lokasi Pantai Tepak Kera Kabupaten Lampung Selatan
📸Repost @allyaps 

Salam Generasi Pesona Indonesia
Lapah Gham Jamo-Jamo Ngelestareiken Bumi Lampung

Visit www.genpilampung.com

@jokowi @kemensetneg.ri 
@sandiuno @kemenparekraf.ri 
@arinal_djunaidi @mbak_nunik 
@rianasariarinal @pkk_provinsi_lampung
@edarwan1962 @pariwisata_lampung
@vera_moz76 @ekraf.lampun @perindaglampung
@ade_ui @wahrulfauzisilalahi @dprdlampung 
@dharmasetyawan.com_ @payungiuniversity
@infogeh @ayokelampung.com_ @lampung.media
@mbakjhe @genpiindonesia @wonderful.indonesiaku
@abdulrohmanwahidone @genpi_lampung
@selampung @pahawang_island_lampung

#genpi #genpilampung #genpilampung2021 #generasipesonaindonesia #pesonaindonesia #wonderfulindonesia #salamgenpigasgasgas #AyokeLampung #kelampungkeren #dilampungaja #diindonesiaaja #lampung #bandarlampung #kotametro #lampungbarat #lampungutara #lampungtimur #lampungtengah #lampungselatan #tanggamus #pringsewu #pesawaran #pesisirbarat #mesuji #waykanan #tulangbawang #tulangbawangbarat #love #pahawangisland #holiday",Attraction,,nothing to lose ☁️ 📍lokasi pantai tepak kera kabupaten lampung selatan 📸repost salam generasi pesona indonesia lapah gham jamo-jamo ngelestareiken bumi lampung visit,genpi genpilampung genpilampung2021 generasipesonaindonesia pesonaindonesia wonderfulindonesia salamgenpigasgasgas ayoke lampung kelampungkeren dilampungaja diindonesiaaja lampung bandarlampung kotametro lampungbarat lampungutara lampungtimur lampungtengah lampungselatan tanggamus pringsewu pesawaran pesisirbarat mesuji waykanan tulangbawang tulangbawangbarat love pahawangisland holiday,nothing to lose lokasi lokasi pantai tepak kera kabupaten lampung selatan kamera repost salam generasi pesona indonesia lapah gham jamo jamo ngelestareiken bumi lampung visit
https://www.instagram.com/p/CUmxTUKhSk7/,611.jpg,44473,"Luangkan waktu untuk membuat jiwamu bahagia✨

📍Pantai Semungkuk Kalianda Lampung Selatan

Visit 👉 www.ayokelampung.com

@jokowi @kemensetneg.ri  @sandiuno @kemenparekraf.ri  @arinal_djunaidi @mbak_nunik @edarwan1962
@pariwisata_lampung @ekraf.lampung @rianasariarinal @ardito_wijaya @dharmasetyawan.com_ @payungiuniversity  @genpiindonesia @genpi_lampung 
.
#ayokelampung #travel #tour #wisata #holiday #pesonaindonesia #travelphotography #visitindonesia #jalanjalan #wonderfulindonesia #like4like #wisataindonesia  #wisatalampung #lampunggeh #lampung #genpilampung #bandarlampung #lampunginsta #lampungselatan #lampungbarat #lampunghits #lampungtengah #lampungtimur #lampungwisata #lampungkece #lampungyay #lampungeksis #lampungkeren #lampunggham",Attraction,,luangkan waktu untuk membuat jiwamu bahagia✨ 📍pantai semungkuk kalianda lampung selatan visit 👉,ayokelampung travel tour wisata holiday pesonaindonesia travelphotography visitindonesia jalanjalan wonderfulindonesia like4like wisataindonesia wisatalampung lampunggeh lampung genpilampung bandarlampung lampunginsta lampungselatan lampungbarat lampunghits lampungtengah lampungtimur lampungwisata lampungkece lampungyay lampungeksis lampungkeren lampunggham,luangkan waktu untuk membuat jiwamu bahagia indah lokasi pantai semungkuk kalianda lampung selatan visit arah
https://www.instagram.com/p/CZjhBDKPc8k/,612.jpg,44596,"Terkadang kamu tersenyum, bukan karena ada hal yang menyenangkan hatimu, tapi karena kamu tahu bersedih takkan selesaikan masalah
.
.
.
.
.
.
.
.
.
.
.
.
.
.
.
.
.
.
.
#motivasiilmu #katabijak #TravelerDadakan #indonesia #lampung #lampungselatan #laut #pantai #pantaikedu #kalianda #awan #sunset #repost #repostindonesian #pesonaindonesia #jelajahindonesia #jelajahlampungselatan #jelajahsumatera #jelajahlampung #visitindonesia #visitlamsel #visitlampung #visitlampungselatan #trip #indonesia #likeforlikes #like4likes #likeforfollow #jalanjalan #travelling",Attraction,,"terkadang kamu tersenyum, bukan karena ada hal yang menyenangkan hatimu, tapi karena kamu tahu bersedih takkan selesaikan masalah",motivasiilmu katabijak traveler dadakan indonesia lampung lampungselatan laut pantai pantaikedu kalianda awan sunset repost repostindonesian pesonaindonesia jelajahindonesia jelajahlampungselatan jelajahsumatera jelajahlampung visitindonesia visitlamsel visitlampung visitlampungselatan trip likeforlikes like4likes likeforfollow jalanjalan travelling,terkadang kamu tersenyum bukan karena ada hal yang menyenangkan hatimu tapi karena kamu tahu bersedih takkan selesaikan masalah
https://www.instagram.com/p/C9UK1caydDP/,613.jpg,45485,"Keduwarna beach, kalianda, lampung selatan, Lampung, Indonesia 🇮🇩.. 
Please visit here. 

#wisatalampung #lampung #capcut #indonesiabeach #keindahanalam #adventure #petualang #hijrahku #keduwarna #fyp #alamindonesia #kalianda #pantai #indonesia",Attraction,,"keduwarna beach, kalianda, lampung selatan, lampung, indonesia 🇮🇩 please visit here",wisatalampung lampung capcut indonesiabeach keindahanalam adventure petualang hijrahku keduwarna fyp alamindonesia kalianda pantai indonesia,keduwarna beach kalianda lampung selatan lampung indonesia please visit here
https://www.instagram.com/p/CU9ZHQ8Byaj/,614.jpg,44482,"📍Pantai sebalang, Lampung
Repostd from @aisah_embun

Visit 👉 www.ayokelampung.com

@jokowi @kemensetneg.ri  @sandiuno @kemenparekraf.ri  @arinal_djunaidi @mbak_nunik @edarwan1962
@pariwisata_lampung @ekraf.lampung @rianasariarinal @ardito_wijaya @dharmasetyawan.com_ @payungiuniversity  @genpiindonesia @genpi_lampung 
.
#ayokelampung #travel #tour #wisata #holiday #pesonaindonesia #travelphotography #visitindonesia #jalanjalan #wonderfulindonesia #like4like #wisataindonesia #lfl #wisatalampung #lampunggeh #lampung #genpilampung #bandarlampung #lampunginsta #lampungselatan #lampungbarat #lampunghits #lampungtengah #lampungtimur #lampungwisata #lampungkece #lampungyay #lampungeksis #lampungkeren #lampunggham",Attraction,,"📍pantai sebalang, lampung repostd from visit 👉",ayokelampung travel tour wisata holiday pesonaindonesia travelphotography visitindonesia jalanjalan wonderfulindonesia like4like wisataindonesia lfl wisatalampung lampunggeh lampung genpilampung bandarlampung lampunginsta lampungselatan lampungbarat lampunghits lampungtengah lampungtimur lampungwisata lampungkece lampungyay lampungeksis lampungkeren lampunggham,lokasi pantai sebalang lampung repostd from visit arah
https://www.instagram.com/p/CRneZ6dgwV4/,615.jpg,44399,"Preparation Dive 
--------------
📍 Laut Canti - Kalianda, Lampung Selatan
📸 @sandidwipranata_
.
.
Always dive safely and keep the ocean clean during your visit
.
.
.
.
.
#INDOUNDERWATER #INDONESIAUNDERWATER #goprohero5  #divepics #underwater_world #underwaterlicious #uwphoto #reeflife #marinelife #underwaterphoto #underwaterpics #salvimar #uwphotography #underwaterphotography #diving #scubadiving #underwaterworld #sealife #freediving #cressi #ocean #uwphoto #sea #ocean #divingindonesia #savesharks #photography #coralreef #photographer  #scubadive #coral #nature",Attraction,,"preparation dive 📍 laut canti - kalianda, lampung selatan 📸 always dive safely and keep the ocean clean during your visit",indounderwater indonesiaunderwater goprohero5 divepics underwater world underwaterlicious uwphoto reeflife marinelife underwaterphoto underwaterpics salvimar uwphotography underwaterphotography diving scubadiving underwaterworld sealife freediving cressi ocean sea divingindonesia savesharks photography coralreef photographer scubadive coral nature,preparation dive lokasi laut canti kalianda lampung selatan kamera always dive safely and keep the ocean clean during your visit
https://www.instagram.com/p/CTgvJMCFv9Z/,616.jpg,44446,"Mengkudu Island is one of the interesting and unique destinations in South Lampung. Its uniqueness and beauty is an attraction that you deserve to visit and enjoy. Invite your family or friends with you.
___
___
📍. Pulau Mengkudu, Totoharjo, Kalianda, Lampung Selatan.

#herijunna #lampung #island #kalianda #explore #travel #indozone #explorelampung #exploreindonesia #beach #instadaily #lampunghits
#lampunginsta #mengkuduisland #pulaumengkudu #lampungable ",Attraction,,"mengkudu island is one of the interesting and unique destinations in south lampung. its uniqueness and beauty is an attraction that you deserve to visit and enjoy. invite your family or friends with you. 📍. pulau mengkudu, totoharjo, kalianda, lampung selatan",herijunna lampung island kalianda explore travel indozone explorelampung exploreindonesia beach instadaily lampunghits lampunginsta mengkuduisland pulaumengkudu lampungable,mengkudu island is one of the interesting and unique destinations in south lampung its uniqueness and beauty is an attraction that you deserve to visit and enjoy invite your family or friends with you lokasi pulau mengkudu totoharjo kalianda lampung selatan
https://www.instagram.com/p/CTzS6azPf1O/,617.jpg,44453,"Satu persatu sesal kini jadi Syukur yang patah tumbuh dan yang hilang pun akan berganti dan perlahan membawaku pada rasa candu 🌿
.
📍 Pantai Semukuk Kalianda Lampung Selatan
.
Cek Google MAPS ya 😊
Reposted from @rimachasanah25

Visit 👉 Facebook PANTAI SEMUKUK INDAH

@jokowi @kemensetneg.ri  @sandiuno @kemenparekraf.ri  @arinal_djunaidi @mbak_nunik @edarwan1962
@pariwisata_lampung @ekraf.lampung @rianasariarinal @ardito_wijaya @dharmasetyawan.com_ @payungiuniversity  @genpiindonesia @genpi_lampung 
.
#ayokelampung #travel #tour #wisata #holiday #pesonaindonesia #travelphotography #visitindonesia #jalanjalan #wonderfulindonesia #like4like #wisataindonesia #lfl #wisatalampung #lampunggeh #lampung #genpilampung #bandarlampung #lampunginsta #lampungselatan #lampungbarat #lampunghits #lampungtengah #lampungtimur #lampungwisataku #lampungyay #lampungeksis #lampungkeren",Attraction,,satu persatu sesal kini jadi syukur yang patah tumbuh dan yang hilang pun akan berganti dan perlahan membawaku pada rasa candu 🌿. 📍 pantai semukuk kalianda lampung selatan. cek google maps ya 😊 reposted from visit 👉 facebook pantai semukuk indah,ayokelampung travel tour wisata holiday pesonaindonesia travelphotography visitindonesia jalanjalan wonderfulindonesia like4like wisataindonesia lfl wisatalampung lampunggeh lampung genpilampung bandarlampung lampunginsta lampungselatan lampungbarat lampunghits lampungtengah lampungtimur lampungwisataku lampungyay lampungeksis lampungkeren,satu persatu sesal kini jadi syukur yang patah tumbuh dan yang hilang pun akan berganti dan perlahan membawaku pada rasa candu lokasi pantai semukuk kalianda lampung selatan cek google maps ya senang reposted from visit arah facebook pantai semukuk indah
https://www.instagram.com/p/CdxfLbwBsFQ/,618.jpg,44701,"Pohon terpencil tumbuh dari air di pantai terkenal yang indah dengan pemandangan matahari terbenam ini.

Pict @momo_edp

📍 Pantai Sebalang, Tarahan, Katibung, Lampung Selatan. 

Visit 👉 www.ayokelampung.com

#ayokelampung #travel #tour #wisata #holiday #pesonaindonesia #travelphotography #visitindonesia #jalanjalan #wonderfulindonesia #like4like #wisataindonesia #lfl #wisatalampung #lampunggeh #lampung #genpilampung #bandarlampung #lampunginsta #lampungselatan #lampungbarat #lampunghits #lampungtengah #lampungtimur #lampungwisata #lampungkece #lampungyay #lampungeksis #lampungkeren #lampunggham",Attraction,,"pohon terpencil tumbuh dari air di pantai terkenal yang indah dengan pemandangan matahari terbenam ini. pict 📍 pantai sebalang, tarahan, katibung, lampung selatan. visit 👉",ayokelampung travel tour wisata holiday pesonaindonesia travelphotography visitindonesia jalanjalan wonderfulindonesia like4like wisataindonesia lfl wisatalampung lampunggeh lampung genpilampung bandarlampung lampunginsta lampungselatan lampungbarat lampunghits lampungtengah lampungtimur lampungwisata lampungkece lampungyay lampungeksis lampungkeren lampunggham,pohon terpencil tumbuh dari air di pantai terkenal yang indah dengan pemandangan matahari terbenam ini pict lokasi pantai sebalang tarahan katibung lampung selatan visit arah
https://www.instagram.com/p/CaPiS4Rvfei/,619.jpg,44613,"Pantai Kedu merupakan salah satu jenis pantai berpasir putih yang halus dan salah satu pantai yang biasa dijelajahi.
Pantai Kedu populer karena keunikannya yang menghadap ke arah barat. Hal ini menjadikan posisi pantai yang satu ini sangat cocok untuk melihat sunset. Tidak hanya itu, pantai ini dihiasi oleh gugusan Pulau Krakatau dan tampak elok pemandangan gunung Rajabasa yang memang seolah-olah menampakan dirinya di atas air laut
.
.
.
.
.
.
.
.
.
.
.
.
.
.
.
.
.
.
#motivasiilmu #katabijak #TravelerDadakan #indonesia #lampung #lampungselatan #laut #pantai #pantaikedu #kalianda #awan #sunset #repost #repostindonesian #pesonaindonesia #jelajahindonesia #jelajahlampungselatan #jelajahsumatera #jelajahlampung #visitindonesia #visitlamsel #visitlampung #visitlampungselatan #trip #indonesia #likeforlikes #like4likes #likeforfollow #jalanjalan #travelling",Attraction,,"pantai kedu merupakan salah satu jenis pantai berpasir putih yang halus dan salah satu pantai yang biasa dijelajahi. pantai kedu populer karena keunikannya yang menghadap ke arah barat. hal ini menjadikan posisi pantai yang satu ini sangat cocok untuk melihat sunset. tidak hanya itu, pantai ini dihiasi oleh gugusan pulau krakatau dan tampak elok pemandangan gunung rajabasa yang memang seolah-olah menampakan dirinya di atas air laut",motivasiilmu katabijak traveler dadakan indonesia lampung lampungselatan laut pantai pantaikedu kalianda awan sunset repost repostindonesian pesonaindonesia jelajahindonesia jelajahlampungselatan jelajahsumatera jelajahlampung visitindonesia visitlamsel visitlampung visitlampungselatan trip likeforlikes like4likes likeforfollow jalanjalan travelling,pantai kedu merupakan salah satu jenis pantai berpasir putih yang halus dan salah satu pantai yang biasa dijelajahi pantai kedu populer karena keunikannya yang menghadap ke arah barat hal ini menjadikan posisi pantai yang satu ini sangat cocok untuk melihat sunset tidak hanya itu pantai ini dihiasi oleh gugusan pulau krakatau dan tampak elok pemandangan gunung rajabasa yang memang seolah olah menampakan dirinya di atas air laut
https://www.instagram.com/p/CUrqxlWpuYY/,620.jpg,44475,"Main dulu ah😂
#Repost @nurhdy.s 

📍 Perengan Anteng, Jati Agung Lampung Selatan
Visit 👉www.ayokelampung.com

Salam Generasi Pesona Indonesia
Lapah Gham Jamo-Jamo Ngelestareiken Bumi Lampung

Visit www.genpilampung.com

@jokowi @kemensetneg.ri 
@sandiuno @kemenparekraf.ri 
@dwita_ria @ellanuryamah @dpr_ri @ustadzabdulhakim @jihanchalim @dpdri
@arinal_djunaidi @pemprov.lampung
@mbak_nunik @pemprovlampung_
@rianasariarinal @pkk_provinsi_lampung
@edarwan1962 @pariwisata_lampung
@vera_moz76 @ekraf.lampun @lyanda_melly
@elhannidjafar @heliana.dewi @perindaglampung
@ellywahyuni.s @ade_ui @vittorio_dwison @lestyputriii
@wahrulfauzisilalahi @dprdlampung 
@dharmasetyawan.com_ @payungiuniversity
@infogeh @ayokelampung.com_ @lampung.media
@mbakjhe @genpiindonesia @wonderful.indonesiaku
@abdulrohmanwahidone @genpi_lampung

#genpi #genpilampung #genpilampung2021 #generasipesonaindonesia #pesonaindonesia #wonderfulindonesia #salamgenpigasgasgas #AyokeLampung #kelampungkeren #dilampungaja #diindonesiaaja #lampung #bandarlampung #kotametro #lampungbarat #lampungutara #lampungtimur #lampungtengah #lampungselatan #tanggamus #pringsewu #pesawaran #pesisirbarat #mesuji #waykanan #tulangbawang #tulangbawangbarat #love #lampungberjaya",Attraction,,"main dulu ah😂 📍 perengan anteng, jati agung lampung selatan visit 👉 salam generasi pesona indonesia lapah gham jamo-jamo ngelestareiken bumi lampung visit",repost genpi genpilampung genpilampung2021 generasipesonaindonesia pesonaindonesia wonderfulindonesia salamgenpigasgasgas ayoke lampung kelampungkeren dilampungaja diindonesiaaja lampung bandarlampung kotametro lampungbarat lampungutara lampungtimur lampungtengah lampungselatan tanggamus pringsewu pesawaran pesisirbarat mesuji waykanan tulangbawang tulangbawangbarat love lampungberjaya,main dulu ah tertawa lokasi perengan anteng jati agung lampung selatan visit arah salam generasi pesona indonesia lapah gham jamo jamo ngelestareiken bumi lampung visit
https://www.instagram.com/p/CaG___0rulY/,621.jpg,44610,"📌Tidak apa-apa jika kamu tidak menyukaiku. Tidak semua orang memiliki selera yang baik.

📍Arang Lampung Grill & Beach, Kalianda, Lampung Selatan

Pict @siaudhiarga

Visit 👉 www.ayokelampung.com

#ayokelampung #travel #tour #wisata #holiday #pesonaindonesia #travelphotography #visitindonesia #jalanjalan #wonderfulindonesia #like4like #wisataindonesia #lfl #wisatalampung #lampunggeh #lampung #genpilampung #bandarlampung #lampunginsta #lampungselatan #lampungbarat #lampunghits #lampungtengah #lampungtimur #lampungwisata #lampungkece #lampungyay #lampungeksis #lampungkeren #lampunggham",Attraction,,"📌tidak apa-apa jika kamu tidak menyukaiku. tidak semua orang memiliki selera yang baik. 📍arang lampung grill dan beach, kalianda, lampung selatan pict visit 👉",ayokelampung travel tour wisata holiday pesonaindonesia travelphotography visitindonesia jalanjalan wonderfulindonesia like4like wisataindonesia lfl wisatalampung lampunggeh lampung genpilampung bandarlampung lampunginsta lampungselatan lampungbarat lampunghits lampungtengah lampungtimur lampungwisata lampungkece lampungyay lampungeksis lampungkeren lampunggham,lokasi tidak apa apa jika kamu tidak menyukaiku tidak semua orang memiliki selera yang baik lokasi arang lampung grill dan beach kalianda lampung selatan pict visit arah
https://www.instagram.com/p/CVVT5tjh2oH/,622.jpg,44491,"""Nyatanya kita hanya ditakdirkan bertemu,bukan bersatu ""
.
.
⛳ WTC (way tebing cepa) 
Bitting,taman baru penengahan ,lampung selatan. 
.

Reposted from @ritaariyana96

Visit 👉 www.ayokelampung.com

@jokowi @kemensetneg.ri  @sandiuno @kemenparekraf.ri  @arinal_djunaidi @mbak_nunik @edarwan1962
@pariwisata_lampung @ekraf.lampung @rianasariarinal @ardito_wijaya @dharmasetyawan.com_ @payungiuniversity  @genpiindonesia @genpi_lampung 
.
#ayokelampung #travel #tour #wisata #holiday #pesonaindonesia #travelphotography #visitindonesia #jalanjalan #wonderfulindonesia #like4like #wisataindonesia #lfl #wisatalampung #lampunggeh #lampung #genpilampung #bandarlampung #lampunginsta #lampungselatan #lampungbarat #lampunghits #lampungtengah #lampungtimur #lampungwisata #lampungkece #lampungyay #lampungeksis #lampungkeren #lampunggham",Attraction,,"""nyatanya kita hanya ditakdirkan bertemu,bukan bersatu "" ⛳ wtc (way tebing cepa) bitting,taman baru penengahan,lampung selatan reposted from visit 👉",ayokelampung travel tour wisata holiday pesonaindonesia travelphotography visitindonesia jalanjalan wonderfulindonesia like4like wisataindonesia lfl wisatalampung lampunggeh lampung genpilampung bandarlampung lampunginsta lampungselatan lampungbarat lampunghits lampungtengah lampungtimur lampungwisata lampungkece lampungyay lampungeksis lampungkeren lampunggham,nyatanya kita hanya ditakdirkan bertemu bukan bersatu wtc way tebing cepa bitting taman baru penengahan lampung selatan reposted from visit arah
https://www.instagram.com/p/CZqx_r0PHmh/,623.jpg,44599,"Berbicara dan berlakulah dengan baik kepada orang yang menjahati Anda. Mereka boleh jahat, tapi Anda tetap baik
.
.
.
.
.
.
.
.
.
.
.
.
.
.
.
.
.
.
.
#motivasiilmu #katabijak #TravelerDadakan #indonesia #lampung #lampungselatan #laut #pantai #pantaikedu #kalianda #awan #sunset #repost #repostindonesian #pesonaindonesia #jelajahindonesia #jelajahlampungselatan #jelajahsumatera #jelajahlampung #visitindonesia #visitlamsel #visitlampung #visitlampungselatan #trip #indonesia #likeforlikes #like4likes #likeforfollow #jalanjalan #travelling",Attraction,,"berbicara dan berlakulah dengan baik kepada orang yang menjahati anda. mereka boleh jahat, tapi anda tetap baik",motivasiilmu katabijak traveler dadakan indonesia lampung lampungselatan laut pantai pantaikedu kalianda awan sunset repost repostindonesian pesonaindonesia jelajahindonesia jelajahlampungselatan jelajahsumatera jelajahlampung visitindonesia visitlamsel visitlampung visitlampungselatan trip likeforlikes like4likes likeforfollow jalanjalan travelling,berbicara dan berlakulah dengan baik kepada orang yang menjahati anda mereka boleh jahat tapi anda tetap baik
https://www.instagram.com/p/DSeSGqcj5mm/,624.jpg,46011.21875,"Make your day sweeter with a scoop of happiness 🍦
Visit Setigi Sundae at Setigi Heni Lampung!

Booking and Reservation:
Whatsapp +62 821 2200 2098

—
Pantai Setigi Heni
Canggung, Lampung Selatan

#SetigiHeni #HarmonyWithNature #BatokKelapaBeachCafe #ShellOfFlavor #HiddenGem #Canggung #LampungSelatan",Amenities,,"make your day sweeter with a scoop of happiness 🍦 visit setigi sundae at setigi heni lampung! booking and reservation: whatsapp +62 821 2200 2098 pantai setigi heni canggung, lampung selatan",setigi heni harmony with nature batok kelapa beach cafe shell of flavor hidden gem canggung lampung selatan,make your day sweeter with a scoop of happiness visit setigi sundae at setigi heni lampung booking and reservation whatsapp 62 821 2200 2098 pantai setigi heni canggung lampung selatan
https://www.instagram.com/p/C6x6E29vT2l/,625.jpg,45422.317071759258,"NOT Santorini, but Lampung! 🥰🌟👍🏼
Must visit Pantai Marina. 
.
#lampung #lampungselatan #indonesia #santorini #beach #sumatera @yennyhs",Attraction,,"not santorini, but lampung! 🥰🌟👍🏼 must visit pantai marina",lampung lampungselatan indonesia santorini beach sumatera,not santorini but lampung suka bagus must visit pantai marina
https://www.instagram.com/p/CdPlX_Pv2uQ/,626.jpg,44688.188263888893,"The sunset sky speaks of a thousand of colors 

📍 one of the tours that you can visit in the Lampung Province “Arang Lampung” 

📸 @beryds 

#swissbelhotel 
#swissbelhotellampung 
#tourism 
#beachvibes 
#lampungselatan 
#aranglampung",Attraction,,the sunset sky speaks of a thousand of colors 📍 one of the tours that you can visit in the lampung province “arang lampung” 📸,swissbelhotel swissbelhotellampung tourism beachvibes lampungselatan aranglampung,the sunset sky speaks of a thousand of colors lokasi one of the tours that you can visit in the lampung province arang lampung kamera
https://www.instagram.com/p/CVO8oMMJw9B/,627.jpg,44489.099918981483,".
Pantai Marina Lampung Selatan 🌊

📸Repost @riinaa23_ 

Salam Generasi Pesona Indonesia
Lapah Gham Jamo-Jamo Ngelestareiken Bumi Lampung

Visit www.genpilampung.com

@jokowi @kemensetneg.ri 
@sandiuno @kemenparekraf.ri 
@dwita_ria @ellanuryamah 
@dr.muhammad.kadafi.sh.mh @dpr_ri
@ustadzabdulhakim @jihanchalim
@bustami_zainudin32 @dpdri
@arinal_djunaidi @pemprov.lampung
@mbak_nunik @pemprovlampung_
@rianasariarinal @pkk_provinsi_lampung
@edarwan1962 @pariwisata_lampung
@vera_moz76 @ekraf.lampun @lyanda_melly
@elhannidjafar @heliana.dewi @perindaglampung
@ellywahyuni.s @ade_ui @vittorio_dwison @lestyputriii @wahrulfauzisilalahi @agiriakbar @dprdlampung 
@dharmasetyawan.com_ @payungiuniversity
@mustika_edi23 @ayokelampung.com_ @lampung.media
@mbakjhe @genpiindonesia @wonderful.indonesiaku
@abdulrohmanwahidone @genpi_lampung @infogeh

#genpi #genpilampung #genpilampung2021 #generasipesonaindonesia #pesonaindonesia #wonderfulindonesia #salamgenpigasgasgas #AyokeLampung #kelampungkeren #dilampungaja #diindonesiaaja #lampung #bandarlampung #kotametro #lampungbarat #lampungutara #lampungtimur #lampungtengah #lampungselatan #tanggamus #pringsewu #pesawaran #pesisirbarat #mesuji #waykanan #tulangbawang #tulangbawangbarat #love #lampungberjaya #pesonalampung",Attraction,,pantai marina lampung selatan 🌊 📸repost salam generasi pesona indonesia lapah gham jamo-jamo ngelestareiken bumi lampung visit,genpi genpilampung genpilampung2021 generasipesonaindonesia pesonaindonesia wonderfulindonesia salamgenpigasgasgas ayoke lampung kelampungkeren dilampungaja diindonesiaaja lampung bandarlampung kotametro lampungbarat lampungutara lampungtimur lampungtengah lampungselatan tanggamus pringsewu pesawaran pesisirbarat mesuji waykanan tulangbawang tulangbawangbarat love lampungberjaya pesonalampung,pantai marina lampung selatan laut kamera repost salam generasi pesona indonesia lapah gham jamo jamo ngelestareiken bumi lampung visit
https://www.instagram.com/p/CvjiRBtyXQN/,628.jpg,45143.329050925917,"مَاشَاءَ اللهُ تَبَارَكَ اللهُ

Late post 
#krakataupark #lampung #lampungselatan #bakauheni #visitlampung #visitlampungselatan",Attraction,,مَاشَاءَ اللهُ تَبَارَكَ اللهُ late post,krakataupark lampung lampungselatan bakauheni visitlampung visitlampungselatan,late post
https://www.instagram.com/p/DM4ZwpsyUDC/,629.jpg,45872.231932870367,"must visit place every year: kalianda beach🏝️🫧
📍Senaya Beach, Kalianda, Lampung Selatan",Attraction,,"must visit place every year: kalianda beach🏝️🫧 📍senaya beach, kalianda, lampung selatan",,must visit place every year kalianda beach pulau lokasi senaya beach kalianda lampung selatan
https://www.instagram.com/p/Cd7-yn2BS3k/,630.jpg,44705.430393518523,"Kayak nya mulai sekarang suka pantai aja deh, kalo suka kamu pasang surut langsung berubah

Pict @a_dhienda

📍Pantai Kedu Warna, Jalan Sinar Laut No.54, RT/RW 01/01, Kelurahan Way Urang, Kalianda, Lampung.

Visit 👉 www.ayokelampung.com

#ayokelampung #travel #tour #wisata #holiday #pesonaindonesia #travelphotography #visitindonesia #jalanjalan #wonderfulindonesia #like4like #wisataindonesia #lfl #wisatalampung #lampunggeh #lampung #genpilampung #bandarlampung #lampunginsta #lampungselatan #lampungbarat #lampunghits #lampungtengah #lampungtimur #lampungwisata #lampungkece #lampungyay #lampungeksis #lampungkeren #lampunggham",Attraction,,"kayak nya mulai sekarang suka pantai aja deh, kalo suka kamu pasang surut langsung berubah pict 📍pantai kedu warna, jalan sinar laut no.54, rt/rw 01/01, kelurahan way urang, kalianda, lampung. visit 👉",ayokelampung travel tour wisata holiday pesonaindonesia travelphotography visitindonesia jalanjalan wonderfulindonesia like4like wisataindonesia lfl wisatalampung lampunggeh lampung genpilampung bandarlampung lampunginsta lampungselatan lampungbarat lampunghits lampungtengah lampungtimur lampungwisata lampungkece lampungyay lampungeksis lampungkeren lampunggham,kayak nya mulai sekarang suka pantai saja deh kalau suka kamu pasang surut langsung berubah pict lokasi pantai kedu warna jalan sinar laut no 54 rt rw 01 01 kelurahan way urang kalianda lampung visit arah
https://www.instagram.com/p/CfTl7xMBhCY/,631.jpg,44739.455370370371,"Ketukan nada kehidupan yang slalu membangunkan mimpi panjang ku

Pict @nurrhasanah237

📍Pantai Sebalang, Tarahan, Katibung, Lampung Selatan.

Visit 👉 www.ayokelampung.com

#ayokelampung #travel #tour #wisata #holiday #pesonaindonesia #travelphotography #visitindonesia #jalanjalan #wonderfulindonesia #like4like #wisataindonesia #lfl #wisatalampung #lampunggeh #lampung #genpilampung #bandarlampung #lampunginsta #lampungselatan #lampungbarat #lampunghits #lampungtengah #lampungtimur #lampungwisata #lampungkece #lampungyay #lampungeksis #lampungkeren #lampunggham",Attraction,,"ketukan nada kehidupan yang slalu membangunkan mimpi panjang ku pict 📍pantai sebalang, tarahan, katibung, lampung selatan. visit 👉",ayokelampung travel tour wisata holiday pesonaindonesia travelphotography visitindonesia jalanjalan wonderfulindonesia like4like wisataindonesia lfl wisatalampung lampunggeh lampung genpilampung bandarlampung lampunginsta lampungselatan lampungbarat lampunghits lampungtengah lampungtimur lampungwisata lampungkece lampungyay lampungeksis lampungkeren lampunggham,ketukan nada kehidupan yang slalu membangunkan mimpi panjang ku pict lokasi pantai sebalang tarahan katibung lampung selatan visit arah
https://www.instagram.com/p/DRHkCFOk0bf/,632.jpg,45977.540231481478,"What a majestic place to visit 🥹✨
📍Anak Gunung Krakatau, Selat Sunda, Lampung
Selatan

Saksi bisu letusan dahsyat yang pernah mengguncang dunia pada tahun 1883. Semoga tidurmu masih panjang ya anak baik..
Note: Kesana harus sama guide atau ikut Open Trip ya!

Jun ‘25",Attraction,,"what a majestic place to visit 🥹✨ 📍anak gunung krakatau, selat sunda, lampung selatan saksi bisu letusan dahsyat yang pernah mengguncang dunia pada tahun 1883. semoga tidurmu masih panjang ya anak baik note: kesana harus sama guide atau ikut open trip ya! jun ‘25",,what a majestic place to visit indah lokasi anak gunung krakatau selat sunda lampung selatan saksi bisu letusan dahsyat yang pernah mengguncang dunia pada tahun 1883 semoga tidurmu masih panjang ya anak baik note kesana harus sama guide atau ikut open trip ya jun 25
https://www.instagram.com/p/Cd51wtihkOA/,633.jpg,44704.598877314813,"Tak masalah jika pada akhirnya terbuang. Setidaknya dengan itu, kamu mampu memilih, siapa siapa yang pantas kau ajak berjuang

Pict @agramdhn

📍Merak Belantung, Lampung Selatan

Visit 👉 www.ayokelampung.com

#ayokelampung #travel #tour #wisata #holiday #pesonaindonesia #travelphotography #visitindonesia #jalanjalan #wonderfulindonesia #like4like #wisataindonesia #lfl #wisatalampung #lampunggeh #lampung #genpilampung #bandarlampung #lampunginsta #lampungselatan #lampungbarat #lampunghits #lampungtengah #lampungtimur #lampungwisata #lampungkece #lampungyay #lampungeksis #lampungkeren #lampunggham",Attraction,,"tak masalah jika pada akhirnya terbuang. setidaknya dengan itu, kamu mampu memilih, siapa siapa yang pantas kau ajak berjuang pict 📍merak belantung, lampung selatan visit 👉",ayokelampung travel tour wisata holiday pesonaindonesia travelphotography visitindonesia jalanjalan wonderfulindonesia like4like wisataindonesia lfl wisatalampung lampunggeh lampung genpilampung bandarlampung lampunginsta lampungselatan lampungbarat lampunghits lampungtengah lampungtimur lampungwisata lampungkece lampungyay lampungeksis lampungkeren lampunggham,tak masalah jika pada akhirnya terbuang setidaknya dengan itu kamu mampu memilih siapa siapa yang pantas kau ajak berjuang pict lokasi merak belantung lampung selatan visit arah
https://www.instagram.com/p/Cal6YvNrimf/,634.jpg,44622.294305555559,"Sebenernya kehidupan itu sederhana. Hanya saja kitalah yang selalu mempersulitnya, tidak bersyukur adalah salah satunya.

📍Pantai Batu Lapis, Ds Totoharjo, Kec.Bakauheni, Kab Lampung Selatan

Foto: @siaudhiarga

Visit 👉 www.ayokelampung.com

#ayokelampung #travel #tour #wisata #holiday #pesonaindonesia #travelphotography #visitindonesia #jalanjalan #wonderfulindonesia #like4like #wisataindonesia #lfl #wisatalampung #lampunggeh #lampung #genpilampung #bandarlampung #lampunginsta #lampungselatan #lampungbarat #lampunghits #lampungtengah #lampungtimur #lampungwisata #lampungkece #lampungyay #lampungeksis #lampungkeren #lampunggham",Attraction,,"sebenernya kehidupan itu sederhana. hanya saja kitalah yang selalu mempersulitnya, tidak bersyukur adalah salah satunya. 📍pantai batu lapis, ds totoharjo, kec.bakauheni, kab lampung selatan foto: visit 👉",ayokelampung travel tour wisata holiday pesonaindonesia travelphotography visitindonesia jalanjalan wonderfulindonesia like4like wisataindonesia lfl wisatalampung lampunggeh lampung genpilampung bandarlampung lampunginsta lampungselatan lampungbarat lampunghits lampungtengah lampungtimur lampungwisata lampungkece lampungyay lampungeksis lampungkeren lampunggham,sebenernya kehidupan itu sederhana hanya saja kitalah yang selalu mempersulitnya tidak bersyukur adalah salah satunya lokasi pantai batu lapis ds totoharjo kec bakauheni kab lampung selatan foto visit arah
https://www.instagram.com/p/CUS6Wv-hR0t/,635.jpg,44465.784444444442,".
""Cintai hidup yang kamu jalani.
Jalani hidup yang kamu cintai""
🌍

📸Repost @nurulvekycahyanii

Visit 👉🏻 www.ayokelampung.com_

@jokowi @kemensetneg.ri  @sandiuno @kemenparekraf.ri  @arinal_djunaidi @mbak_nunik @edarwan1962
@pariwisata_lampung @ekraf.lampung @rianasariarinal @ardito_wijaya @dharmasetyawan.com_ @payungiuniversity  @genpiindonesia @genpi_lampung 
.
#ayokelampung #travel #tour #wisata #holiday #pesonaindonesia #travelphotography #visitindonesia #jalanjalan #wonderfulindonesia #like4like #wisataindonesia #lfl #wisatalampung #lampunggeh #lampung #genpilampung #bandarlampung #lampunginsta #lampungselatan #lampungbarat #lampunghits #lampungtengah #lampungtimur #lampungwisata #lampungkece #lampungyay #lampungeksis #lampungkeren #lampunggham",Attraction,,"""cintai hidup yang kamu jalani. jalani hidup yang kamu cintai"" 🌍 📸repost visit 👉🏻",ayokelampung travel tour wisata holiday pesonaindonesia travelphotography visitindonesia jalanjalan wonderfulindonesia like4like wisataindonesia lfl wisatalampung lampunggeh lampung genpilampung bandarlampung lampunginsta lampungselatan lampungbarat lampunghits lampungtengah lampungtimur lampungwisata lampungkece lampungyay lampungeksis lampungkeren lampunggham,cintai hidup yang kamu jalani jalani hidup yang kamu cintai bumi kamera repost visit arah
https://www.instagram.com/p/DIf565Hyzs5/,636.jpg,45763.297511574077,"April 10, 2025, before returning to Central Java, I intended to visit the stone monument in the rice fields that I used to pass by after school. I intended to capture it with Google Pixel. But when I got there, everything had changed. The stone monument was gone, buried, replaced by a tourist spot. For a moment I was sad because the most nostalgic place was gone. But when I visited the tourist spot, my sadness disappeared and instead turned into happiness because of the aesthetics offered. I was quite satisfied.

This trip is the closing part of The Beginning of the year (Jan - April 2025).

#TEAMPIXEL #googlepixel #madebygoogle #waterworldlampung #wayhuwi #lampungselatan",Attraction,,"april 10, 2025, before returning to central java, i intended to visit the stone monument in the rice fields that i used to pass by after school. i intended to capture it with google pixel. but when i got there, everything had changed. the stone monument was gone, buried, replaced by a tourist spot. for a moment i was sad because the most nostalgic place was gone. but when i visited the tourist spot, my sadness disappeared and instead turned into happiness because of the aesthetics offered. i was quite satisfied. this trip is the closing part of the beginning of the year (jan - april 2025)",teampixel googlepixel madebygoogle waterworldlampung wayhuwi lampungselatan,april 10 2025 before returning to central java i intended to visit the stone monument in the rice fields that i used to pass by after school i intended to capture it with google pixel but when i got there everything had changed the stone monument was gone buried replaced by a tourist spot for a moment i was sad because the most nostalgic place was gone but when i visited the tourist spot my sadness disappeared and instead turned into happiness because of the aesthetics offered i was quite satisfied this trip is the closing part of the beginning of the year jan april 2025
https://www.instagram.com/p/CUtos5_pYtZ/,637.jpg,44476.163078703707,".
Laut nya di bungkus bolee ga sii?🙏

📍Lokasi Pantai Marina Kalianda Lampung Selatan
📸Repost @sfrausss 

Salam Generasi Pesona Indonesia
Lapah Gham Jamo-Jamo Ngelestareiken Bumi Lampung

Visit www.genpilampung.com

@jokowi @kemensetneg.ri 
@sandiuno @kemenparekraf.ri 
@dwita_ria @ellanuryamah @dpr_ri
@ustadzabdulhakim @jihanchalim @dpdri
@arinal_djunaidi @pemprov.lampung
@mbak_nunik @pemprovlampung_
@rianasariarinal @pkk_provinsi_lampung
@edarwan1962 @pariwisata_lampung
@vera_moz76 @ekraf.lampun @lyanda_melly
@elhannidjafar @heliana.dewi @perindaglampung
@ellywahyuni.s @ade_ui @vittorio_dwison @lestyputriii @wahrulfauzisilalahi @agiriakbar @dprdlampung 
@dharmasetyawan.com_ @payungiuniversity
@mustika_edi23 @ayokelampung.com_ @lampung.media
@mbakjhe @genpiindonesia @wonderful.indonesiaku
@abdulrohmanwahidone @genpi_lampung @infogeh

#genpi #genpilampung #genpilampung2021 #generasipesonaindonesia #pesonaindonesia #wonderfulindonesia #salamgenpigasgasgas #AyokeLampung #kelampungkeren #dilampungaja #diindonesiaaja #lampung #bandarlampung #kotametro #lampungbarat #lampungutara #lampungtimur #lampungtengah #lampungselatan #tanggamus #pringsewu #pesawaran #pesisirbarat #mesuji #waykanan #tulangbawang #tulangbawangbarat #love #lampungberjaya",Attraction,,laut nya di bungkus bolee ga sii?🙏 📍lokasi pantai marina kalianda lampung selatan 📸repost salam generasi pesona indonesia lapah gham jamo-jamo ngelestareiken bumi lampung visit,genpi genpilampung genpilampung2021 generasipesonaindonesia pesonaindonesia wonderfulindonesia salamgenpigasgasgas ayoke lampung kelampungkeren dilampungaja diindonesiaaja lampung bandarlampung kotametro lampungbarat lampungutara lampungtimur lampungtengah lampungselatan tanggamus pringsewu pesawaran pesisirbarat mesuji waykanan tulangbawang tulangbawangbarat love lampungberjaya,laut nya di bungkus bolee tidak sii terima kasih lokasi lokasi pantai marina kalianda lampung selatan kamera repost salam generasi pesona indonesia lapah gham jamo jamo ngelestareiken bumi lampung visit
https://www.instagram.com/p/CURava3h_ax/,638.jpg,44465.204236111109,"📍 Pantai arang, Kalianda, Lampung Selatan
Visit 👉 www.ayokelampung.com

Repost from : @repern

@jokowi @kemensetneg.ri  @sandiuno @kemenparekraf.ri  @arinal_djunaidi @mbak_nunik @edarwan1962
@pariwisata_lampung @ekraf.lampung @rianasariarinal @ardito_wijaya @dharmasetyawan.com_ @payungiuniversity  @genpiindonesia @genpi_lampung 
.
#ayokelampung #travel #tour #wisata #holiday #pesonaindonesia #travelphotography #visitindonesia #jalanjalan #wonderfulindonesia #like4like #wisataindonesia #lfl #wisatalampung #lampunggeh #lampung #genpilampung #bandarlampung #lampunginsta #lampungselatan #lampungbarat #lampunghits #lampungtengah #lampungtimur #lampungwisata #lampungkece #lampungyay #lampungeksis #lampungkeren #lampunggham",Attraction,,"📍 pantai arang, kalianda, lampung selatan visit 👉 repost from",ayokelampung travel tour wisata holiday pesonaindonesia travelphotography visitindonesia jalanjalan wonderfulindonesia like4like wisataindonesia lfl wisatalampung lampunggeh lampung genpilampung bandarlampung lampunginsta lampungselatan lampungbarat lampunghits lampungtengah lampungtimur lampungwisata lampungkece lampungyay lampungeksis lampungkeren lampunggham,lokasi pantai arang kalianda lampung selatan visit arah repost from
https://www.instagram.com/p/CT7JA6HByWN/,639.jpg,44456.552719907413,"📍Pantai Kedu, Kalianda

📸 @asranii_d

 Visit 👉 www.ayokelampung.com

@jokowi @kemensetneg.ri  @sandiuno @kemenparekraf.ri  @arinal_djunaidi @mbak_nunik @edarwan1962
@pariwisata_lampung @ekraf.lampung @rianasariarinal @ardito_wijaya @dharmasetyawan.com_ @payungiuniversity  @genpiindonesia @genpi_lampung 
.
#ayokelampung #travel #tour #wisata #holiday #pesonaindonesia #travelphotography #visitindonesia #jalanjalan #wonderfulindonesia #like4like #wisataindonesia #lfl #wisatalampung #lampunggeh #lampung #genpilampung #bandarlampung #lampunginsta #lampungselatan #lampungbarat #lampunghits #lampungtengah #lampungtimur #lampungwisata #lampungkece #lampungyay #lampungeksis #lampungkeren #lampunggham",Attraction,,"📍pantai kedu, kalianda 📸 visit 👉",ayokelampung travel tour wisata holiday pesonaindonesia travelphotography visitindonesia jalanjalan wonderfulindonesia like4like wisataindonesia lfl wisatalampung lampunggeh lampung genpilampung bandarlampung lampunginsta lampungselatan lampungbarat lampunghits lampungtengah lampungtimur lampungwisata lampungkece lampungyay lampungeksis lampungkeren lampunggham,lokasi pantai kedu kalianda kamera visit arah
https://www.instagram.com/p/CTePuINhWyx/,640.jpg,44445.330937500003,"Bawa Santai aja kawan... Panas panas gini enak nya emang berjemur dipantai ya😅

Reposted from @agilswd_

Visit 👉 www.ayokelampung.com

@jokowi @kemensetneg.ri  @sandiuno @kemenparekraf.ri  @arinal_djunaidi @mbak_nunik @edarwan1962
@pariwisata_lampung @ekraf.lampung @rianasariarinal @ardito_wijaya @dharmasetyawan.com_ @payungiuniversity  @genpiindonesia @genpi_lampung 
.
#ayokelampung #travel #tour #wisata #holiday #pesonaindonesia #travelphotography #visitindonesia #jalanjalan #wonderfulindonesia #like4like #wisataindonesia #lfl #wisatalampung #lampunggeh #lampung #genpilampung #bandarlampung #lampunginsta #lampungselatan #lampungbarat #lampunghits #lampungtengah #lampungtimur #lampungwisata #lampungkece #lampungyay #lampungeksis #lampungkeren #lampunggham",Attraction,,bawa santai aja kawan panas panas gini enak nya emang berjemur dipantai ya😅 reposted from visit 👉,ayokelampung travel tour wisata holiday pesonaindonesia travelphotography visitindonesia jalanjalan wonderfulindonesia like4like wisataindonesia lfl wisatalampung lampunggeh lampung genpilampung bandarlampung lampunginsta lampungselatan lampungbarat lampunghits lampungtengah lampungtimur lampungwisata lampungkece lampungyay lampungeksis lampungkeren lampunggham,bawa santai saja kawan panas panas gini enak nya emang berjemur dipantai ya reposted from visit arah
https://www.instagram.com/p/CaMLXbarM5c/,641.jpg,44612.299942129634,"Selamat berakhir pekan 🙌

🍁 Air Terjun Cijuwet, Rajabasa, Lampung Selatan.

Foto @deniikristianto

Visit 👉 www.ayokelampung.com

#ayokelampung #travel #tour #wisata #holiday #pesonaindonesia #travelphotography #visitindonesia #jalanjalan #wonderfulindonesia #like4like #wisataindonesia #lfl #wisatalampung #lampunggeh #lampung #genpilampung #bandarlampung #lampunginsta #lampungselatan #lampungbarat #lampunghits #lampungtengah #lampungtimur #lampungwisata #lampungkece #lampungyay #lampungeksis #lampungkeren #lampunggham",Attraction,,"selamat berakhir pekan 🙌 🍁 air terjun cijuwet, rajabasa, lampung selatan. foto visit 👉",ayokelampung travel tour wisata holiday pesonaindonesia travelphotography visitindonesia jalanjalan wonderfulindonesia like4like wisataindonesia lfl wisatalampung lampunggeh lampung genpilampung bandarlampung lampunginsta lampungselatan lampungbarat lampunghits lampungtengah lampungtimur lampungwisata lampungkece lampungyay lampungeksis lampungkeren lampunggham,selamat berakhir pekan dukungan air terjun cijuwet rajabasa lampung selatan foto visit arah
https://www.instagram.com/p/CeAeTXyh0DC/,642.jpg,44707.175057870372,"Cintailah sewajarnya 
Bencilah sewajarnya 
Tapi kalo terjebak antara cinta & benci 
Nah itu yang gak wajar

Pict @ardwijaya04

📍Pulau Sekepel, Totoharjo, Bakauheni, Lampung Selatan

Visit 👉 www.ayokelampung.com

#ayokelampung #travel #tour #wisata #holiday #pesonaindonesia #travelphotography #visitindonesia #jalanjalan #wonderfulindonesia #like4like #wisataindonesia #lfl #wisatalampung #lampunggeh #lampung #genpilampung #bandarlampung #lampunginsta #lampungselatan #lampungbarat #lampunghits #lampungtengah #lampungtimur #lampungwisata #lampungkece #lampungyay #lampungeksis #lampungkeren #lampunggham",Attraction,,"cintailah sewajarnya bencilah sewajarnya tapi kalo terjebak antara cinta dan benci nah itu yang gak wajar pict 📍pulau sekepel, totoharjo, bakauheni, lampung selatan visit 👉",ayokelampung travel tour wisata holiday pesonaindonesia travelphotography visitindonesia jalanjalan wonderfulindonesia like4like wisataindonesia lfl wisatalampung lampunggeh lampung genpilampung bandarlampung lampunginsta lampungselatan lampungbarat lampunghits lampungtengah lampungtimur lampungwisata lampungkece lampungyay lampungeksis lampungkeren lampunggham,cintailah sewajarnya bencilah sewajarnya tapi kalau terjebak antara cinta dan benci nah itu yang tidak wajar pict lokasi pulau sekepel totoharjo bakauheni lampung selatan visit arah
https://www.instagram.com/p/CZbeqh8rJ0a/,643.jpg,44593.387337962973,"Kurangi Stres Dan Nikmati Yang Terbaik.

📍 Bendungan UmbulSelawe U25, Sidomukti Tanjung Bintang, Lampung Selatan

Repost @siaudhiarga

Visit 👉 www.ayokelampung.com

@jokowi @kemensetneg.ri @sandiuno @kemenparekraf.ri @arinal_djunaidi @mbak_nunik @edarwan1962
@pariwisata_lampung @ekraf.lampung @rianasariarinal @ardito_wijaya @dharmasetyawan.com_ @payungiuniversity @genpiindonesia @genpi_lampung
.
#ayokelampung #travel #tour #wisata #holiday #pesonaindonesia #travelphotography #visitindonesia #jalanjalan #wonderfulindonesia #like4like #wisataindonesia #lfl #wisatalampung #lampunggeh #lampung #genpilampung #bandarlampung #lampunginsta #lampungselatan #lampungbarat #lampunghits #lampungtengah #lampungtimur #lampungwisata #lampungkece #lampungyay #lampungeksis #lampungkeren #lampunggham",Attraction,,"kurangi stres dan nikmati yang terbaik. 📍 bendungan umbulselawe u25, sidomukti tanjung bintang, lampung selatan repost visit 👉",ayokelampung travel tour wisata holiday pesonaindonesia travelphotography visitindonesia jalanjalan wonderfulindonesia like4like wisataindonesia lfl wisatalampung lampunggeh lampung genpilampung bandarlampung lampunginsta lampungselatan lampungbarat lampunghits lampungtengah lampungtimur lampungwisata lampungkece lampungyay lampungeksis lampungkeren lampunggham,kurangi stres dan nikmati yang terbaik lokasi bendungan umbulselawe u25 sidomukti tanjung bintang lampung selatan repost visit arah
https://www.instagram.com/p/CcITI3Jr5iy/,644.jpg,44660.503935185188,"Kalau bukan kamu yang menguatkan diri kamu sendiri untuk berjuang lalu siapa lagi yang bisa diandalkan?

Loc. : Pantai Minang rua Bakauheni

Pict. @bagas.geh

Visit 👉 www.ayokelampung.com

#ayokelampung #travel #tour #wisata #holiday #pesonaindonesia #travelphotography #visitindonesia #jalanjalan #wonderfulindonesia #like4like #wisataindonesia #lfl #wisatalampung #lampunggeh #lampung #genpilampung #bandarlampung #lampunginsta #lampungselatan #lampungbarat #lampunghits #lampungtengah #lampungtimur #lampungwisata #lampungkece #lampungyay #lampungeksis #lampungkeren #lampunggham",Attraction,,kalau bukan kamu yang menguatkan diri kamu sendiri untuk berjuang lalu siapa lagi yang bisa diandalkan? loc.: pantai minang rua bakauheni pict. visit 👉,ayokelampung travel tour wisata holiday pesonaindonesia travelphotography visitindonesia jalanjalan wonderfulindonesia like4like wisataindonesia lfl wisatalampung lampunggeh lampung genpilampung bandarlampung lampunginsta lampungselatan lampungbarat lampunghits lampungtengah lampungtimur lampungwisata lampungkece lampungyay lampungeksis lampungkeren lampunggham,kalau bukan kamu yang menguatkan diri kamu sendiri untuk berjuang lalu siapa lagi yang bisa diandalkan lokasi pantai minang rua bakauheni pict visit arah
https://www.instagram.com/p/CeAQol0BoEH/,645.jpg,44707.092118055552,"Tubuh lelah
Pikiran goyah
Semangat patah

  Terkadang perjalanan semenyebalkan itu, tapi ingin lagi...

Pict @alvinrhmanda

📍Pantai Marina, Kalianda, Lampung Selatan.

Visit 👉 www.ayokelampung.com

#ayokelampung #travel #tour #wisata #holiday #pesonaindonesia #travelphotography #visitindonesia #jalanjalan #wonderfulindonesia #like4like #wisataindonesia #lfl #wisatalampung #lampunggeh #lampung #genpilampung #bandarlampung #lampunginsta #lampungselatan #lampungbarat #lampunghits #lampungtengah #lampungtimur #lampungwisata #lampungkece #lampungyay #lampungeksis #lampungkeren #lampunggham",Attraction,,"tubuh lelah pikiran goyah semangat patah terkadang perjalanan semenyebalkan itu, tapi ingin lagi pict 📍pantai marina, kalianda, lampung selatan. visit 👉",ayokelampung travel tour wisata holiday pesonaindonesia travelphotography visitindonesia jalanjalan wonderfulindonesia like4like wisataindonesia lfl wisatalampung lampunggeh lampung genpilampung bandarlampung lampunginsta lampungselatan lampungbarat lampunghits lampungtengah lampungtimur lampungwisata lampungkece lampungyay lampungeksis lampungkeren lampunggham,tubuh lelah pikiran goyah semangat patah terkadang perjalanan semenyebalkan itu tapi ingin lagi pict lokasi pantai marina kalianda lampung selatan visit arah
https://www.instagram.com/p/CJzw3Run81O/,646.jpg,44205.136296296303,"Karena di setiap perjalanan terdapat hikmah dan cerita yang berbeda
#visitindonesia 
#indonesiakeren 
#visitlampung
#visitlampungselatan 
#visitkalianda 
#lestarialamku
#purna1261-1262
#saudaratunaskelapa",Attraction,,karena di setiap perjalanan terdapat hikmah dan cerita yang berbeda -1262,visitindonesia indonesiakeren visitlampung visitlampungselatan visitkalianda lestarialamku purna1261 saudaratunaskelapa,karena di setiap perjalanan terdapat hikmah dan cerita yang berbeda 1262
https://www.instagram.com/p/DIGF61LvtK6/,647.jpg,45753.272928240738,"Visit one of our stalls, Setigi Sundae! Taste the various of ice cream there 🍨
Delight in every frozen bite!

Booking and Reservation:
Whatsapp +62 821 2200 2098

—
Pantai Setigi Heni
Canggung, Lampung Selatan

#SetigiHeni #HarmonyWithNature #BatokKelapaBeachCafe #ShellOfFlavor #HiddenGem #Canggung #LampungSelatan",Amenities,,"visit one of our stalls, setigi sundae! taste the various of ice cream there 🍨 delight in every frozen bite! booking and reservation: whatsapp +62 821 2200 2098 pantai setigi heni canggung, lampung selatan",setigi heni harmony with nature batok kelapa beach cafe shell of flavor hidden gem canggung lampung selatan,visit one of our stalls setigi sundae taste the various of ice cream there delight in every frozen bite booking and reservation whatsapp 62 821 2200 2098 pantai setigi heni canggung lampung selatan
https://www.instagram.com/p/Cbev3QlLn4w/,648.jpg,44644.367060185177,"Sedikit healing biar gak pusing🤪
.
📍Persawahan Kalianda - Lampung Selatan
.
Pict. @indhmeilia

Visit 👉 www.ayokelampung.com

#ayokelampung #travel #tour #wisata #holiday #pesonaindonesia #travelphotography #visitindonesia #jalanjalan #wonderfulindonesia #like4like #wisataindonesia #lfl #wisatalampung #lampunggeh #lampung #genpilampung #bandarlampung #lampunginsta #lampungselatan #lampungbarat #lampunghits #lampungtengah #lampungtimur #lampungwisata #lampungkece #lampungyay #lampungeksis #lampungkeren #lampunggham",Attraction,,sedikit healing biar gak pusing🤪. 📍persawahan kalianda - lampung selatan. pict. visit 👉,ayokelampung travel tour wisata holiday pesonaindonesia travelphotography visitindonesia jalanjalan wonderfulindonesia like4like wisataindonesia lfl wisatalampung lampunggeh lampung genpilampung bandarlampung lampunginsta lampungselatan lampungbarat lampunghits lampungtengah lampungtimur lampungwisata lampungkece lampungyay lampungeksis lampungkeren lampunggham,sedikit healing biar tidak pusing lokasi persawahan kalianda lampung selatan pict visit arah
https://www.instagram.com/p/CT2FeyNhmzv/,649.jpg,44454.589467592603,"Jangan hanya menikmati keindahan alam saja, tapi juga cintai alam dengan tidak membuang sampah sembarangan, gaboleh ya😋

Repost from : @indhmeilia 

📍Bukit Pematang Sunrise, Bakauheni -Lampung Selatan

Visit 👉 www.ayokelampung.com

@jokowi @kemensetneg.ri  @sandiuno @kemenparekraf.ri  @arinal_djunaidi @mbak_nunik @edarwan1962
@pariwisata_lampung @ekraf.lampung @rianasariarinal @ardito_wijaya @dharmasetyawan.com_ @payungiuniversity  @genpiindonesia @genpi_lampung 
.
#ayokelampung #travel #tour #wisata #holiday #pesonaindonesia #travelphotography #visitindonesia #jalanjalan #wonderfulindonesia #like4like #wisataindonesia #lfl #wisatalampung #lampunggeh #lampung #genpilampung #bandarlampung #lampunginsta #lampungselatan #lampungbarat #lampunghits #lampungtengah #lampungtimur #lampungwisata #lampungkece #lampungyay #lampungeksis #lampungkeren #lampunggham",Attraction,,"jangan hanya menikmati keindahan alam saja, tapi juga cintai alam dengan tidak membuang sampah sembarangan, gaboleh ya😋 repost from: 📍bukit pematang sunrise, bakauheni -lampung selatan visit 👉",ayokelampung travel tour wisata holiday pesonaindonesia travelphotography visitindonesia jalanjalan wonderfulindonesia like4like wisataindonesia lfl wisatalampung lampunggeh lampung genpilampung bandarlampung lampunginsta lampungselatan lampungbarat lampunghits lampungtengah lampungtimur lampungwisata lampungkece lampungyay lampungeksis lampungkeren lampunggham,jangan hanya menikmati keindahan alam saja tapi juga cintai alam dengan tidak membuang sampah sembarangan gaboleh ya repost from lokasi bukit pematang sunrise bakauheni lampung selatan visit arah
https://www.instagram.com/p/CfgnpWppmmC/,650.jpg,44744.514456018522,Mengawali bulan Juli bersama rekan kerja visit ke Kota Bandar Lampung tepatnya Pantai Sebalang - Lampung Selatan #beatifulindonesia,Attraction,,mengawali bulan juli bersama rekan kerja visit ke kota bandar lampung tepatnya pantai sebalang - lampung selatan,beatifulindonesia,mengawali bulan juli bersama rekan kerja visit ke kota bandar lampung tepatnya pantai sebalang lampung selatan
https://www.instagram.com/p/CVu9LrVJC7v/,651.jpg,44501.530856481477,".
📍bukit Pematang sunrise,Bakauheni,Lampung Selatan

Reposted from @hallooo.lilis_ Draf..

Salam Generasi Pesona Indonesia
Lapah Gham Jamo-Jamo Ngelestareiken Bumi Lampung

Visit www.genpilampung.com

@jokowi @kemensetneg.ri 
@sandiuno @kemenparekraf.ri 
@dwita_ria @ellanuryamah @dpr_ri
@ustadzabdulhakim @jihanchalim @dpdri
@arinal_djunaidi @pemprov.lampung
@mbak_nunik @pemprovlampung_
@rianasariarinal @pkk_provinsi_lampung
@edarwan1962 @ulidarebeca_ @pariwisata_lampung
@vera_moz76 @ekraf.lampun @lyanda_melly
@elhannidjafar @heliana.dewi @perindaglampung
@ellywahyuni.s @ade_ui @vittorio_dwison @lestyputriii @wahrulfauzisilalahi @garinca.reza.pahlevi
@agiriakbar @mirzano @dprdlampung 
@dharmasetyawan.com_ @payungiuniversity
@mustika_edi23 @ayokelampung.com_ @lampung.media
@mbakjhe @genpiindonesia @wonderful.indonesiaku
@abdulrohmanwahidone @genpi_lampung @infogeh
@akhyarmusthafa @myls.kotametro @payungikampungbahasa

#genpi #genpilampung #genpilampung2021 #generasipesonaindonesia #pesonaindonesia #wonderfulindonesia #salamgenpigasgasgas #AyokeLampung #kelampungkeren #dilampungaja #diindonesiaaja #lampung #bandarlampung #kotametro #lampungbarat #lampungutara #lampungtimur #lampungtengah #lampungselatan #tanggamus #pringsewu #pesawaran #pesisirbarat #mesuji #waykanan #tulangbawang #tulangbawangbarat #lampungberjaya #pesonalampung #myls.kotametro",Attraction,,"📍bukit pematang sunrise,bakauheni,lampung selatan reposted from draf salam generasi pesona indonesia lapah gham jamo-jamo ngelestareiken bumi lampung visit.kotametro",genpi genpilampung genpilampung2021 generasipesonaindonesia pesonaindonesia wonderfulindonesia salamgenpigasgasgas ayoke lampung kelampungkeren dilampungaja diindonesiaaja lampung bandarlampung kotametro lampungbarat lampungutara lampungtimur lampungtengah lampungselatan tanggamus pringsewu pesawaran pesisirbarat mesuji waykanan tulangbawang tulangbawangbarat lampungberjaya pesonalampung myls,lokasi bukit pematang sunrise bakauheni lampung selatan reposted from draf salam generasi pesona indonesia lapah gham jamo jamo ngelestareiken bumi lampung visit kotametro
https://www.instagram.com/p/CWsU6UWBKAa/,652.jpg,44525.364895833343,"Paint the sky. Make it yours 🌈

Repost 
📷 @ineskusuma 
.
follow  @pantai.marina.official Official account of Pantai Marina Lampung
.
Visit 👉 www.ayokelampung.com

@jokowi @kemensetneg.ri  @sandiuno @kemenparekraf.ri  @arinal_djunaidi @mbak_nunik @edarwan1962
@pariwisata_lampung @ekraf.lampung @rianasariarinal @ardito_wijaya @dharmasetyawan.com_ @payungiuniversity  @genpiindonesia @genpi_lampung 
.
#ayokelampung #travel #tour #wisata #holiday #pesonaindonesia #travelphotography #visitindonesia #jalanjalan #wonderfulindonesia #like4like #wisataindonesia #lfl #wisatalampung #lampunggeh #lampung #genpilampung #bandarlampung #lampunginsta #lampungselatan #lampungbarat #lampunghits #lampungtengah #lampungtimur #lampungwisata #lampungkece #lampungyay #lampungeksis #lampungkeren #lampunggham",Attraction,,paint the sky. make it yours 🌈 repost 📷. follow official account of pantai marina lampung. visit 👉,ayokelampung travel tour wisata holiday pesonaindonesia travelphotography visitindonesia jalanjalan wonderfulindonesia like4like wisataindonesia lfl wisatalampung lampunggeh lampung genpilampung bandarlampung lampunginsta lampungselatan lampungbarat lampunghits lampungtengah lampungtimur lampungwisata lampungkece lampungyay lampungeksis lampungkeren lampunggham,paint the sky make it yours repost kamera follow official account of pantai marina lampung visit arah
https://www.instagram.com/p/Cd9sW4RhHz-/,653.jpg,44706.095254629632,"Sungguh indah ciptaan mu 

📍pantai marina

Visit 👉 www.ayokelampung.com

#ayokelampung #travel #tour #wisata #holiday #pesonaindonesia #travelphotography #visitindonesia #jalanjalan #wonderfulindonesia #like4like #wisataindonesia #lfl #wisatalampung #lampunggeh #lampung #genpilampung #bandarlampung #lampunginsta #lampungselatan #lampungbarat #lampunghits #lampungtengah #lampungtimur #lampungwisata #lampungkece #lampungyay #lampungeksis #lampungkeren #lampunggham",Attraction,,sungguh indah ciptaan mu 📍pantai marina visit 👉,ayokelampung travel tour wisata holiday pesonaindonesia travelphotography visitindonesia jalanjalan wonderfulindonesia like4like wisataindonesia lfl wisatalampung lampunggeh lampung genpilampung bandarlampung lampunginsta lampungselatan lampungbarat lampunghits lampungtengah lampungtimur lampungwisata lampungkece lampungyay lampungeksis lampungkeren lampunggham,sungguh indah ciptaan mu lokasi pantai marina visit arah
https://www.instagram.com/p/CR8uzM2hVDa/,654.jpg,44407.460104166668,"I come back 💪💪💪

📸@kusnandri 
📍 Sebalang tarahan Lampung Indonesia 🇮🇩

Visit 👉 www.ayokelampung.com

@jokowi @kemensetneg.ri  @sandiuno @kemenparekraf.ri  @arinal_djunaidi @mbak_nunik @edarwan1962
@pariwisata_lampung @ekraf.lampung @rianasariarinal @ardito_wijaya @dharmasetyawan.com_ @payungiuniversity  @genpiindonesia @genpi_lampung 
.
#ayokelampung #travel #tour #wisata #pesonaindonesia #travelphotography #visitindonesia #jalanjalan #wonderfulindonesia #like4like #wisataindonesia #lfl #wisatalampung #lampunggeh #lampung #lampungkeren #genpilampung #bandarlampung #lampunginsta #lampungselatan #lampungbarat #lampunghits #lampungtengah #lampungtimur #lampungwisata #lampungkece #lampungyay #lampungeksis #lampungkeren #lampunggham",Attraction,,i come back 💪💪💪 📸 📍 sebalang tarahan lampung indonesia 🇮🇩 visit 👉,ayokelampung travel tour wisata pesonaindonesia travelphotography visitindonesia jalanjalan wonderfulindonesia like4like wisataindonesia lfl wisatalampung lampunggeh lampung lampungkeren genpilampung bandarlampung lampunginsta lampungselatan lampungbarat lampunghits lampungtengah lampungtimur lampungwisata lampungkece lampungyay lampungeksis lampunggham,i come back semangat semangat semangat kamera lokasi sebalang tarahan lampung indonesia visit arah
https://www.instagram.com/p/CUmxTUKhSk7/,655.jpg,44473.496736111112,"#Repost @shellayuanda_
...
Luangkan waktu untuk membuat jiwamu bahagia✨

📍Pantai Semungkuk Kalianda Lampung Selatan

Visit 👉 www.ayokelampung.com

@jokowi @kemensetneg.ri  @sandiuno @kemenparekraf.ri  @arinal_djunaidi @mbak_nunik @edarwan1962
@pariwisata_lampung @ekraf.lampung @rianasariarinal @ardito_wijaya @dharmasetyawan.com_ @payungiuniversity  @genpiindonesia @genpi_lampung 
.
#ayokelampung #travel #tour #wisata #holiday #pesonaindonesia #travelphotography #visitindonesia #jalanjalan #wonderfulindonesia #like4like #wisataindonesia  #wisatalampung #lampunggeh #lampung #genpilampung #bandarlampung #lampunginsta #lampungselatan #lampungbarat #lampunghits #lampungtengah #lampungtimur #lampungwisata #lampungkece #lampungyay #lampungeksis #lampungkeren #lampunggham",Attraction,,luangkan waktu untuk membuat jiwamu bahagia✨ 📍pantai semungkuk kalianda lampung selatan visit 👉,repost ayokelampung travel tour wisata holiday pesonaindonesia travelphotography visitindonesia jalanjalan wonderfulindonesia like4like wisataindonesia wisatalampung lampunggeh lampung genpilampung bandarlampung lampunginsta lampungselatan lampungbarat lampunghits lampungtengah lampungtimur lampungwisata lampungkece lampungyay lampungeksis lampungkeren lampunggham,luangkan waktu untuk membuat jiwamu bahagia indah lokasi pantai semungkuk kalianda lampung selatan visit arah
https://www.instagram.com/p/CekWnbDBYP-/,656.jpg,44721.1094212963,"Duduk di tempat teduh di hari yang cerah, dan memandangi pemandangan, adalah penyegaran yang paling sempurna. 

Pict @laila.isti.988

📍pantai merak belantung kaliada lampung selatan

Visit 👉 www.ayokelampung.com

#ayokelampung #travel #tour #wisata #holiday #pesonaindonesia #travelphotography #visitindonesia #jalanjalan #wonderfulindonesia #like4like #wisataindonesia #lfl #wisatalampung #lampunggeh #lampung #genpilampung #bandarlampung #lampunginsta #lampungselatan #lampungbarat #lampunghits #lampungtengah #lampungtimur #lampungwisata #lampungkece #lampungyay #lampungeksis #lampungkeren #lampunggham",Attraction,,"duduk di tempat teduh di hari yang cerah, dan memandangi pemandangan, adalah penyegaran yang paling sempurna. pict 📍pantai merak belantung kaliada lampung selatan visit 👉",ayokelampung travel tour wisata holiday pesonaindonesia travelphotography visitindonesia jalanjalan wonderfulindonesia like4like wisataindonesia lfl wisatalampung lampunggeh lampung genpilampung bandarlampung lampunginsta lampungselatan lampungbarat lampunghits lampungtengah lampungtimur lampungwisata lampungkece lampungyay lampungeksis lampungkeren lampunggham,duduk di tempat teduh di hari yang cerah dan memandangi pemandangan adalah penyegaran yang paling sempurna pict lokasi pantai merak belantung kaliada lampung selatan visit arah
https://www.instagram.com/p/CeXwbsFhlQA/,657.jpg,44716.21738425926,"Ternyata, senjapun enggan membawamu bersamaku 🍂

Pict @cc.dxwyy_

📍Pantai marina

Visit 👉 www.ayokelampung.com

#ayokelampung #travel #tour #wisata #holiday #pesonaindonesia #travelphotography #visitindonesia #jalanjalan #wonderfulindonesia #like4like #wisataindonesia #lfl #wisatalampung #lampunggeh #lampung #genpilampung #bandarlampung #lampunginsta #lampungselatan #lampungbarat #lampunghits #lampungtengah #lampungtimur #lampungwisata #lampungkece #lampungyay #lampungeksis #lampungkeren #lampunggham",Attraction,,"ternyata, senjapun enggan membawamu bersamaku 🍂 pict 📍pantai marina visit 👉",ayokelampung travel tour wisata holiday pesonaindonesia travelphotography visitindonesia jalanjalan wonderfulindonesia like4like wisataindonesia lfl wisatalampung lampunggeh lampung genpilampung bandarlampung lampunginsta lampungselatan lampungbarat lampunghits lampungtengah lampungtimur lampungwisata lampungkece lampungyay lampungeksis lampungkeren lampunggham,ternyata senjapun enggan membawamu bersamaku pict lokasi pantai marina visit arah
https://www.instagram.com/p/CZW18vvJaVn/,658.jpg,44591.586828703701,"Don't worry
Beach happy 💙
.
.
📍Pantai Setigiheni Kalianda Lampung Selatan
.

Repost from @rimachasanah25

Visit 👉 www.ayokelampung.com

@jokowi @kemensetneg.ri @sandiuno @kemenparekraf.ri @arinal_djunaidi @mbak_nunik @edarwan1962
@pariwisata_lampung @ekraf.lampung @rianasariarinal @ardito_wijaya @dharmasetyawan.com_ @payungiuniversity @genpiindonesia @genpi_lampung
.
#ayokelampung #travel #tour #wisata #holiday #pesonaindonesia #travelphotography #visitindonesia #jalanjalan #wonderfulindonesia #like4like #wisataindonesia #lfl #wisatalampung #lampunggeh #lampung #genpilampung #bandarlampung #lampunginsta #lampungselatan #lampungbarat #lampunghits #lampungtengah #lampungtimur #lampungwisata #lampungkece #lampungyay #lampungeksis #lampungkeren #lampunggham",Attraction,,don't worry beach happy 💙 📍pantai setigiheni kalianda lampung selatan. repost from visit 👉,ayokelampung travel tour wisata holiday pesonaindonesia travelphotography visitindonesia jalanjalan wonderfulindonesia like4like wisataindonesia lfl wisatalampung lampunggeh lampung genpilampung bandarlampung lampunginsta lampungselatan lampungbarat lampunghits lampungtengah lampungtimur lampungwisata lampungkece lampungyay lampungeksis lampungkeren lampunggham,don t worry beach happy cinta lokasi pantai setigiheni kalianda lampung selatan repost from visit arah
https://www.instagram.com/p/CeQ6cg6hDtx/,659.jpg,44713.559618055559,"🌊

📍pantai Marina 

Visit 👉 www.ayokelampung.com

#ayokelampung #travel #tour #wisata #holiday #pesonaindonesia #travelphotography #visitindonesia #jalanjalan #wonderfulindonesia #like4like #wisataindonesia #lfl #wisatalampung #lampunggeh #lampung #genpilampung #bandarlampung #lampunginsta #lampungselatan #lampungbarat #lampunghits #lampungtengah #lampungtimur #lampungwisata #lampungkece #lampungyay #lampungeksis #lampungkeren #lampunggham",Attraction,,🌊 📍pantai marina visit 👉,ayokelampung travel tour wisata holiday pesonaindonesia travelphotography visitindonesia jalanjalan wonderfulindonesia like4like wisataindonesia lfl wisatalampung lampunggeh lampung genpilampung bandarlampung lampunginsta lampungselatan lampungbarat lampunghits lampungtengah lampungtimur lampungwisata lampungkece lampungyay lampungeksis lampungkeren lampunggham,laut lokasi pantai marina visit arah
https://www.instagram.com/p/Cb9luFUrlAj/,660.jpg,44656.344710648147,"Kata kamu yg melihat gitu,kata saya yg menjalani gini🤘

📍Kaki Gunung Rajabasa,Lampung Selatan.

Pict @nindyzero_

Visit 👉 www.ayokelampung.com

#ayokelampung #travel #tour #wisata #holiday #pesonaindonesia #travelphotography #visitindonesia #jalanjalan #wonderfulindonesia #like4like #wisataindonesia #lfl #wisatalampung #lampunggeh #lampung #genpilampung #bandarlampung #lampunginsta #lampungselatan #lampungbarat #lampunghits #lampungtengah #lampungtimur #lampungwisata #lampungkece #lampungyay #lampungeksis #lampungkeren #lampunggham",Attraction,,"kata kamu yg melihat gitu,kata saya yg menjalani gini🤘 📍kaki gunung rajabasa,lampung selatan. pict visit 👉",ayokelampung travel tour wisata holiday pesonaindonesia travelphotography visitindonesia jalanjalan wonderfulindonesia like4like wisataindonesia lfl wisatalampung lampunggeh lampung genpilampung bandarlampung lampunginsta lampungselatan lampungbarat lampunghits lampungtengah lampungtimur lampungwisata lampungkece lampungyay lampungeksis lampungkeren lampunggham,kata kamu yang melihat gitu kata saya yang menjalani gini lokasi kaki gunung rajabasa lampung selatan pict visit arah
https://www.instagram.com/p/CZ8hNNhrAk-/,661.jpg,44606.218692129631,"📌""Bersyukur untuk hari ini, ikhlas untuk apa yang telah berlalu""

📍Pulau Mengkudu, Ds. Totoharjo, Kec. Bakauheni, Kab. Lampung Selatan

Repost @siaudhiarga

.Visit 👉 www.ayokelampung.com

@jokowi @kemensetneg.ri @sandiuno @kemenparekraf.ri @arinal_djunaidi @mbak_nunik @edarwan1962
@pariwisata_lampung @ekraf.lampung @rianasariarinal @ardito_wijaya @dharmasetyawan.com_ @payungiuniversity @genpiindonesia @genpi_lampung
.
#ayokelampung #travel #tour #wisata #holiday #pesonaindonesia #travelphotography #visitindonesia #jalanjalan #wonderfulindonesia #like4like #wisataindonesia #lfl #wisatalampung #lampunggeh #lampung #genpilampung #bandarlampung #lampunginsta #lampungselatan #lampungbarat #lampunghits #lampungtengah #lampungtimur #lampungwisata #lampungkece #lampungyay #lampungeksis #lampungkeren #lampunggham",Attraction,,"📌""bersyukur untuk hari ini, ikhlas untuk apa yang telah berlalu"" 📍pulau mengkudu, ds. totoharjo, kec. bakauheni, kab. lampung selatan repost.visit 👉",ayokelampung travel tour wisata holiday pesonaindonesia travelphotography visitindonesia jalanjalan wonderfulindonesia like4like wisataindonesia lfl wisatalampung lampunggeh lampung genpilampung bandarlampung lampunginsta lampungselatan lampungbarat lampunghits lampungtengah lampungtimur lampungwisata lampungkece lampungyay lampungeksis lampungkeren lampunggham,lokasi bersyukur untuk hari ini ikhlas untuk apa yang telah berlalu lokasi pulau mengkudu ds totoharjo kec bakauheni kab lampung selatan repost visit arah
https://www.instagram.com/p/CTIoBjOBZXl/,662.jpg,44436.93445601852,"Syukuri selagi bisa, nikmati selagi ada.
.
Loc. Bukit Pematang Sunrise, Lampung Selatan
.
Reposted from @whyuungroho

Visit 👉 www.ayokelampung.com

@jokowi @kemensetneg.ri  @sandiuno @kemenparekraf.ri  @arinal_djunaidi @mbak_nunik @edarwan1962
@pariwisata_lampung @ekraf.lampung @rianasariarinal @ardito_wijaya @dharmasetyawan.com_ @payungiuniversity  @genpiindonesia @genpi_lampung 
.
#ayokelampung #travel #tour #wisata #holiday #pesonaindonesia #travelphotography #visitindonesia #jalanjalan #wonderfulindonesia #like4like #wisataindonesia #lfl #wisatalampung #lampunggeh #lampung #genpilampung #bandarlampung #lampunginsta #lampungselatan #lampungbarat #lampunghits #lampungtengah #lampungtimur #lampungwisata #lampungkece #lampungyay #lampungeksis #lampungkeren #lampunggham",Attraction,,"syukuri selagi bisa, nikmati selagi ada loc. bukit pematang sunrise, lampung selatan. reposted from visit 👉",ayokelampung travel tour wisata holiday pesonaindonesia travelphotography visitindonesia jalanjalan wonderfulindonesia like4like wisataindonesia lfl wisatalampung lampunggeh lampung genpilampung bandarlampung lampunginsta lampungselatan lampungbarat lampunghits lampungtengah lampungtimur lampungwisata lampungkece lampungyay lampungeksis lampungkeren lampunggham,syukuri selagi bisa nikmati selagi ada lokasi bukit pematang sunrise lampung selatan reposted from visit arah
https://www.instagram.com/p/CaObD0RJhN1/,663.jpg,44613.171898148154,"Difficult roads lead to beautiful destinations🌊
.
📌 Titian Mutiara Beach, Kalianda Lampung Selatan - Lampung
Reposted from @amelmia

Visit 👉 www.ayokelampung.com

#ayokelampung #travel #tour #wisata #holiday #pesonaindonesia #travelphotography #visitindonesia #jalanjalan #wonderfulindonesia #like4like #wisataindonesia #lfl #wisatalampung #lampunggeh #lampung #genpilampung #bandarlampung #lampunginsta #lampungselatan #lampungbarat #lampunghits #lampungtengah #lampungtimur #lampungwisata #lampungkece #lampungyay #lampungeksis #lampungkeren #lampunggham",Attraction,,"difficult roads lead to beautiful destinations🌊. 📌 titian mutiara beach, kalianda lampung selatan - lampung reposted from visit 👉",ayokelampung travel tour wisata holiday pesonaindonesia travelphotography visitindonesia jalanjalan wonderfulindonesia like4like wisataindonesia lfl wisatalampung lampunggeh lampung genpilampung bandarlampung lampunginsta lampungselatan lampungbarat lampunghits lampungtengah lampungtimur lampungwisata lampungkece lampungyay lampungeksis lampungkeren lampunggham,difficult roads lead to beautiful destinations laut lokasi titian mutiara beach kalianda lampung selatan lampung reposted from visit arah
https://www.instagram.com/p/DSC6JTJDRBL/,664.jpg,46000.587893518517,"Wagub Lampung Tinjau Potensi Ekonomi Karbon Way Kalam

LAMSEL- Wakil Gubernur Lampung Jihan Nurlela mengunjungi Studi Kelayakan Kunjungan Lapangan (Site Visit Feasibility Study) Pengembangan Nilai Ekonomi Karbon di kawasan Perhutanan Sosial Desa Way Kalam, Kecamatan Penengahan, Lampung Selatan, Selasa (25/11/2025). Kunjungan dilakukan dengan menyusuri jalur hutan yang rimbun. Wagub didampingi tim dari OJK dan Dinas Kehutanan Provinsi Lampung. Rombongan disambut suasana alami yang sejuk, dengan pepohonan besar, suara satwa, dan aliran sungai....

https://inspiratif.co.id/wagub-lampung-tinjau-potensi-ekonomi-karbon-way-kalam/",Ancillary,,"wagub lampung tinjau potensi ekonomi karbon way kalam lamsel- wakil gubernur lampung jihan nurlela mengunjungi studi kelayakan kunjungan lapangan (site visit feasibility study) pengembangan nilai ekonomi karbon di kawasan perhutanan sosial desa way kalam, kecamatan penengahan, lampung selatan, selasa (25/11/2025). kunjungan dilakukan dengan menyusuri jalur hutan yang rimbun. wagub didampingi tim dari ojk dan dinas kehutanan provinsi lampung. rombongan disambut suasana alami yang sejuk, dengan pepohonan besar, suara satwa, dan aliran sungai",,wagub lampung tinjau potensi ekonomi karbon way kalam lamsel wakil gubernur lampung jihan nurlela mengunjungi studi kelayakan kunjungan lapangan site visit feasibility study pengembangan nilai ekonomi karbon di kawasan perhutanan sosial desa way kalam kecamatan penengahan lampung selatan selasa 25 11 2025 kunjungan dilakukan dengan menyusuri jalur hutan yang rimbun wagub didampingi tim dari ojk dan dinas kehutanan provinsi lampung rombongan disambut suasana alami yang sejuk dengan pepohonan besar suara satwa dan aliran sungai
https://www.instagram.com/p/DFwGI7uyS2r/,665.jpg,45695.020046296297,"Gua Maria Ngison Nando, Kalianda, Lampung Selatan. Lokasinya di pinggir jalan utama, dan cukup luas untuk rombongan bus. Susteran yang juga bisa digunakan untuk retreat.

Must visit kalau sedang di area Lampung 🤗",Amenities,,"gua maria ngison nando, kalianda, lampung selatan. lokasinya di pinggir jalan utama, dan cukup luas untuk rombongan bus. susteran yang juga bisa digunakan untuk retreat. must visit kalau sedang di area lampung 🤗",,gua maria ngison nando kalianda lampung selatan lokasinya di pinggir jalan utama dan cukup luas untuk rombongan bus susteran yang juga bisa digunakan untuk retreat must visit kalau sedang di area lampung ramah
https://www.instagram.com/p/CQFKodfMFpw/,666.jpg,44361.025613425933,""" Kau tunduk kepada alam selama belum melihat Penciptanya. Jika kau telah menyaksikan-Nya maka alam akan tunduk kepadamu."" 

 ~  Ibnu Athaillah ~

Running and Swimming Time 

#running 
#swimming 
#runforhumanity 
#runforibadah 
#justicerunners 
#bugarsepanjangusia 
#keepstrong 
#staystrong 
#visitlampung 
#visitlampungselatan 
#silahturahmi
#ayolebihbaik",Attraction,,""" kau tunduk kepada alam selama belum melihat penciptanya. jika kau telah menyaksikan-nya maka alam akan tunduk kepadamu."" ~ ibnu athaillah ~ running and swimming time",running swimming runforhumanity runforibadah justicerunners bugarsepanjangusia keepstrong staystrong visitlampung visitlampungselatan silahturahmi ayolebihbaik,kau tunduk kepada alam selama belum melihat penciptanya jika kau telah menyaksikan nya maka alam akan tunduk kepadamu ibnu athaillah running and swimming time
https://www.instagram.com/p/CNOvj-XH77w/,667.jpg,44290.179560185177,"The Amazing lampung selatan
@elty_krakatoa 
#eltykrakatoaresort
#visitlampung 
#visitlampungselatan",Attraction,,the amazing lampung selatan,eltykrakatoaresort visitlampung visitlampungselatan,the amazing lampung selatan
https://www.instagram.com/p/CcAkeLhrgkw/,668.jpg,44657.502222222232,"Pict @idho.ha

Loc. Alau Alau Boutique Resort Kalianda

Visit 👉 www.ayokelampung.com

#ayokelampung #travel #tour #wisata #holiday #pesonaindonesia #travelphotography #visitindonesia #jalanjalan #wonderfulindonesia #like4like #wisataindonesia #lfl #wisatalampung #lampunggeh #lampung #genpilampung #bandarlampung #lampunginsta #lampungselatan #lampungbarat #lampunghits #lampungtengah #lampungtimur #lampungwisata #lampungkece #lampungyay #lampungeksis #lampungkeren #lampunggham",Attraction,,pict loc. alau alau boutique resort kalianda visit 👉,ayokelampung travel tour wisata holiday pesonaindonesia travelphotography visitindonesia jalanjalan wonderfulindonesia like4like wisataindonesia lfl wisatalampung lampunggeh lampung genpilampung bandarlampung lampunginsta lampungselatan lampungbarat lampunghits lampungtengah lampungtimur lampungwisata lampungkece lampungyay lampungeksis lampungkeren lampunggham,pict lokasi alau alau boutique resort kalianda visit arah
https://www.instagram.com/p/CJ5k_foAHit/,669.jpg,44207.394421296303,"visit lampung yuuk , ada yg tau ga aku lagi piknik dimanaa ??! g kalah cantik kan sama pemandangan gunung fuji hheee 😀 , aku kemaren piknik dan berenang di laut kalianda lampung selatan, tepatnya di @elty_krakatoa , lautnya jernih bgt dan ombaknya relatif tenang kalian bs berenang, bs main floatis juga disana sambil nikmatin indahnya gunung rajabasa 😍, liburan dan tetap patuhi protokol kesehatan ya  #grandeltykrakatoa #pariwisatalampung #pantaikalianda",Attraction,,"visit lampung yuuk, ada yg tau ga aku lagi piknik dimanaa! g kalah cantik kan sama pemandangan gunung fuji hheee 😀, aku kemaren piknik dan berenang di laut kalianda lampung selatan, tepatnya di, lautnya jernih bgt dan ombaknya relatif tenang kalian bs berenang, bs main floatis juga disana sambil nikmatin indahnya gunung rajabasa 😍, liburan dan tetap patuhi protokol kesehatan ya",grandeltykrakatoa pariwisatalampung pantaikalianda,visit lampung yuuk ada yang tau tidak aku lagi piknik dimanaa g kalah cantik kan sama pemandangan gunung fuji hhee senang aku kemaren piknik dan berenang di laut kalianda lampung selatan tepatnya di lautnya jernih banget dan ombaknya relatif tenang kalian bs berenang bs main floatis juga disana sambil nikmatin indahnya gunung rajabasa suka liburan dan tetap patuhi protokol kesehatan ya
https://www.instagram.com/p/CcC7LM9LnHm/,670.jpg,44658.416712962957,"Lelah karena hobby adalah hal yang menyenangkan

Loc : Titian mutiara beach Kalianda Lampung

Pict: @bagas.geh

Visit 👉 www.ayokelampung.com

#ayokelampung #travel #tour #wisata #holiday #pesonaindonesia #travelphotography #visitindonesia #jalanjalan #wonderfulindonesia #like4like #wisataindonesia #lfl #wisatalampung #lampunggeh #lampung #genpilampung #bandarlampung #lampunginsta #lampungselatan #lampungbarat #lampunghits #lampungtengah #lampungtimur #lampungwisata #lampungkece #lampungyay #lampungeksis #lampungkeren #lampunggham",Attraction,,lelah karena hobby adalah hal yang menyenangkan loc: titian mutiara beach kalianda lampung pict: visit 👉,ayokelampung travel tour wisata holiday pesonaindonesia travelphotography visitindonesia jalanjalan wonderfulindonesia like4like wisataindonesia lfl wisatalampung lampunggeh lampung genpilampung bandarlampung lampunginsta lampungselatan lampungbarat lampunghits lampungtengah lampungtimur lampungwisata lampungkece lampungyay lampungeksis lampungkeren lampunggham,lelah karena hobby adalah hal yang menyenangkan lokasi titian mutiara beach kalianda lampung pict visit arah
https://www.instagram.com/p/CNbbKx8H09_/,671.jpg,44295.104502314818,"Bismillah.
.
Alhamdulillah pertemuan dengan bapak bupati Nanang Ermanto dan ibu Winarni Nanang Ermanto sebagai Ketua Dekranasda Lamsel, berjalan lancar dan sukses.
.
Untuk live instagram bisa ditonton di IGTV.
Semoga pariwisata Lamsel dan UMKM nya bisa semakin berkembang .
.
Thank you for the hospitality during our visit. 
.
#asahkebaikan 
#asahkebaikantrip 
#asahkebaikangoestolampung 
#lampungselatan 
#dekranasdalampungselatan
#kalianda 
#alhamdulillah",Ancillary,,"bismillah alhamdulillah pertemuan dengan bapak bupati nanang ermanto dan ibu winarni nanang ermanto sebagai ketua dekranasda lamsel, berjalan lancar dan sukses untuk live instagram bisa ditonton di igtv. semoga pariwisata lamsel dan umkm nya bisa semakin berkembang thank you for the hospitality during our visit",asahkebaikan asahkebaikantrip asahkebaikangoestolampung lampungselatan dekranasdalampungselatan kalianda alhamdulillah,bismillah alhamdulillah pertemuan dengan bapak bupati nanang ermanto dan ibu winarni nanang ermanto sebagai ketua dekranasda lamsel berjalan lancar dan sukses untuk live instagram bisa ditonton di igtv semoga pariwisata lamsel dan umkm nya bisa semakin berkembang thank you for the hospitality during our visit
https://www.instagram.com/p/CUrqxlWpuYY/,672.jpg,44475.398935185192,".
Main dulu ah😂
#Repost @nurhdy.s 

📍 Perengan Anteng, Jati Agung Lampung Selatan
Visit 👉www.ayokelampung.com

Salam Generasi Pesona Indonesia
Lapah Gham Jamo-Jamo Ngelestareiken Bumi Lampung

Visit www.genpilampung.com

@jokowi @kemensetneg.ri 
@sandiuno @kemenparekraf.ri 
@dwita_ria @ellanuryamah @dpr_ri @ustadzabdulhakim @jihanchalim @dpdri
@arinal_djunaidi @pemprov.lampung
@mbak_nunik @pemprovlampung_
@rianasariarinal @pkk_provinsi_lampung
@edarwan1962 @pariwisata_lampung
@vera_moz76 @ekraf.lampun @lyanda_melly
@elhannidjafar @heliana.dewi @perindaglampung
@ellywahyuni.s @ade_ui @vittorio_dwison @lestyputriii
@wahrulfauzisilalahi @dprdlampung 
@dharmasetyawan.com_ @payungiuniversity
@infogeh @ayokelampung.com_ @lampung.media
@mbakjhe @genpiindonesia @wonderful.indonesiaku
@abdulrohmanwahidone @genpi_lampung

#genpi #genpilampung #genpilampung2021 #generasipesonaindonesia #pesonaindonesia #wonderfulindonesia #salamgenpigasgasgas #AyokeLampung #kelampungkeren #dilampungaja #diindonesiaaja #lampung #bandarlampung #kotametro #lampungbarat #lampungutara #lampungtimur #lampungtengah #lampungselatan #tanggamus #pringsewu #pesawaran #pesisirbarat #mesuji #waykanan #tulangbawang #tulangbawangbarat #love #lampungberjaya",Attraction,,"main dulu ah😂 📍 perengan anteng, jati agung lampung selatan visit 👉 salam generasi pesona indonesia lapah gham jamo-jamo ngelestareiken bumi lampung visit",repost genpi genpilampung genpilampung2021 generasipesonaindonesia pesonaindonesia wonderfulindonesia salamgenpigasgasgas ayoke lampung kelampungkeren dilampungaja diindonesiaaja lampung bandarlampung kotametro lampungbarat lampungutara lampungtimur lampungtengah lampungselatan tanggamus pringsewu pesawaran pesisirbarat mesuji waykanan tulangbawang tulangbawangbarat love lampungberjaya,main dulu ah tertawa lokasi perengan anteng jati agung lampung selatan visit arah salam generasi pesona indonesia lapah gham jamo jamo ngelestareiken bumi lampung visit
https://www.instagram.com/p/CSYy8vWBAkk/,673.jpg,44418.359398148154,"Pulau Mengkudu, Desa Totoharjo, Kecamatan Kalianda, Kabupaten Lampung Selatan. 

Repost @indsundarii21

Visit 👉 www.ayokelampung.com

@jokowi @kemensetneg.ri  @sandiuno @kemenparekraf.ri  @arinal_djunaidi @mbak_nunik @edarwan1962
@pariwisata_lampung @ekraf.lampung @rianasariarinal @ardito_wijaya @dharmasetyawan.com_ @payungiuniversity  @genpiindonesia @genpi_lampung 
.
#ayokelampung #travel #tour #wisata #holiday #pesonaindonesia #travelphotography #visitindonesia #jalanjalan #wonderfulindonesia #like4like #wisataindonesia #lfl #wisatalampung #lampunggeh #lampung #genpilampung #bandarlampung #lampunginsta #lampungselatan #lampungbarat #lampunghits #lampungtengah #lampungtimur #lampungwisata #lampungkece #lampungyay #lampungeksis #lampungkeren #lampunggham",Attraction,,"pulau mengkudu, desa totoharjo, kecamatan kalianda, kabupaten lampung selatan. repost visit 👉",ayokelampung travel tour wisata holiday pesonaindonesia travelphotography visitindonesia jalanjalan wonderfulindonesia like4like wisataindonesia lfl wisatalampung lampunggeh lampung genpilampung bandarlampung lampunginsta lampungselatan lampungbarat lampunghits lampungtengah lampungtimur lampungwisata lampungkece lampungyay lampungeksis lampungkeren lampunggham,pulau mengkudu desa totoharjo kecamatan kalianda kabupaten lampung selatan repost visit arah
https://www.instagram.com/p/CeXzHKnBeup/,674.jpg,44716.23364583333,"Terbangun di Surga, Vitaminsea❤️

Pict @_ayuafita

📍Pantai Kedu Warna, Kalianda, Lampung Selatan. 

Visit 👉 www.ayokelampung.com

#ayokelampung #travel #tour #wisata #holiday #pesonaindonesia #travelphotography #visitindonesia #jalanjalan #wonderfulindonesia #like4like #wisataindonesia #lfl #wisatalampung #lampunggeh #lampung #genpilampung #bandarlampung #lampunginsta #lampungselatan #lampungbarat #lampunghits #lampungtengah #lampungtimur #lampungwisata #lampungkece #lampungyay #lampungeksis #lampungkeren #lampunggham",Attraction,,"terbangun di surga, vitaminsea❤️ pict 📍pantai kedu warna, kalianda, lampung selatan. visit 👉",ayokelampung travel tour wisata holiday pesonaindonesia travelphotography visitindonesia jalanjalan wonderfulindonesia like4like wisataindonesia lfl wisatalampung lampunggeh lampung genpilampung bandarlampung lampunginsta lampungselatan lampungbarat lampunghits lampungtengah lampungtimur lampungwisata lampungkece lampungyay lampungeksis lampungkeren lampunggham,terbangun di surga vitaminsea cinta pict lokasi pantai kedu warna kalianda lampung selatan visit arah
https://www.instagram.com/p/CUFiVsohRj-/,675.jpg,44460.590011574073,"Lampung Selatan juga punya wisata air terjun yang indah loh, namanya adalah air terjun way tayas.
Suasana air terjun ini terbilang sangat alami dan memberi rasa tenang.

Repost from : @samudraikwanul 

📍Air Terjun Way Tayas Kalianda, Lampung Selatan

Visit 👉 www.ayokelampung.com

@jokowi @kemensetneg.ri  @sandiuno @kemenparekraf.ri  @arinal_djunaidi @mbak_nunik @edarwan1962
@pariwisata_lampung @ekraf.lampung @rianasariarinal @ardito_wijaya @dharmasetyawan.com_ @payungiuniversity  @genpiindonesia @genpi_lampung 
.
#ayokelampung #travel #tour #wisata #holiday #pesonaindonesia #travelphotography #visitindonesia #jalanjalan #wonderfulindonesia #like4like #wisataindonesia #lfl #wisatalampung #lampunggeh #lampung #genpilampung #bandarlampung #lampunginsta #lampungselatan #lampungbarat #lampunghits #lampungtengah #lampungtimur #lampungwisata #lampungkece #lampungyay #lampungeksis #lampungkeren #lampunggham",Attraction,,"lampung selatan juga punya wisata air terjun yang indah loh, namanya adalah air terjun way tayas. suasana air terjun ini terbilang sangat alami dan memberi rasa tenang. repost from: 📍air terjun way tayas kalianda, lampung selatan visit 👉",ayokelampung travel tour wisata holiday pesonaindonesia travelphotography visitindonesia jalanjalan wonderfulindonesia like4like wisataindonesia lfl wisatalampung lampunggeh lampung genpilampung bandarlampung lampunginsta lampungselatan lampungbarat lampunghits lampungtengah lampungtimur lampungwisata lampungkece lampungyay lampungeksis lampungkeren lampunggham,lampung selatan juga punya wisata air terjun yang indah loh namanya adalah air terjun way tayas suasana air terjun ini terbilang sangat alami dan memberi rasa tenang repost from lokasi air terjun way tayas kalianda lampung selatan visit arah
https://www.instagram.com/p/CVKW5rBPqY6/,676.jpg,44487.317546296297,"""Gingercoffee""
Nikamat nya aroma kopi berpadu dengan hangat nya jahè murni,bikin ngopi kamu makin nikmat😉

Yuk,ajak keluarga,teman dan juga pasangan kamu ngopi bareng di Cafe kami😍

#dsascafeandresto #kopienak #coffeehot #indonesiafood #kulinerlampungenak2 #kopilampung #kaliandaig #kopinikmat #lampungkeren #lampungselatan #lfl❤️ #followforfollowback 

Buka setiap hari :
Pukul 09.00 s/d 21.00 WIB

Visit us,
📍Jl trans sumatra km,57 kec,kalianda kab,lampung selatan 35513 indonesia (Depan kodim kalianda,lampung selatan)",Amenities,,"""gingercoffee"" nikamat nya aroma kopi berpadu dengan hangat nya jahè murni,bikin ngopi kamu makin nikmat😉 yuk,ajak keluarga,teman dan juga pasangan kamu ngopi bareng di cafe kami😍 ❤️ buka setiap hari: pukul 09.00 s/d 21.00 wib visit us, 📍jl trans sumatra km,57 kec,kalianda kab,lampung selatan 35513 indonesia (depan kodim kalianda,lampung selatan)",dsascafeandresto kopienak coffeehot indonesiafood kulinerlampungenak2 kopilampung kaliandaig kopinikmat lampungkeren lampungselatan lfl followforfollowback,gingercoffee nikamat nya aroma kopi berpadu dengan hangat nya jahè murni bikin ngopi kamu makin nikmat ayo ajak keluarga teman dan juga pasangan kamu ngopi bersama di cafe kami suka cinta buka setiap hari pukul 09 00 s d 21 00 wib visit us lokasi jl trans sumatra km 57 kec kalianda kab lampung selatan 35513 indonesia depan kodim kalianda lampung selatan
https://www.instagram.com/p/CTHUhgPhvk-/,677.jpg,44436.427766203713,"🌊 Pantai Kedu Warna, Sinar Laut, Kalianda Lampung Selatan

Masih tentang senja.....
.
Reposted from @01_zulkifli 
.
Visit 👉 www.ayokelampung.com

@jokowi @kemensetneg.ri  @sandiuno @kemenparekraf.ri  @arinal_djunaidi @mbak_nunik @edarwan1962
@pariwisata_lampung @ekraf.lampung @rianasariarinal @ardito_wijaya @dharmasetyawan.com_ @payungiuniversity  @genpiindonesia @genpi_lampung 
.
#ayokelampung #travel #tour #wisata #holiday #pesonaindonesia #travelphotography #visitindonesia #jalanjalan #wonderfulindonesia #like4like #wisataindonesia #lfl #wisatalampung #lampunggeh #lampung #genpilampung #bandarlampung #lampunginsta #lampungselatan #lampungbarat #lampunghits #lampungtengah #lampungtimur #lampungwisata #lampungkece #lampungyay #lampungeksis #lampungkeren #lampunggham",Attraction,,"🌊 pantai kedu warna, sinar laut, kalianda lampung selatan masih tentang senja reposted from. visit 👉",ayokelampung travel tour wisata holiday pesonaindonesia travelphotography visitindonesia jalanjalan wonderfulindonesia like4like wisataindonesia lfl wisatalampung lampunggeh lampung genpilampung bandarlampung lampunginsta lampungselatan lampungbarat lampunghits lampungtengah lampungtimur lampungwisata lampungkece lampungyay lampungeksis lampungkeren lampunggham,laut pantai kedu warna sinar laut kalianda lampung selatan masih tentang senja reposted from visit arah
https://www.instagram.com/p/CdsXPKmBjwo/,678.jpg,44699.364953703713,"Metamorfase dari ulat menjadi kupu-kupu

Pict @sitimdwmh

📍Pantai Marina, Kalianda Lampung Selatan

Visit 👉 www.ayokelampung.com

#ayokelampung #travel #tour #wisata #holiday #pesonaindonesia #travelphotography #visitindonesia #jalanjalan #wonderfulindonesia #like4like #wisataindonesia #lfl #wisatalampung #lampunggeh #lampung #genpilampung #bandarlampung #lampunginsta #lampungselatan #lampungbarat #lampunghits #lampungtengah #lampungtimur #lampungwisata #lampungkece #lampungyay #lampungeksis #lampungkeren #lampunggham",Attraction,,"metamorfase dari ulat menjadi kupu-kupu pict 📍pantai marina, kalianda lampung selatan visit 👉",ayokelampung travel tour wisata holiday pesonaindonesia travelphotography visitindonesia jalanjalan wonderfulindonesia like4like wisataindonesia lfl wisatalampung lampunggeh lampung genpilampung bandarlampung lampunginsta lampungselatan lampungbarat lampunghits lampungtengah lampungtimur lampungwisata lampungkece lampungyay lampungeksis lampungkeren lampunggham,metamorfase dari ulat menjadi kupu kupu pict lokasi pantai marina kalianda lampung selatan visit arah
https://www.instagram.com/p/CaEVYvrLf7C/,679.jpg,44609.253865740742,"Latih piikiran supaya lebih kuat dari perasaaan 🍃
.
🍁 Air Tejun Way Tayas, Rajabasa, Lampung Selatan.

Pict @aisyhnraini

Visit 👉 www.ayokelampung.com

#ayokelampung #travel #tour #wisata #holiday #pesonaindonesia #travelphotography #visitindonesia #jalanjalan #wonderfulindonesia #like4like #wisataindonesia #lfl #wisatalampung #lampunggeh #lampung #genpilampung #bandarlampung #lampunginsta #lampungselatan #lampungbarat #lampunghits #lampungtengah #lampungtimur #lampungwisata #lampungkece #lampungyay #lampungeksis #lampungkeren #lampunggham",Attraction,,"latih piikiran supaya lebih kuat dari perasaaan 🍃. 🍁 air tejun way tayas, rajabasa, lampung selatan. pict visit 👉",ayokelampung travel tour wisata holiday pesonaindonesia travelphotography visitindonesia jalanjalan wonderfulindonesia like4like wisataindonesia lfl wisatalampung lampunggeh lampung genpilampung bandarlampung lampunginsta lampungselatan lampungbarat lampunghits lampungtengah lampungtimur lampungwisata lampungkece lampungyay lampungeksis lampungkeren lampunggham,latih piikiran supaya lebih kuat dari perasaan air tejun way tayas rajabasa lampung selatan pict visit arah
https://www.instagram.com/p/CbM30Dgri1-/,680.jpg,44637.424791666657,"Shine ✨
.
Loct : Pulau Sekepal, Bakauheni, Lampung Selatan

Repost @odi_mudirul

Visit 👉 www.ayokelampung.com

#ayokelampung #travel #tour #wisata #holiday #pesonaindonesia #travelphotography #visitindonesia #jalanjalan #wonderfulindonesia #like4like #wisataindonesia #lfl #wisatalampung #lampunggeh #lampung #genpilampung #bandarlampung #lampunginsta #lampungselatan #lampungbarat #lampunghits #lampungtengah #lampungtimur #lampungwisata #lampungkece #lampungyay #lampungeksis #lampungkeren #lampunggham",Attraction,,"shine ✨. loct: pulau sekepal, bakauheni, lampung selatan repost visit 👉",ayokelampung travel tour wisata holiday pesonaindonesia travelphotography visitindonesia jalanjalan wonderfulindonesia like4like wisataindonesia lfl wisatalampung lampunggeh lampung genpilampung bandarlampung lampunginsta lampungselatan lampungbarat lampunghits lampungtengah lampungtimur lampungwisata lampungkece lampungyay lampungeksis lampungkeren lampunggham,shine indah loct pulau sekepal bakauheni lampung selatan repost visit arah
https://www.instagram.com/p/CeivLC6Br4x/,681.jpg,44720.481712962966,"🤍🕊

Pict @marchellaandaniii

📍kalianda

Visit 👉 www.ayokelampung.com

#ayokelampung #travel #tour #wisata #holiday #pesonaindonesia #travelphotography #visitindonesia #jalanjalan #wonderfulindonesia #like4like #wisataindonesia #lfl #wisatalampung #lampunggeh #lampung #genpilampung #bandarlampung #lampunginsta #lampungselatan #lampungbarat #lampunghits #lampungtengah #lampungtimur #lampungwisata #lampungkece #lampungyay #lampungeksis #lampungkeren #lampunggham",Attraction,,🤍🕊 pict 📍kalianda visit 👉,ayokelampung travel tour wisata holiday pesonaindonesia travelphotography visitindonesia jalanjalan wonderfulindonesia like4like wisataindonesia lfl wisatalampung lampunggeh lampung genpilampung bandarlampung lampunginsta lampungselatan lampungbarat lampunghits lampungtengah lampungtimur lampungwisata lampungkece lampungyay lampungeksis lampungkeren lampunggham,pict lokasi kalianda visit arah
https://www.instagram.com/p/CbmVUTULA-d/,682.jpg,44647.312858796293,"Wisata Keluarga cek 👉
Terletak di Lampung Selatan guys. Dekat sekali dari pusat kota bandar Lampung.
Cocok banget untuk berwisata bersama keluarga sambil mancing bersama.. uhmm 🤤
-

Lokasi. 📍 Villa Pemancingan Raja, Sabah balau, Lampung Selatan.
@villapemancinganraja

Repost: @chorysefrika

Visit 👉 www.ayokelampung.com

#ayokelampung #travel #tour #wisata #holiday #pesonaindonesia #travelphotography #visitindonesia #jalanjalan #wonderfulindonesia #like4like #wisataindonesia #lfl #wisatalampung #lampunggeh #lampung #genpilampung #bandarlampung #lampunginsta #lampungselatan #lampungbarat #lampunghits #lampungtengah #lampungtimur #lampungwisata #lampungkece #lampungyay #lampungeksis #lampungkeren #lampunggham",Amenities,,"wisata keluarga cek 👉 terletak di lampung selatan guys. dekat sekali dari pusat kota bandar lampung. cocok banget untuk berwisata bersama keluarga sambil mancing bersama uhmm 🤤 - lokasi. 📍 villa pemancingan raja, sabah balau, lampung selatan. repost: visit 👉",ayokelampung travel tour wisata holiday pesonaindonesia travelphotography visitindonesia jalanjalan wonderfulindonesia like4like wisataindonesia lfl wisatalampung lampunggeh lampung genpilampung bandarlampung lampunginsta lampungselatan lampungbarat lampunghits lampungtengah lampungtimur lampungwisata lampungkece lampungyay lampungeksis lampungkeren lampunggham,wisata keluarga cek arah terletak di lampung selatan guys dekat sekali dari pusat kota bandar lampung cocok banget untuk berwisata bersama keluarga sambil mancing bersama uhmm lokasi lokasi villa pemancingan raja sabah balau lampung selatan repost visit arah
https://www.instagram.com/p/CZZW6vcJCM0/,683.jpg,44592.563611111109,"Sudah banyak drama yg telah di lalui brodii..

📍 Air terjun waytayas Kalianda Lampung Selatan

Repost from @jndn169

Visit 👉 www.ayokelampung.com

@jokowi @kemensetneg.ri @sandiuno @kemenparekraf.ri @arinal_djunaidi @mbak_nunik @edarwan1962
@pariwisata_lampung @ekraf.lampung @rianasariarinal @ardito_wijaya @dharmasetyawan.com_ @payungiuniversity @genpiindonesia @genpi_lampung
.
#ayokelampung #travel #tour #wisata #holiday #pesonaindonesia #travelphotography #visitindonesia #jalanjalan #wonderfulindonesia #like4like #wisataindonesia #lfl #wisatalampung #lampunggeh #lampung #genpilampung #bandarlampung #lampunginsta #lampungselatan #lampungbarat #lampunghits #lampungtengah #lampungtimur #lampungwisata #lampungkece #lampungyay #lampungeksis #lampungkeren #lampunggham",Attraction,,sudah banyak drama yg telah di lalui brodii 📍 air terjun waytayas kalianda lampung selatan repost from visit 👉,ayokelampung travel tour wisata holiday pesonaindonesia travelphotography visitindonesia jalanjalan wonderfulindonesia like4like wisataindonesia lfl wisatalampung lampunggeh lampung genpilampung bandarlampung lampunginsta lampungselatan lampungbarat lampunghits lampungtengah lampungtimur lampungwisata lampungkece lampungyay lampungeksis lampungkeren lampunggham,sudah banyak drama yang telah di lalui brodii lokasi air terjun waytayas kalianda lampung selatan repost from visit arah
https://www.instagram.com/p/Cb4UdTiL_qt/,684.jpg,44654.298159722217,"Dan pada akhirnya,sebagai mana yg sudah tertakar,tidak kan pernah tertukar.
➖➖➖➖➖➖➖➖➖➖➖➖

Pict @nindyzero_

📍@titianmutiarabeach
Pantai Titian Mutiara,Lampung Selatan.

Visit 👉 www.ayokelampung.com

#ayokelampung #travel #tour #wisata #holiday #pesonaindonesia #travelphotography #visitindonesia #jalanjalan #wonderfulindonesia #like4like #wisataindonesia #lfl #wisatalampung #lampunggeh #lampung #genpilampung #bandarlampung #lampunginsta #lampungselatan #lampungbarat #lampunghits #lampungtengah #lampungtimur #lampungwisata #lampungkece #lampungyay #lampungeksis #lampungkeren #lampunggham",Attraction,,"dan pada akhirnya,sebagai mana yg sudah tertakar,tidak kan pernah tertukar. pict 📍 pantai titian mutiara,lampung selatan. visit 👉",ayokelampung travel tour wisata holiday pesonaindonesia travelphotography visitindonesia jalanjalan wonderfulindonesia like4like wisataindonesia lfl wisatalampung lampunggeh lampung genpilampung bandarlampung lampunginsta lampungselatan lampungbarat lampunghits lampungtengah lampungtimur lampungwisata lampungkece lampungyay lampungeksis lampungkeren lampunggham,dan pada akhirnya sebagai mana yang sudah tertakar tidak kan pernah tertukar pict lokasi pantai titian mutiara lampung selatan visit arah
https://www.instagram.com/p/DFTsNX_TOd2/,685.jpg,45683.988564814812,"Good Morning, Happy Long Weekend everyone❗️

#liburan #sisaliburan #liburanmurah #liburpanjang #holiday #morning #pagi #love #🤩 #lampunggeh #lamsel #palas #bangunan",Accessibility,,"good morning, happy long weekend everyone❗️ #🤩",liburan sisaliburan liburanmurah liburpanjang holiday morning pagi love lampunggeh lamsel palas bangunan,good morning happy long weekend everyone
https://www.instagram.com/p/CXfT3kILnfo/,686.jpg,44545.165000000001,"Menyukai bukan berarti harus memiliki 
Itulah aku ketika buka shopee 

Shopee cod 
Shopee cod
Bayar - bayar di tempat 

______________________________________

#shoope_id #shoope #liburan #menarasiger #sunset #traveling #lampunggehh #lamsel",Attraction,,menyukai bukan berarti harus memiliki itulah aku ketika buka shopee shopee cod shopee cod bayar - bayar di tempat,shoope id shoope liburan menarasiger sunset traveling lampunggehh lamsel,menyukai bukan berarti harus memiliki itulah aku ketika buka shopee shopee cod shopee cod bayar bayar di tempat
https://www.instagram.com/p/CWh4Ubqhiqi/,687.jpg,44521.30777777778,"Hey hey Muli Mekhanai tetap patuhi prokes ya jngan lupa pakai masker
Inget jaga diri kalian dan syangi keluarga kalian
•
•
•
•
Fot by
📷@paltra54
______________________
Info tempat : @sebalangyay 
________________________
#lampungbikinkeren
 #sebalangbeach #sebalangbeachlampung #sebalang #lampungselatan #wisata #kalianda #explorelampung #wisata #pantai #kelilinglampung #pencintaalam #indonesia #sunset #lamsel #lampungexsis #lampung #anakselatan #camp#sebalangcamp
#sebalang #selatan
#bandarlampung #hits #viral #senja #sunset #sebalang #sebalangbeachlampung
#selatan #sunset #viral #hitslampung #hits #holidays #holiday #virallucu #liburan 
#pantailampungselatan""",Attraction,,"hey hey muli mekhanai tetap patuhi prokes ya jngan lupa pakai masker inget jaga diri kalian dan syangi keluarga kalian fot by 📷 info tempat: """,lampungbikinkeren sebalangbeach sebalangbeachlampung sebalang lampungselatan wisata kalianda explorelampung pantai kelilinglampung pencintaalam indonesia sunset lamsel lampungexsis lampung anakselatan camp sebalangcamp selatan bandarlampung hits viral senja hitslampung holidays holiday virallucu liburan pantailampungselatan,hey hey muli mekhanai tetap patuhi prokes ya jngan lupa pakai masker inget jaga diri kalian dan syangi keluarga kalian fot by kamera info tempat
https://www.instagram.com/p/CYL4YBFPT7q/,688.jpg,44562.474432870367,"Mengisi liburan tahun baru merupakan tradisi di masyarakat, ttak terkecuali warga masyarakat yang ada di Lampung Selatan.

Seperti yang terlihat hari ini, Sabtu (01/01/2022), sejumlah warga sekitar Kota Kalianda berduyun-duyun datang dan memadati Kebun Edukasi yang ada dikomplek  Rumah Dinas Bupati Lamsel. Sejak pagi hari hingga petang ini, antusias masyarakat Kalianda dan sekitarnya tampak besar sekali untuk mengunjungi wahana kebanggan Bapak Nanang Ermanto ini. 

Contoh seperti yang dikatakan Ifan (32) warga Way Panji, mulanya mereka bermaksud pergi ke pantai, namun pantai yang ada di seputaran Kota Kalianda sudah ramai ditambah jalan menuju kesana macet, jadi dia memilih ke Kebun Edukasi untuk tempat rekreasi hari ini. 

""Tadinya saya bermaksud  pergi ke pantai bersama keluarga mas, tapi ternyata disana sudah ramai, jadi tadi ada usulan dari keluarga untuk ke Kebun Edukasi ini saja, eh ternyata di Kebun Edukasi ini tempatnya cukup bagus, nyaman dan banyak lokasi untuk foto-foto juga, "" kata Ifan dengan mimik senang.

Ditambahkan Ifan, yang berprofesi sebagai pedagang gabah ini, Kebun Edukasi yang santer selama ini ternyata memang mengasyikkan dikunjungi. 

""Ya walaupun saya dari desa, sudah biasa lihat tanaman, tapi disini lain daripada yang lain mas. Ada tanaman yang sangat subur, karena dirawat dengan baik juga lengkap dengan pondokan segala. Ditambah lagi banyak wahana bermain anak-anak. Pokoknya kami sangat senang mas datang kesini. Ada air mancur pula, banyak sekali spot untuk berfoto disini. Besok-besok kami akan datang lagi kesini bersama keluarga dan tetangga kami,"" ujar Ifan lagi. 

Dari pantauan sore ini , Kebun edukasi, nampak masih dipadati pengunjung, parkiran sampai penuh kendaraan baik roda 2 maupun roda 4, ternyata Kebun Edukasi ini juga bisa di jadikan tempat liburan alternatif di tahun baru, selain gratis, juga sudah di lengkapi juga dengan berbagai fasilitas penunjang, mulai dari Mushola, Wi Fi, kuliner, dan terutama gratis masuknya gaes. (pra/mp)",Attraction,slide 2,"mengisi liburan tahun baru merupakan tradisi di masyarakat, ttak terkecuali warga masyarakat yang ada di lampung selatan. seperti yang terlihat hari ini, sabtu (01/01/2022), sejumlah warga sekitar kota kalianda berduyun-duyun datang dan memadati kebun edukasi yang ada dikomplek rumah dinas bupati lamsel. sejak pagi hari hingga petang ini, antusias masyarakat kalianda dan sekitarnya tampak besar sekali untuk mengunjungi wahana kebanggan bapak nanang ermanto ini. contoh seperti yang dikatakan ifan (32) warga way panji, mulanya mereka bermaksud pergi ke pantai, namun pantai yang ada di seputaran kota kalianda sudah ramai ditambah jalan menuju kesana macet, jadi dia memilih ke kebun edukasi untuk tempat rekreasi hari ini. ""tadinya saya bermaksud pergi ke pantai bersama keluarga mas, tapi ternyata disana sudah ramai, jadi tadi ada usulan dari keluarga untuk ke kebun edukasi ini saja, eh ternyata di kebun edukasi ini tempatnya cukup bagus, nyaman dan banyak lokasi untuk foto-foto juga, "" kata ifan dengan mimik senang. ditambahkan ifan, yang berprofesi sebagai pedagang gabah ini, kebun edukasi yang santer selama ini ternyata memang mengasyikkan dikunjungi. ""ya walaupun saya dari desa, sudah biasa lihat tanaman, tapi disini lain daripada yang lain mas. ada tanaman yang sangat subur, karena dirawat dengan baik juga lengkap dengan pondokan segala. ditambah lagi banyak wahana bermain anak-anak. pokoknya kami sangat senang mas datang kesini. ada air mancur pula, banyak sekali spot untuk berfoto disini. besok-besok kami akan datang lagi kesini bersama keluarga dan tetangga kami,"" ujar ifan lagi. dari pantauan sore ini, kebun edukasi, nampak masih dipadati pengunjung, parkiran sampai penuh kendaraan baik roda 2 maupun roda 4, ternyata kebun edukasi ini juga bisa di jadikan tempat liburan alternatif di tahun baru, selain gratis, juga sudah di lengkapi juga dengan berbagai fasilitas penunjang, mulai dari mushola, wi fi, kuliner, dan terutama gratis masuknya gaes. (pra/mp)",,mengisi liburan tahun baru merupakan tradisi di masyarakat ttak terkecuali warga masyarakat yang ada di lampung selatan seperti yang terlihat hari ini sabtu 01 01 2022 sejumlah warga sekitar kota kalianda berduyun duyun datang dan memadati kebun edukasi yang ada dikomplek rumah dinas bupati lamsel sejak pagi hari hingga petang ini antusias masyarakat kalianda dan sekitarnya tampak besar sekali untuk mengunjungi wahana kebanggan bapak nanang ermanto ini contoh seperti yang dikatakan ifan 32 warga way panji mulanya mereka bermaksud pergi ke pantai namun pantai yang ada di seputaran kota kalianda sudah ramai ditambah jalan menuju kesana macet jadi dia memilih ke kebun edukasi untuk tempat rekreasi hari ini tadinya saya bermaksud pergi ke pantai bersama keluarga mas tapi ternyata disana sudah ramai jadi tadi ada usulan dari keluarga untuk ke kebun edukasi ini saja eh ternyata di kebun edukasi ini tempatnya cukup bagus nyaman dan banyak lokasi untuk foto foto juga kata ifan dengan mimik senang ditambahkan ifan yang berprofesi sebagai pedagang gabah ini kebun edukasi yang santer selama ini ternyata memang mengasyikkan dikunjungi ya walaupun saya dari desa sudah biasa lihat tanaman tapi disini lain daripada yang lain mas ada tanaman yang sangat subur karena dirawat dengan baik juga lengkap dengan pondokan segala ditambah lagi banyak wahana bermain anak anak pokoknya kami sangat senang mas datang kesini ada air mancur pula banyak sekali spot untuk berfoto disini besok besok kami akan datang lagi kesini bersama keluarga dan tetangga kami ujar ifan lagi dari pantauan sore ini kebun edukasi nampak masih dipadati pengunjung parkiran sampai penuh kendaraan baik roda 2 maupun roda 4 ternyata kebun edukasi ini juga bisa di jadikan tempat liburan alternatif di tahun baru selain gratis juga sudah di lengkapi juga dengan berbagai fasilitas penunjang mulai dari mushola wi fi kuliner dan terutama gratis masuknya gaes pra mp
https://www.instagram.com/p/CMtVEZcMQUK/,689.jpg,44277.2028587963,"Pantai Sebalang

Tabik pun
Selamat siang muli mekhanai, selamat beraktifitas jangan lupa untuk rehat sejenak,tenangin fikiran 
Gmna? Udah tau mau liburan atau piknik kmana?kalau masih bingung langsung aja ke @sebalangyay , kalian bsa di manjain dengan sunset yang cukup bagua bnget,trus suasana Bean ban ala ala Bali gitu hehehe
•
•
•
•
Foto by
📷@ameliaprs
______________________
Pengen foto/video nya direpost?
Tag dan follow akun @sebalangyay 
Sertakan #sebalangyay 
#Repost @sebalangyay
________________________
________________________
#sebalangyay #sebalangbeach #sebalangbeachlampung #sebalang #lampungselatan #wisata #kalianda #explorelampung #wisata #pantai #kelilinglampung #pencintaalam #indonesia #sunset #lamsel #lampungexsis #lampung #anakselatan #camp#sebalangcamp
#sebalang #selatan
#bandarlampung #hits #viral #senja #sunset #sebalang #sebalangbeachlampung
#selatan #sunset #viral #hitslampung #hits #holidays #holiday 
#pantailampungselatan",Amenities,,"pantai sebalang tabik pun selamat siang muli mekhanai, selamat beraktifitas jangan lupa untuk rehat sejenak,tenangin fikiran gmna? udah tau mau liburan atau piknik kmana?kalau masih bingung langsung aja ke, kalian bsa di manjain dengan sunset yang cukup bagua bnget,trus suasana bean ban ala ala bali gitu hehehe foto by 📷 pengen foto/video nya direpost? tag dan follow akun sertakan",sebalangyay repost sebalangbeach sebalangbeachlampung sebalang lampungselatan wisata kalianda explorelampung pantai kelilinglampung pencintaalam indonesia sunset lamsel lampungexsis lampung anakselatan camp sebalangcamp selatan bandarlampung hits viral senja hitslampung holidays holiday pantailampungselatan,pantai sebalang tabik pun selamat siang muli mekhanai selamat beraktifitas jangan lupa untuk rehat sejenak tenangin fikiran gmna sudah tau mau liburan atau piknik kmana kalau masih bingung langsung saja ke kalian bsa di manjain dengan sunset yang cukup bagua bnget terus suasana bean ban ala ala bali gitu hehehe foto by kamera ingin foto video nya direpost tag dan follow akun sertakan
https://www.instagram.com/p/CWe33zPhAfJ/,690.jpg,44520.139976851853,Liburan tipis2 di sela kesibukan yg padat @ kedas resort pantai Minangrua lamsel,Attraction,,liburan tipis2 di sela kesibukan yg padat @ kedas resort pantai minangrua lamsel,,liburan tipis2 di sela kesibukan yang padat kedas resort pantai minangrua lamsel
https://www.instagram.com/p/CMSHOOCrwFH/,691.jpg,44266.6330787037,"Selamat malam selamat libur panjang semoga hari hari kita menyenangkan , long weekend at  @wartawan_beach 🌴🌊☺️

#pantaiwartawan #pantaiindonesia #oyoindonesia #lampungselatanexplore #pesonaindonesia #pesonaid_travel #wonderfulindonesia #wonderfull_places #liker #likeforlikealways #ijilampung #lampungmoment #potretlampung #potretmalam #lampunghits #ilovelampung #lampungbarat #kelilinglampung #weekend #holiday #liburan #piknik #nuansabali #lamsel #lampungbarat #pariwisatalampung #vitaminsea",Amenities,,"selamat malam selamat libur panjang semoga hari hari kita menyenangkan, long weekend at 🌴🌊☺️",pantaiwartawan pantaiindonesia oyoindonesia lampungselatanexplore pesonaindonesia pesonaid travel wonderfulindonesia wonderfull places liker likeforlikealways ijilampung lampungmoment potretlampung potretmalam lampunghits ilovelampung lampungbarat kelilinglampung weekend holiday liburan piknik nuansabali lamsel pariwisatalampung vitaminsea,selamat malam selamat libur panjang semoga hari hari kita menyenangkan long weekend at pohon kelapa laut senang
https://www.instagram.com/p/CYBqEf9PrxA/,692.jpg,44558.504016203697,"Cuti dirumah aja?
Pergi liburan donk😁
Foya Foya setitik ya gaes : Menikmati Suasana pantai dan menginap di Grand Elty Krakatoa,Kalianda,Lampung Selatan (Lamsel) bareng adik bungsuku & kedua temannya🥰",Attraction,,"cuti dirumah aja? pergi liburan donk😁 foya foya setitik ya gaes: menikmati suasana pantai dan menginap di grand elty krakatoa,kalianda,lampung selatan (lamsel) bareng adik bungsuku dan kedua temannya🥰",,cuti dirumah saja pergi liburan donk senang foya foya setitik ya gaes menikmati suasana pantai dan menginap di grand elty krakatoa kalianda lampung selatan lamsel bersama adik bungsuku dan kedua temannya suka
https://www.instagram.com/p/CKMGvJGMJLm/,693.jpg,44214.589699074073,"Pantai Bahari Sebalang Tarahan Lampung Selatan

Pantai sebalang, banyak orang yang bilang bali nya Lampung,pencetus pertama pantai yang mengusung nuansa bali, dengan mengubah konsep pantai menggunakan bean bag dan payung ala bali
Sehingga banyak pantai atau tempat wisata dilampung yang mengikuti semoga pariwasata dilampung makin terekspos,dan dikenal dinasional atau pun internasional, sehingga membuat UMKM di Lampung berkembang dengan baik,
______________________
Pengen foto/video nya direpost?
Tag dan follow akun @sebalangyay 
Sertakan #sebalangyay 
#Repost @sebalangyay
________________________
________________________
#kaliandaig
#sebalangyay #sebalangbeach #sebalangbeachlampung #sebalang #lampungselatan #wisata #kalianda #explorelampung #wisata #pantai #kelilinglampung #pencintaalam #indonesia #sunset #lamsel #lampungexsis #lampung 
#sebalang #selatan
#bandarlampung #hits #viral #senja #sunset #sebalang #sebalangbeachlampung
#selatan #sunset #viral #hitslampung #hits #holidays #holiday #virallucu #liburan 
#pantailampungselatan2",Amenities,,"pantai bahari sebalang tarahan lampung selatan pantai sebalang, banyak orang yang bilang bali nya lampung,pencetus pertama pantai yang mengusung nuansa bali, dengan mengubah konsep pantai menggunakan bean bag dan payung ala bali sehingga banyak pantai atau tempat wisata dilampung yang mengikuti semoga pariwasata dilampung makin terekspos,dan dikenal dinasional atau pun internasional, sehingga membuat umkm di lampung berkembang dengan baik, pengen foto/video nya direpost? tag dan follow akun sertakan",sebalangyay repost kaliandaig sebalangbeach sebalangbeachlampung sebalang lampungselatan wisata kalianda explorelampung pantai kelilinglampung pencintaalam indonesia sunset lamsel lampungexsis lampung selatan bandarlampung hits viral senja hitslampung holidays holiday virallucu liburan pantailampungselatan2,pantai bahari sebalang tarahan lampung selatan pantai sebalang banyak orang yang bilang bali nya lampung pencetus pertama pantai yang mengusung nuansa bali dengan mengubah konsep pantai menggunakan bean bag dan payung ala bali sehingga banyak pantai atau tempat wisata dilampung yang mengikuti semoga pariwasata dilampung makin terekspos dan dikenal dinasional atau pun internasional sehingga membuat umkm di lampung berkembang dengan baik ingin foto video nya direpost tag dan follow akun sertakan
https://www.instagram.com/p/DTLsBQCk-_U/,694.jpg,46028.852418981478,Way Tebing Ceppa @way_tebing_ceppa di Lamsel merupakan tempat pemandian air yang langsung dari pegunungan tanpa kaporit dan sungguh adem sekali airnya #liburan #wisatawan #waytebingceppa #lampungselatan #fyp MasyaAllah Tabarakallah...,Accessibility,,way tebing ceppa di lamsel merupakan tempat pemandian air yang langsung dari pegunungan tanpa kaporit dan sungguh adem sekali airnya masyaallah tabarakallah,liburan wisatawan waytebingceppa lampungselatan fyp,way tebing ceppa di lamsel merupakan tempat pemandian air yang langsung dari pegunungan tanpa kaporit dan sungguh adem sekali airnya masyaallah tabarakallah
https://www.instagram.com/p/CTz3T-nhZdD/,695.jpg,44453.726770833331,"Karaoke Night setiap hari senin, selasa, kamis, dan Jumat ya gaeesss.. live music setiap hari Rabu, sabtu, dan minggu.. cuss lahh yukk.. udah lama gak yukk.. @sebalang_space 😁

Tabik pun Muli Mekhanai @sebalang_space Ada promo ni buat kalian yang suka ke pantai @sebalangyay 
Minimal pembelian 300k 
Kalian dapet free Bean bag 5 loh
Kuy buruan jngan sampai ketinggalan
Persyaratan nya:
1.harus boking h-1
2.tag & follow @sebalang_space 
3.tag & follow @sebalangyay 

📷 @adinerik02
Follow 
@sebalang_space @holiday_lampung
Loc
@sebalang_space
______________________
Pengen foto/video nya direpost?
-Pakai makser
-Tag dan follow akun @sebalangyay 
-Sertakan #sebalangyay 
________________________
________________________
#sebalangyay #sebalangbeach #sebalangbeachlampung #sebalang #lampungselatan #wisata #kalianda #explorelampung #wisata #pantai #kelilinglampung #pencintaalam #indonesia #sunset #lamsel #lampungexsis #lampung #anakselatan #camp#sebalangcamp
#sebalang #selatan
#bandarlampung #hits #viral #senja #sunset #sebalang #sebalangbeachlampung
#selatan #sunset #viral #hitslampung #hits #holidays #holiday #viralindonesia",Amenities,,"karaoke night setiap hari senin, selasa, kamis, dan jumat ya gaeesss live music setiap hari rabu, sabtu, dan minggu cuss lahh yukk udah lama gak yukk 😁 tabik pun muli mekhanai ada promo ni buat kalian yang suka ke pantai minimal pembelian 300k kalian dapet free bean bag 5 loh kuy buruan jngan sampai ketinggalan persyaratan nya: 1.harus boking h-1 2.tag dan follow 3.tag dan follow 📷 follow loc pengen foto/video nya direpost? -pakai makser -tag dan follow akun -sertakan",sebalangyay sebalangbeach sebalangbeachlampung sebalang lampungselatan wisata kalianda explorelampung pantai kelilinglampung pencintaalam indonesia sunset lamsel lampungexsis lampung anakselatan camp sebalangcamp selatan bandarlampung hits viral senja hitslampung holidays holiday viralindonesia,karaoke night setiap hari senin selasa kamis dan jumat ya gaeess live music setiap hari rabu sabtu dan minggu cuss lahh yukk sudah lama tidak yukk senang tabik pun muli mekhanai ada promo ini buat kalian yang suka ke pantai minimal pembelian 300k kalian dapet free bean bag 5 loh kuy buruan jngan sampai ketinggalan persyaratan nya 1 harus boking h 1 2 tag dan follow 3 tag dan follow kamera follow lokasi ingin foto video nya direpost pakai makser tag dan follow akun sertakan
,,,,,,,,
,,,,,,,,
,,,,,,,,
,,,,,,,,
,,,,,,,,
,,,,,,,,
,,,,,,,,
,,,,,,,,
,,,,,,,,
,,,,,,,,
,,,,,,,,
,,,,,,,,
,,,,,,,,
,,,,,,,,
,,,,,,,,
,,,,,,,,
,,,,,,,,
,,,,,,,,
,,,,,,,,
,,,,,,,,
,,,,,,,,
,,,,,,,,
,,,,,,,,
,,,,,,,,
,,,,,,,,
,,,,,,,,
,,,,,,,,
,,,,,,,,
,,,,,,,,
,,,,,,,,
,,,,,,,,
,,,,,,,,
,,,,,,,,
,,,,,,,,
,,,,,,,,
,,,,,,,,
,,,,,,,,
,,,,,,,,
,,,,,,,,
,,,,,,,,
,,,,,,,,
,,,,,,,,
,,,,,,,,
,,,,,,,,
,,,,,,,,
,,,,,,,,
,,,,,,,,
,,,,,,,,
,,,,,,,,
,,,,,,,,
,,,,,,,,
,,,,,,,,
,,,,,,,,
,,,,,,,,
,,,,,,,,
,,,,,,,,
,,,,,,,,
,,,,,,,,
,,,,,,,,
,,,,,,,,
,,,,,,,,
,,,,,,,,
,,,,,,,,
,,,,,,,,
,,,,,,,,
,,,,,,,,
,,,,,,,,
,,,,,,,,
,,,,,,,,
,,,,,,,,
,,,,,,,,
,,,,,,,,
,,,,,,,,
,,,,,,,,
,,,,,,,,
,,,,,,,,
,,,,,,,,
,,,,,,,,
,,,,,,,,
,,,,,,,,
,,,,,,,,
,,,,,,,,
,,,,,,,,
,,,,,,,,
,,,,,,,,
,,,,,,,,
,,,,,,,,
,,,,,,,,
,,,,,,,,
,,,,,,,,
,,,,,,,,
,,,,,,,,
,,,,,,,,
,,,,,,,,
,,,,,,,,
,,,,,,,,
,,,,,,,,
,,,,,,,,
,,,,,,,,
,,,,,,,,
,,,,,,,,
,,,,,,,,
,,,,,,,,
,,,,,,,,
,,,,,,,,
,,,,,,,,
,,,,,,,,
,,,,,,,,
,,,,,,,,
,,,,,,,,
,,,,,,,,
,,,,,,,,
,,,,,,,,
,,,,,,,,
,,,,,,,,
,,,,,,,,
,,,,,,,,
,,,,,,,,
,,,,,,,,
,,,,,,,,
,,,,,,,,
,,,,,,,,
,,,,,,,,
,,,,,,,,
,,,,,,,,
,,,,,,,,
,,,,,,,,
,,,,,,,,
,,,,,,,,
,,,,,,,,
,,,,,,,,
,,,,,,,,
,,,,,,,,
,,,,,,,,
,,,,,,,,
,,,,,,,,
,,,,,,,,
,,,,,,,,
,,,,,,,,
,,,,,,,,
,,,,,,,,
,,,,,,,,
,,,,,,,,
,,,,,,,,
,,,,,,,,
,,,,,,,,
,,,,,,,,
,,,,,,,,
,,,,,,,,
,,,,,,,,
,,,,,,,,
,,,,,,,,
,,,,,,,,
,,,,,,,,
,,,,,,,,
,,,,,,,,
,,,,,,,,
,,,,,,,,
,,,,,,,,
,,,,,,,,
,,,,,,,,
,,,,,,,,
,,,,,,,,
,,,,,,,,
,,,,,,,,
,,,,,,,,
,,,,,,,,
,,,,,,,,
,,,,,,,,
,,,,,,,,
,,,,,,,,
,,,,,,,,
,,,,,,,,
,,,,,,,,
,,,,,,,,
,,,,,,,,
,,,,,,,,
,,,,,,,,
,,,,,,,,
,,,,,,,,
,,,,,,,,
,,,,,,,,
,,,,,,,,
,,,,,,,,
,,,,,,,,
,,,,,,,,
,,,,,,,,
,,,,,,,,
,,,,,,,,
,,,,,,,,
,,,,,,,,
,,,,,,,,
,,,,,,,,
,,,,,,,,
,,,,,,,,
,,,,,,,,
,,,,,,,,
,,,,,,,,
,,,,,,,,
,,,,,,,,
,,,,,,,,
,,,,,,,,
,,,,,,,,
,,,,,,,,
,,,,,,,,
,,,,,,,,
,,,,,,,,
,,,,,,,,
,,,,,,,,
,,,,,,,,
,,,,,,,,
,,,,,,,,
,,,,,,,,
,,,,,,,,
,,,,,,,,
,,,,,,,,
,,,,,,,,
,,,,,,,,
,,,,,,,,
,,,,,,,,
,,,,,,,,
,,,,,,,,
,,,,,,,,
,,,,,,,,
,,,,,,,,
,,,,,,,,
,,,,,,,,
,,,,,,,,
,,,,,,,,
,,,,,,,,
,,,,,,,,
,,,,,,,,
,,,,,,,,
,,,,,,,,
,,,,,,,,
,,,,,,,,
,,,,,,,,
,,,,,,,,
,,,,,,,,
,,,,,,,,
,,,,,,,,
,,,,,,,,
,,,,,,,,
,,,,,,,,
,,,,,,,,
,,,,,,,,
,,,,,,,,
,,,,,,,,
,,,,,,,,
,,,,,,,,
,,,,,,,,
,,,,,,,,
,,,,,,,,
,,,,,,,,
,,,,,,,,
,,,,,,,,
,,,,,,,,
,,,,,,,,
,,,,,,,,
,,,,,,,,
,,,,,,,,
,,,,,,,,
,,,,,,,,
,,,,,,,,
,,,,,,,,
,,,,,,,,
,,,,,,,,
,,,,,,,,
,,,,,,,,
,,,,,,,,
,,,,,,,,
,,,,,,,,
,,,,,,,,
,,,,,,,,
,,,,,,,,
,,,,,,,,
,,,,,,,,
,,,,,,,,
,,,,,,,,
,,,,,,,,
,,,,,,,,
,,,,,,,,
,,,,,,,,
,,,,,,,,
,,,,,,,,
,,,,,,,,
,,,,,,,,
,,,,,,,,
,,,,,,,,
,,,,,,,,
,,,,,,,,
,,,,,,,,
,,,,,,,,
,,,,,,,,
,,,,,,,,
,,,,,,,,
,,,,,,,,
,,,,,,,,
,,,,,,,,
,,,,,,,,
,,,,,,,,
,,,,,,,,
,,,,,,,,
,,,,,,,,
,,,,,,,,
,,,,,,,,
,,,,,,,,
,,,,,,,,
,,,,,,,,
,,,,,,,,
,,,,,,,,
,,,,,,,,
,,,,,,,,
,,,,,,,,
,,,,,,,,
,,,,,,,,
,,,,,,,,
,,,,,,,,
,,,,,,,,
,,,,,,,,
,,,,,,,,
,,,,,,,,
,,,,,,,,
,,,,,,,,
,,,,,,,,
,,,,,,,,
,,,,,,,,
,,,,,,,,
,,,,,,,,
,,,,,,,,
,,,,,,,,
,,,,,,,,
,,,,,,,,
,,,,,,,,
,,,,,,,,
,,,,,,,,
,,,,,,,,
,,,,,,,,
,,,,,,,,
,,,,,,,,
,,,,,,,,
,,,,,,,,
,,,,,,,,
,,,,,,,,
,,,,,,,,
,,,,,,,,
,,,,,,,,
,,,,,,,,
,,,,,,,,
,,,,,,,,
,,,,,,,,
,,,,,,,,
,,,,,,,,
,,,,,,,,
,,,,,,,,
,,,,,,,,
,,,,,,,,
,,,,,,,,
,,,,,,,,
,,,,,,,,
,,,,,,,,
,,,,,,,,
,,,,,,,,
,,,,,,,,
,,,,,,,,
,,,,,,,,
,,,,,,,,
,,,,,,,,
,,,,,,,,
,,,,,,,,
,,,,,,,,
,,,,,,,,
,,,,,,,,
,,,,,,,,
,,,,,,,,
,,,,,,,,
,,,,,,,,
,,,,,,,,
,,,,,,,,
,,,,,,,,
,,,,,,,,
,,,,,,,,
,,,,,,,,
,,,,,,,,
,,,,,,,,
,,,,,,,,
,,,,,,,,
,,,,,,,,
,,,,,,,,
,,,,,,,,
,,,,,,,,
,,,,,,,,
,,,,,,,,
,,,,,,,,
,,,,,,,,
,,,,,,,,
,,,,,,,,
,,,,,,,,
,,,,,,,,
,,,,,,,,
,,,,,,,,
,,,,,,,,
,,,,,,,,
,,,,,,,,
,,,,,,,,
,,,,,,,,
,,,,,,,,
,,,,,,,,
,,,,,,,,
,,,,,,,,
,,,,,,,,
,,,,,,,,
,,,,,,,,
,,,,,,,,
,,,,,,,,
,,,,,,,,
,,,,,,,,
,,,,,,,,
,,,,,,,,
,,,,,,,,
,,,,,,,,
,,,,,,,,
,,,,,,,,
,,,,,,,,
,,,,,,,,
,,,,,,,,
,,,,,,,,
,,,,,,,,
,,,,,,,,
,,,,,,,,
,,,,,,,,
,,,,,,,,
,,,,,,,,
,,,,,,,,
,,,,,,,,
,,,,,,,,
,,,,,,,,
,,,,,,,,
,,,,,,,,
,,,,,,,,
,,,,,,,,
,,,,,,,,
,,,,,,,,
,,,,,,,,
,,,,,,,,
,,,,,,,,
,,,,,,,,
,,,,,,,,
,,,,,,,,
,,,,,,,,
,,,,,,,,
,,,,,,,,
,,,,,,,,
,,,,,,,,
,,,,,,,,
,,,,,,,,
,,,,,,,,
,,,,,,,,
,,,,,,,,
,,,,,,,,
,,,,,,,,
,,,,,,,,
,,,,,,,,
,,,,,,,,
,,,,,,,,
,,,,,,,,
,,,,,,,,
,,,,,,,,
,,,,,,,,
,,,,,,,,
,,,,,,,,
,,,,,,,,
,,,,,,,,
,,,,,,,,
,,,,,,,,
,,,,,,,,
,,,,,,,,
,,,,,,,,
,,,,,,,,
,,,,,,,,
,,,,,,,,
,,,,,,,,
,,,,,,,,
,,,,,,,,
,,,,,,,,
,,,,,,,,
,,,,,,,,
,,,,,,,,
,,,,,,,,
,,,,,,,,
,,,,,,,,
,,,,,,,,
,,,,,,,,
,,,,,,,,
,,,,,,,,
,,,,,,,,
,,,,,,,,
,,,,,,,,
,,,,,,,,
,,,,,,,,
,,,,,,,,
,,,,,,,,
,,,,,,,,
,,,,,,,,
,,,,,,,,
,,,,,,,,
,,,,,,,,
,,,,,,,,
,,,,,,,,
,,,,,,,,
,,,,,,,,
,,,,,,,,
,,,,,,,,
,,,,,,,,
,,,,,,,,
,,,,,,,,
,,,,,,,,
,,,,,,,,
,,,,,,,,
,,,,,,,,
,,,,,,,,
,,,,,,,,
,,,,,,,,
,,,,,,,,
,,,,,,,,
,,,,,,,,
,,,,,,,,
,,,,,,,,
,,,,,,,,
,,,,,,,,
,,,,,,,,
,,,,,,,,
,,,,,,,,
,,,,,,,,
,,,,,,,,
,,,,,,,,
,,,,,,,,
,,,,,,,,
,,,,,,,,
,,,,,,,,
,,,,,,,,
,,,,,,,,
,,,,,,,,
,,,,,,,,
,,,,,,,,
,,,,,,,,
,,,,,,,,
,,,,,,,,
,,,,,,,,
,,,,,,,,
,,,,,,,,
,,,,,,,,
,,,,,,,,
,,,,,,,,
,,,,,,,,
,,,,,,,,
,,,,,,,,
,,,,,,,,
,,,,,,,,
,,,,,,,,
,,,,,,,,
,,,,,,,,
,,,,,,,,
,,,,,,,,
,,,,,,,,
,,,,,,,,
,,,,,,,,
,,,,,,,,
,,,,,,,,
,,,,,,,,
,,,,,,,,
,,,,,,,,
,,,,,,,,
,,,,,,,,
,,,,,,,,
,,,,,,,,
,,,,,,,,
,,,,,,,,
,,,,,,,,
,,,,,,,,
,,,,,,,,
,,,,,,,,
,,,,,,,,
,,,,,,,,
,,,,,,,,
,,,,,,,,
,,,,,,,,
,,,,,,,,
,,,,,,,,
,,,,,,,,
,,,,,,,,
,,,,,,,,
,,,,,,,,
,,,,,,,,
,,,,,,,,
,,,,,,,,
,,,,,,,,
,,,,,,,,
,,,,,,,,
,,,,,,,,
,,,,,,,,
,,,,,,,,
,,,,,,,,
,,,,,,,,
,,,,,,,,
,,,,,,,,
,,,,,,,,
,,,,,,,,
,,,,,,,,
